{
  "variant": "v6q_nocomm_gru_macpo_qcap4800_softmargin",
  "exploratory": true,
  "target_updates": 1000,
  "resumed_from_update": 925,
  "dimensions": {
    "num_agents": 4,
    "action_dim": 8,
    "base_obs_dim": 32,
    "actor_obs_dim": 40
  },
  "metrics": [
    {
      "update": 926,
      "algorithm": "macpo",
      "actor_loss": -0.14321884512901306,
      "reward_critic_loss": 0.0009056134149432182,
      "cost_critic_loss": 0.10558619350194931,
      "reward_critic_loss_last": 0.0009056134149432182,
      "cost_critic_loss_last": 0.10558619350194931,
      "critic_epochs": 1,
      "daily_voltage_cost": 0.004135681316256523,
      "daily_voltage_cost_raw": 0.004135681316256523,
      "daily_voltage_cost_normalized": 0.20678405463695526,
      "daily_economic_return_raw_yuan": -672433.5625,
      "daily_economic_return_normalized": -0.21335551142692566,
      "daily_economic_cost_raw_yuan": 672433.5625,
      "economic_reward_scale_yuan": 3151704.8194007874,
      "lagrange_multiplier": 0.0,
      "cost_budget": 1.0,
      "cost_budget_raw": 0.02,
      "cost_budget_normalized": 1.0,
      "algorithm_cost_mode": "separate_cost",
      "fixed_cost_penalty_coef": 0.0,
      "log_std_max": -2.3,
      "accepted": true,
      "mode": "reward",
      "reward_before": -1.3333501414081184e-08,
      "reward_after": 0.14321884512901306,
      "cost_before": 0.2067868560552597,
      "cost_after": -0.20350487530231476,
      "kl_before": -2.384185791015625e-07,
      "kl_after": 0.004989041481167078,
      "cost_gap": -0.7932131439447403,
      "cost_recoverable": true,
      "cost_quadratic": 206.01341247558594,
      "reward_quadratic": 1.9835673570632935,
      "reward_cost_cross": -5.167683124542236,
      "max_linear_cost_drop": 2.8706334665058577,
      "rollout_wall_seconds": 6.707204742357135,
      "update_wall_seconds": 20.16261660680175,
      "total_wall_seconds": 26.869822764769197
    },
    {
      "update": 927,
      "algorithm": "macpo",
      "actor_loss": -0.3298419713973999,
      "reward_critic_loss": 0.0014732822310179472,
      "cost_critic_loss": 0.18588142096996307,
      "reward_critic_loss_last": 0.0014732822310179472,
      "cost_critic_loss_last": 0.18588142096996307,
      "critic_epochs": 1,
      "daily_voltage_cost": 0.007634500972926617,
      "daily_voltage_cost_raw": 0.007634500972926617,
      "daily_voltage_cost_normalized": 0.3817250728607178,
      "daily_economic_return_raw_yuan": -892892.75,
      "daily_economic_return_normalized": -0.28330469131469727,
      "daily_economic_cost_raw_yuan": 892892.75,
      "economic_reward_scale_yuan": 3151704.8194007874,
      "lagrange_multiplier": 0.0,
      "cost_budget": 1.0,
      "cost_budget_raw": 0.02,
      "cost_budget_normalized": 1.0,
      "algorithm_cost_mode": "separate_cost",
      "fixed_cost_penalty_coef": 0.0,
      "log_std_max": -2.3,
      "accepted": true,
      "mode": "reward",
      "reward_before": -2.336562232585493e-08,
      "reward_after": 0.3298419713973999,
      "cost_before": 0.3817276656627655,
      "cost_after": 0.4760994613170624,
      "kl_before": -2.384185791015625e-07,
      "kl_after": 0.019991718232631683,
      "cost_gap": -0.6182723343372345,
      "cost_recoverable": true,
      "cost_quadratic": 360.2391052246094,
      "reward_quadratic": 2.5806941986083984,
      "reward_cost_cross": 0.13940465450286865,
      "max_linear_cost_drop": 3.795993178205722,
      "rollout_wall_seconds": 1.5181643851101398,
      "update_wall_seconds": 1.257338035851717,
      "total_wall_seconds": 2.775504494085908
    },
    {
      "update": 928,
      "algorithm": "macpo",
      "actor_loss": -0.018501896411180496,
      "reward_critic_loss": 0.0013856379082426429,
      "cost_critic_loss": 5.611881256103516,
      "reward_critic_loss_last": 0.0013856379082426429,
      "cost_critic_loss_last": 5.611881256103516,
      "critic_epochs": 1,
      "daily_voltage_cost": 0.02956041321158409,
      "daily_voltage_cost_raw": 0.02956041321158409,
      "daily_voltage_cost_normalized": 1.4780207872390747,
      "daily_economic_return_raw_yuan": -775588.875,
      "daily_economic_return_normalized": -0.2460855096578598,
      "daily_economic_cost_raw_yuan": 775588.875,
      "economic_reward_scale_yuan": 3151704.8194007874,
      "lagrange_multiplier": 0.0,
      "cost_budget": 1.0,
      "cost_budget_raw": 0.02,
      "cost_budget_normalized": 1.0,
      "algorithm_cost_mode": "separate_cost",
      "fixed_cost_penalty_coef": 0.0,
      "log_std_max": -2.3,
      "accepted": true,
      "mode": "cost_recovery",
      "reward_before": -2.3300125917558034e-07,
      "reward_after": 0.018501896411180496,
      "cost_before": 1.4779856204986572,
      "cost_after": -15.819771766662598,
      "kl_before": -2.384185791015625e-07,
      "kl_after": 0.019995950162410736,
      "cost_gap": 0.4779856204986572,
      "cost_recoverable": true,
      "cost_quadratic": 12952.162109375,
      "reward_quadratic": 3.050161361694336,
      "reward_cost_cross": -7.911874771118164,
      "max_linear_cost_drop": 22.76151322682655,
      "rollout_wall_seconds": 1.4838202204555273,
      "update_wall_seconds": 1.259549856185913,
      "total_wall_seconds": 2.7433724515140057
    },
    {
      "update": 929,
      "algorithm": "macpo",
      "actor_loss": -0.3373652994632721,
      "reward_critic_loss": 0.0011619681026786566,
      "cost_critic_loss": 1.0092685222625732,
      "reward_critic_loss_last": 0.0011619681026786566,
      "cost_critic_loss_last": 1.0092685222625732,
      "critic_epochs": 1,
      "daily_voltage_cost": 0.017353296279907227,
      "daily_voltage_cost_raw": 0.017353296279907227,
      "daily_voltage_cost_normalized": 0.8676648736000061,
      "daily_economic_return_raw_yuan": -691778.75,
      "daily_economic_return_normalized": -0.21949350833892822,
      "daily_economic_cost_raw_yuan": 691778.75,
      "economic_reward_scale_yuan": 3151704.8194007874,
      "lagrange_multiplier": 0.0,
      "cost_budget": 1.0,
      "cost_budget_raw": 0.02,
      "cost_budget_normalized": 1.0,
      "algorithm_cost_mode": "separate_cost",
      "fixed_cost_penalty_coef": 0.0,
      "log_std_max": -2.3,
      "accepted": true,
      "mode": "reward",
      "reward_before": -4.7436736849704175e-07,
      "reward_after": 0.3373652994632721,
      "cost_before": 0.8676632046699524,
      "cost_after": -1.3537495136260986,
      "kl_before": -2.384185791015625e-07,
      "kl_after": 0.019982188940048218,
      "cost_gap": -0.1323367953300476,
      "cost_recoverable": true,
      "cost_quadratic": 1625.265625,
      "reward_quadratic": 2.373607873916626,
      "reward_cost_cross": -17.91400146484375,
      "max_linear_cost_drop": 8.062916655900644,
      "rollout_wall_seconds": 1.9434475768357515,
      "update_wall_seconds": 1.2039346359670162,
      "total_wall_seconds": 3.147384425625205
    },
    {
      "update": 930,
      "algorithm": "macpo",
      "actor_loss": -0.31466415524482727,
      "reward_critic_loss": 0.001193011412397027,
      "cost_critic_loss": 0.4320393204689026,
      "reward_critic_loss_last": 0.001193011412397027,
      "cost_critic_loss_last": 0.4320393204689026,
      "critic_epochs": 1,
      "daily_voltage_cost": 0.01763651892542839,
      "daily_voltage_cost_raw": 0.01763651892542839,
      "daily_voltage_cost_normalized": 0.8818259835243225,
      "daily_economic_return_raw_yuan": -711989.375,
      "daily_economic_return_normalized": -0.2259061187505722,
      "daily_economic_cost_raw_yuan": 711989.375,
      "economic_reward_scale_yuan": 3151704.8194007874,
      "lagrange_multiplier": 0.0,
      "cost_budget": 1.0,
      "cost_budget_raw": 0.02,
      "cost_budget_normalized": 1.0,
      "algorithm_cost_mode": "separate_cost",
      "fixed_cost_penalty_coef": 0.0,
      "log_std_max": -2.3,
      "accepted": true,
      "mode": "reward",
      "reward_before": -3.2457910492666997e-07,
      "reward_after": 0.31466415524482727,
      "cost_before": 0.8818217515945435,
      "cost_after": -0.2261391282081604,
      "kl_before": -2.384185791015625e-07,
      "kl_after": 0.019979143515229225,
      "cost_gap": -0.11817824840545654,
      "cost_recoverable": true,
      "cost_quadratic": 858.343994140625,
      "reward_quadratic": 2.5447540283203125,
      "reward_cost_cross": -9.17326545715332,
      "max_linear_cost_drop": 5.859501665297571,
      "rollout_wall_seconds": 1.9701986890286207,
      "update_wall_seconds": 1.2105158474296331,
      "total_wall_seconds": 3.1807173881679773
    },
    {
      "update": 931,
      "algorithm": "macpo",
      "actor_loss": -0.16140499711036682,
      "reward_critic_loss": 0.0011617618147283792,
      "cost_critic_loss": 0.34922584891319275,
      "reward_critic_loss_last": 0.0011617618147283792,
      "cost_critic_loss_last": 0.34922584891319275,
      "critic_epochs": 1,
      "daily_voltage_cost": 0.012058931402862072,
      "daily_voltage_cost_raw": 0.012058931402862072,
      "daily_voltage_cost_normalized": 0.6029466390609741,
      "daily_economic_return_raw_yuan": -668287.5,
      "daily_economic_return_normalized": -0.2120400071144104,
      "daily_economic_cost_raw_yuan": 668287.5,
      "economic_reward_scale_yuan": 3151704.8194007874,
      "lagrange_multiplier": 0.0,
      "cost_budget": 1.0,
      "cost_budget_raw": 0.02,
      "cost_budget_normalized": 1.0,
      "algorithm_cost_mode": "separate_cost",
      "fixed_cost_penalty_coef": 0.0,
      "log_std_max": -2.3,
      "accepted": true,
      "mode": "reward",
      "reward_before": -3.029392132702924e-07,
      "reward_after": 0.16140499711036682,
      "cost_before": 0.6029529571533203,
      "cost_after": 0.1916712522506714,
      "kl_before": -2.384185791015625e-07,
      "kl_after": 0.005013898015022278,
      "cost_gap": -0.3970470428466797,
      "cost_recoverable": true,
      "cost_quadratic": 675.41015625,
      "reward_quadratic": 2.4227914810180664,
      "reward_cost_cross": -6.326571464538574,
      "max_linear_cost_drop": 5.197730875103097,
      "rollout_wall_seconds": 1.9493363369256258,
      "update_wall_seconds": 1.160190012305975,
      "total_wall_seconds": 3.1095290780067444
    },
    {
      "update": 932,
      "algorithm": "macpo",
      "actor_loss": -0.34245824813842773,
      "reward_critic_loss": 0.0014166822656989098,
      "cost_critic_loss": 1.341647982597351,
      "reward_critic_loss_last": 0.0014166822656989098,
      "cost_critic_loss_last": 1.341647982597351,
      "critic_epochs": 1,
      "daily_voltage_cost": 0.011694075539708138,
      "daily_voltage_cost_raw": 0.011694075539708138,
      "daily_voltage_cost_normalized": 0.5847038626670837,
      "daily_economic_return_raw_yuan": -769250.375,
      "daily_economic_return_normalized": -0.24407437443733215,
      "daily_economic_cost_raw_yuan": 769250.375,
      "economic_reward_scale_yuan": 3151704.8194007874,
      "lagrange_multiplier": 0.0,
      "cost_budget": 1.0,
      "cost_budget_raw": 0.02,
      "cost_budget_normalized": 1.0,
      "algorithm_cost_mode": "separate_cost",
      "fixed_cost_penalty_coef": 0.0,
      "log_std_max": -2.3,
      "accepted": true,
      "mode": "reward",
      "reward_before": 3.407588451409538e-07,
      "reward_after": 0.34245824813842773,
      "cost_before": 0.5847039818763733,
      "cost_after": 0.20663166046142578,
      "kl_before": -2.384185791015625e-07,
      "kl_after": 0.019904226064682007,
      "cost_gap": -0.4152960181236267,
      "cost_recoverable": true,
      "cost_quadratic": 2837.99560546875,
      "reward_quadratic": 3.017036199569702,
      "reward_cost_cross": -2.5695018768310547,
      "max_linear_cost_drop": 10.654568232394498,
      "rollout_wall_seconds": 2.056919924914837,
      "update_wall_seconds": 1.0287122279405594,
      "total_wall_seconds": 3.0856344364583492
    },
    {
      "update": 933,
      "algorithm": "macpo",
      "actor_loss": -0.2732500731945038,
      "reward_critic_loss": 0.0009824447333812714,
      "cost_critic_loss": 0.8057824373245239,
      "reward_critic_loss_last": 0.0009824447333812714,
      "cost_critic_loss_last": 0.8057824373245239,
      "critic_epochs": 1,
      "daily_voltage_cost": 0.018583064898848534,
      "daily_voltage_cost_raw": 0.018583064898848534,
      "daily_voltage_cost_normalized": 0.9291532039642334,
      "daily_economic_return_raw_yuan": -737940.8125,
      "daily_economic_return_normalized": -0.23414021730422974,
      "daily_economic_cost_raw_yuan": 737940.8125,
      "economic_reward_scale_yuan": 3151704.8194007874,
      "lagrange_multiplier": 0.0,
      "cost_budget": 1.0,
      "cost_budget_raw": 0.02,
      "cost_budget_normalized": 1.0,
      "algorithm_cost_mode": "separate_cost",
      "fixed_cost_penalty_coef": 0.0,
      "log_std_max": -2.3,
      "accepted": true,
      "mode": "reward",
      "reward_before": -8.396618511596898e-09,
      "reward_after": 0.2732500731945038,
      "cost_before": 0.9291477799415588,
      "cost_after": -1.6078879833221436,
      "kl_before": -2.384185791015625e-07,
      "kl_after": 0.01989254541695118,
      "cost_gap": -0.07085222005844116,
      "cost_recoverable": true,
      "cost_quadratic": 2182.16015625,
      "reward_quadratic": 2.0537705421447754,
      "reward_cost_cross": -17.265045166015625,
      "max_linear_cost_drop": 9.342719424771355,
      "rollout_wall_seconds": 1.9822666719555855,
      "update_wall_seconds": 1.1025296933948994,
      "total_wall_seconds": 3.084799077361822
    },
    {
      "update": 934,
      "algorithm": "macpo",
      "actor_loss": -0.059549398720264435,
      "reward_critic_loss": 0.001268672989681363,
      "cost_critic_loss": 1.7144105434417725,
      "reward_critic_loss_last": 0.001268672989681363,
      "cost_critic_loss_last": 1.7144105434417725,
      "critic_epochs": 1,
      "daily_voltage_cost": 0.025136128067970276,
      "daily_voltage_cost_raw": 0.025136128067970276,
      "daily_voltage_cost_normalized": 1.2568063735961914,
      "daily_economic_return_raw_yuan": -749625.0,
      "daily_economic_return_normalized": -0.2378474771976471,
      "daily_economic_cost_raw_yuan": 749625.0,
      "economic_reward_scale_yuan": 3151704.8194007874,
      "lagrange_multiplier": 0.0,
      "cost_budget": 1.0,
      "cost_budget_raw": 0.02,
      "cost_budget_normalized": 1.0,
      "algorithm_cost_mode": "separate_cost",
      "fixed_cost_penalty_coef": 0.0,
      "log_std_max": -2.3,
      "accepted": true,
      "mode": "cost_recovery",
      "reward_before": -1.3322392078407574e-07,
      "reward_after": 0.059549398720264435,
      "cost_before": 1.2567963600158691,
      "cost_after": -9.24577808380127,
      "kl_before": -2.384185791015625e-07,
      "kl_after": 0.019975893199443817,
      "cost_gap": 0.25679636001586914,
      "cost_recoverable": true,
      "cost_quadratic": 3781.0869140625,
      "reward_quadratic": 2.589510679244995,
      "reward_cost_cross": -20.243213653564453,
      "max_linear_cost_drop": 12.29810865794005,
      "rollout_wall_seconds": 1.743423955515027,
      "update_wall_seconds": 1.0860571581870317,
      "total_wall_seconds": 2.829483887180686
    },
    {
      "update": 935,
      "algorithm": "macpo",
      "actor_loss": -0.15963828563690186,
      "reward_critic_loss": 0.0012073726393282413,
      "cost_critic_loss": 0.3325512409210205,
      "reward_critic_loss_last": 0.0012073726393282413,
      "cost_critic_loss_last": 0.3325512409210205,
      "critic_epochs": 1,
      "daily_voltage_cost": 0.010035667568445206,
      "daily_voltage_cost_raw": 0.010035667568445206,
      "daily_voltage_cost_normalized": 0.5017833709716797,
      "daily_economic_return_raw_yuan": -661490.3125,
      "daily_economic_return_normalized": -0.20988333225250244,
      "daily_economic_cost_raw_yuan": 661490.3125,
      "economic_reward_scale_yuan": 3151704.8194007874,
      "lagrange_multiplier": 0.0,
      "cost_budget": 1.0,
      "cost_budget_raw": 0.02,
      "cost_budget_normalized": 1.0,
      "algorithm_cost_mode": "separate_cost",
      "fixed_cost_penalty_coef": 0.0,
      "log_std_max": -2.3,
      "accepted": true,
      "mode": "reward",
      "reward_before": 5.66316771255515e-10,
      "reward_after": 0.15963828563690186,
      "cost_before": 0.5017783045768738,
      "cost_after": 0.05453991889953613,
      "kl_before": -2.384185791015625e-07,
      "kl_after": 0.004991812631487846,
      "cost_gap": -0.4982216954231262,
      "cost_recoverable": true,
      "cost_quadratic": 617.8278198242188,
      "reward_quadratic": 2.419611692428589,
      "reward_cost_cross": -6.991838455200195,
      "max_linear_cost_drop": 4.971228499372037,
      "rollout_wall_seconds": 1.6483906917273998,
      "update_wall_seconds": 1.0694330409169197,
      "total_wall_seconds": 2.717826284468174
    },
    {
      "update": 936,
      "algorithm": "macpo",
      "actor_loss": -0.308976411819458,
      "reward_critic_loss": 0.0011580274440348148,
      "cost_critic_loss": 0.1884860098361969,
      "reward_critic_loss_last": 0.0011580274440348148,
      "cost_critic_loss_last": 0.1884860098361969,
      "critic_epochs": 1,
      "daily_voltage_cost": 0.009142332710325718,
      "daily_voltage_cost_raw": 0.009142332710325718,
      "daily_voltage_cost_normalized": 0.45711660385131836,
      "daily_economic_return_raw_yuan": -793961.25,
      "daily_economic_return_normalized": -0.2519148588180542,
      "daily_economic_cost_raw_yuan": 793961.25,
      "economic_reward_scale_yuan": 3151704.8194007874,
      "lagrange_multiplier": 0.0,
      "cost_budget": 1.0,
      "cost_budget_raw": 0.02,
      "cost_budget_normalized": 1.0,
      "algorithm_cost_mode": "separate_cost",
      "fixed_cost_penalty_coef": 0.0,
      "log_std_max": -2.3,
      "accepted": true,
      "mode": "reward",
      "reward_before": 7.42645482887383e-08,
      "reward_after": 0.308976411819458,
      "cost_before": 0.4571189284324646,
      "cost_after": 0.5448136925697327,
      "kl_before": -2.384185791015625e-07,
      "kl_after": 0.01988191530108452,
      "cost_gap": -0.5428810715675354,
      "cost_recoverable": true,
      "cost_quadratic": 422.05987548828125,
      "reward_quadratic": 2.4267799854278564,
      "reward_cost_cross": -0.5894853472709656,
      "max_linear_cost_drop": 4.10881917581332,
      "rollout_wall_seconds": 1.853634936735034,
      "update_wall_seconds": 1.0545158609747887,
      "total_wall_seconds": 2.908153375610709
    },
    {
      "update": 937,
      "algorithm": "macpo",
      "actor_loss": -0.29228881001472473,
      "reward_critic_loss": 0.001000494696199894,
      "cost_critic_loss": 0.18712835013866425,
      "reward_critic_loss_last": 0.001000494696199894,
      "cost_critic_loss_last": 0.18712835013866425,
      "critic_epochs": 1,
      "daily_voltage_cost": 0.010152685455977917,
      "daily_voltage_cost_raw": 0.010152685455977917,
      "daily_voltage_cost_normalized": 0.5076342821121216,
      "daily_economic_return_raw_yuan": -747009.75,
      "daily_economic_return_normalized": -0.2370176762342453,
      "daily_economic_cost_raw_yuan": 747009.75,
      "economic_reward_scale_yuan": 3151704.8194007874,
      "lagrange_multiplier": 0.0,
      "cost_budget": 1.0,
      "cost_budget_raw": 0.02,
      "cost_budget_normalized": 1.0,
      "algorithm_cost_mode": "separate_cost",
      "fixed_cost_penalty_coef": 0.0,
      "log_std_max": -2.3,
      "accepted": true,
      "mode": "reward",
      "reward_before": -2.647233543484617e-10,
      "reward_after": 0.29228881001472473,
      "cost_before": 0.5076351165771484,
      "cost_after": 0.15313434600830078,
      "kl_before": -2.384185791015625e-07,
      "kl_after": 0.019897107034921646,
      "cost_gap": -0.49236488342285156,
      "cost_recoverable": true,
      "cost_quadratic": 357.0407409667969,
      "reward_quadratic": 1.9771621227264404,
      "reward_cost_cross": -2.5701727867126465,
      "max_linear_cost_drop": 3.779104343448574,
      "rollout_wall_seconds": 1.9302860237658024,
      "update_wall_seconds": 1.1020856946706772,
      "total_wall_seconds": 3.0323741994798183
    },
    {
      "update": 938,
      "algorithm": "macpo",
      "actor_loss": -0.3067377805709839,
      "reward_critic_loss": 0.001299968920648098,
      "cost_critic_loss": 0.7535971999168396,
      "reward_critic_loss_last": 0.001299968920648098,
      "cost_critic_loss_last": 0.7535971999168396,
      "critic_epochs": 1,
      "daily_voltage_cost": 0.011313321068882942,
      "daily_voltage_cost_raw": 0.011313321068882942,
      "daily_voltage_cost_normalized": 0.5656660199165344,
      "daily_economic_return_raw_yuan": -711663.6875,
      "daily_economic_return_normalized": -0.22580277919769287,
      "daily_economic_cost_raw_yuan": 711663.6875,
      "economic_reward_scale_yuan": 3151704.8194007874,
      "lagrange_multiplier": 0.0,
      "cost_budget": 1.0,
      "cost_budget_raw": 0.02,
      "cost_budget_normalized": 1.0,
      "algorithm_cost_mode": "separate_cost",
      "fixed_cost_penalty_coef": 0.0,
      "log_std_max": -2.3,
      "accepted": true,
      "mode": "reward",
      "reward_before": 4.7644758183196245e-07,
      "reward_after": 0.3067377805709839,
      "cost_before": 0.565666913986206,
      "cost_after": 0.12304970622062683,
      "kl_before": -2.384185791015625e-07,
      "kl_after": 0.019976621493697166,
      "cost_gap": -0.43433308601379395,
      "cost_recoverable": true,
      "cost_quadratic": 2029.6734619140625,
      "reward_quadratic": 2.581345796585083,
      "reward_cost_cross": -4.614619731903076,
      "max_linear_cost_drop": 9.010379485713269,
      "rollout_wall_seconds": 1.9955424442887306,
      "update_wall_seconds": 1.0280946251004934,
      "total_wall_seconds": 3.023639401420951
    },
    {
      "update": 939,
      "algorithm": "macpo",
      "actor_loss": 0.00044786324724555016,
      "reward_critic_loss": 0.0011100645642727613,
      "cost_critic_loss": 3.5618677139282227,
      "reward_critic_loss_last": 0.0011100645642727613,
      "cost_critic_loss_last": 3.5618677139282227,
      "critic_epochs": 1,
      "daily_voltage_cost": 0.03360874950885773,
      "daily_voltage_cost_raw": 0.03360874950885773,
      "daily_voltage_cost_normalized": 1.6804373264312744,
      "daily_economic_return_raw_yuan": -690178.5,
      "daily_economic_return_normalized": -0.21898576617240906,
      "daily_economic_cost_raw_yuan": 690178.5,
      "economic_reward_scale_yuan": 3151704.8194007874,
      "lagrange_multiplier": 0.0,
      "cost_budget": 1.0,
      "cost_budget_raw": 0.02,
      "cost_budget_normalized": 1.0,
      "algorithm_cost_mode": "separate_cost",
      "fixed_cost_penalty_coef": 0.0,
      "log_std_max": -2.3,
      "accepted": true,
      "mode": "cost_recovery",
      "reward_before": -2.762690769486653e-07,
      "reward_after": -0.00044786324724555016,
      "cost_before": 1.6804314851760864,
      "cost_after": -6.403958320617676,
      "kl_before": -2.384185791015625e-07,
      "kl_after": 0.005009911954402924,
      "cost_gap": 0.6804314851760864,
      "cost_recoverable": true,
      "cost_quadratic": 7968.443359375,
      "reward_quadratic": 2.2097415924072266,
      "reward_cost_cross": 0.5899592638015747,
      "max_linear_cost_drop": 17.853227561844385,
      "rollout_wall_seconds": 1.9794160276651382,
      "update_wall_seconds": 1.137168699875474,
      "total_wall_seconds": 3.1165879853069782
    },
    {
      "update": 940,
      "algorithm": "macpo",
      "actor_loss": -0.16826903820037842,
      "reward_critic_loss": 0.0014100874541327357,
      "cost_critic_loss": 0.6512273550033569,
      "reward_critic_loss_last": 0.0014100874541327357,
      "cost_critic_loss_last": 0.6512273550033569,
      "critic_epochs": 1,
      "daily_voltage_cost": 0.01766233704984188,
      "daily_voltage_cost_raw": 0.01766233704984188,
      "daily_voltage_cost_normalized": 0.8831167817115784,
      "daily_economic_return_raw_yuan": -826578.9375,
      "daily_economic_return_normalized": -0.26226407289505005,
      "daily_economic_cost_raw_yuan": 826578.9375,
      "economic_reward_scale_yuan": 3151704.8194007874,
      "lagrange_multiplier": 0.0,
      "cost_budget": 1.0,
      "cost_budget_raw": 0.02,
      "cost_budget_normalized": 1.0,
      "algorithm_cost_mode": "separate_cost",
      "fixed_cost_penalty_coef": 0.0,
      "log_std_max": -2.3,
      "accepted": true,
      "mode": "constrained_reward",
      "reward_before": -2.482396155301103e-07,
      "reward_after": 0.16826903820037842,
      "cost_before": 0.8831139802932739,
      "cost_after": 0.9955772161483765,
      "kl_before": -2.384185791015625e-07,
      "kl_after": 0.005056893453001976,
      "cost_gap": -0.11688601970672607,
      "cost_recoverable": true,
      "cost_quadratic": 1331.0965576171875,
      "reward_quadratic": 3.0038514137268066,
      "reward_cost_cross": 1.3320987224578857,
      "max_linear_cost_drop": 7.296839199590978,
      "rollout_wall_seconds": 2.2839053962379694,
      "update_wall_seconds": 1.107533322647214,
      "total_wall_seconds": 3.391440972685814
    },
    {
      "update": 941,
      "algorithm": "macpo",
      "actor_loss": -0.03420499339699745,
      "reward_critic_loss": 0.001189991133287549,
      "cost_critic_loss": 2.2887961864471436,
      "reward_critic_loss_last": 0.001189991133287549,
      "cost_critic_loss_last": 2.2887961864471436,
      "critic_epochs": 1,
      "daily_voltage_cost": 0.025591902434825897,
      "daily_voltage_cost_raw": 0.025591902434825897,
      "daily_voltage_cost_normalized": 1.279595136642456,
      "daily_economic_return_raw_yuan": -746532.875,
      "daily_economic_return_normalized": -0.23686636984348297,
      "daily_economic_cost_raw_yuan": 746532.875,
      "economic_reward_scale_yuan": 3151704.8194007874,
      "lagrange_multiplier": 0.0,
      "cost_budget": 1.0,
      "cost_budget_raw": 0.02,
      "cost_budget_normalized": 1.0,
      "algorithm_cost_mode": "separate_cost",
      "fixed_cost_penalty_coef": 0.0,
      "log_std_max": -2.3,
      "accepted": true,
      "mode": "cost_recovery",
      "reward_before": -4.318373214573512e-09,
      "reward_after": 0.03420499339699745,
      "cost_before": 1.279586911201477,
      "cost_after": -4.841218948364258,
      "kl_before": -2.384185791015625e-07,
      "kl_after": 0.004999035503715277,
      "cost_gap": 0.27958691120147705,
      "cost_recoverable": true,
      "cost_quadratic": 4684.107421875,
      "reward_quadratic": 2.386413097381592,
      "reward_cost_cross": -25.447261810302734,
      "max_linear_cost_drop": 13.688107863214697,
      "rollout_wall_seconds": 1.8758218754082918,
      "update_wall_seconds": 1.1350177060812712,
      "total_wall_seconds": 3.010842278599739
    },
    {
      "update": 942,
      "algorithm": "macpo",
      "actor_loss": -0.38989412784576416,
      "reward_critic_loss": 0.001818379620090127,
      "cost_critic_loss": 0.10697044432163239,
      "reward_critic_loss_last": 0.001818379620090127,
      "cost_critic_loss_last": 0.10697044432163239,
      "critic_epochs": 1,
      "daily_voltage_cost": 0.003776502562686801,
      "daily_voltage_cost_raw": 0.003776502562686801,
      "daily_voltage_cost_normalized": 0.18882513046264648,
      "daily_economic_return_raw_yuan": -666644.6875,
      "daily_economic_return_normalized": -0.2115187644958496,
      "daily_economic_cost_raw_yuan": 666644.6875,
      "economic_reward_scale_yuan": 3151704.8194007874,
      "lagrange_multiplier": 0.0,
      "cost_budget": 1.0,
      "cost_budget_raw": 0.02,
      "cost_budget_normalized": 1.0,
      "algorithm_cost_mode": "separate_cost",
      "fixed_cost_penalty_coef": 0.0,
      "log_std_max": -2.3,
      "accepted": true,
      "mode": "reward",
      "reward_before": -4.129813646613911e-07,
      "reward_after": 0.38989412784576416,
      "cost_before": 0.188829243183136,
      "cost_after": -0.576728343963623,
      "kl_before": -2.384185791015625e-07,
      "kl_after": 0.019908754155039787,
      "cost_gap": -0.811170756816864,
      "cost_recoverable": true,
      "cost_quadratic": 237.92799377441406,
      "reward_quadratic": 3.9349331855773926,
      "reward_cost_cross": -6.6238813400268555,
      "max_linear_cost_drop": 3.084982941764275,
      "rollout_wall_seconds": 1.8982025180011988,
      "update_wall_seconds": 1.0729729570448399,
      "total_wall_seconds": 2.9711782708764076
    },
    {
      "update": 943,
      "algorithm": "macpo",
      "actor_loss": -0.35843828320503235,
      "reward_critic_loss": 0.001475981785915792,
      "cost_critic_loss": 0.5016815662384033,
      "reward_critic_loss_last": 0.001475981785915792,
      "cost_critic_loss_last": 0.5016815662384033,
      "critic_epochs": 1,
      "daily_voltage_cost": 0.01699230447411537,
      "daily_voltage_cost_raw": 0.01699230447411537,
      "daily_voltage_cost_normalized": 0.849615216255188,
      "daily_economic_return_raw_yuan": -727821.0,
      "daily_economic_return_normalized": -0.23092931509017944,
      "daily_economic_cost_raw_yuan": 727821.0,
      "economic_reward_scale_yuan": 3151704.8194007874,
      "lagrange_multiplier": 0.0,
      "cost_budget": 1.0,
      "cost_budget_raw": 0.02,
      "cost_budget_normalized": 1.0,
      "algorithm_cost_mode": "separate_cost",
      "fixed_cost_penalty_coef": 0.0,
      "log_std_max": -2.3,
      "accepted": true,
      "mode": "reward",
      "reward_before": 1.697018916502202e-07,
      "reward_after": 0.35843828320503235,
      "cost_before": 0.8496173620223999,
      "cost_after": 0.35757824778556824,
      "kl_before": -2.384185791015625e-07,
      "kl_after": 0.0198968593031168,
      "cost_gap": -0.1503826379776001,
      "cost_recoverable": true,
      "cost_quadratic": 1140.6094970703125,
      "reward_quadratic": 3.20664644241333,
      "reward_cost_cross": -3.4242639541625977,
      "max_linear_cost_drop": 6.754582139763532,
      "rollout_wall_seconds": 1.8411815240979195,
      "update_wall_seconds": 1.178493632003665,
      "total_wall_seconds": 3.019678818061948
    },
    {
      "update": 944,
      "algorithm": "macpo",
      "actor_loss": -0.29275956749916077,
      "reward_critic_loss": 0.001091410405933857,
      "cost_critic_loss": 0.3429645001888275,
      "reward_critic_loss_last": 0.001091410405933857,
      "cost_critic_loss_last": 0.3429645001888275,
      "critic_epochs": 1,
      "daily_voltage_cost": 0.015772532671689987,
      "daily_voltage_cost_raw": 0.015772532671689987,
      "daily_voltage_cost_normalized": 0.7886267304420471,
      "daily_economic_return_raw_yuan": -803141.8125,
      "daily_economic_return_normalized": -0.25482773780822754,
      "daily_economic_cost_raw_yuan": 803141.8125,
      "economic_reward_scale_yuan": 3151704.8194007874,
      "lagrange_multiplier": 0.0,
      "cost_budget": 1.0,
      "cost_budget_raw": 0.02,
      "cost_budget_normalized": 1.0,
      "algorithm_cost_mode": "separate_cost",
      "fixed_cost_penalty_coef": 0.0,
      "log_std_max": -2.3,
      "accepted": true,
      "mode": "reward",
      "reward_before": 8.357135783398917e-08,
      "reward_after": 0.29275956749916077,
      "cost_before": 0.7886215448379517,
      "cost_after": 0.6705936193466187,
      "kl_before": -2.384185791015625e-07,
      "kl_after": 0.019975123926997185,
      "cost_gap": -0.21137845516204834,
      "cost_recoverable": true,
      "cost_quadratic": 662.9190063476562,
      "reward_quadratic": 2.442293882369995,
      "reward_cost_cross": -0.6097993850708008,
      "max_linear_cost_drop": 5.149442712945378,
      "rollout_wall_seconds": 1.5365126207470894,
      "update_wall_seconds": 1.0107434149831533,
      "total_wall_seconds": 2.5472578648477793
    },
    {
      "update": 945,
      "algorithm": "macpo",
      "actor_loss": -0.3270424008369446,
      "reward_critic_loss": 0.0013409715611487627,
      "cost_critic_loss": 0.6149439215660095,
      "reward_critic_loss_last": 0.0013409715611487627,
      "cost_critic_loss_last": 0.6149439215660095,
      "critic_epochs": 1,
      "daily_voltage_cost": 0.010373356752097607,
      "daily_voltage_cost_raw": 0.010373356752097607,
      "daily_voltage_cost_normalized": 0.5186678171157837,
      "daily_economic_return_raw_yuan": -765822.0,
      "daily_economic_return_normalized": -0.24298658967018127,
      "daily_economic_cost_raw_yuan": 765822.0,
      "economic_reward_scale_yuan": 3151704.8194007874,
      "lagrange_multiplier": 0.0,
      "cost_budget": 1.0,
      "cost_budget_raw": 0.02,
      "cost_budget_normalized": 1.0,
      "algorithm_cost_mode": "separate_cost",
      "fixed_cost_penalty_coef": 0.0,
      "log_std_max": -2.3,
      "accepted": true,
      "mode": "reward",
      "reward_before": -3.2991886200761655e-07,
      "reward_after": 0.3270424008369446,
      "cost_before": 0.5186602473258972,
      "cost_after": -0.20154893398284912,
      "kl_before": -2.384185791015625e-07,
      "kl_after": 0.01999148726463318,
      "cost_gap": -0.4813397526741028,
      "cost_recoverable": true,
      "cost_quadratic": 1245.18310546875,
      "reward_quadratic": 2.650141477584839,
      "reward_cost_cross": -5.505273818969727,
      "max_linear_cost_drop": 7.0574304260651415,
      "rollout_wall_seconds": 1.5612474959343672,
      "update_wall_seconds": 1.099511617794633,
      "total_wall_seconds": 2.66076104529202
    },
    {
      "update": 946,
      "algorithm": "macpo",
      "actor_loss": -0.16119307279586792,
      "reward_critic_loss": 0.001255790120922029,
      "cost_critic_loss": 0.10881521552801132,
      "reward_critic_loss_last": 0.001255790120922029,
      "cost_critic_loss_last": 0.10881521552801132,
      "critic_epochs": 1,
      "daily_voltage_cost": 0.0025612274184823036,
      "daily_voltage_cost_raw": 0.0025612274184823036,
      "daily_voltage_cost_normalized": 0.12806138396263123,
      "daily_economic_return_raw_yuan": -701380.8125,
      "daily_economic_return_normalized": -0.22254014015197754,
      "daily_economic_cost_raw_yuan": 701380.8125,
      "economic_reward_scale_yuan": 3151704.8194007874,
      "lagrange_multiplier": 0.0,
      "cost_budget": 1.0,
      "cost_budget_raw": 0.02,
      "cost_budget_normalized": 1.0,
      "algorithm_cost_mode": "separate_cost",
      "fixed_cost_penalty_coef": 0.0,
      "log_std_max": -2.3,
      "accepted": true,
      "mode": "reward",
      "reward_before": -5.32197361735598e-07,
      "reward_after": 0.16119307279586792,
      "cost_before": 0.12806436419487,
      "cost_after": -0.18293926119804382,
      "kl_before": -2.384185791015625e-07,
      "kl_after": 0.004971609450876713,
      "cost_gap": -0.87193563580513,
      "cost_recoverable": true,
      "cost_quadratic": 239.11322021484375,
      "reward_quadratic": 2.5706448554992676,
      "reward_cost_cross": -4.39955997467041,
      "max_linear_cost_drop": 3.0926572407225716,
      "rollout_wall_seconds": 1.8419303502887487,
      "update_wall_seconds": 1.10716887190938,
      "total_wall_seconds": 2.9491012450307608
    },
    {
      "update": 947,
      "algorithm": "macpo",
      "actor_loss": -0.1536129117012024,
      "reward_critic_loss": 0.0011691681575030088,
      "cost_critic_loss": 0.5522229671478271,
      "reward_critic_loss_last": 0.0011691681575030088,
      "cost_critic_loss_last": 0.5522229671478271,
      "critic_epochs": 1,
      "daily_voltage_cost": 0.011093288660049438,
      "daily_voltage_cost_raw": 0.011093288660049438,
      "daily_voltage_cost_normalized": 0.5546644330024719,
      "daily_economic_return_raw_yuan": -740664.1875,
      "daily_economic_return_normalized": -0.23500430583953857,
      "daily_economic_cost_raw_yuan": 740664.1875,
      "economic_reward_scale_yuan": 3151704.8194007874,
      "lagrange_multiplier": 0.0,
      "cost_budget": 1.0,
      "cost_budget_raw": 0.02,
      "cost_budget_normalized": 1.0,
      "algorithm_cost_mode": "separate_cost",
      "fixed_cost_penalty_coef": 0.0,
      "log_std_max": -2.3,
      "accepted": true,
      "mode": "reward",
      "reward_before": -3.2517064596504497e-09,
      "reward_after": 0.1536129117012024,
      "cost_before": 0.5546601414680481,
      "cost_after": 0.43183767795562744,
      "kl_before": -2.384185791015625e-07,
      "kl_after": 0.005016391631215811,
      "cost_gap": -0.4453398585319519,
      "cost_recoverable": true,
      "cost_quadratic": 970.36279296875,
      "reward_quadratic": 2.2689931392669678,
      "reward_cost_cross": -2.057270050048828,
      "max_linear_cost_drop": 6.230129350081746,
      "rollout_wall_seconds": 2.156716587021947,
      "update_wall_seconds": 1.2096823267638683,
      "total_wall_seconds": 3.3664011731743813
    },
    {
      "update": 948,
      "algorithm": "macpo",
      "actor_loss": -0.30621206760406494,
      "reward_critic_loss": 0.0010901186615228653,
      "cost_critic_loss": 0.25602924823760986,
      "reward_critic_loss_last": 0.0010901186615228653,
      "cost_critic_loss_last": 0.25602924823760986,
      "critic_epochs": 1,
      "daily_voltage_cost": 0.00887264497578144,
      "daily_voltage_cost_raw": 0.00887264497578144,
      "daily_voltage_cost_normalized": 0.4436322748661041,
      "daily_economic_return_raw_yuan": -748640.375,
      "daily_economic_return_normalized": -0.23753505945205688,
      "daily_economic_cost_raw_yuan": 748640.375,
      "economic_reward_scale_yuan": 3151704.8194007874,
      "lagrange_multiplier": 0.0,
      "cost_budget": 1.0,
      "cost_budget_raw": 0.02,
      "cost_budget_normalized": 1.0,
      "algorithm_cost_mode": "separate_cost",
      "fixed_cost_penalty_coef": 0.0,
      "log_std_max": -2.3,
      "accepted": true,
      "mode": "reward",
      "reward_before": 3.9858497302702744e-07,
      "reward_after": 0.30621206760406494,
      "cost_before": 0.44362908601760864,
      "cost_after": -0.5638210773468018,
      "kl_before": -2.384185791015625e-07,
      "kl_after": 0.01995721273124218,
      "cost_gap": -0.5563709139823914,
      "cost_recoverable": true,
      "cost_quadratic": 615.2489013671875,
      "reward_quadratic": 2.2694091796875,
      "reward_cost_cross": -6.040734767913818,
      "max_linear_cost_drop": 4.960842272708083,
      "rollout_wall_seconds": 1.5329818539321423,
      "update_wall_seconds": 1.136930476874113,
      "total_wall_seconds": 2.6699146647006273
    },
    {
      "update": 949,
      "algorithm": "macpo",
      "actor_loss": -0.32962551712989807,
      "reward_critic_loss": 0.0014079930260777473,
      "cost_critic_loss": 0.07675746083259583,
      "reward_critic_loss_last": 0.0014079930260777473,
      "cost_critic_loss_last": 0.07675746083259583,
      "critic_epochs": 1,
      "daily_voltage_cost": 0.00292533659376204,
      "daily_voltage_cost_raw": 0.00292533659376204,
      "daily_voltage_cost_normalized": 0.1462668478488922,
      "daily_economic_return_raw_yuan": -820972.1875,
      "daily_economic_return_normalized": -0.26048511266708374,
      "daily_economic_cost_raw_yuan": 820972.1875,
      "economic_reward_scale_yuan": 3151704.8194007874,
      "lagrange_multiplier": 0.0,
      "cost_budget": 1.0,
      "cost_budget_raw": 0.02,
      "cost_budget_normalized": 1.0,
      "algorithm_cost_mode": "separate_cost",
      "fixed_cost_penalty_coef": 0.0,
      "log_std_max": -2.3,
      "accepted": true,
      "mode": "reward",
      "reward_before": 4.796309553967149e-07,
      "reward_after": 0.32962551712989807,
      "cost_before": 0.14626774191856384,
      "cost_after": -0.5207120180130005,
      "kl_before": -2.384185791015625e-07,
      "kl_after": 0.019939376041293144,
      "cost_gap": -0.8537322580814362,
      "cost_recoverable": true,
      "cost_quadratic": 173.68536376953125,
      "reward_quadratic": 2.9051897525787354,
      "reward_cost_cross": -5.26263427734375,
      "max_linear_cost_drop": 2.635794861285918,
      "rollout_wall_seconds": 1.7203654274344444,
      "update_wall_seconds": 1.2923825345933437,
      "total_wall_seconds": 3.0127507653087378
    },
    {
      "update": 950,
      "algorithm": "macpo",
      "actor_loss": -0.334058940410614,
      "reward_critic_loss": 0.001401703804731369,
      "cost_critic_loss": 0.7466330528259277,
      "reward_critic_loss_last": 0.001401703804731369,
      "cost_critic_loss_last": 0.7466330528259277,
      "critic_epochs": 1,
      "daily_voltage_cost": 0.011877374723553658,
      "daily_voltage_cost_raw": 0.011877374723553658,
      "daily_voltage_cost_normalized": 0.5938687324523926,
      "daily_economic_return_raw_yuan": -794593.0,
      "daily_economic_return_normalized": -0.25211530923843384,
      "daily_economic_cost_raw_yuan": 794593.0,
      "economic_reward_scale_yuan": 3151704.8194007874,
      "lagrange_multiplier": 0.0,
      "cost_budget": 1.0,
      "cost_budget_raw": 0.02,
      "cost_budget_normalized": 1.0,
      "algorithm_cost_mode": "separate_cost",
      "fixed_cost_penalty_coef": 0.0,
      "log_std_max": -2.3,
      "accepted": true,
      "mode": "reward",
      "reward_before": -9.286725344281876e-08,
      "reward_after": 0.334058940410614,
      "cost_before": 0.5938822031021118,
      "cost_after": -0.35234975814819336,
      "kl_before": -2.384185791015625e-07,
      "kl_after": 0.01995505765080452,
      "cost_gap": -0.4061177968978882,
      "cost_recoverable": true,
      "cost_quadratic": 1663.9637451171875,
      "reward_quadratic": 2.850123167037964,
      "reward_cost_cross": -7.472201347351074,
      "max_linear_cost_drop": 8.158342344170629,
      "rollout_wall_seconds": 1.7071642354130745,
      "update_wall_seconds": 1.0767347943037748,
      "total_wall_seconds": 2.783901508897543
    },
    {
      "update": 951,
      "algorithm": "macpo",
      "actor_loss": -0.36400648951530457,
      "reward_critic_loss": 0.00171213923022151,
      "cost_critic_loss": 0.44460684061050415,
      "reward_critic_loss_last": 0.00171213923022151,
      "cost_critic_loss_last": 0.44460684061050415,
      "critic_epochs": 1,
      "daily_voltage_cost": 0.01786586456000805,
      "daily_voltage_cost_raw": 0.01786586456000805,
      "daily_voltage_cost_normalized": 0.8932932615280151,
      "daily_economic_return_raw_yuan": -695800.75,
      "daily_economic_return_normalized": -0.22076964378356934,
      "daily_economic_cost_raw_yuan": 695800.75,
      "economic_reward_scale_yuan": 3151704.8194007874,
      "lagrange_multiplier": 0.0,
      "cost_budget": 1.0,
      "cost_budget_raw": 0.02,
      "cost_budget_normalized": 1.0,
      "algorithm_cost_mode": "separate_cost",
      "fixed_cost_penalty_coef": 0.0,
      "log_std_max": -2.3,
      "accepted": true,
      "mode": "reward",
      "reward_before": 1.691479241117122e-07,
      "reward_after": 0.36400648951530457,
      "cost_before": 0.8932957649230957,
      "cost_after": 0.34046757221221924,
      "kl_before": -2.384185791015625e-07,
      "kl_after": 0.019905030727386475,
      "cost_gap": -0.1067042350769043,
      "cost_recoverable": true,
      "cost_quadratic": 763.1866455078125,
      "reward_quadratic": 3.391871213912964,
      "reward_cost_cross": -3.830327033996582,
      "max_linear_cost_drop": 5.525166587562089,
      "rollout_wall_seconds": 1.8744351211935282,
      "update_wall_seconds": 1.0700477045029402,
      "total_wall_seconds": 2.944485215470195
    },
    {
      "update": 952,
      "algorithm": "macpo",
      "actor_loss": -0.3261444568634033,
      "reward_critic_loss": 0.0010904786176979542,
      "cost_critic_loss": 0.41670966148376465,
      "reward_critic_loss_last": 0.0010904786176979542,
      "cost_critic_loss_last": 0.41670966148376465,
      "critic_epochs": 1,
      "daily_voltage_cost": 0.01004459336400032,
      "daily_voltage_cost_raw": 0.01004459336400032,
      "daily_voltage_cost_normalized": 0.5022296905517578,
      "daily_economic_return_raw_yuan": -625492.625,
      "daily_economic_return_normalized": -0.19846168160438538,
      "daily_economic_cost_raw_yuan": 625492.625,
      "economic_reward_scale_yuan": 3151704.8194007874,
      "lagrange_multiplier": 0.0,
      "cost_budget": 1.0,
      "cost_budget_raw": 0.02,
      "cost_budget_normalized": 1.0,
      "algorithm_cost_mode": "separate_cost",
      "fixed_cost_penalty_coef": 0.0,
      "log_std_max": -2.3,
      "accepted": true,
      "mode": "reward",
      "reward_before": -2.0492596775056882e-07,
      "reward_after": 0.3261444568634033,
      "cost_before": 0.5022370219230652,
      "cost_after": 0.5719383955001831,
      "kl_before": -2.384185791015625e-07,
      "kl_after": 0.019948625937104225,
      "cost_gap": -0.4977629780769348,
      "cost_recoverable": true,
      "cost_quadratic": 1079.231201171875,
      "reward_quadratic": 2.3516812324523926,
      "reward_cost_cross": -0.32162171602249146,
      "max_linear_cost_drop": 6.570330893256061,
      "rollout_wall_seconds": 1.7598701044917107,
      "update_wall_seconds": 1.190469080582261,
      "total_wall_seconds": 2.950341086834669
    },
    {
      "update": 953,
      "algorithm": "macpo",
      "actor_loss": -0.4142700433731079,
      "reward_critic_loss": 0.0013385036727413535,
      "cost_critic_loss": 0.3663106858730316,
      "reward_critic_loss_last": 0.0013385036727413535,
      "cost_critic_loss_last": 0.3663106858730316,
      "critic_epochs": 1,
      "daily_voltage_cost": 0.012632444500923157,
      "daily_voltage_cost_raw": 0.012632444500923157,
      "daily_voltage_cost_normalized": 0.6316221952438354,
      "daily_economic_return_raw_yuan": -643124.0,
      "daily_economic_return_normalized": -0.20405592024326324,
      "daily_economic_cost_raw_yuan": 643124.0,
      "economic_reward_scale_yuan": 3151704.8194007874,
      "lagrange_multiplier": 0.0,
      "cost_budget": 1.0,
      "cost_budget_raw": 0.02,
      "cost_budget_normalized": 1.0,
      "algorithm_cost_mode": "separate_cost",
      "fixed_cost_penalty_coef": 0.0,
      "log_std_max": -2.3,
      "accepted": true,
      "mode": "reward",
      "reward_before": 1.6284255366372236e-07,
      "reward_after": 0.4142700433731079,
      "cost_before": 0.6316178441047668,
      "cost_after": -0.6009558439254761,
      "kl_before": -2.384185791015625e-07,
      "kl_after": 0.0199280958622694,
      "cost_gap": -0.36838215589523315,
      "cost_recoverable": true,
      "cost_quadratic": 729.3226318359375,
      "reward_quadratic": 3.391932964324951,
      "reward_cost_cross": -9.993152618408203,
      "max_linear_cost_drop": 5.4011948005452926,
      "rollout_wall_seconds": 2.032578818500042,
      "update_wall_seconds": 1.2371686566621065,
      "total_wall_seconds": 3.269749667495489
    },
    {
      "update": 954,
      "algorithm": "macpo",
      "actor_loss": -0.3746388256549835,
      "reward_critic_loss": 0.0015576551668345928,
      "cost_critic_loss": 0.4220651388168335,
      "reward_critic_loss_last": 0.0015576551668345928,
      "cost_critic_loss_last": 0.4220651388168335,
      "critic_epochs": 1,
      "daily_voltage_cost": 0.006400840822607279,
      "daily_voltage_cost_raw": 0.006400840822607279,
      "daily_voltage_cost_normalized": 0.32004204392433167,
      "daily_economic_return_raw_yuan": -653685.375,
      "daily_economic_return_normalized": -0.2074069231748581,
      "daily_economic_cost_raw_yuan": 653685.375,
      "economic_reward_scale_yuan": 3151704.8194007874,
      "lagrange_multiplier": 0.0,
      "cost_budget": 1.0,
      "cost_budget_raw": 0.02,
      "cost_budget_normalized": 1.0,
      "algorithm_cost_mode": "separate_cost",
      "fixed_cost_penalty_coef": 0.0,
      "log_std_max": -2.3,
      "accepted": true,
      "mode": "reward",
      "reward_before": -3.0479858992293885e-07,
      "reward_after": 0.3746388256549835,
      "cost_before": 0.32004085183143616,
      "cost_after": -0.14109572768211365,
      "kl_before": -2.384185791015625e-07,
      "kl_after": 0.019911423325538635,
      "cost_gap": -0.6799591481685638,
      "cost_recoverable": true,
      "cost_quadratic": 876.9699096679688,
      "reward_quadratic": 3.144524574279785,
      "reward_cost_cross": -6.247767925262451,
      "max_linear_cost_drop": 5.922735549281155,
      "rollout_wall_seconds": 1.9568428974598646,
      "update_wall_seconds": 1.121232634410262,
      "total_wall_seconds": 3.0780778247863054
    },
    {
      "update": 955,
      "algorithm": "macpo",
      "actor_loss": -0.1523675173521042,
      "reward_critic_loss": 0.0012302703689783812,
      "cost_critic_loss": 0.4732646942138672,
      "reward_critic_loss_last": 0.0012302703689783812,
      "cost_critic_loss_last": 0.4732646942138672,
      "critic_epochs": 1,
      "daily_voltage_cost": 0.008958982303738594,
      "daily_voltage_cost_raw": 0.008958982303738594,
      "daily_voltage_cost_normalized": 0.447949081659317,
      "daily_economic_return_raw_yuan": -759555.25,
      "daily_economic_return_normalized": -0.24099822342395782,
      "daily_economic_cost_raw_yuan": 759555.25,
      "economic_reward_scale_yuan": 3151704.8194007874,
      "lagrange_multiplier": 0.0,
      "cost_budget": 1.0,
      "cost_budget_raw": 0.02,
      "cost_budget_normalized": 1.0,
      "algorithm_cost_mode": "separate_cost",
      "fixed_cost_penalty_coef": 0.0,
      "log_std_max": -2.3,
      "accepted": true,
      "mode": "reward",
      "reward_before": 9.764406883050469e-08,
      "reward_after": 0.1523675173521042,
      "cost_before": 0.44794729351997375,
      "cost_after": 0.6906570196151733,
      "kl_before": -2.384185791015625e-07,
      "kl_after": 0.005017715506255627,
      "cost_gap": -0.5520527064800262,
      "cost_recoverable": true,
      "cost_quadratic": 1298.507080078125,
      "reward_quadratic": 2.369518280029297,
      "reward_cost_cross": 3.1275696754455566,
      "max_linear_cost_drop": 7.2069607466063665,
      "rollout_wall_seconds": 2.2489673011004925,
      "update_wall_seconds": 1.2820898368954659,
      "total_wall_seconds": 3.531061466783285
    },
    {
      "update": 956,
      "algorithm": "macpo",
      "actor_loss": -0.05369865149259567,
      "reward_critic_loss": 0.0012607024982571602,
      "cost_critic_loss": 1.630974531173706,
      "reward_critic_loss_last": 0.0012607024982571602,
      "cost_critic_loss_last": 1.630974531173706,
      "critic_epochs": 1,
      "daily_voltage_cost": 0.02201758325099945,
      "daily_voltage_cost_raw": 0.02201758325099945,
      "daily_voltage_cost_normalized": 1.100879192352295,
      "daily_economic_return_raw_yuan": -784626.875,
      "daily_economic_return_normalized": -0.24895316362380981,
      "daily_economic_cost_raw_yuan": 784626.875,
      "economic_reward_scale_yuan": 3151704.8194007874,
      "lagrange_multiplier": 0.0,
      "cost_budget": 1.0,
      "cost_budget_raw": 0.02,
      "cost_budget_normalized": 1.0,
      "algorithm_cost_mode": "separate_cost",
      "fixed_cost_penalty_coef": 0.0,
      "log_std_max": -2.3,
      "accepted": true,
      "mode": "cost_recovery",
      "reward_before": -1.0138990091945743e-08,
      "reward_after": 0.05369865149259567,
      "cost_before": 1.1008753776550293,
      "cost_after": -8.003284454345703,
      "kl_before": -2.384185791015625e-07,
      "kl_after": 0.01997452601790428,
      "cost_gap": 0.1008753776550293,
      "cost_recoverable": true,
      "cost_quadratic": 3363.92138671875,
      "reward_quadratic": 2.899606704711914,
      "reward_cost_cross": -19.52126121520996,
      "max_linear_cost_drop": 11.599864459068046,
      "rollout_wall_seconds": 2.1257387213408947,
      "update_wall_seconds": 1.0795047506690025,
      "total_wall_seconds": 3.2052462063729763
    },
    {
      "update": 957,
      "algorithm": "macpo",
      "actor_loss": -0.33527082204818726,
      "reward_critic_loss": 0.0014303664211183786,
      "cost_critic_loss": 0.07072234153747559,
      "reward_critic_loss_last": 0.0014303664211183786,
      "cost_critic_loss_last": 0.07072234153747559,
      "critic_epochs": 1,
      "daily_voltage_cost": 0.002106656786054373,
      "daily_voltage_cost_raw": 0.002106656786054373,
      "daily_voltage_cost_normalized": 0.10533283650875092,
      "daily_economic_return_raw_yuan": -673885.625,
      "daily_economic_return_normalized": -0.21381622552871704,
      "daily_economic_cost_raw_yuan": 673885.625,
      "economic_reward_scale_yuan": 3151704.8194007874,
      "lagrange_multiplier": 0.0,
      "cost_budget": 1.0,
      "cost_budget_raw": 0.02,
      "cost_budget_normalized": 1.0,
      "algorithm_cost_mode": "separate_cost",
      "fixed_cost_penalty_coef": 0.0,
      "log_std_max": -2.3,
      "accepted": true,
      "mode": "reward",
      "reward_before": 1.699984863989812e-08,
      "reward_after": 0.33527082204818726,
      "cost_before": 0.10533520579338074,
      "cost_after": -0.4058436155319214,
      "kl_before": -2.384185791015625e-07,
      "kl_after": 0.019882595166563988,
      "cost_gap": -0.8946647942066193,
      "cost_recoverable": true,
      "cost_quadratic": 155.71556091308594,
      "reward_quadratic": 2.763892650604248,
      "reward_cost_cross": -3.1910266876220703,
      "max_linear_cost_drop": 2.4957208250370146,
      "rollout_wall_seconds": 1.9021825697273016,
      "update_wall_seconds": 1.1476915515959263,
      "total_wall_seconds": 3.0498767532408237
    },
    {
      "update": 958,
      "algorithm": "macpo",
      "actor_loss": -0.32987916469573975,
      "reward_critic_loss": 0.0013312711380422115,
      "cost_critic_loss": 1.8629136085510254,
      "reward_critic_loss_last": 0.0013312711380422115,
      "cost_critic_loss_last": 1.8629136085510254,
      "critic_epochs": 1,
      "daily_voltage_cost": 0.018708420917391777,
      "daily_voltage_cost_raw": 0.018708420917391777,
      "daily_voltage_cost_normalized": 0.9354211091995239,
      "daily_economic_return_raw_yuan": -816709.0625,
      "daily_economic_return_normalized": -0.2591324746608734,
      "daily_economic_cost_raw_yuan": 816709.0625,
      "economic_reward_scale_yuan": 3151704.8194007874,
      "lagrange_multiplier": 0.0,
      "cost_budget": 1.0,
      "cost_budget_raw": 0.02,
      "cost_budget_normalized": 1.0,
      "algorithm_cost_mode": "separate_cost",
      "fixed_cost_penalty_coef": 0.0,
      "log_std_max": -2.3,
      "accepted": true,
      "mode": "reward",
      "reward_before": 1.600911900823121e-07,
      "reward_after": 0.32987916469573975,
      "cost_before": 0.9354105591773987,
      "cost_after": 0.18492817878723145,
      "kl_before": -2.384185791015625e-07,
      "kl_after": 0.019882142543792725,
      "cost_gap": -0.06458944082260132,
      "cost_recoverable": true,
      "cost_quadratic": 3897.320068359375,
      "reward_quadratic": 2.8054604530334473,
      "reward_cost_cross": -5.7749738693237305,
      "max_linear_cost_drop": 12.485703934275191,
      "rollout_wall_seconds": 1.549311837181449,
      "update_wall_seconds": 1.0721355807036161,
      "total_wall_seconds": 2.6214503534138203
    },
    {
      "update": 959,
      "algorithm": "macpo",
      "actor_loss": -0.3623965382575989,
      "reward_critic_loss": 0.0012588337995111942,
      "cost_critic_loss": 0.7238661646842957,
      "reward_critic_loss_last": 0.0012588337995111942,
      "cost_critic_loss_last": 0.7238661646842957,
      "critic_epochs": 1,
      "daily_voltage_cost": 0.010689549148082733,
      "daily_voltage_cost_raw": 0.010689549148082733,
      "daily_voltage_cost_normalized": 0.5344774723052979,
      "daily_economic_return_raw_yuan": -768105.5,
      "daily_economic_return_normalized": -0.24371111392974854,
      "daily_economic_cost_raw_yuan": 768105.5,
      "economic_reward_scale_yuan": 3151704.8194007874,
      "lagrange_multiplier": 0.0,
      "cost_budget": 1.0,
      "cost_budget_raw": 0.02,
      "cost_budget_normalized": 1.0,
      "algorithm_cost_mode": "separate_cost",
      "fixed_cost_penalty_coef": 0.0,
      "log_std_max": -2.3,
      "accepted": true,
      "mode": "reward",
      "reward_before": -4.2729664073704043e-07,
      "reward_after": 0.3623965382575989,
      "cost_before": 0.5344714522361755,
      "cost_after": 0.8353081941604614,
      "kl_before": -2.384185791015625e-07,
      "kl_after": 0.01994914934039116,
      "cost_gap": -0.46552854776382446,
      "cost_recoverable": true,
      "cost_quadratic": 1681.48583984375,
      "reward_quadratic": 2.8628880977630615,
      "reward_cost_cross": 1.000205159187317,
      "max_linear_cost_drop": 8.201184889621134,
      "rollout_wall_seconds": 1.4368749670684338,
      "update_wall_seconds": 1.308058027178049,
      "total_wall_seconds": 2.744935180991888
    },
    {
      "update": 960,
      "algorithm": "macpo",
      "actor_loss": -0.33466607332229614,
      "reward_critic_loss": 0.0013587875291705132,
      "cost_critic_loss": 0.07961885631084442,
      "reward_critic_loss_last": 0.0013587875291705132,
      "cost_critic_loss_last": 0.07961885631084442,
      "critic_epochs": 1,
      "daily_voltage_cost": 0.0004654343647416681,
      "daily_voltage_cost_raw": 0.0004654343647416681,
      "daily_voltage_cost_normalized": 0.023271717131137848,
      "daily_economic_return_raw_yuan": -729738.4375,
      "daily_economic_return_normalized": -0.23153769969940186,
      "daily_economic_cost_raw_yuan": 729738.4375,
      "economic_reward_scale_yuan": 3151704.8194007874,
      "lagrange_multiplier": 0.0,
      "cost_budget": 1.0,
      "cost_budget_raw": 0.02,
      "cost_budget_normalized": 1.0,
      "algorithm_cost_mode": "separate_cost",
      "fixed_cost_penalty_coef": 0.0,
      "log_std_max": -2.3,
      "accepted": true,
      "mode": "reward",
      "reward_before": 8.554881247846424e-08,
      "reward_after": 0.33466607332229614,
      "cost_before": 0.023274777457118034,
      "cost_after": -0.7902421355247498,
      "kl_before": -2.384185791015625e-07,
      "kl_after": 0.01994422823190689,
      "cost_gap": -0.976725222542882,
      "cost_recoverable": true,
      "cost_quadratic": 190.5282440185547,
      "reward_quadratic": 2.620518684387207,
      "reward_cost_cross": -5.544621467590332,
      "max_linear_cost_drop": 2.760639375351693,
      "rollout_wall_seconds": 2.357541002333164,
      "update_wall_seconds": 1.531606711447239,
      "total_wall_seconds": 3.8891499526798725
    },
    {
      "update": 961,
      "algorithm": "macpo",
      "actor_loss": -0.31311991810798645,
      "reward_critic_loss": 0.001029734150506556,
      "cost_critic_loss": 0.1651683747768402,
      "reward_critic_loss_last": 0.001029734150506556,
      "cost_critic_loss_last": 0.1651683747768402,
      "critic_epochs": 1,
      "daily_voltage_cost": 0.0023586091119796038,
      "daily_voltage_cost_raw": 0.0023586091119796038,
      "daily_voltage_cost_normalized": 0.11793046444654465,
      "daily_economic_return_raw_yuan": -738849.0,
      "daily_economic_return_normalized": -0.23442836105823517,
      "daily_economic_cost_raw_yuan": 738849.0,
      "economic_reward_scale_yuan": 3151704.8194007874,
      "lagrange_multiplier": 0.0,
      "cost_budget": 1.0,
      "cost_budget_raw": 0.02,
      "cost_budget_normalized": 1.0,
      "algorithm_cost_mode": "separate_cost",
      "fixed_cost_penalty_coef": 0.0,
      "log_std_max": -2.3,
      "accepted": true,
      "mode": "reward",
      "reward_before": -2.568349373177625e-07,
      "reward_after": 0.31311991810798645,
      "cost_before": 0.11793245375156403,
      "cost_after": -1.0708069801330566,
      "kl_before": -2.384185791015625e-07,
      "kl_after": 0.01997583918273449,
      "cost_gap": -0.882067546248436,
      "cost_recoverable": true,
      "cost_quadratic": 370.89617919921875,
      "reward_quadratic": 2.455453872680664,
      "reward_cost_cross": -7.7862443923950195,
      "max_linear_cost_drop": 3.8517330083961885,
      "rollout_wall_seconds": 2.4049891512840986,
      "update_wall_seconds": 1.4614481460303068,
      "total_wall_seconds": 3.8664399441331625
    },
    {
      "update": 962,
      "algorithm": "macpo",
      "actor_loss": -0.3888189494609833,
      "reward_critic_loss": 0.0015412440989166498,
      "cost_critic_loss": 0.6058350205421448,
      "reward_critic_loss_last": 0.0015412440989166498,
      "cost_critic_loss_last": 0.6058350205421448,
      "critic_epochs": 1,
      "daily_voltage_cost": 0.0180232934653759,
      "daily_voltage_cost_raw": 0.0180232934653759,
      "daily_voltage_cost_normalized": 0.901164710521698,
      "daily_economic_return_raw_yuan": -772691.4375,
      "daily_economic_return_normalized": -0.24516618251800537,
      "daily_economic_cost_raw_yuan": 772691.4375,
      "economic_reward_scale_yuan": 3151704.8194007874,
      "lagrange_multiplier": 0.0,
      "cost_budget": 1.0,
      "cost_budget_raw": 0.02,
      "cost_budget_normalized": 1.0,
      "algorithm_cost_mode": "separate_cost",
      "fixed_cost_penalty_coef": 0.0,
      "log_std_max": -2.3,
      "accepted": true,
      "mode": "reward",
      "reward_before": 1.2504766289112013e-07,
      "reward_after": 0.3888189494609833,
      "cost_before": 0.9011660218238831,
      "cost_after": -0.514994204044342,
      "kl_before": -2.384185791015625e-07,
      "kl_after": 0.01997402124106884,
      "cost_gap": -0.09883397817611694,
      "cost_recoverable": true,
      "cost_quadratic": 1201.587890625,
      "reward_quadratic": 3.782599449157715,
      "reward_cost_cross": -12.849786758422852,
      "max_linear_cost_drop": 6.932785560292486,
      "rollout_wall_seconds": 2.349086796864867,
      "update_wall_seconds": 1.2168588005006313,
      "total_wall_seconds": 3.565948009490967
    },
    {
      "update": 963,
      "algorithm": "macpo",
      "actor_loss": -0.29554522037506104,
      "reward_critic_loss": 0.0010685892775654793,
      "cost_critic_loss": 0.7967326641082764,
      "reward_critic_loss_last": 0.0010685892775654793,
      "cost_critic_loss_last": 0.7967326641082764,
      "critic_epochs": 1,
      "daily_voltage_cost": 0.013242483139038086,
      "daily_voltage_cost_raw": 0.013242483139038086,
      "daily_voltage_cost_normalized": 0.6621242165565491,
      "daily_economic_return_raw_yuan": -678778.4375,
      "daily_economic_return_normalized": -0.21536865830421448,
      "daily_economic_cost_raw_yuan": 678778.4375,
      "economic_reward_scale_yuan": 3151704.8194007874,
      "lagrange_multiplier": 0.0,
      "cost_budget": 1.0,
      "cost_budget_raw": 0.02,
      "cost_budget_normalized": 1.0,
      "algorithm_cost_mode": "separate_cost",
      "fixed_cost_penalty_coef": 0.0,
      "log_std_max": -2.3,
      "accepted": true,
      "mode": "reward",
      "reward_before": -1.8811434188137355e-07,
      "reward_after": 0.29554522037506104,
      "cost_before": 0.6621288061141968,
      "cost_after": 0.22863072156906128,
      "kl_before": -2.384185791015625e-07,
      "kl_after": 0.01997215859591961,
      "cost_gap": -0.3378711938858032,
      "cost_recoverable": true,
      "cost_quadratic": 1240.946044921875,
      "reward_quadratic": 2.0603771209716797,
      "reward_cost_cross": -2.5752997398376465,
      "max_linear_cost_drop": 7.045412819478714,
      "rollout_wall_seconds": 1.9967639651149511,
      "update_wall_seconds": 1.1307752598077059,
      "total_wall_seconds": 3.127541871741414
    },
    {
      "update": 964,
      "algorithm": "macpo",
      "actor_loss": -0.31664854288101196,
      "reward_critic_loss": 0.001096307416446507,
      "cost_critic_loss": 1.3933032751083374,
      "reward_critic_loss_last": 0.001096307416446507,
      "cost_critic_loss_last": 1.3933032751083374,
      "critic_epochs": 1,
      "daily_voltage_cost": 0.01907837577164173,
      "daily_voltage_cost_raw": 0.01907837577164173,
      "daily_voltage_cost_normalized": 0.9539188146591187,
      "daily_economic_return_raw_yuan": -716584.1875,
      "daily_economic_return_normalized": -0.22736400365829468,
      "daily_economic_cost_raw_yuan": 716584.1875,
      "economic_reward_scale_yuan": 3151704.8194007874,
      "lagrange_multiplier": 0.0,
      "cost_budget": 1.0,
      "cost_budget_raw": 0.02,
      "cost_budget_normalized": 1.0,
      "algorithm_cost_mode": "separate_cost",
      "fixed_cost_penalty_coef": 0.0,
      "log_std_max": -2.3,
      "accepted": true,
      "mode": "constrained_reward",
      "reward_before": -5.234977606960456e-07,
      "reward_after": 0.31664854288101196,
      "cost_before": 0.9539197683334351,
      "cost_after": 0.9656404256820679,
      "kl_before": -2.384185791015625e-07,
      "kl_after": 0.01993686519563198,
      "cost_gap": -0.04608023166656494,
      "cost_recoverable": true,
      "cost_quadratic": 2276.876953125,
      "reward_quadratic": 2.3606624603271484,
      "reward_cost_cross": 4.261480808258057,
      "max_linear_cost_drop": 9.543326365843306,
      "rollout_wall_seconds": 1.932290555909276,
      "update_wall_seconds": 1.1319222785532475,
      "total_wall_seconds": 3.0642151217907667
    },
    {
      "update": 965,
      "algorithm": "macpo",
      "actor_loss": -0.3888460695743561,
      "reward_critic_loss": 0.001373301143757999,
      "cost_critic_loss": 0.8548107147216797,
      "reward_critic_loss_last": 0.001373301143757999,
      "cost_critic_loss_last": 0.8548107147216797,
      "critic_epochs": 1,
      "daily_voltage_cost": 0.011830128729343414,
      "daily_voltage_cost_raw": 0.011830128729343414,
      "daily_voltage_cost_normalized": 0.5915064811706543,
      "daily_economic_return_raw_yuan": -695595.8125,
      "daily_economic_return_normalized": -0.22070463001728058,
      "daily_economic_cost_raw_yuan": 695595.8125,
      "economic_reward_scale_yuan": 3151704.8194007874,
      "lagrange_multiplier": 0.0,
      "cost_budget": 1.0,
      "cost_budget_raw": 0.02,
      "cost_budget_normalized": 1.0,
      "algorithm_cost_mode": "separate_cost",
      "fixed_cost_penalty_coef": 0.0,
      "log_std_max": -2.3,
      "accepted": true,
      "mode": "reward",
      "reward_before": -3.4411408478263183e-07,
      "reward_after": 0.3888460695743561,
      "cost_before": 0.5915133357048035,
      "cost_after": 0.37515318393707275,
      "kl_before": -2.384185791015625e-07,
      "kl_after": 0.01997608318924904,
      "cost_gap": -0.40848666429519653,
      "cost_recoverable": true,
      "cost_quadratic": 1457.7979736328125,
      "reward_quadratic": 3.4663307666778564,
      "reward_cost_cross": -2.6862599849700928,
      "max_linear_cost_drop": 7.636224128802958,
      "rollout_wall_seconds": 2.0156313441693783,
      "update_wall_seconds": 1.221333472058177,
      "total_wall_seconds": 3.236967321485281
    },
    {
      "update": 966,
      "algorithm": "macpo",
      "actor_loss": -0.06901721656322479,
      "reward_critic_loss": 0.0012626585084944963,
      "cost_critic_loss": 1.8557178974151611,
      "reward_critic_loss_last": 0.0012626585084944963,
      "cost_critic_loss_last": 1.8557178974151611,
      "critic_epochs": 1,
      "daily_voltage_cost": 0.0277099646627903,
      "daily_voltage_cost_raw": 0.0277099646627903,
      "daily_voltage_cost_normalized": 1.385498285293579,
      "daily_economic_return_raw_yuan": -674808.4375,
      "daily_economic_return_normalized": -0.21410903334617615,
      "daily_economic_cost_raw_yuan": 674808.4375,
      "economic_reward_scale_yuan": 3151704.8194007874,
      "lagrange_multiplier": 0.0,
      "cost_budget": 1.0,
      "cost_budget_raw": 0.02,
      "cost_budget_normalized": 1.0,
      "algorithm_cost_mode": "separate_cost",
      "fixed_cost_penalty_coef": 0.0,
      "log_std_max": -2.3,
      "accepted": true,
      "mode": "cost_recovery",
      "reward_before": 2.6751695259008557e-07,
      "reward_after": 0.06901721656322479,
      "cost_before": 1.385469913482666,
      "cost_after": -9.282221794128418,
      "kl_before": -2.384185791015625e-07,
      "kl_after": 0.0199594646692276,
      "cost_gap": 0.385469913482666,
      "cost_recoverable": true,
      "cost_quadratic": 4001.748779296875,
      "reward_quadratic": 2.7902133464813232,
      "reward_cost_cross": -26.017333984375,
      "max_linear_cost_drop": 12.651875401373308,
      "rollout_wall_seconds": 2.337509736418724,
      "update_wall_seconds": 1.2626409772783518,
      "total_wall_seconds": 3.600153237581253
    },
    {
      "update": 967,
      "algorithm": "macpo",
      "actor_loss": -0.3996995985507965,
      "reward_critic_loss": 0.0015901268925517797,
      "cost_critic_loss": 0.5691766738891602,
      "reward_critic_loss_last": 0.0015901268925517797,
      "cost_critic_loss_last": 0.5691766738891602,
      "critic_epochs": 1,
      "daily_voltage_cost": 0.016158215701580048,
      "daily_voltage_cost_raw": 0.016158215701580048,
      "daily_voltage_cost_normalized": 0.8079108595848083,
      "daily_economic_return_raw_yuan": -696287.8125,
      "daily_economic_return_normalized": -0.22092418372631073,
      "daily_economic_cost_raw_yuan": 696287.8125,
      "economic_reward_scale_yuan": 3151704.8194007874,
      "lagrange_multiplier": 0.0,
      "cost_budget": 1.0,
      "cost_budget_raw": 0.02,
      "cost_budget_normalized": 1.0,
      "algorithm_cost_mode": "separate_cost",
      "fixed_cost_penalty_coef": 0.0,
      "log_std_max": -2.3,
      "accepted": true,
      "mode": "reward",
      "reward_before": 1.7188787637678615e-07,
      "reward_after": 0.3996995985507965,
      "cost_before": 0.8079115152359009,
      "cost_after": 0.5816867351531982,
      "kl_before": -2.384185791015625e-07,
      "kl_after": 0.019987568259239197,
      "cost_gap": -0.19208848476409912,
      "cost_recoverable": true,
      "cost_quadratic": 1408.416259765625,
      "reward_quadratic": 3.5107622146606445,
      "reward_cost_cross": -2.8415634632110596,
      "max_linear_cost_drop": 7.505774469741613,
      "rollout_wall_seconds": 2.2931372672319412,
      "update_wall_seconds": 1.2316283639520407,
      "total_wall_seconds": 3.52476848103106
    },
    {
      "update": 968,
      "algorithm": "macpo",
      "actor_loss": -0.38617709279060364,
      "reward_critic_loss": 0.0016667498275637627,
      "cost_critic_loss": 0.3985527455806732,
      "reward_critic_loss_last": 0.0016667498275637627,
      "cost_critic_loss_last": 0.3985527455806732,
      "critic_epochs": 1,
      "daily_voltage_cost": 0.01511726900935173,
      "daily_voltage_cost_raw": 0.01511726900935173,
      "daily_voltage_cost_normalized": 0.7558634877204895,
      "daily_economic_return_raw_yuan": -787871.25,
      "daily_economic_return_normalized": -0.2499825656414032,
      "daily_economic_cost_raw_yuan": 787871.25,
      "economic_reward_scale_yuan": 3151704.8194007874,
      "lagrange_multiplier": 0.0,
      "cost_budget": 1.0,
      "cost_budget_raw": 0.02,
      "cost_budget_normalized": 1.0,
      "algorithm_cost_mode": "separate_cost",
      "fixed_cost_penalty_coef": 0.0,
      "log_std_max": -2.3,
      "accepted": true,
      "mode": "reward",
      "reward_before": 1.0923840676468899e-07,
      "reward_after": 0.38617709279060364,
      "cost_before": 0.755858302116394,
      "cost_after": -0.7446238398551941,
      "kl_before": -2.384185791015625e-07,
      "kl_after": 0.019991282373666763,
      "cost_gap": -0.24414169788360596,
      "cost_recoverable": true,
      "cost_quadratic": 753.5001831054688,
      "reward_quadratic": 3.378835678100586,
      "reward_cost_cross": -12.490133285522461,
      "max_linear_cost_drop": 5.489991559576276,
      "rollout_wall_seconds": 2.239651136100292,
      "update_wall_seconds": 1.325295114889741,
      "total_wall_seconds": 3.5649491045624018
    },
    {
      "update": 969,
      "algorithm": "macpo",
      "actor_loss": -0.03876742348074913,
      "reward_critic_loss": 0.0012444055173546076,
      "cost_critic_loss": 1.326837420463562,
      "reward_critic_loss_last": 0.0012444055173546076,
      "cost_critic_loss_last": 1.326837420463562,
      "critic_epochs": 1,
      "daily_voltage_cost": 0.019045019522309303,
      "daily_voltage_cost_raw": 0.019045019522309303,
      "daily_voltage_cost_normalized": 0.9522510170936584,
      "daily_economic_return_raw_yuan": -643728.125,
      "daily_economic_return_normalized": -0.2042475938796997,
      "daily_economic_cost_raw_yuan": 643728.125,
      "economic_reward_scale_yuan": 3151704.8194007874,
      "lagrange_multiplier": 0.0,
      "cost_budget": 1.0,
      "cost_budget_raw": 0.02,
      "cost_budget_normalized": 1.0,
      "algorithm_cost_mode": "separate_cost",
      "fixed_cost_penalty_coef": 0.0,
      "log_std_max": -2.3,
      "accepted": true,
      "mode": "constrained_reward",
      "reward_before": 3.045090579689713e-08,
      "reward_after": 0.03876742348074913,
      "cost_before": 0.9522316455841064,
      "cost_after": 0.9931405186653137,
      "kl_before": -2.384185791015625e-07,
      "kl_after": 0.00031701530679129064,
      "cost_gap": -0.047768354415893555,
      "cost_recoverable": true,
      "cost_quadratic": 2651.285400390625,
      "reward_quadratic": 2.4237303733825684,
      "reward_cost_cross": 6.866924285888672,
      "max_linear_cost_drop": 10.29812682071963,
      "rollout_wall_seconds": 1.3362412601709366,
      "update_wall_seconds": 1.1438591368496418,
      "total_wall_seconds": 2.4801028333604336
    },
    {
      "update": 970,
      "algorithm": "macpo",
      "actor_loss": -0.32689160108566284,
      "reward_critic_loss": 0.0012854409869760275,
      "cost_critic_loss": 0.5979070663452148,
      "reward_critic_loss_last": 0.0012854409869760275,
      "cost_critic_loss_last": 0.5979070663452148,
      "critic_epochs": 1,
      "daily_voltage_cost": 0.01533615030348301,
      "daily_voltage_cost_raw": 0.01533615030348301,
      "daily_voltage_cost_normalized": 0.766807496547699,
      "daily_economic_return_raw_yuan": -760967.4375,
      "daily_economic_return_normalized": -0.24144628643989563,
      "daily_economic_cost_raw_yuan": 760967.4375,
      "economic_reward_scale_yuan": 3151704.8194007874,
      "lagrange_multiplier": 0.0,
      "cost_budget": 1.0,
      "cost_budget_raw": 0.02,
      "cost_budget_normalized": 1.0,
      "algorithm_cost_mode": "separate_cost",
      "fixed_cost_penalty_coef": 0.0,
      "log_std_max": -2.3,
      "accepted": true,
      "mode": "reward",
      "reward_before": 1.3305717061484756e-07,
      "reward_after": 0.32689160108566284,
      "cost_before": 0.7668066024780273,
      "cost_after": 0.3317899703979492,
      "kl_before": -2.384185791015625e-07,
      "kl_after": 0.019950974732637405,
      "cost_gap": -0.23319339752197266,
      "cost_recoverable": true,
      "cost_quadratic": 1459.903564453125,
      "reward_quadratic": 2.636798858642578,
      "reward_cost_cross": -3.306256055831909,
      "max_linear_cost_drop": 7.64173688228828,
      "rollout_wall_seconds": 1.3730643037706614,
      "update_wall_seconds": 1.089494613930583,
      "total_wall_seconds": 2.4625609759241343
    },
    {
      "update": 971,
      "algorithm": "macpo",
      "actor_loss": -0.3639954924583435,
      "reward_critic_loss": 0.0017615100368857384,
      "cost_critic_loss": 1.1482985019683838,
      "reward_critic_loss_last": 0.0017615100368857384,
      "cost_critic_loss_last": 1.1482985019683838,
      "critic_epochs": 1,
      "daily_voltage_cost": 0.011904658749699593,
      "daily_voltage_cost_raw": 0.011904658749699593,
      "daily_voltage_cost_normalized": 0.5952329635620117,
      "daily_economic_return_raw_yuan": -806820.5,
      "daily_economic_return_normalized": -0.2559949457645416,
      "daily_economic_cost_raw_yuan": 806820.5,
      "economic_reward_scale_yuan": 3151704.8194007874,
      "lagrange_multiplier": 0.0,
      "cost_budget": 1.0,
      "cost_budget_raw": 0.02,
      "cost_budget_normalized": 1.0,
      "algorithm_cost_mode": "separate_cost",
      "fixed_cost_penalty_coef": 0.0,
      "log_std_max": -2.3,
      "accepted": true,
      "mode": "reward",
      "reward_before": 1.0867404398595681e-07,
      "reward_after": 0.3639954924583435,
      "cost_before": 0.5952305197715759,
      "cost_after": -0.5911073684692383,
      "kl_before": -2.384185791015625e-07,
      "kl_after": 0.019958537071943283,
      "cost_gap": -0.4047694802284241,
      "cost_recoverable": true,
      "cost_quadratic": 2162.9287109375,
      "reward_quadratic": 3.3681082725524902,
      "reward_cost_cross": -11.089893341064453,
      "max_linear_cost_drop": 9.301459478893621,
      "rollout_wall_seconds": 1.4817281663417816,
      "update_wall_seconds": 1.0541886612772942,
      "total_wall_seconds": 2.535918775945902
    },
    {
      "update": 972,
      "algorithm": "macpo",
      "actor_loss": -0.026386843994259834,
      "reward_critic_loss": 0.0012032455997541547,
      "cost_critic_loss": 4.918623447418213,
      "reward_critic_loss_last": 0.0012032455997541547,
      "cost_critic_loss_last": 4.918623447418213,
      "critic_epochs": 1,
      "daily_voltage_cost": 0.031816523522138596,
      "daily_voltage_cost_raw": 0.031816523522138596,
      "daily_voltage_cost_normalized": 1.5908262729644775,
      "daily_economic_return_raw_yuan": -809117.5625,
      "daily_economic_return_normalized": -0.2567237913608551,
      "daily_economic_cost_raw_yuan": 809117.5625,
      "economic_reward_scale_yuan": 3151704.8194007874,
      "lagrange_multiplier": 0.0,
      "cost_budget": 1.0,
      "cost_budget_raw": 0.02,
      "cost_budget_normalized": 1.0,
      "algorithm_cost_mode": "separate_cost",
      "fixed_cost_penalty_coef": 0.0,
      "log_std_max": -2.3,
      "accepted": true,
      "mode": "cost_recovery",
      "reward_before": 4.631920376141352e-07,
      "reward_after": 0.026386843994259834,
      "cost_before": 1.5907968282699585,
      "cost_after": -13.023052215576172,
      "kl_before": -2.384185791015625e-07,
      "kl_after": 0.019979361444711685,
      "cost_gap": 0.5907968282699585,
      "cost_recoverable": true,
      "cost_quadratic": 9908.255859375,
      "reward_quadratic": 2.4430785179138184,
      "reward_cost_cross": -18.86984634399414,
      "max_linear_cost_drop": 19.908044463859326,
      "rollout_wall_seconds": 1.7746343594044447,
      "update_wall_seconds": 1.2417573798447847,
      "total_wall_seconds": 3.0163940750062466
    },
    {
      "update": 973,
      "algorithm": "macpo",
      "actor_loss": -0.17572426795959473,
      "reward_critic_loss": 0.001320772571489215,
      "cost_critic_loss": 0.7986685037612915,
      "reward_critic_loss_last": 0.001320772571489215,
      "cost_critic_loss_last": 0.7986685037612915,
      "critic_epochs": 1,
      "daily_voltage_cost": 0.019373463466763496,
      "daily_voltage_cost_raw": 0.019373463466763496,
      "daily_voltage_cost_normalized": 0.9686732292175293,
      "daily_economic_return_raw_yuan": -758922.9375,
      "daily_economic_return_normalized": -0.24079760909080505,
      "daily_economic_cost_raw_yuan": 758922.9375,
      "economic_reward_scale_yuan": 3151704.8194007874,
      "lagrange_multiplier": 0.0,
      "cost_budget": 1.0,
      "cost_budget_raw": 0.02,
      "cost_budget_normalized": 1.0,
      "algorithm_cost_mode": "separate_cost",
      "fixed_cost_penalty_coef": 0.0,
      "log_std_max": -2.3,
      "accepted": true,
      "mode": "reward",
      "reward_before": -7.764116105590801e-08,
      "reward_after": 0.17572426795959473,
      "cost_before": 0.9686693549156189,
      "cost_after": 0.10315358638763428,
      "kl_before": -2.384185791015625e-07,
      "kl_after": 0.004984200932085514,
      "cost_gap": -0.031330645084381104,
      "cost_recoverable": true,
      "cost_quadratic": 1521.64892578125,
      "reward_quadratic": 3.097493886947632,
      "reward_cost_cross": -14.835405349731445,
      "max_linear_cost_drop": 7.801663734822848,
      "rollout_wall_seconds": 1.7109325844794512,
      "update_wall_seconds": 1.0865833852440119,
      "total_wall_seconds": 2.797519627958536
    },
    {
      "update": 974,
      "algorithm": "macpo",
      "actor_loss": -0.31292521953582764,
      "reward_critic_loss": 0.0014897002838551998,
      "cost_critic_loss": 0.324005663394928,
      "reward_critic_loss_last": 0.0014897002838551998,
      "cost_critic_loss_last": 0.324005663394928,
      "critic_epochs": 1,
      "daily_voltage_cost": 0.01415307354182005,
      "daily_voltage_cost_raw": 0.01415307354182005,
      "daily_voltage_cost_normalized": 0.7076536417007446,
      "daily_economic_return_raw_yuan": -832562.125,
      "daily_economic_return_normalized": -0.26416248083114624,
      "daily_economic_cost_raw_yuan": 832562.125,
      "economic_reward_scale_yuan": 3151704.8194007874,
      "lagrange_multiplier": 0.0,
      "cost_budget": 1.0,
      "cost_budget_raw": 0.02,
      "cost_budget_normalized": 1.0,
      "algorithm_cost_mode": "separate_cost",
      "fixed_cost_penalty_coef": 0.0,
      "log_std_max": -2.3,
      "accepted": true,
      "mode": "reward",
      "reward_before": 2.215513887904308e-07,
      "reward_after": 0.31292521953582764,
      "cost_before": 0.7076572179794312,
      "cost_after": 0.41021865606307983,
      "kl_before": -2.384185791015625e-07,
      "kl_after": 0.01990874670445919,
      "cost_gap": -0.29234278202056885,
      "cost_recoverable": true,
      "cost_quadratic": 1003.2303466796875,
      "reward_quadratic": 2.8424441814422607,
      "reward_cost_cross": -1.2796353101730347,
      "max_linear_cost_drop": 6.334762337072126,
      "rollout_wall_seconds": 2.119170831516385,
      "update_wall_seconds": 1.2010495141148567,
      "total_wall_seconds": 3.32022350654006
    },
    {
      "update": 975,
      "algorithm": "macpo",
      "actor_loss": -0.3014313578605652,
      "reward_critic_loss": 0.0012598790926858783,
      "cost_critic_loss": 0.4198950529098511,
      "reward_critic_loss_last": 0.0012598790926858783,
      "cost_critic_loss_last": 0.4198950529098511,
      "critic_epochs": 1,
      "daily_voltage_cost": 0.010608021169900894,
      "daily_voltage_cost_raw": 0.010608021169900894,
      "daily_voltage_cost_normalized": 0.5304011106491089,
      "daily_economic_return_raw_yuan": -794256.0,
      "daily_economic_return_normalized": -0.2520083785057068,
      "daily_economic_cost_raw_yuan": 794256.0,
      "economic_reward_scale_yuan": 3151704.8194007874,
      "lagrange_multiplier": 0.0,
      "cost_budget": 1.0,
      "cost_budget_raw": 0.02,
      "cost_budget_normalized": 1.0,
      "algorithm_cost_mode": "separate_cost",
      "fixed_cost_penalty_coef": 0.0,
      "log_std_max": -2.3,
      "accepted": true,
      "mode": "reward",
      "reward_before": 4.0050366578725516e-07,
      "reward_after": 0.3014313578605652,
      "cost_before": 0.5304060578346252,
      "cost_after": -0.018595576286315918,
      "kl_before": -2.384185791015625e-07,
      "kl_after": 0.019957154989242554,
      "cost_gap": -0.46959394216537476,
      "cost_recoverable": true,
      "cost_quadratic": 970.62353515625,
      "reward_quadratic": 2.644547462463379,
      "reward_cost_cross": -3.919036388397217,
      "max_linear_cost_drop": 6.2309663300526665,
      "rollout_wall_seconds": 2.1680858470499516,
      "update_wall_seconds": 1.13307074457407,
      "total_wall_seconds": 3.3011596612632275
    },
    {
      "update": 976,
      "algorithm": "macpo",
      "actor_loss": 0.011794290505349636,
      "reward_critic_loss": 0.001377349253743887,
      "cost_critic_loss": 2.605855941772461,
      "reward_critic_loss_last": 0.001377349253743887,
      "cost_critic_loss_last": 2.605855941772461,
      "critic_epochs": 1,
      "daily_voltage_cost": 0.02699948102235794,
      "daily_voltage_cost_raw": 0.02699948102235794,
      "daily_voltage_cost_normalized": 1.3499740362167358,
      "daily_economic_return_raw_yuan": -770724.6875,
      "daily_economic_return_normalized": -0.2445421665906906,
      "daily_economic_cost_raw_yuan": 770724.6875,
      "economic_reward_scale_yuan": 3151704.8194007874,
      "lagrange_multiplier": 0.0,
      "cost_budget": 1.0,
      "cost_budget_raw": 0.02,
      "cost_budget_normalized": 1.0,
      "algorithm_cost_mode": "separate_cost",
      "fixed_cost_penalty_coef": 0.0,
      "log_std_max": -2.3,
      "accepted": true,
      "mode": "cost_recovery",
      "reward_before": -8.902028980628529e-08,
      "reward_after": -0.011794290505349636,
      "cost_before": 1.3499798774719238,
      "cost_after": -5.761842250823975,
      "kl_before": -2.384185791015625e-07,
      "kl_after": 0.0050179134123027325,
      "cost_gap": 0.34997987747192383,
      "cost_recoverable": true,
      "cost_quadratic": 6935.10498046875,
      "reward_quadratic": 2.535615921020508,
      "reward_cost_cross": 12.332408905029297,
      "max_linear_cost_drop": 16.655455539214472,
      "rollout_wall_seconds": 1.9485876988619566,
      "update_wall_seconds": 0.9833011496812105,
      "total_wall_seconds": 2.9318912886083126
    },
    {
      "update": 977,
      "algorithm": "macpo",
      "actor_loss": -0.17241644859313965,
      "reward_critic_loss": 0.0013913819566369057,
      "cost_critic_loss": 0.4304736256599426,
      "reward_critic_loss_last": 0.0013913819566369057,
      "cost_critic_loss_last": 0.4304736256599426,
      "critic_epochs": 1,
      "daily_voltage_cost": 0.009924884885549545,
      "daily_voltage_cost_raw": 0.009924884885549545,
      "daily_voltage_cost_normalized": 0.49624425172805786,
      "daily_economic_return_raw_yuan": -711256.4375,
      "daily_economic_return_normalized": -0.22567355632781982,
      "daily_economic_cost_raw_yuan": 711256.4375,
      "economic_reward_scale_yuan": 3151704.8194007874,
      "lagrange_multiplier": 0.0,
      "cost_budget": 1.0,
      "cost_budget_raw": 0.02,
      "cost_budget_normalized": 1.0,
      "algorithm_cost_mode": "separate_cost",
      "fixed_cost_penalty_coef": 0.0,
      "log_std_max": -2.3,
      "accepted": true,
      "mode": "constrained_reward",
      "reward_before": 1.164807486020436e-07,
      "reward_after": 0.17241644859313965,
      "cost_before": 0.4962518513202667,
      "cost_after": 0.7790451049804688,
      "kl_before": -2.384185791015625e-07,
      "kl_after": 0.00499335303902626,
      "cost_gap": -0.5037481486797333,
      "cost_recoverable": true,
      "cost_quadratic": 948.2078247070312,
      "reward_quadratic": 3.0619773864746094,
      "reward_cost_cross": 7.94577693939209,
      "max_linear_cost_drop": 6.158596673616584,
      "rollout_wall_seconds": 1.3630641177296638,
      "update_wall_seconds": 1.3632925264537334,
      "total_wall_seconds": 2.726358810439706
    },
    {
      "update": 978,
      "algorithm": "macpo",
      "actor_loss": -0.3363093137741089,
      "reward_critic_loss": 0.001468263566493988,
      "cost_critic_loss": 0.2207234799861908,
      "reward_critic_loss_last": 0.001468263566493988,
      "cost_critic_loss_last": 0.2207234799861908,
      "critic_epochs": 1,
      "daily_voltage_cost": 0.006283602211624384,
      "daily_voltage_cost_raw": 0.006283602211624384,
      "daily_voltage_cost_normalized": 0.3141801059246063,
      "daily_economic_return_raw_yuan": -771301.9375,
      "daily_economic_return_normalized": -0.2447253167629242,
      "daily_economic_cost_raw_yuan": 771301.9375,
      "economic_reward_scale_yuan": 3151704.8194007874,
      "lagrange_multiplier": 0.0,
      "cost_budget": 1.0,
      "cost_budget_raw": 0.02,
      "cost_budget_normalized": 1.0,
      "algorithm_cost_mode": "separate_cost",
      "fixed_cost_penalty_coef": 0.0,
      "log_std_max": -2.3,
      "accepted": true,
      "mode": "reward",
      "reward_before": 3.062716302792978e-08,
      "reward_after": 0.3363093137741089,
      "cost_before": 0.3141852617263794,
      "cost_after": -0.3483968675136566,
      "kl_before": -2.384185791015625e-07,
      "kl_after": 0.01991882547736168,
      "cost_gap": -0.6858147382736206,
      "cost_recoverable": true,
      "cost_quadratic": 389.79638671875,
      "reward_quadratic": 2.77355694770813,
      "reward_cost_cross": -5.448841094970703,
      "max_linear_cost_drop": 3.9486523610910598,
      "rollout_wall_seconds": 1.6086099557578564,
      "update_wall_seconds": 1.1068222522735596,
      "total_wall_seconds": 2.7154345009475946
    },
    {
      "update": 979,
      "algorithm": "macpo",
      "actor_loss": -0.32667213678359985,
      "reward_critic_loss": 0.001337643712759018,
      "cost_critic_loss": 0.17293399572372437,
      "reward_critic_loss_last": 0.001337643712759018,
      "cost_critic_loss_last": 0.17293399572372437,
      "critic_epochs": 1,
      "daily_voltage_cost": 0.004724774044007063,
      "daily_voltage_cost_raw": 0.004724774044007063,
      "daily_voltage_cost_normalized": 0.23623871803283691,
      "daily_economic_return_raw_yuan": -802157.0625,
      "daily_economic_return_normalized": -0.25451529026031494,
      "daily_economic_cost_raw_yuan": 802157.0625,
      "economic_reward_scale_yuan": 3151704.8194007874,
      "lagrange_multiplier": 0.0,
      "cost_budget": 1.0,
      "cost_budget_raw": 0.02,
      "cost_budget_normalized": 1.0,
      "algorithm_cost_mode": "separate_cost",
      "fixed_cost_penalty_coef": 0.0,
      "log_std_max": -2.3,
      "accepted": true,
      "mode": "reward",
      "reward_before": 2.5330217567898217e-07,
      "reward_after": 0.32667213678359985,
      "cost_before": 0.23623871803283691,
      "cost_after": -0.08775880932807922,
      "kl_before": -2.384185791015625e-07,
      "kl_after": 0.019945800304412842,
      "cost_gap": -0.7637612819671631,
      "cost_recoverable": true,
      "cost_quadratic": 366.2591857910156,
      "reward_quadratic": 2.6797444820404053,
      "reward_cost_cross": -2.432732582092285,
      "max_linear_cost_drop": 3.8275798400086476,
      "rollout_wall_seconds": 1.9178115762770176,
      "update_wall_seconds": 1.2906424924731255,
      "total_wall_seconds": 3.2084562480449677
    },
    {
      "update": 980,
      "algorithm": "macpo",
      "actor_loss": -0.2996969223022461,
      "reward_critic_loss": 0.0011600070865824819,
      "cost_critic_loss": 0.8640591502189636,
      "reward_critic_loss_last": 0.0011600070865824819,
      "cost_critic_loss_last": 0.8640591502189636,
      "critic_epochs": 1,
      "daily_voltage_cost": 0.016225434839725494,
      "daily_voltage_cost_raw": 0.016225434839725494,
      "daily_voltage_cost_normalized": 0.8112717866897583,
      "daily_economic_return_raw_yuan": -914995.3125,
      "daily_economic_return_normalized": -0.2903175950050354,
      "daily_economic_cost_raw_yuan": 914995.3125,
      "economic_reward_scale_yuan": 3151704.8194007874,
      "lagrange_multiplier": 0.0,
      "cost_budget": 1.0,
      "cost_budget_raw": 0.02,
      "cost_budget_normalized": 1.0,
      "algorithm_cost_mode": "separate_cost",
      "fixed_cost_penalty_coef": 0.0,
      "log_std_max": -2.3,
      "accepted": true,
      "mode": "reward",
      "reward_before": 2.466568957970594e-07,
      "reward_after": 0.2996969223022461,
      "cost_before": 0.8112780451774597,
      "cost_after": -1.3295589685440063,
      "kl_before": -2.384185791015625e-07,
      "kl_after": 0.019871968775987625,
      "cost_gap": -0.18872195482254028,
      "cost_recoverable": true,
      "cost_quadratic": 1899.808837890625,
      "reward_quadratic": 2.589111804962158,
      "reward_cost_cross": -17.31317901611328,
      "max_linear_cost_drop": 8.71735932009373,
      "rollout_wall_seconds": 2.006924970075488,
      "update_wall_seconds": 1.36348070576787,
      "total_wall_seconds": 3.370407998561859
    },
    {
      "update": 981,
      "algorithm": "macpo",
      "actor_loss": -0.3586575984954834,
      "reward_critic_loss": 0.0014217260759323835,
      "cost_critic_loss": 0.5880705714225769,
      "reward_critic_loss_last": 0.0014217260759323835,
      "cost_critic_loss_last": 0.5880705714225769,
      "critic_epochs": 1,
      "daily_voltage_cost": 0.01345102023333311,
      "daily_voltage_cost_raw": 0.01345102023333311,
      "daily_voltage_cost_normalized": 0.6725510358810425,
      "daily_economic_return_raw_yuan": -775970.8125,
      "daily_economic_return_normalized": -0.24620668590068817,
      "daily_economic_cost_raw_yuan": 775970.8125,
      "economic_reward_scale_yuan": 3151704.8194007874,
      "lagrange_multiplier": 0.0,
      "cost_budget": 1.0,
      "cost_budget_raw": 0.02,
      "cost_budget_normalized": 1.0,
      "algorithm_cost_mode": "separate_cost",
      "fixed_cost_penalty_coef": 0.0,
      "log_std_max": -2.3,
      "accepted": true,
      "mode": "reward",
      "reward_before": -1.0165498309788745e-07,
      "reward_after": 0.3586575984954834,
      "cost_before": 0.6725493669509888,
      "cost_after": -0.496362566947937,
      "kl_before": -2.384185791015625e-07,
      "kl_after": 0.0199948288500309,
      "cost_gap": -0.32745063304901123,
      "cost_recoverable": true,
      "cost_quadratic": 1052.58837890625,
      "reward_quadratic": 3.267629861831665,
      "reward_cost_cross": -8.661711692810059,
      "max_linear_cost_drop": 6.488723692395139,
      "rollout_wall_seconds": 2.274659775197506,
      "update_wall_seconds": 1.3430559635162354,
      "total_wall_seconds": 3.617718579247594
    },
    {
      "update": 982,
      "algorithm": "macpo",
      "actor_loss": 0.0328851044178009,
      "reward_critic_loss": 0.000991511158645153,
      "cost_critic_loss": 1.3036842346191406,
      "reward_critic_loss_last": 0.000991511158645153,
      "cost_critic_loss_last": 1.3036842346191406,
      "critic_epochs": 1,
      "daily_voltage_cost": 0.022473491728305817,
      "daily_voltage_cost_raw": 0.022473491728305817,
      "daily_voltage_cost_normalized": 1.1236746311187744,
      "daily_economic_return_raw_yuan": -711065.0625,
      "daily_economic_return_normalized": -0.2256128489971161,
      "daily_economic_cost_raw_yuan": 711065.0625,
      "economic_reward_scale_yuan": 3151704.8194007874,
      "lagrange_multiplier": 0.0,
      "cost_budget": 1.0,
      "cost_budget_raw": 0.02,
      "cost_budget_normalized": 1.0,
      "algorithm_cost_mode": "separate_cost",
      "fixed_cost_penalty_coef": 0.0,
      "log_std_max": -2.3,
      "accepted": true,
      "mode": "cost_recovery",
      "reward_before": 6.19005930957428e-08,
      "reward_after": -0.0328851044178009,
      "cost_before": 1.1236754655838013,
      "cost_after": -3.3230502605438232,
      "kl_before": -2.384185791015625e-07,
      "kl_after": 0.005019024945795536,
      "cost_gap": 0.12367546558380127,
      "cost_recoverable": true,
      "cost_quadratic": 2260.473388671875,
      "reward_quadratic": 2.3002450466156006,
      "reward_cost_cross": 16.63654899597168,
      "max_linear_cost_drop": 9.508887187619537,
      "rollout_wall_seconds": 2.103316633030772,
      "update_wall_seconds": 1.312858099117875,
      "total_wall_seconds": 3.4161772206425667
    },
    {
      "update": 983,
      "algorithm": "macpo",
      "actor_loss": -0.31053948402404785,
      "reward_critic_loss": 0.0011937384260818362,
      "cost_critic_loss": 0.10412523150444031,
      "reward_critic_loss_last": 0.0011937384260818362,
      "cost_critic_loss_last": 0.10412523150444031,
      "critic_epochs": 1,
      "daily_voltage_cost": 0.0002575992257334292,
      "daily_voltage_cost_raw": 0.0002575992257334292,
      "daily_voltage_cost_normalized": 0.012879961170256138,
      "daily_economic_return_raw_yuan": -679767.9375,
      "daily_economic_return_normalized": -0.21568261086940765,
      "daily_economic_cost_raw_yuan": 679767.9375,
      "economic_reward_scale_yuan": 3151704.8194007874,
      "lagrange_multiplier": 0.0,
      "cost_budget": 1.0,
      "cost_budget_raw": 0.02,
      "cost_budget_normalized": 1.0,
      "algorithm_cost_mode": "separate_cost",
      "fixed_cost_penalty_coef": 0.0,
      "log_std_max": -2.3,
      "accepted": true,
      "mode": "reward",
      "reward_before": 1.0691081797631341e-07,
      "reward_after": 0.31053948402404785,
      "cost_before": 0.012884476222097874,
      "cost_after": -0.18876336514949799,
      "kl_before": -2.384185791015625e-07,
      "kl_after": 0.01996408775448799,
      "cost_gap": -0.9871155237779021,
      "cost_recoverable": true,
      "cost_quadratic": 231.59765625,
      "reward_quadratic": 2.5012900829315186,
      "reward_cost_cross": -0.8136675357818604,
      "max_linear_cost_drop": 3.0436665799656835,
      "rollout_wall_seconds": 2.0839891005307436,
      "update_wall_seconds": 1.2430622819811106,
      "total_wall_seconds": 3.327053990215063
    },
    {
      "update": 984,
      "algorithm": "macpo",
      "actor_loss": -0.31260383129119873,
      "reward_critic_loss": 0.0013924067607149482,
      "cost_critic_loss": 0.44792065024375916,
      "reward_critic_loss_last": 0.0013924067607149482,
      "cost_critic_loss_last": 0.44792065024375916,
      "critic_epochs": 1,
      "daily_voltage_cost": 0.012183096259832382,
      "daily_voltage_cost_raw": 0.012183096259832382,
      "daily_voltage_cost_normalized": 0.6091548204421997,
      "daily_economic_return_raw_yuan": -777878.25,
      "daily_economic_return_normalized": -0.2468119114637375,
      "daily_economic_cost_raw_yuan": 777878.25,
      "economic_reward_scale_yuan": 3151704.8194007874,
      "lagrange_multiplier": 0.0,
      "cost_budget": 1.0,
      "cost_budget_raw": 0.02,
      "cost_budget_normalized": 1.0,
      "algorithm_cost_mode": "separate_cost",
      "fixed_cost_penalty_coef": 0.0,
      "log_std_max": -2.3,
      "accepted": true,
      "mode": "reward",
      "reward_before": 9.792681510134571e-08,
      "reward_after": 0.31260383129119873,
      "cost_before": 0.6091547608375549,
      "cost_after": -0.5537954568862915,
      "kl_before": -2.384185791015625e-07,
      "kl_after": 0.019973274320364,
      "cost_gap": -0.39084523916244507,
      "cost_recoverable": true,
      "cost_quadratic": 944.9367065429688,
      "reward_quadratic": 2.429203987121582,
      "reward_cost_cross": -9.144901275634766,
      "max_linear_cost_drop": 6.147964562496985,
      "rollout_wall_seconds": 2.252845637500286,
      "update_wall_seconds": 1.3018848206847906,
      "total_wall_seconds": 3.554733332246542
    },
    {
      "update": 985,
      "algorithm": "macpo",
      "actor_loss": -0.3287988305091858,
      "reward_critic_loss": 0.0012786856386810541,
      "cost_critic_loss": 0.10951866209506989,
      "reward_critic_loss_last": 0.0012786856386810541,
      "cost_critic_loss_last": 0.10951866209506989,
      "critic_epochs": 1,
      "daily_voltage_cost": 0.003747275099158287,
      "daily_voltage_cost_raw": 0.003747275099158287,
      "daily_voltage_cost_normalized": 0.18736375868320465,
      "daily_economic_return_raw_yuan": -812715.3125,
      "daily_economic_return_normalized": -0.257865309715271,
      "daily_economic_cost_raw_yuan": 812715.3125,
      "economic_reward_scale_yuan": 3151704.8194007874,
      "lagrange_multiplier": 0.0,
      "cost_budget": 1.0,
      "cost_budget_raw": 0.02,
      "cost_budget_normalized": 1.0,
      "algorithm_cost_mode": "separate_cost",
      "fixed_cost_penalty_coef": 0.0,
      "log_std_max": -2.3,
      "accepted": true,
      "mode": "reward",
      "reward_before": -1.2473265087464824e-08,
      "reward_after": 0.3287988305091858,
      "cost_before": 0.18736767768859863,
      "cost_after": -0.41555511951446533,
      "kl_before": -2.384185791015625e-07,
      "kl_after": 0.019923586398363113,
      "cost_gap": -0.8126323223114014,
      "cost_recoverable": true,
      "cost_quadratic": 282.6617431640625,
      "reward_quadratic": 2.767848253250122,
      "reward_cost_cross": -4.615647315979004,
      "max_linear_cost_drop": 3.3625094388808043,
      "rollout_wall_seconds": 2.084647785872221,
      "update_wall_seconds": 1.1697703432291746,
      "total_wall_seconds": 3.254420852288604
    },
    {
      "update": 986,
      "algorithm": "macpo",
      "actor_loss": -0.37640756368637085,
      "reward_critic_loss": 0.0012609314871951938,
      "cost_critic_loss": 0.114888995885849,
      "reward_critic_loss_last": 0.0012609314871951938,
      "cost_critic_loss_last": 0.114888995885849,
      "critic_epochs": 1,
      "daily_voltage_cost": 0.0017895168857648969,
      "daily_voltage_cost_raw": 0.0017895168857648969,
      "daily_voltage_cost_normalized": 0.0894758477807045,
      "daily_economic_return_raw_yuan": -698702.625,
      "daily_economic_return_normalized": -0.22169038653373718,
      "daily_economic_cost_raw_yuan": 698702.625,
      "economic_reward_scale_yuan": 3151704.8194007874,
      "lagrange_multiplier": 0.0,
      "cost_budget": 1.0,
      "cost_budget_raw": 0.02,
      "cost_budget_normalized": 1.0,
      "algorithm_cost_mode": "separate_cost",
      "fixed_cost_penalty_coef": 0.0,
      "log_std_max": -2.3,
      "accepted": true,
      "mode": "reward",
      "reward_before": 3.0133188033687475e-07,
      "reward_after": 0.37640756368637085,
      "cost_before": 0.08948330581188202,
      "cost_after": -0.23416343331336975,
      "kl_before": -2.384185791015625e-07,
      "kl_after": 0.019825203344225883,
      "cost_gap": -0.910516694188118,
      "cost_recoverable": true,
      "cost_quadratic": 237.83518981933594,
      "reward_quadratic": 3.096935272216797,
      "reward_cost_cross": -0.9212865829467773,
      "max_linear_cost_drop": 3.084381233371361,
      "rollout_wall_seconds": 2.0205764044076204,
      "update_wall_seconds": 1.0308688934892416,
      "total_wall_seconds": 3.0514479726552963
    },
    {
      "update": 987,
      "algorithm": "macpo",
      "actor_loss": -0.31326115131378174,
      "reward_critic_loss": 0.0011368858395144343,
      "cost_critic_loss": 0.1382281482219696,
      "reward_critic_loss_last": 0.0011368858395144343,
      "cost_critic_loss_last": 0.1382281482219696,
      "critic_epochs": 1,
      "daily_voltage_cost": 0.003290270222350955,
      "daily_voltage_cost_raw": 0.003290270222350955,
      "daily_voltage_cost_normalized": 0.164513498544693,
      "daily_economic_return_raw_yuan": -687148.0,
      "daily_economic_return_normalized": -0.21802422404289246,
      "daily_economic_cost_raw_yuan": 687148.0,
      "economic_reward_scale_yuan": 3151704.8194007874,
      "lagrange_multiplier": 0.0,
      "cost_budget": 1.0,
      "cost_budget_raw": 0.02,
      "cost_budget_normalized": 1.0,
      "algorithm_cost_mode": "separate_cost",
      "fixed_cost_penalty_coef": 0.0,
      "log_std_max": -2.3,
      "accepted": true,
      "mode": "reward",
      "reward_before": -2.998302406354014e-08,
      "reward_after": 0.31326115131378174,
      "cost_before": 0.16451382637023926,
      "cost_after": -0.43528661131858826,
      "kl_before": -2.384185791015625e-07,
      "kl_after": 0.019923750311136246,
      "cost_gap": -0.8354861736297607,
      "cost_recoverable": true,
      "cost_quadratic": 289.71868896484375,
      "reward_quadratic": 2.401658535003662,
      "reward_cost_cross": -3.3007049560546875,
      "max_linear_cost_drop": 3.404224957107528,
      "rollout_wall_seconds": 1.8554461877793074,
      "update_wall_seconds": 1.0428879279643297,
      "total_wall_seconds": 2.8983362559229136
    },
    {
      "update": 988,
      "algorithm": "macpo",
      "actor_loss": -0.20822253823280334,
      "reward_critic_loss": 0.0017203893512487411,
      "cost_critic_loss": 0.10888528823852539,
      "reward_critic_loss_last": 0.0017203893512487411,
      "cost_critic_loss_last": 0.10888528823852539,
      "critic_epochs": 1,
      "daily_voltage_cost": 0.002341221086680889,
      "daily_voltage_cost_raw": 0.002341221086680889,
      "daily_voltage_cost_normalized": 0.11706104874610901,
      "daily_economic_return_raw_yuan": -683536.9375,
      "daily_economic_return_normalized": -0.2168784737586975,
      "daily_economic_cost_raw_yuan": 683536.9375,
      "economic_reward_scale_yuan": 3151704.8194007874,
      "lagrange_multiplier": 0.0,
      "cost_budget": 1.0,
      "cost_budget_raw": 0.02,
      "cost_budget_normalized": 1.0,
      "algorithm_cost_mode": "separate_cost",
      "fixed_cost_penalty_coef": 0.0,
      "log_std_max": -2.3,
      "accepted": true,
      "mode": "reward",
      "reward_before": -2.565889758443518e-07,
      "reward_after": 0.20822253823280334,
      "cost_before": 0.11706238240003586,
      "cost_after": -0.41586896777153015,
      "kl_before": -2.384185791015625e-07,
      "kl_after": 0.0050025638192892075,
      "cost_gap": -0.8829376175999641,
      "cost_recoverable": true,
      "cost_quadratic": 274.40643310546875,
      "reward_quadratic": 4.042898654937744,
      "reward_cost_cross": -10.788518905639648,
      "max_linear_cost_drop": 3.3130435137828704,
      "rollout_wall_seconds": 1.6061334162950516,
      "update_wall_seconds": 0.8400308210402727,
      "total_wall_seconds": 2.446166068315506
    },
    {
      "update": 989,
      "algorithm": "macpo",
      "actor_loss": -0.3850007653236389,
      "reward_critic_loss": 0.0016063040820881724,
      "cost_critic_loss": 0.16050443053245544,
      "reward_critic_loss_last": 0.0016063040820881724,
      "cost_critic_loss_last": 0.16050443053245544,
      "critic_epochs": 1,
      "daily_voltage_cost": 0.005489869974553585,
      "daily_voltage_cost_raw": 0.005489869974553585,
      "daily_voltage_cost_normalized": 0.2744935154914856,
      "daily_economic_return_raw_yuan": -747375.25,
      "daily_economic_return_normalized": -0.23713365197181702,
      "daily_economic_cost_raw_yuan": 747375.25,
      "economic_reward_scale_yuan": 3151704.8194007874,
      "lagrange_multiplier": 0.0,
      "cost_budget": 1.0,
      "cost_budget_raw": 0.02,
      "cost_budget_normalized": 1.0,
      "algorithm_cost_mode": "separate_cost",
      "fixed_cost_penalty_coef": 0.0,
      "log_std_max": -2.3,
      "accepted": true,
      "mode": "reward",
      "reward_before": -2.637298450736125e-07,
      "reward_after": 0.3850007653236389,
      "cost_before": 0.27449893951416016,
      "cost_after": -0.7450794577598572,
      "kl_before": -2.384185791015625e-07,
      "kl_after": 0.019924819469451904,
      "cost_gap": -0.7255010604858398,
      "cost_recoverable": true,
      "cost_quadratic": 357.077392578125,
      "reward_quadratic": 3.4622793197631836,
      "reward_cost_cross": -7.562669277191162,
      "max_linear_cost_drop": 3.7792983083007616,
      "rollout_wall_seconds": 1.6138341464102268,
      "update_wall_seconds": 0.8437109366059303,
      "total_wall_seconds": 2.457547292113304
    },
    {
      "update": 990,
      "algorithm": "macpo",
      "actor_loss": -0.03285308554768562,
      "reward_critic_loss": 0.0011326245730742812,
      "cost_critic_loss": 4.698436260223389,
      "reward_critic_loss_last": 0.0011326245730742812,
      "cost_critic_loss_last": 4.698436260223389,
      "critic_epochs": 1,
      "daily_voltage_cost": 0.03739042580127716,
      "daily_voltage_cost_raw": 0.03739042580127716,
      "daily_voltage_cost_normalized": 1.8695212602615356,
      "daily_economic_return_raw_yuan": -734614.3125,
      "daily_economic_return_normalized": -0.2330847531557083,
      "daily_economic_cost_raw_yuan": 734614.3125,
      "economic_reward_scale_yuan": 3151704.8194007874,
      "lagrange_multiplier": 0.0,
      "cost_budget": 1.0,
      "cost_budget_raw": 0.02,
      "cost_budget_normalized": 1.0,
      "algorithm_cost_mode": "separate_cost",
      "fixed_cost_penalty_coef": 0.0,
      "log_std_max": -2.3,
      "accepted": true,
      "mode": "cost_recovery",
      "reward_before": 3.625850979460665e-07,
      "reward_after": 0.03285308554768562,
      "cost_before": 1.8694959878921509,
      "cost_after": -12.491695404052734,
      "kl_before": -2.384185791015625e-07,
      "kl_after": 0.019969802349805832,
      "cost_gap": 0.8694959878921509,
      "cost_recoverable": true,
      "cost_quadratic": 9072.90234375,
      "reward_quadratic": 2.4575490951538086,
      "reward_cost_cross": -9.66466999053955,
      "max_linear_cost_drop": 19.050356787997437,
      "rollout_wall_seconds": 1.575558140873909,
      "update_wall_seconds": 0.8646196071058512,
      "total_wall_seconds": 2.4401797838509083
    },
    {
      "update": 991,
      "algorithm": "macpo",
      "actor_loss": -0.32270610332489014,
      "reward_critic_loss": 0.0011076214723289013,
      "cost_critic_loss": 0.11733569949865341,
      "reward_critic_loss_last": 0.0011076214723289013,
      "cost_critic_loss_last": 0.11733569949865341,
      "critic_epochs": 1,
      "daily_voltage_cost": 0.0,
      "daily_voltage_cost_raw": 0.0,
      "daily_voltage_cost_normalized": 0.0,
      "daily_economic_return_raw_yuan": -708774.8125,
      "daily_economic_return_normalized": -0.22488617897033691,
      "daily_economic_cost_raw_yuan": 708774.8125,
      "economic_reward_scale_yuan": 3151704.8194007874,
      "lagrange_multiplier": 0.0,
      "cost_budget": 1.0,
      "cost_budget_raw": 0.02,
      "cost_budget_normalized": 1.0,
      "algorithm_cost_mode": "separate_cost",
      "fixed_cost_penalty_coef": 0.0,
      "log_std_max": -2.3,
      "accepted": true,
      "mode": "reward",
      "reward_before": -2.9986844651830324e-07,
      "reward_after": 0.32270610332489014,
      "cost_before": 5.953678737569135e-06,
      "cost_after": -0.4458876848220825,
      "kl_before": -2.384185791015625e-07,
      "kl_after": 0.01991092413663864,
      "cost_gap": -0.9999940463212624,
      "cost_recoverable": true,
      "cost_quadratic": 279.1431884765625,
      "reward_quadratic": 2.308579444885254,
      "reward_cost_cross": -2.460782289505005,
      "max_linear_cost_drop": 3.341515754723072,
      "rollout_wall_seconds": 1.7324578762054443,
      "update_wall_seconds": 0.7729709576815367,
      "total_wall_seconds": 2.5054307729005814
    },
    {
      "update": 992,
      "algorithm": "macpo",
      "actor_loss": -0.3237495720386505,
      "reward_critic_loss": 0.0014236641582101583,
      "cost_critic_loss": 0.22358272969722748,
      "reward_critic_loss_last": 0.0014236641582101583,
      "cost_critic_loss_last": 0.22358272969722748,
      "critic_epochs": 1,
      "daily_voltage_cost": 0.005098641850054264,
      "daily_voltage_cost_raw": 0.005098641850054264,
      "daily_voltage_cost_normalized": 0.2549320459365845,
      "daily_economic_return_raw_yuan": -765259.5625,
      "daily_economic_return_normalized": -0.24280813336372375,
      "daily_economic_cost_raw_yuan": 765259.5625,
      "economic_reward_scale_yuan": 3151704.8194007874,
      "lagrange_multiplier": 0.0,
      "cost_budget": 1.0,
      "cost_budget_raw": 0.02,
      "cost_budget_normalized": 1.0,
      "algorithm_cost_mode": "separate_cost",
      "fixed_cost_penalty_coef": 0.0,
      "log_std_max": -2.3,
      "accepted": true,
      "mode": "reward",
      "reward_before": 1.0628698987602547e-07,
      "reward_after": 0.3237495720386505,
      "cost_before": 0.25492793321609497,
      "cost_after": -0.7356230020523071,
      "kl_before": -2.384185791015625e-07,
      "kl_after": 0.019983528181910515,
      "cost_gap": -0.745072066783905,
      "cost_recoverable": true,
      "cost_quadratic": 444.60980224609375,
      "reward_quadratic": 2.634791374206543,
      "reward_cost_cross": -7.971814155578613,
      "max_linear_cost_drop": 4.2171545015381815,
      "rollout_wall_seconds": 1.3686004877090454,
      "update_wall_seconds": 0.8329103328287601,
      "total_wall_seconds": 2.2015130035579205
    },
    {
      "update": 993,
      "algorithm": "macpo",
      "actor_loss": -0.3071144223213196,
      "reward_critic_loss": 0.0012013684026896954,
      "cost_critic_loss": 0.14344418048858643,
      "reward_critic_loss_last": 0.0012013684026896954,
      "cost_critic_loss_last": 0.14344418048858643,
      "critic_epochs": 1,
      "daily_voltage_cost": 0.003872876288369298,
      "daily_voltage_cost_raw": 0.003872876288369298,
      "daily_voltage_cost_normalized": 0.19364382326602936,
      "daily_economic_return_raw_yuan": -718979.0625,
      "daily_economic_return_normalized": -0.22812385857105255,
      "daily_economic_cost_raw_yuan": 718979.0625,
      "economic_reward_scale_yuan": 3151704.8194007874,
      "lagrange_multiplier": 0.0,
      "cost_budget": 1.0,
      "cost_budget_raw": 0.02,
      "cost_budget_normalized": 1.0,
      "algorithm_cost_mode": "separate_cost",
      "fixed_cost_penalty_coef": 0.0,
      "log_std_max": -2.3,
      "accepted": true,
      "mode": "reward",
      "reward_before": 1.3767115092377935e-07,
      "reward_after": 0.3071144223213196,
      "cost_before": 0.19364751875400543,
      "cost_after": 0.4564926028251648,
      "kl_before": -2.384185791015625e-07,
      "kl_after": 0.019877344369888306,
      "cost_gap": -0.8063524812459946,
      "cost_recoverable": true,
      "cost_quadratic": 362.80487060546875,
      "reward_quadratic": 2.4926986694335938,
      "reward_cost_cross": 2.631216049194336,
      "max_linear_cost_drop": 3.8094874752673427,
      "rollout_wall_seconds": 1.7560868952423334,
      "update_wall_seconds": 1.0428370330482721,
      "total_wall_seconds": 2.798926280811429
    },
    {
      "update": 994,
      "algorithm": "macpo",
      "actor_loss": -0.021130047738552094,
      "reward_critic_loss": 0.0010649363975971937,
      "cost_critic_loss": 5.572474479675293,
      "reward_critic_loss_last": 0.0010649363975971937,
      "cost_critic_loss_last": 5.572474479675293,
      "critic_epochs": 1,
      "daily_voltage_cost": 0.029185596853494644,
      "daily_voltage_cost_raw": 0.029185596853494644,
      "daily_voltage_cost_normalized": 1.4592798948287964,
      "daily_economic_return_raw_yuan": -718037.0625,
      "daily_economic_return_normalized": -0.22782498598098755,
      "daily_economic_cost_raw_yuan": 718037.0625,
      "economic_reward_scale_yuan": 3151704.8194007874,
      "lagrange_multiplier": 0.0,
      "cost_budget": 1.0,
      "cost_budget_raw": 0.02,
      "cost_budget_normalized": 1.0,
      "algorithm_cost_mode": "separate_cost",
      "fixed_cost_penalty_coef": 0.0,
      "log_std_max": -2.3,
      "accepted": true,
      "mode": "cost_recovery",
      "reward_before": -3.3896279205691826e-07,
      "reward_after": 0.021130047738552094,
      "cost_before": 1.4592933654785156,
      "cost_after": -13.769124031066895,
      "kl_before": -2.384185791015625e-07,
      "kl_after": 0.019932551309466362,
      "cost_gap": 0.4592933654785156,
      "cost_recoverable": true,
      "cost_quadratic": 9694.115234375,
      "reward_quadratic": 2.3137989044189453,
      "reward_cost_cross": -13.223241806030273,
      "max_linear_cost_drop": 19.69173962287233,
      "rollout_wall_seconds": 1.6746084783226252,
      "update_wall_seconds": 1.0234698094427586,
      "total_wall_seconds": 2.6980809178203344
    },
    {
      "update": 995,
      "algorithm": "macpo",
      "actor_loss": -0.327332079410553,
      "reward_critic_loss": 0.0013112336164340377,
      "cost_critic_loss": 0.13028204441070557,
      "reward_critic_loss_last": 0.0013112336164340377,
      "cost_critic_loss_last": 0.13028204441070557,
      "critic_epochs": 1,
      "daily_voltage_cost": 0.0016112118028104305,
      "daily_voltage_cost_raw": 0.0016112118028104305,
      "daily_voltage_cost_normalized": 0.0805605947971344,
      "daily_economic_return_raw_yuan": -691177.1875,
      "daily_economic_return_normalized": -0.21930265426635742,
      "daily_economic_cost_raw_yuan": 691177.1875,
      "economic_reward_scale_yuan": 3151704.8194007874,
      "lagrange_multiplier": 0.0,
      "cost_budget": 1.0,
      "cost_budget_raw": 0.02,
      "cost_budget_normalized": 1.0,
      "algorithm_cost_mode": "separate_cost",
      "fixed_cost_penalty_coef": 0.0,
      "log_std_max": -2.3,
      "accepted": true,
      "mode": "reward",
      "reward_before": -1.1179388081927755e-08,
      "reward_after": 0.327332079410553,
      "cost_before": 0.08056524395942688,
      "cost_after": -1.2358378171920776,
      "kl_before": -2.384185791015625e-07,
      "kl_after": 0.01993199810385704,
      "cost_gap": -0.9194347560405731,
      "cost_recoverable": true,
      "cost_quadratic": 287.92333984375,
      "reward_quadratic": 2.588555335998535,
      "reward_cost_cross": -7.696763038635254,
      "max_linear_cost_drop": 3.393660795328549,
      "rollout_wall_seconds": 1.666118085384369,
      "update_wall_seconds": 0.9711685217916965,
      "total_wall_seconds": 2.637289008125663
    },
    {
      "update": 996,
      "algorithm": "macpo",
      "actor_loss": -0.3200223445892334,
      "reward_critic_loss": 0.001343202544376254,
      "cost_critic_loss": 0.1748807430267334,
      "reward_critic_loss_last": 0.001343202544376254,
      "cost_critic_loss_last": 0.1748807430267334,
      "critic_epochs": 1,
      "daily_voltage_cost": 0.006883503869175911,
      "daily_voltage_cost_raw": 0.006883503869175911,
      "daily_voltage_cost_normalized": 0.34417521953582764,
      "daily_economic_return_raw_yuan": -793428.375,
      "daily_economic_return_normalized": -0.2517457902431488,
      "daily_economic_cost_raw_yuan": 793428.375,
      "economic_reward_scale_yuan": 3151704.8194007874,
      "lagrange_multiplier": 0.0,
      "cost_budget": 1.0,
      "cost_budget_raw": 0.02,
      "cost_budget_normalized": 1.0,
      "algorithm_cost_mode": "separate_cost",
      "fixed_cost_penalty_coef": 0.0,
      "log_std_max": -2.3,
      "accepted": true,
      "mode": "reward",
      "reward_before": 4.928644443680241e-07,
      "reward_after": 0.3200223445892334,
      "cost_before": 0.3441772758960724,
      "cost_after": -0.13544946908950806,
      "kl_before": -2.384185791015625e-07,
      "kl_after": 0.01995621807873249,
      "cost_gap": -0.6558227241039276,
      "cost_recoverable": true,
      "cost_quadratic": 389.09014892578125,
      "reward_quadratic": 2.669837474822998,
      "reward_cost_cross": -3.6956682205200195,
      "max_linear_cost_drop": 3.945073631382721,
      "rollout_wall_seconds": 1.6556825991719961,
      "update_wall_seconds": 0.9506716076284647,
      "total_wall_seconds": 2.6063564643263817
    },
    {
      "update": 997,
      "algorithm": "macpo",
      "actor_loss": -0.15084367990493774,
      "reward_critic_loss": 0.0010922293877229095,
      "cost_critic_loss": 0.18066488206386566,
      "reward_critic_loss_last": 0.0010922293877229095,
      "cost_critic_loss_last": 0.18066488206386566,
      "critic_epochs": 1,
      "daily_voltage_cost": 0.004782114643603563,
      "daily_voltage_cost_raw": 0.004782114643603563,
      "daily_voltage_cost_normalized": 0.23910574615001678,
      "daily_economic_return_raw_yuan": -773145.3125,
      "daily_economic_return_normalized": -0.24531018733978271,
      "daily_economic_cost_raw_yuan": 773145.3125,
      "economic_reward_scale_yuan": 3151704.8194007874,
      "lagrange_multiplier": 0.0,
      "cost_budget": 1.0,
      "cost_budget_raw": 0.02,
      "cost_budget_normalized": 1.0,
      "algorithm_cost_mode": "separate_cost",
      "fixed_cost_penalty_coef": 0.0,
      "log_std_max": -2.3,
      "accepted": true,
      "mode": "reward",
      "reward_before": -7.240218735660164e-08,
      "reward_after": 0.15084367990493774,
      "cost_before": 0.23910647630691528,
      "cost_after": -0.044483497738838196,
      "kl_before": -2.384185791015625e-07,
      "kl_after": 0.004983553662896156,
      "cost_gap": -0.7608935236930847,
      "cost_recoverable": true,
      "cost_quadratic": 338.0307922363281,
      "reward_quadratic": 2.350221633911133,
      "reward_cost_cross": -3.474339008331299,
      "max_linear_cost_drop": 3.677122746041139,
      "rollout_wall_seconds": 1.803848884999752,
      "update_wall_seconds": 1.1325147449970245,
      "total_wall_seconds": 2.9363661129027605
    },
    {
      "update": 998,
      "algorithm": "macpo",
      "actor_loss": -0.29058903455734253,
      "reward_critic_loss": 0.000954555522184819,
      "cost_critic_loss": 0.12893518805503845,
      "reward_critic_loss_last": 0.000954555522184819,
      "cost_critic_loss_last": 0.12893518805503845,
      "critic_epochs": 1,
      "daily_voltage_cost": 0.0029231179505586624,
      "daily_voltage_cost_raw": 0.0029231179505586624,
      "daily_voltage_cost_normalized": 0.14615590870380402,
      "daily_economic_return_raw_yuan": -788715.0,
      "daily_economic_return_normalized": -0.25025027990341187,
      "daily_economic_cost_raw_yuan": 788715.0,
      "economic_reward_scale_yuan": 3151704.8194007874,
      "lagrange_multiplier": 0.0,
      "cost_budget": 1.0,
      "cost_budget_raw": 0.02,
      "cost_budget_normalized": 1.0,
      "algorithm_cost_mode": "separate_cost",
      "fixed_cost_penalty_coef": 0.0,
      "log_std_max": -2.3,
      "accepted": true,
      "mode": "reward",
      "reward_before": 3.7172046063460584e-07,
      "reward_after": 0.29058903455734253,
      "cost_before": 0.14615923166275024,
      "cost_after": -0.5164067149162292,
      "kl_before": -2.384185791015625e-07,
      "kl_after": 0.019907183945178986,
      "cost_gap": -0.8538407683372498,
      "cost_recoverable": true,
      "cost_quadratic": 275.8699951171875,
      "reward_quadratic": 2.0202348232269287,
      "reward_cost_cross": -4.119830131530762,
      "max_linear_cost_drop": 3.3218669155593066,
      "rollout_wall_seconds": 1.7016904596239328,
      "update_wall_seconds": 1.0832313317805529,
      "total_wall_seconds": 2.7849244214594364
    },
    {
      "update": 999,
      "algorithm": "macpo",
      "actor_loss": -0.3191332221031189,
      "reward_critic_loss": 0.0011977468384429812,
      "cost_critic_loss": 0.9041644930839539,
      "reward_critic_loss_last": 0.0011977468384429812,
      "cost_critic_loss_last": 0.9041644930839539,
      "critic_epochs": 1,
      "daily_voltage_cost": 0.017765920609235764,
      "daily_voltage_cost_raw": 0.017765920609235764,
      "daily_voltage_cost_normalized": 0.8882960081100464,
      "daily_economic_return_raw_yuan": -781071.8125,
      "daily_economic_return_normalized": -0.24782517552375793,
      "daily_economic_cost_raw_yuan": 781071.8125,
      "economic_reward_scale_yuan": 3151704.8194007874,
      "lagrange_multiplier": 0.0,
      "cost_budget": 1.0,
      "cost_budget_raw": 0.02,
      "cost_budget_normalized": 1.0,
      "algorithm_cost_mode": "separate_cost",
      "fixed_cost_penalty_coef": 0.0,
      "log_std_max": -2.3,
      "accepted": true,
      "mode": "reward",
      "reward_before": -4.292090238777746e-08,
      "reward_after": 0.3191332221031189,
      "cost_before": 0.8882935047149658,
      "cost_after": 0.0655096173286438,
      "kl_before": -2.384185791015625e-07,
      "kl_after": 0.019964542239904404,
      "cost_gap": -0.11170649528503418,
      "cost_recoverable": true,
      "cost_quadratic": 1586.7392578125,
      "reward_quadratic": 2.211533546447754,
      "reward_cost_cross": -4.679544448852539,
      "max_linear_cost_drop": 7.966779168051541,
      "rollout_wall_seconds": 1.7375965770334005,
      "update_wall_seconds": 1.1961182914674282,
      "total_wall_seconds": 2.9337179083377123
    },
    {
      "update": 1000,
      "algorithm": "macpo",
      "actor_loss": -0.369989275932312,
      "reward_critic_loss": 0.001568910083733499,
      "cost_critic_loss": 0.4079326093196869,
      "reward_critic_loss_last": 0.001568910083733499,
      "cost_critic_loss_last": 0.4079326093196869,
      "critic_epochs": 1,
      "daily_voltage_cost": 0.008472668938338757,
      "daily_voltage_cost_raw": 0.008472668938338757,
      "daily_voltage_cost_normalized": 0.42363348603248596,
      "daily_economic_return_raw_yuan": -725354.625,
      "daily_economic_return_normalized": -0.23014676570892334,
      "daily_economic_cost_raw_yuan": 725354.625,
      "economic_reward_scale_yuan": 3151704.8194007874,
      "lagrange_multiplier": 0.0,
      "cost_budget": 1.0,
      "cost_budget_raw": 0.02,
      "cost_budget_normalized": 1.0,
      "algorithm_cost_mode": "separate_cost",
      "fixed_cost_penalty_coef": 0.0,
      "log_std_max": -2.3,
      "accepted": true,
      "mode": "reward",
      "reward_before": -5.121799517837644e-07,
      "reward_after": 0.369989275932312,
      "cost_before": 0.4236340820789337,
      "cost_after": -0.18624553084373474,
      "kl_before": -2.384185791015625e-07,
      "kl_after": 0.019978482276201248,
      "cost_gap": -0.5763659179210663,
      "cost_recoverable": true,
      "cost_quadratic": 679.0288696289062,
      "reward_quadratic": 2.8394393920898438,
      "reward_cost_cross": -4.856882095336914,
      "max_linear_cost_drop": 5.211636478607871,
      "rollout_wall_seconds": 1.8129111714661121,
      "update_wall_seconds": 0.8186669498682022,
      "total_wall_seconds": 2.6315800808370113
    }
  ],
  "deterministic_rollout": {
    "summary": {
      "seed": 30,
      "steps": 24,
      "economic_cost": 726623.7467188721,
      "total_cost": 193112.00331677124,
      "terminal_settlement_cost": -533511.7434021009,
      "terminal_battery_asset_value": 1526.4309688580397,
      "terminal_h2_asset_value": 1093609.3359375,
      "terminal_undelivered_h2_energy": 2997.178001953125,
      "daily_voltage_cost": 0.0,
      "voltage_violation_area": 0.0,
      "voltage_min_pu": 0.9779093563243421,
      "voltage_max_pu": 1.0026915095113937,
      "pf_failure_rate": 0.0,
      "safe_step_rate": 1.0,
      "emergency_h2_buy": 906.9282836914062,
      "planned_h2_order": 23515.752059936523,
      "late_h2_order": 13819.342529296875,
      "pending_h2_energy": 2997.177978515625,
      "history_off": false,
      "gru_hidden_off": false,
      "previous_action_off": false,
      "cross_agent_off": false,
      "eta_delay_hours": 0,
      "intent_action_mae": null,
      "intent_action_correlation": null,
      "intent_residual_max": null,
      "intent_residual_utilization_mean": null
    },
    "steps": [
      {
        "step": 0,
        "actions": [
          [
            -0.049183495342731476,
            -0.8743056058883667,
            0.22001533210277557,
            -0.3975293040275574,
            0.22702403366565704,
            0.1355903446674347,
            -0.40434762835502625,
            -0.25485458970069885
          ],
          [
            0.20266804099082947,
            -0.3405822515487671,
            0.11683719605207443,
            0.46334269642829895,
            0.2842770516872406,
            0.31349703669548035,
            0.05995282530784607,
            0.251592218875885
          ],
          [
            0.6433911323547363,
            -0.5370391011238098,
            0.46110400557518005,
            0.5441084504127502,
            -0.7420429587364197,
            -0.3636828660964966,
            -0.1190255656838417,
            -0.21508333086967468
          ],
          [
            -0.04078451171517372,
            0.6551819443702698,
            0.39259597659111023,
            0.18994691967964172,
            -0.3790609836578369,
            -0.601607084274292,
            0.06837092339992523,
            0.39272546768188477
          ]
        ],
        "intents": [
          [
            0.0,
            0.0,
            0.0
          ],
          [
            0.0,
            0.0,
            0.0
          ],
          [
            0.0,
            0.0,
            0.0
          ],
          [
            0.0,
            0.0,
            0.0
          ]
        ],
        "economic_cost": 30696.03071670532,
        "step_total_cost": 30696.03071670532,
        "terminal_settlement_cost": 0.0,
        "terminal_battery_asset_value": 1304.7390166894183,
        "terminal_h2_asset_value": 539283.8671875,
        "terminal_undelivered_h2_energy": 916.0429072265625,
        "voltage_cost": 0.0,
        "voltage_violation_area": 0.0,
        "voltage_min_pu": 0.9844664695831841,
        "voltage_max_pu": 1.0,
        "pf_converged": true,
        "pcc_p_kw": [
          -4.57763671875e-05,
          -1626.256103515625,
          0.0,
          1177.06884765625
        ],
        "pcc_q_kvar": [
          1348.3375444263738,
          -1106.8797798156738,
          1200.470098122763,
          -1709.0710637862674
        ],
        "p_el": [
          950.8165283203125,
          1804.0020751953125,
          410.8477783203125,
          383.6861877441406
        ],
        "p_bat": [
          -1263.6129150390625,
          -0.0,
          -397.75537109375,
          524.1455688476562
        ],
        "soc": [
          0.23397623002529144,
          0.5,
          0.39532753825187683,
          0.7489691376686096
        ],
        "p_ht": [
          454.0480651855469,
          568.5540771484375,
          -678.8890991210938,
          -1032.3861083984375
        ],
        "h2_emergency_buy_energy": [
          60.03558349609375,
          0.0,
          0.0,
          0.0
        ],
        "h2_planned_external_order_energy": [
          946.3253173828125,
          0.0,
          0.0,
          0.0
        ],
        "h2_late_order_energy": [
          0.0,
          0.0,
          0.0,
          0.0
        ],
        "h2_level": [
          213.622802734375,
          217.05833435058594,
          99.63128662109375,
          89.02532196044922
        ],
        "e_h2_load": [
          271.5590515136719,
          194.55198669433594,
          925.3977661132812,
          1281.7821044921875
        ],
        "pending_h2_energy_total": 916.0429077148438,
        "pending_h2_energy_agent": [
          916.0429077148438,
          0.0,
          0.0,
          0.0
        ],
        "external_min_eta": [
          0.0,
          0.0,
          0.0,
          0.0
        ]
      },
      {
        "step": 1,
        "actions": [
          [
            0.5176740288734436,
            -0.8402671217918396,
            0.32234594225883484,
            -0.4165922701358795,
            0.3030073940753937,
            0.30137524008750916,
            -0.45126381516456604,
            0.0834156721830368
          ],
          [
            0.43535372614860535,
            -0.25613200664520264,
            0.050495605915784836,
            0.4453251361846924,
            0.08052300661802292,
            0.19901226460933685,
            0.31376251578330994,
            -0.10755560547113419
          ],
          [
            0.6273913979530334,
            -0.6390209197998047,
            0.6108204126358032,
            0.6050819158554077,
            -0.8172388076782227,
            -0.436984658241272,
            -0.2703319191932678,
            -0.09208612889051437
          ],
          [
            0.1133350059390068,
            0.785637617111206,
            0.11873423308134079,
            0.5667548775672913,
            -0.25892460346221924,
            -0.6177630424499512,
            -0.04090090095996857,
            0.513912558555603
          ]
        ],
        "intents": [
          [
            0.0,
            0.0,
            0.0
          ],
          [
            0.0,
            0.0,
            0.0
          ],
          [
            0.0,
            0.0,
            0.0
          ],
          [
            0.0,
            0.0,
            0.0
          ]
        ],
        "economic_cost": 6609.4156494140625,
        "step_total_cost": 6609.4156494140625,
        "terminal_settlement_cost": 0.0,
        "terminal_battery_asset_value": 1101.8188914385973,
        "terminal_h2_asset_value": 528417.421875,
        "terminal_undelivered_h2_energy": 2406.767047851563,
        "voltage_cost": 0.0,
        "voltage_violation_area": 0.0,
        "voltage_min_pu": 0.9813202346055033,
        "voltage_max_pu": 1.0,
        "pf_converged": true,
        "pcc_p_kw": [
          1103.6317138671875,
          -1194.46630859375,
          0.0,
          920.785888671875
        ],
        "pcc_q_kvar": [
          -262.09733580409073,
          596.5219035148621,
          570.8719298886541,
          -2325.789216975886
        ],
        "p_el": [
          1517.674072265625,
          2153.030517578125,
          406.84783935546875,
          445.3340148925781
        ],
        "p_bat": [
          -636.3870849609375,
          -0.0,
          -293.1517333984375,
          317.959716796875
        ],
        "soc": [
          0.10000000149011612,
          0.5,
          0.3181823492050171,
          0.8999999761581421
        ],
        "p_ht": [
          606.0147705078125,
          161.0460205078125,
          -429.8507080078125,
          -699.423828125
        ],
        "h2_emergency_buy_energy": [
          0.0,
          0.0,
          0.0,
          0.0
        ],
        "h2_planned_external_order_energy": [
          0.0,
          0.0,
          0.0,
          212.01434326171875
        ],
        "h2_late_order_energy": [
          0.0,
          0.0,
          0.0,
          0.0
        ],
        "h2_level": [
          231.80506896972656,
          221.89019775390625,
          86.7344741821289,
          68.04051208496094
        ],
        "e_h2_load": [
          204.53912353515625,
          149.4183349609375,
          673.9594116210938,
          988.8909301757812
        ],
        "pending_h2_energy_total": 2406.76708984375,
        "pending_h2_energy_agent": [
          916.0429077148438,
          0.0,
          0.0,
          1490.72412109375
        ],
        "external_min_eta": [
          0.0,
          0.0,
          0.0,
          0.0
        ]
      },
      {
        "step": 2,
        "actions": [
          [
            0.7133424282073975,
            -0.605586588382721,
            0.3807329535484314,
            -0.3341054618358612,
            0.38266661763191223,
            0.3860456347465515,
            -0.44669339060783386,
            0.40809348225593567
          ],
          [
            0.5604148507118225,
            -0.1855238527059555,
            0.021120736375451088,
            0.4096483290195465,
            -0.05297752842307091,
            0.029605070129036903,
            0.4701023995876312,
            -0.3109012544155121
          ],
          [
            0.5932332873344421,
            -0.6516995429992676,
            0.6624305844306946,
            0.6451904773712158,
            -0.8225591778755188,
            -0.3993770182132721,
            -0.2853263318538666,
            0.07618187367916107
          ],
          [
            0.26008760929107666,
            0.8442435264587402,
            -0.2140054553747177,
            0.7143123149871826,
            -0.22370852530002594,
            -0.5780534148216248,
            -0.07492054253816605,
            0.5469847917556763
          ]
        ],
        "intents": [
          [
            0.0,
            0.0,
            0.0
          ],
          [
            0.0,
            0.0,
            0.0
          ],
          [
            0.0,
            0.0,
            0.0
          ],
          [
            0.0,
            0.0,
            0.0
          ]
        ],
        "economic_cost": 2127.0831756591797,
        "step_total_cost": 2127.0831756591797,
        "terminal_settlement_cost": 0.0,
        "terminal_battery_asset_value": 1026.5243083685345,
        "terminal_h2_asset_value": 528410.9765625,
        "terminal_undelivered_h2_energy": 4052.3586884765627,
        "voltage_cost": 0.0,
        "voltage_violation_area": 0.0,
        "voltage_min_pu": 0.9829137003476154,
        "voltage_max_pu": 1.0,
        "pf_converged": true,
        "pcc_p_kw": [
          1874.1510009765625,
          -973.72998046875,
          0.0,
          603.7249145507812
        ],
        "pcc_q_kvar": [
          -1844.483190536499,
          1563.7587909698486,
          -253.67041962003856,
          -2512.2227096557617
        ],
        "p_el": [
          1713.3424072265625,
          2340.622314453125,
          398.3083190917969,
          504.0350341796875
        ],
        "p_bat": [
          -7.078051567077637e-06,
          -0.0,
          -238.43258666992188,
          5.019338641432114e-05
        ],
        "soc": [
          0.10000000149011612,
          0.5,
          0.2554369270801544,
          0.8999999761581421
        ],
        "p_ht": [
          765.333251953125,
          -0.0,
          -317.2740478515625,
          -448.2742614746094
        ],
        "h2_emergency_buy_energy": [
          0.0,
          0.0,
          0.0,
          0.0
        ],
        "h2_planned_external_order_energy": [
          0.0,
          0.0,
          0.0,
          55.86131286621094
        ],
        "h2_late_order_energy": [
          0.0,
          0.0,
          0.0,
          0.0
        ],
        "h2_level": [
          254.76736450195312,
          221.89019775390625,
          77.21530151367188,
          54.590938568115234
        ],
        "e_h2_load": [
          169.27647399902344,
          127.83780670166016,
          556.259033203125,
          775.8970336914062
        ],
        "pending_h2_energy_total": 4052.35888671875,
        "pending_h2_energy_agent": [
          916.0429077148438,
          0.0,
          0.0,
          3136.31591796875
        ],
        "external_min_eta": [
          0.0,
          0.0,
          0.0,
          0.0
        ]
      },
      {
        "step": 3,
        "actions": [
          [
            0.7504481077194214,
            -0.18355070054531097,
            0.3925015330314636,
            -0.2128278613090515,
            0.4767228662967682,
            0.3911922574043274,
            -0.42202338576316833,
            0.5931897759437561
          ],
          [
            0.6153432130813599,
            -0.15439338982105255,
            -0.0021332616452127695,
            0.38253653049468994,
            -0.09839094430208206,
            -0.13489817082881927,
            0.5515449643135071,
            -0.39124050736427307
          ],
          [
            0.5492897629737854,
            -0.6362833976745605,
            0.672511637210846,
            0.677739679813385,
            -0.8127797245979309,
            -0.3044569790363312,
            -0.20994800329208374,
            0.21647992730140686
          ],
          [
            0.39659783244132996,
            0.8696646094322205,
            -0.40205687284469604,
            0.7298514246940613,
            -0.26205798983573914,
            -0.5971675515174866,
            -0.005058177746832371,
            0.5756710171699524
          ]
        ],
        "intents": [
          [
            0.0,
            0.0,
            0.0
          ],
          [
            0.0,
            0.0,
            0.0
          ],
          [
            0.0,
            0.0,
            0.0
          ],
          [
            0.0,
            0.0,
            0.0
          ]
        ],
        "economic_cost": 69944.05123901367,
        "step_total_cost": 69944.05123901367,
        "terminal_settlement_cost": 0.0,
        "terminal_battery_asset_value": 961.8576065801608,
        "terminal_h2_asset_value": 568615.546875,
        "terminal_undelivered_h2_energy": 6864.364585937501,
        "voltage_cost": 0.0,
        "voltage_violation_area": 0.0,
        "voltage_min_pu": 0.9876735039960911,
        "voltage_max_pu": 1.0,
        "pf_converged": true,
        "pcc_p_kw": [
          1882.22021484375,
          -1048.786865234375,
          0.0,
          636.7347412109375
        ],
        "pcc_q_kvar": [
          -2744.378444671631,
          1943.4620571136475,
          -935.5364782836778,
          -2666.0085411071777
        ],
        "p_el": [
          1750.4481201171875,
          2423.014892578125,
          387.32244873046875,
          558.63916015625
        ],
        "p_bat": [
          -7.078051567077637e-06,
          -0.0,
          -204.77780151367188,
          5.019338641432114e-05
        ],
        "soc": [
          0.10000000149011612,
          0.5,
          0.2015480250120163,
          0.8999999761581421
        ],
        "p_ht": [
          953.4457397460938,
          -0.0,
          -261.22344970703125,
          -268.1119689941406
        ],
        "h2_emergency_buy_energy": [
          0.0,
          0.0,
          1.52587890625e-05,
          0.0
        ],
        "h2_planned_external_order_energy": [
          0.0,
          0.0,
          680.2598266601562,
          1636.5068359375
        ],
        "h2_late_order_energy": [
          0.0,
          0.0,
          0.0,
          0.0
        ],
        "h2_level": [
          310.8576354980469,
          221.89019775390625,
          69.37781524658203,
          46.546775817871094
        ],
        "e_h2_load": [
          152.0926513671875,
          114.47989654541016,
          493.616943359375,
          631.2274169921875
        ],
        "pending_h2_energy_total": 6864.36474609375,
        "pending_h2_energy_agent": [
          0.0,
          0.0,
          2170.09423828125,
          4694.2705078125
        ],
        "external_min_eta": [
          0.0,
          0.0,
          0.0,
          0.0
        ]
      },
      {
        "step": 4,
        "actions": [
          [
            0.7435360550880432,
            0.19267083704471588,
            0.3634718060493469,
            -0.12362071126699448,
            0.5878232717514038,
            0.3521428406238556,
            -0.40236160159111023,
            0.6114957928657532
          ],
          [
            0.6336793303489685,
            -0.13012754917144775,
            -0.026274679228663445,
            0.33909857273101807,
            -0.09614282101392746,
            -0.2791442573070526,
            0.5508102178573608,
            -0.4035211503505707
          ],
          [
            0.45166030526161194,
            -0.6136407256126404,
            0.6325450539588928,
            0.6830354332923889,
            -0.7853943109512329,
            -0.21843136847019196,
            -0.08129318058490753,
            0.316746324300766
          ],
          [
            0.49484989047050476,
            0.8758651614189148,
            -0.4863361120223999,
            0.6941974759101868,
            -0.3388451039791107,
            -0.624859631061554,
            0.1175384521484375,
            0.592906653881073
          ]
        ],
        "intents": [
          [
            0.0,
            0.0,
            0.0
          ],
          [
            0.0,
            0.0,
            0.0
          ],
          [
            0.0,
            0.0,
            0.0
          ],
          [
            0.0,
            0.0,
            0.0
          ]
        ],
        "economic_cost": 117392.35186767578,
        "step_total_cost": 117392.35186767578,
        "terminal_settlement_cost": 0.0,
        "terminal_battery_asset_value": 994.7792387477239,
        "terminal_h2_asset_value": 585129.08203125,
        "terminal_undelivered_h2_energy": 11832.250686523437,
        "voltage_cost": 0.0,
        "voltage_violation_area": 0.0,
        "voltage_min_pu": 0.9839142330990991,
        "voltage_max_pu": 1.0,
        "pf_converged": true,
        "pcc_p_kw": [
          2258.90283203125,
          -618.236083984375,
          0.0,
          712.4274291992188
        ],
        "pcc_q_kvar": [
          -2828.014367010055,
          1997.7874202728271,
          -1420.1793896238783,
          -2742.5010948181152
        ],
        "p_el": [
          1743.5360107421875,
          2450.51904296875,
          362.9150695800781,
          597.93994140625
        ],
        "p_bat": [
          385.3416748046875,
          -0.0,
          -243.51910400390625,
          5.019338641432114e-05
        ],
        "soc": [
          0.17321491241455078,
          0.5,
          0.13746404647827148,
          0.8999999761581421
        ],
        "p_ht": [
          1175.646484375,
          -0.0,
          -270.7844543457031,
          -354.4132080078125
        ],
        "h2_emergency_buy_energy": [
          94.97850036621094,
          0.0,
          0.0,
          0.0
        ],
        "h2_planned_external_order_energy": [
          1126.7857666015625,
          0.0,
          1048.7969970703125,
          1524.0076904296875
        ],
        "h2_late_order_energy": [
          0.0,
          0.0,
          0.0,
          0.0
        ],
        "h2_level": [
          346.13055419921875,
          221.89019775390625,
          61.25346755981445,
          35.91331481933594
        ],
        "e_h2_load": [
          139.80723571777344,
          101.53614807128906,
          488.53350830078125,
          743.0741577148438
        ],
        "pending_h2_energy_total": 11832.25,
        "pending_h2_energy_agent": [
          1090.7286376953125,
          0.0,
          4608.58837890625,
          6132.93359375
        ],
        "external_min_eta": [
          0.0,
          0.0,
          0.16666666666666666,
          0.0
        ]
      },
      {
        "step": 5,
        "actions": [
          [
            0.722087025642395,
            0.3682529926300049,
            0.3310374617576599,
            -0.08704201877117157,
            0.6867095828056335,
            0.31853094696998596,
            -0.3696092665195465,
            0.5635265111923218
          ],
          [
            0.6271107792854309,
            -0.11478076875209808,
            -0.05383067578077316,
            0.303407222032547,
            -0.06324046850204468,
            -0.3892609477043152,
            0.517513632774353,
            -0.40843191742897034
          ],
          [
            0.3704412281513214,
            -0.5674327611923218,
            0.5623183846473694,
            0.6498172283172607,
            -0.726754903793335,
            -0.16578087210655212,
            0.10906949639320374,
            0.4091491103172302
          ],
          [
            0.6116876006126404,
            0.8682723641395569,
            -0.5842196941375732,
            0.6611902713775635,
            -0.42526766657829285,
            -0.5767054557800293,
            0.2022855132818222,
            0.5379014015197754
          ]
        ],
        "intents": [
          [
            0.0,
            0.0,
            0.0
          ],
          [
            0.0,
            0.0,
            0.0
          ],
          [
            0.0,
            0.0,
            0.0
          ],
          [
            0.0,
            0.0,
            0.0
          ]
        ],
        "economic_cost": 141261.03330612183,
        "step_total_cost": 141261.03330612183,
        "terminal_settlement_cost": 0.0,
        "terminal_battery_asset_value": 1159.7266574115201,
        "terminal_h2_asset_value": 651156.5625,
        "terminal_undelivered_h2_energy": 15607.677105468747,
        "voltage_cost": 0.0,
        "voltage_violation_area": 0.0,
        "voltage_min_pu": 0.9779093563243421,
        "voltage_max_pu": 1.0,
        "pf_converged": true,
        "pcc_p_kw": [
          2613.0361328125,
          -342.394775390625,
          160.67477416992188,
          779.2561645507812
        ],
        "pcc_q_kvar": [
          -2573.3892192275066,
          2021.6756180242562,
          -1860.7479037126527,
          -2475.2359517565246
        ],
        "p_el": [
          1722.0870361328125,
          2440.666259765625,
          342.6103210449219,
          644.675048828125
        ],
        "p_bat": [
          736.5059814453125,
          -0.0,
          -142.36337280273438,
          5.019338641432114e-05
        ],
        "soc": [
          0.3131510615348816,
          0.5,
          0.10000000149011612,
          0.8999999761581421
        ],
        "p_ht": [
          1373.419189453125,
          -0.0,
          -329.278076171875,
          -333.9466552734375
        ],
        "h2_emergency_buy_energy": [
          316.2416076660156,
          0.0,
          1.52587890625e-05,
          0.0
        ],
        "h2_planned_external_order_energy": [
          1098.77587890625,
          0.0,
          1225.7022705078125,
          1719.634033203125
        ],
        "h2_late_order_energy": [
          0.0,
          0.0,
          0.0,
          0.0
        ],
        "h2_level": [
          387.3372497558594,
          221.89019775390625,
          51.37413787841797,
          70.62010955810547
        ],
        "e_h2_load": [
          148.28335571289062,
          100.92308044433594,
          534.8442993164062,
          752.9854125976562
        ],
        "pending_h2_energy_total": 15607.677734375,
        "pending_h2_energy_agent": [
          2154.34375,
          0.0,
          7201.54638671875,
          6251.787109375
        ],
        "external_min_eta": [
          0.0,
          0.0,
          0.16666666666666666,
          0.0
        ]
      },
      {
        "step": 6,
        "actions": [
          [
            0.7103773355484009,
            0.4283317029476166,
            0.28466299176216125,
            -0.06304420530796051,
            0.7545409798622131,
            0.3205838203430176,
            -0.30916714668273926,
            0.5000824928283691
          ],
          [
            0.621662974357605,
            -0.1071108803153038,
            -0.07482604682445526,
            0.2832700312137604,
            -0.00023746490478515625,
            -0.45259687304496765,
            0.47437405586242676,
            -0.44255003333091736
          ],
          [
            0.3359721601009369,
            -0.5028112530708313,
            0.43180155754089355,
            0.6000587344169617,
            -0.6364259719848633,
            -0.1384701430797577,
            0.33891838788986206,
            0.4860815107822418
          ],
          [
            0.7016129493713379,
            0.8663618564605713,
            -0.5675227642059326,
            0.5463279485702515,
            -0.514752984046936,
            -0.6015443801879883,
            0.3701314628124237,
            0.5161203742027283
          ]
        ],
        "intents": [
          [
            0.0,
            0.0,
            0.0
          ],
          [
            0.0,
            0.0,
            0.0
          ],
          [
            0.0,
            0.0,
            0.0
          ],
          [
            0.0,
            0.0,
            0.0
          ]
        ],
        "economic_cost": 64233.084980010986,
        "step_total_cost": 64233.084980010986,
        "terminal_settlement_cost": 0.0,
        "terminal_battery_asset_value": 1403.8756905506307,
        "terminal_h2_asset_value": 730588.59375,
        "terminal_undelivered_h2_energy": 16551.888806640625,
        "voltage_cost": 0.0,
        "voltage_violation_area": 0.0,
        "voltage_min_pu": 0.9784931440222067,
        "voltage_max_pu": 1.0,
        "pf_converged": true,
        "pcc_p_kw": [
          2591.194580078125,
          -420.9403381347656,
          183.78585815429688,
          660.4464721679688
        ],
        "pcc_q_kvar": [
          -2265.674321162963,
          2185.5155261902637,
          -2227.6504176434228,
          -2384.7185885089916
        ],
        "p_el": [
          1710.3773193359375,
          2432.494384765625,
          333.9930419921875,
          680.6452026367188
        ],
        "p_bat": [
          856.6633911132812,
          -0.0,
          -5.662441253662109e-06,
          5.019338641432114e-05
        ],
        "soc": [
          0.47591710090637207,
          0.5,
          0.10000000149011612,
          0.8999999761581421
        ],
        "p_ht": [
          1509.0819091796875,
          -0.0,
          -355.55670166015625,
          -151.38336181640625
        ],
        "h2_emergency_buy_energy": [
          435.6720275878906,
          0.0,
          0.0,
          0.0
        ],
        "h2_planned_external_order_energy": [
          1100.486572265625,
          0.0,
          0.0,
          139.1273193359375
        ],
        "h2_late_order_energy": [
          0.0,
          0.0,
          0.0,
          0.0
        ],
        "h2_level": [
          432.6142272949219,
          221.89019775390625,
          40.70637130737305,
          115.45083618164062
        ],
        "e_h2_load": [
          123.8542709350586,
          101.52264404296875,
          555.9525146484375,
          593.802734375
        ],
        "pending_h2_energy_total": 16551.888671875,
        "pending_h2_energy_agent": [
          3202.007080078125,
          0.0,
          7201.54638671875,
          6148.33544921875
        ],
        "external_min_eta": [
          0.0,
          0.0,
          0.16666666666666666,
          0.0
        ]
      },
      {
        "step": 7,
        "actions": [
          [
            0.6956568360328674,
            0.38759055733680725,
            0.2446996420621872,
            -0.11288289725780487,
            0.7972598075866699,
            0.36577048897743225,
            -0.260633647441864,
            0.40082690119743347
          ],
          [
            0.6203343868255615,
            -0.07192865759134293,
            -0.08357403427362442,
            0.19824323058128357,
            0.0602089948952198,
            -0.5271098613739014,
            0.42702367901802063,
            -0.5044980645179749
          ],
          [
            0.4083508849143982,
            -0.4745035767555237,
            0.2716354727745056,
            0.5895533561706543,
            -0.5828992128372192,
            -0.08999109268188477,
            0.5548397302627563,
            0.5438700318336487
          ],
          [
            0.7620031833648682,
            0.8571451306343079,
            -0.5401630401611328,
            0.5066542029380798,
            -0.61720871925354,
            -0.5636045932769775,
            0.47104963660240173,
            0.4447590708732605
          ]
        ],
        "intents": [
          [
            0.0,
            0.0,
            0.0
          ],
          [
            0.0,
            0.0,
            0.0
          ],
          [
            0.0,
            0.0,
            0.0
          ],
          [
            0.0,
            0.0,
            0.0
          ]
        ],
        "economic_cost": 71344.27060699463,
        "step_total_cost": 71344.27060699463,
        "terminal_settlement_cost": 0.0,
        "terminal_battery_asset_value": 1624.8022618294635,
        "terminal_h2_asset_value": 810542.75390625,
        "terminal_undelivered_h2_energy": 17780.20991503906,
        "voltage_cost": 0.0,
        "voltage_violation_area": 0.0,
        "voltage_min_pu": 0.9812026896455512,
        "voltage_max_pu": 1.0,
        "pf_converged": true,
        "pcc_p_kw": [
          1890.1055908203125,
          -248.2117919921875,
          124.2032241821289,
          402.35943603515625
        ],
        "pcc_q_kvar": [
          -1719.7469163144817,
          2476.918487391687,
          -2512.978022113491,
          -2000.9775499004513
        ],
        "p_el": [
          1695.6568603515625,
          2430.50146484375,
          352.08770751953125,
          704.80126953125
        ],
        "p_bat": [
          775.1810913085938,
          -0.0,
          -5.662441253662109e-06,
          5.019338641432114e-05
        ],
        "soc": [
          0.6232014894485474,
          0.5,
          0.10000000149011612,
          0.8999999761581421
        ],
        "p_ht": [
          0.0,
          120.4179916381836,
          -265.00994873046875,
          -451.0941467285156
        ],
        "h2_emergency_buy_energy": [
          0.0,
          0.0,
          1.52587890625e-05,
          0.0
        ],
        "h2_planned_external_order_energy": [
          0.0,
          0.0,
          561.9168701171875,
          1772.8563232421875
        ],
        "h2_late_order_energy": [
          0.0,
          0.0,
          0.0,
          0.0
        ],
        "h2_level": [
          465.33935546875,
          225.5030975341797,
          97.8646240234375,
          101.91665649414062
        ],
        "e_h2_load": [
          150.88369750976562,
          99.87191009521484,
          476.2626037597656,
          909.2149658203125
        ],
        "pending_h2_energy_total": 17780.2109375,
        "pending_h2_energy_agent": [
          2111.2783203125,
          0.0,
          7847.02001953125,
          7821.91162109375
        ],
        "external_min_eta": [
          0.0,
          0.16666666666666666,
          0.16666666666666666,
          0.0
        ]
      },
      {
        "step": 8,
        "actions": [
          [
            0.7017936706542969,
            0.22758273780345917,
            0.1765034943819046,
            -0.14483065903186798,
            0.8322702646255493,
            0.4526485204696655,
            -0.2931769788265228,
            0.2952041029930115
          ],
          [
            0.6331412196159363,
            -0.02736068330705166,
            -0.09333716332912445,
            0.18455834686756134,
            0.1815619319677353,
            -0.540087103843689,
            0.34438571333885193,
            -0.5574183464050293
          ],
          [
            0.37862470746040344,
            -0.4680578410625458,
            0.1732470989227295,
            0.5361849069595337,
            -0.5712093114852905,
            -0.13298597931861877,
            0.6983215808868408,
            0.4552381634712219
          ],
          [
            0.8023601174354553,
            0.8629140257835388,
            -0.4488382041454315,
            0.399666965007782,
            -0.6823284029960632,
            -0.5912188291549683,
            0.5656554698944092,
            0.38400572538375854
          ]
        ],
        "intents": [
          [
            0.0,
            0.0,
            0.0
          ],
          [
            0.0,
            0.0,
            0.0
          ],
          [
            0.0,
            0.0,
            0.0
          ],
          [
            0.0,
            0.0,
            0.0
          ]
        ],
        "economic_cost": -3107.5470024719234,
        "step_total_cost": -3107.5470024719234,
        "terminal_settlement_cost": 0.0,
        "terminal_battery_asset_value": 1754.5244349529094,
        "terminal_h2_asset_value": 909571.7578125,
        "terminal_undelivered_h2_energy": 14298.6952265625,
        "voltage_cost": 0.0,
        "voltage_violation_area": 0.0,
        "voltage_min_pu": 0.9861147761836558,
        "voltage_max_pu": 1.0,
        "pf_converged": true,
        "pcc_p_kw": [
          689.5562744140625,
          -279.01336669921875,
          92.7386703491211,
          83.00111389160156
        ],
        "pcc_q_kvar": [
          -1119.8684799741302,
          2725.8445410195377,
          -2048.692409762776,
          -1623.5309129720229
        ],
        "p_el": [
          1701.793701171875,
          2449.7119140625,
          344.65618896484375,
          720.9440307617188
        ],
        "p_bat": [
          455.16546630859375,
          -0.0,
          -5.662441253662109e-06,
          5.019338641432114e-05
        ],
        "soc": [
          0.7096829414367676,
          0.5,
          0.10000000149011612,
          0.8999999761581421
        ],
        "p_ht": [
          0.0,
          363.1238708496094,
          -497.65460205078125,
          -882.9415283203125
        ],
        "h2_emergency_buy_energy": [
          0.0,
          0.0,
          0.0,
          3.0517578125e-05
        ],
        "h2_planned_external_order_energy": [
          0.0,
          0.0,
          0.0,
          0.0
        ],
        "h2_late_order_energy": [
          0.0,
          0.0,
          0.0,
          0.0
        ],
        "h2_level": [
          475.0,
          236.3979034423828,
          156.09564208984375,
          122.1690673828125
        ],
        "e_h2_load": [
          210.1659698486328,
          138.1246337890625,
          704.4483032226562,
          1351.55517578125
        ],
        "pending_h2_energy_total": 14298.6943359375,
        "pending_h2_energy_agent": [
          1047.6632080078125,
          0.0,
          5408.525390625,
          7842.505859375
        ],
        "external_min_eta": [
          0.0,
          0.16666666666666666,
          0.0,
          0.0
        ]
      },
      {
        "step": 9,
        "actions": [
          [
            0.7605346441268921,
            0.18786658346652985,
            0.12948140501976013,
            -0.17807559669017792,
            0.8427688479423523,
            0.5268101692199707,
            -0.3530217409133911,
            0.14473992586135864
          ],
          [
            0.6754205226898193,
            0.020977264270186424,
            -0.039615411311388016,
            0.17464864253997803,
            0.26966050267219543,
            -0.5229570269584656,
            0.26333722472190857,
            -0.6399664282798767
          ],
          [
            0.3864266574382782,
            -0.5279807448387146,
            0.11294999718666077,
            0.4887631833553314,
            -0.6039209365844727,
            -0.2265567034482956,
            0.7825356721878052,
            0.4038446843624115
          ],
          [
            0.818401038646698,
            0.849096953868866,
            -0.3569656014442444,
            0.3288089632987976,
            -0.7061942219734192,
            -0.578940212726593,
            0.6382495760917664,
            0.3120790123939514
          ]
        ],
        "intents": [
          [
            0.0,
            0.0,
            0.0
          ],
          [
            0.0,
            0.0,
            0.0
          ],
          [
            0.0,
            0.0,
            0.0
          ],
          [
            0.0,
            0.0,
            0.0
          ]
        ],
        "economic_cost": -5772.072883605957,
        "step_total_cost": -5772.072883605957,
        "terminal_settlement_cost": 0.0,
        "terminal_battery_asset_value": 1868.7826914462494,
        "terminal_h2_asset_value": 911059.27734375,
        "terminal_undelivered_h2_energy": 12872.605734375002,
        "voltage_cost": 0.0,
        "voltage_violation_area": 0.0,
        "voltage_min_pu": 0.9891398919362183,
        "voltage_max_pu": 1.0,
        "pf_converged": true,
        "pcc_p_kw": [
          -189.10556030273438,
          -442.66748046875,
          -80.2178955078125,
          -185.86521911621094
        ],
        "pcc_q_kvar": [
          -336.002649910933,
          3115.409311905107,
          -1759.2771007024787,
          -1221.7197299860593
        ],
        "p_el": [
          1760.53466796875,
          2513.130859375,
          346.6066589355469,
          727.3604125976562
        ],
        "p_bat": [
          375.733154296875,
          25.172718048095703,
          -0.0,
          5.019338641432114e-05
        ],
        "soc": [
          0.7810722589492798,
          0.5079713463783264,
          0.10000000149011612,
          0.8999999761581421
        ],
        "p_ht": [
          0.0,
          539.3209838867188,
          -707.61474609375,
          -1208.21142578125
        ],
        "h2_emergency_buy_energy": [
          0.0,
          0.0,
          0.0,
          0.0
        ],
        "h2_planned_external_order_energy": [
          0.0,
          0.0,
          0.0,
          0.0
        ],
        "h2_late_order_energy": [
          0.0,
          0.0,
          0.0,
          0.0
        ],
        "h2_level": [
          475.0,
          252.5791473388672,
          177.65203857421875,
          85.91909790039062
        ],
        "e_h2_load": [
          284.35107421875,
          222.96273803710938,
          915.5787353515625,
          1680.99560546875
        ],
        "pending_h2_energy_total": 12872.60546875,
        "pending_h2_energy_agent": [
          1047.6632080078125,
          0.0,
          3982.436279296875,
          7842.505859375
        ],
        "external_min_eta": [
          0.16666666666666666,
          0.16666666666666666,
          0.0,
          0.0
        ]
      },
      {
        "step": 10,
        "actions": [
          [
            0.8024828433990479,
            0.10668713599443436,
            0.1345604509115219,
            -0.2898784875869751,
            0.8418174982070923,
            0.5831770300865173,
            -0.4623505175113678,
            -0.07317247241735458
          ],
          [
            0.687437891960144,
            0.06023518741130829,
            -0.03229329735040665,
            0.07863274961709976,
            0.29843658208847046,
            -0.5501083731651306,
            0.21763716638088226,
            -0.7066970467567444
          ],
          [
            0.3886560797691345,
            -0.6218647956848145,
            0.10310254245996475,
            0.4135511815547943,
            -0.6654703617095947,
            -0.3005391061306,
            0.8234276175498962,
            0.3626953959465027
          ],
          [
            0.8193312287330627,
            0.8718197345733643,
            -0.19481907784938812,
            0.28961488604545593,
            -0.7556884288787842,
            -0.5115570425987244,
            0.6909520030021667,
            0.19787976145744324
          ]
        ],
        "intents": [
          [
            0.0,
            0.0,
            0.0
          ],
          [
            0.0,
            0.0,
            0.0
          ],
          [
            0.0,
            0.0,
            0.0
          ],
          [
            0.0,
            0.0,
            0.0
          ]
        ],
        "economic_cost": 75943.7939376831,
        "step_total_cost": 75943.7939376831,
        "terminal_settlement_cost": 0.0,
        "terminal_battery_asset_value": 1950.194755228149,
        "terminal_h2_asset_value": 946273.359375,
        "terminal_undelivered_h2_energy": 14136.053665527344,
        "voltage_cost": 0.0,
        "voltage_violation_area": 0.0,
        "voltage_min_pu": 0.9913706520900907,
        "voltage_max_pu": 1.0,
        "pf_converged": true,
        "pcc_p_kw": [
          -1293.353271484375,
          -355.9892578125,
          -221.60337829589844,
          -447.98052978515625
        ],
        "pcc_q_kvar": [
          409.12844532594454,
          3391.281111742413,
          -1530.9334149304264,
          -685.2936051272751
        ],
        "p_el": [
          1802.4827880859375,
          2531.15673828125,
          347.1640319824219,
          727.7324829101562
        ],
        "p_bat": [
          213.374267578125,
          72.2822265625,
          -0.0,
          5.019338641432114e-05
        ],
        "soc": [
          0.8216133713722229,
          0.5308607220649719,
          0.10000000149011612,
          0.8999999761581421
        ],
        "p_ht": [
          0.0,
          596.8731689453125,
          -933.0076904296875,
          -1229.1544189453125
        ],
        "h2_emergency_buy_energy": [
          0.0,
          0.0,
          3.0517578125e-05,
          3.0517578125e-05
        ],
        "h2_planned_external_order_energy": [
          0.0,
          0.0,
          589.6737670898438,
          1984.299560546875
        ],
        "h2_late_order_energy": [
          0.0,
          0.0,
          0.0,
          0.0
        ],
        "h2_level": [
          475.0,
          270.48712158203125,
          184.66856384277344,
          96.21226501464844
        ],
        "e_h2_load": [
          365.4271545410156,
          261.11541748046875,
          1141.30615234375,
          1702.1805419921875
        ],
        "pending_h2_energy_total": 14136.052734375,
        "pending_h2_energy_agent": [
          1047.6632080078125,
          0.0,
          4960.80517578125,
          8127.5849609375
        ],
        "external_min_eta": [
          0.16666666666666666,
          0.0,
          0.0,
          0.16666666666666666
        ]
      },
      {
        "step": 11,
        "actions": [
          [
            0.8448777198791504,
            0.19118639826774597,
            0.10214313119649887,
            -0.37589749693870544,
            0.8414739966392517,
            0.5925973057746887,
            -0.4919174313545227,
            -0.21997380256652832
          ],
          [
            0.6954280734062195,
            0.10628584027290344,
            0.027318893000483513,
            0.016850441694259644,
            0.34947913885116577,
            -0.5393790006637573,
            0.12685173749923706,
            -0.7262983322143555
          ],
          [
            0.3308893144130707,
            -0.6653996109962463,
            0.082137331366539,
            0.3319295346736908,
            -0.6673747897148132,
            -0.41183462738990784,
            0.8434505462646484,
            0.27987852692604065
          ],
          [
            0.8216245770454407,
            0.8724496364593506,
            -0.054037537425756454,
            0.23629291355609894,
            -0.7714295387268066,
            -0.47391778230667114,
            0.7223075032234192,
            0.10142309963703156
          ]
        ],
        "intents": [
          [
            0.0,
            0.0,
            0.0
          ],
          [
            0.0,
            0.0,
            0.0
          ],
          [
            0.0,
            0.0,
            0.0
          ],
          [
            0.0,
            0.0,
            0.0
          ]
        ],
        "economic_cost": 4938.009327270507,
        "step_total_cost": 4938.009327270507,
        "terminal_settlement_cost": 0.0,
        "terminal_battery_asset_value": 2095.5208840497653,
        "terminal_h2_asset_value": 929773.06640625,
        "terminal_undelivered_h2_energy": 13484.304042480471,
        "voltage_cost": 0.0,
        "voltage_violation_area": 0.0,
        "voltage_min_pu": 0.9944876928577651,
        "voltage_max_pu": 1.0,
        "pf_converged": true,
        "pcc_p_kw": [
          -1995.840576171875,
          -470.460205078125,
          -189.02740478515625,
          -696.67578125
        ],
        "pcc_q_kvar": [
          224.59326171875,
          3459.818242357861,
          -1058.0428366357833,
          -231.72390686355607
        ],
        "p_el": [
          1844.877685546875,
          2543.14208984375,
          332.7223205566406,
          728.6498413085938
        ],
        "p_bat": [
          382.372802734375,
          127.54300689697266,
          -0.0,
          5.019338641432114e-05
        ],
        "soc": [
          0.8942642211914062,
          0.5712493658065796,
          0.10000000149011612,
          0.8999999761581421
        ],
        "p_ht": [
          0.0,
          698.958251953125,
          -1334.23486328125,
          -1323.31298828125
        ],
        "h2_emergency_buy_energy": [
          0.0,
          0.0,
          1.52587890625e-05,
          0.0
        ],
        "h2_planned_external_order_energy": [
          0.0,
          0.0,
          330.82000732421875,
          0.0
        ],
        "h2_late_order_energy": [
          0.0,
          0.0,
          0.0,
          0.0
        ],
        "h2_level": [
          475.0,
          291.4579772949219,
          144.63751220703125,
          98.77046966552734
        ],
        "e_h2_load": [
          357.302001953125,
          307.4789123535156,
          1533.8682861328125,
          1796.935302734375
        ],
        "pending_h2_energy_total": 13484.3037109375,
        "pending_h2_energy_agent": [
          0.0,
          0.0,
          6765.296875,
          6719.0068359375
        ],
        "external_min_eta": [
          0.16666666666666666,
          0.0,
          0.0,
          0.3333333333333333
        ]
      },
      {
        "step": 12,
        "actions": [
          [
            0.8678357601165771,
            0.23239897191524506,
            0.0614946186542511,
            -0.46542680263519287,
            0.8416962623596191,
            0.5774210095405579,
            -0.5295458436012268,
            -0.3825794458389282
          ],
          [
            0.6922616958618164,
            0.155533567070961,
            0.09658029675483704,
            -0.02747940458357334,
            0.37541037797927856,
            -0.5301572680473328,
            0.0520000085234642,
            -0.7269303798675537
          ],
          [
            0.3617265522480011,
            -0.6630347371101379,
            0.1118834987282753,
            0.26769495010375977,
            -0.6796560287475586,
            -0.5062626600265503,
            0.8441071510314941,
            0.2657563388347626
          ],
          [
            0.8245315551757812,
            0.860784113407135,
            0.06851832568645477,
            0.26428622007369995,
            -0.7621150612831116,
            -0.4189459979534149,
            0.72605961561203,
            0.015470580197870731
          ]
        ],
        "intents": [
          [
            0.0,
            0.0,
            0.0
          ],
          [
            0.0,
            0.0,
            0.0
          ],
          [
            0.0,
            0.0,
            0.0
          ],
          [
            0.0,
            0.0,
            0.0
          ]
        ],
        "economic_cost": 71276.96998596191,
        "step_total_cost": 71276.96998596191,
        "terminal_settlement_cost": 0.0,
        "terminal_battery_asset_value": 2157.3169314271945,
        "terminal_h2_asset_value": 1011805.1953125,
        "terminal_undelivered_h2_energy": 12164.273169433594,
        "voltage_cost": 0.0,
        "voltage_violation_area": 0.0,
        "voltage_min_pu": 0.9977102230457684,
        "voltage_max_pu": 1.0001738209352864,
        "pf_converged": true,
        "pcc_p_kw": [
          -2693.390380859375,
          -632.455078125,
          -175.9591064453125,
          -775.5067138671875
        ],
        "pcc_q_kvar": [
          229.09454345703125,
          3428.044367509795,
          -915.056682353983,
          160.0180879094173
        ],
        "p_el": [
          1867.8358154296875,
          2538.392578125,
          340.431640625,
          729.8126220703125
        ],
        "p_bat": [
          30.188308715820312,
          186.64027404785156,
          -0.0,
          5.019338641432114e-05
        ],
        "soc": [
          0.8999999761581421,
          0.6303521394729614,
          0.10000000149011612,
          0.8999999761581421
        ],
        "p_ht": [
          0.0,
          750.8207397460938,
          -1746.830322265625,
          -1347.1322021484375
        ],
        "h2_emergency_buy_energy": [
          0.0,
          0.0,
          4.57763671875e-05,
          0.0
        ],
        "h2_planned_external_order_energy": [
          0.0,
          0.0,
          93.7845458984375,
          2360.53173828125
        ],
        "h2_late_order_energy": [
          0.0,
          0.0,
          0.0,
          0.0
        ],
        "h2_level": [
          475.0,
          313.98486328125,
          176.70285034179688,
          126.21858978271484
        ],
        "e_h2_load": [
          358.834716796875,
          336.9229431152344,
          1951.08935546875,
          1821.5103759765625
        ],
        "pending_h2_energy_total": 12164.2734375,
        "pending_h2_energy_agent": [
          0.0,
          0.0,
          5460.017578125,
          6704.25537109375
        ],
        "external_min_eta": [
          0.16666666666666666,
          0.0,
          0.0,
          0.16666666666666666
        ]
      },
      {
        "step": 13,
        "actions": [
          [
            0.878193736076355,
            0.30147257447242737,
            0.0038109980523586273,
            -0.5296586751937866,
            0.8410074710845947,
            0.5552359819412231,
            -0.5070379972457886,
            -0.47827762365341187
          ],
          [
            0.6781079173088074,
            0.21880224347114563,
            0.15425032377243042,
            -0.10783825069665909,
            0.39449751377105713,
            -0.5279718637466431,
            -0.04301366209983826,
            -0.6917296051979065
          ],
          [
            0.33508408069610596,
            -0.692376971244812,
            0.0956796407699585,
            0.19707870483398438,
            -0.673008382320404,
            -0.5806167721748352,
            0.8373996019363403,
            0.27168530225753784
          ],
          [
            0.8277543187141418,
            0.8297516703605652,
            0.22748863697052002,
            0.21802648901939392,
            -0.7482457160949707,
            -0.4243842661380768,
            0.7404646277427673,
            -0.05549582093954086
          ]
        ],
        "intents": [
          [
            0.0,
            0.0,
            0.0
          ],
          [
            0.0,
            0.0,
            0.0
          ],
          [
            0.0,
            0.0,
            0.0
          ],
          [
            0.0,
            0.0,
            0.0
          ]
        ],
        "economic_cost": -7197.902725219727,
        "step_total_cost": -7197.902725219727,
        "terminal_settlement_cost": 0.0,
        "terminal_battery_asset_value": 2232.1473054944363,
        "terminal_h2_asset_value": 1004133.984375,
        "terminal_undelivered_h2_energy": 10490.696800292968,
        "voltage_cost": 0.0,
        "voltage_violation_area": 0.0,
        "voltage_min_pu": 0.9981207080518014,
        "voltage_max_pu": 1.00228499812559,
        "pf_converged": true,
        "pcc_p_kw": [
          -2785.255615234375,
          -640.2471923828125,
          -274.49359130859375,
          -891.4583740234375
        ],
        "pcc_q_kvar": [
          198.31002807617188,
          3238.999689615057,
          -991.6227974495655,
          449.66027315755696
        ],
        "p_el": [
          1878.1937255859375,
          2517.161865234375,
          333.7710266113281,
          731.1017456054688
        ],
        "p_bat": [
          0.00012548346421681345,
          262.56268310546875,
          -0.0,
          5.019338641432114e-05
        ],
        "soc": [
          0.8999999761581421,
          0.7134969830513,
          0.10000000149011612,
          0.8999999761581421
        ],
        "p_ht": [
          0.0,
          788.9950561523438,
          -1512.3416748046875,
          -1205.93603515625
        ],
        "h2_emergency_buy_energy": [
          0.0,
          0.0,
          0.0,
          0.0
        ],
        "h2_planned_external_order_energy": [
          0.0,
          0.0,
          0.0,
          0.0
        ],
        "h2_late_order_energy": [
          0.0,
          0.0,
          0.0,
          0.0
        ],
        "h2_level": [
          475.0,
          337.6570739746094,
          131.32806396484375,
          140.24920654296875
        ],
        "e_h2_load": [
          332.7169494628906,
          271.6446838378906,
          1712.604248046875,
          1681.152099609375
        ],
        "pending_h2_energy_total": 10490.697265625,
        "pending_h2_energy_agent": [
          0.0,
          0.0,
          5460.017578125,
          5030.67919921875
        ],
        "external_min_eta": [
          0.16666666666666666,
          0.0,
          0.0,
          0.16666666666666666
        ]
      },
      {
        "step": 14,
        "actions": [
          [
            0.8724339008331299,
            0.29971620440483093,
            -0.041811391711235046,
            -0.5861820578575134,
            0.8344982862472534,
            0.5370790958404541,
            -0.4689030945301056,
            -0.5290400981903076
          ],
          [
            0.6592937707901001,
            0.2668723464012146,
            0.2225486785173416,
            -0.17373284697532654,
            0.4009559750556946,
            -0.515535831451416,
            -0.1335991621017456,
            -0.615071177482605
          ],
          [
            0.3082168400287628,
            -0.678326427936554,
            0.08156196027994156,
            0.15404587984085083,
            -0.6363129615783691,
            -0.6688828468322754,
            0.8219000101089478,
            0.2316565215587616
          ],
          [
            0.8350589871406555,
            0.783919632434845,
            0.22644510865211487,
            0.26933279633522034,
            -0.7109052538871765,
            -0.4007324278354645,
            0.7193650603294373,
            -0.13381347060203552
          ]
        ],
        "intents": [
          [
            0.0,
            0.0,
            0.0
          ],
          [
            0.0,
            0.0,
            0.0
          ],
          [
            0.0,
            0.0,
            0.0
          ],
          [
            0.0,
            0.0,
            0.0
          ]
        ],
        "economic_cost": 54508.90505218506,
        "step_total_cost": 54508.90505218506,
        "terminal_settlement_cost": 0.0,
        "terminal_battery_asset_value": 2323.4176216211927,
        "terminal_h2_asset_value": 1007719.5703125,
        "terminal_undelivered_h2_energy": 12893.083750488284,
        "voltage_cost": 0.0,
        "voltage_violation_area": 0.0,
        "voltage_min_pu": 0.9980616495652361,
        "voltage_max_pu": 1.0009352568488947,
        "pf_converged": true,
        "pcc_p_kw": [
          -2517.9013671875,
          -829.78369140625,
          -145.34707641601562,
          -950.436279296875
        ],
        "pcc_q_kvar": [
          204.09439086914062,
          2878.001996342582,
          -916.7616263574116,
          757.2424064153223
        ],
        "p_el": [
          1872.4339599609375,
          2488.940673828125,
          327.05419921875,
          734.0236206054688
        ],
        "p_bat": [
          0.00012548346421681345,
          320.246826171875,
          -0.0,
          5.019338641432114e-05
        ],
        "soc": [
          0.8999999761581421,
          0.814908504486084,
          0.10000000149011612,
          0.8999999761581421
        ],
        "p_ht": [
          0.0,
          801.9119262695312,
          -795.7777099609375,
          -812.7630615234375
        ],
        "h2_emergency_buy_energy": [
          0.0,
          0.0,
          1.52587890625e-05,
          3.0517578125e-05
        ],
        "h2_planned_external_order_energy": [
          0.0,
          0.0,
          0.0,
          1898.427001953125
        ],
        "h2_late_order_energy": [
          0.0,
          0.0,
          1076.1307373046875,
          2434.524658203125
        ],
        "h2_level": [
          475.0,
          361.7168273925781,
          107.45234680175781,
          143.65110778808594
        ],
        "e_h2_load": [
          323.3879699707031,
          190.98684692382812,
          992.01025390625,
          1289.87841796875
        ],
        "pending_h2_energy_total": 12893.083984375,
        "pending_h2_energy_agent": [
          0.0,
          0.0,
          6475.17431640625,
          6417.90966796875
        ],
        "external_min_eta": [
          0.16666666666666666,
          0.0,
          0.0,
          0.16666666666666666
        ]
      },
      {
        "step": 15,
        "actions": [
          [
            0.8609083890914917,
            0.3989076018333435,
            -0.1416735202074051,
            -0.5888553261756897,
            0.8264197111129761,
            0.499828040599823,
            -0.3451008200645447,
            -0.5173709988594055
          ],
          [
            0.6541299223899841,
            0.30812522768974304,
            0.3615718483924866,
            -0.13033506274223328,
            0.4314268231391907,
            -0.43530726432800293,
            -0.304622620344162,
            -0.43718451261520386
          ],
          [
            0.30804458260536194,
            -0.5999674797058105,
            0.09214595705270767,
            0.041657380759716034,
            -0.565574586391449,
            -0.7459236979484558,
            0.7951240539550781,
            0.17195256054401398
          ],
          [
            0.8138304948806763,
            0.7279470562934875,
            0.2799166142940521,
            0.2039172351360321,
            -0.660054087638855,
            -0.6043841242790222,
            0.7608246803283691,
            -0.04555949196219444
          ]
        ],
        "intents": [
          [
            0.0,
            0.0,
            0.0
          ],
          [
            0.0,
            0.0,
            0.0
          ],
          [
            0.0,
            0.0,
            0.0
          ],
          [
            0.0,
            0.0,
            0.0
          ]
        ],
        "economic_cost": 24626.06768798828,
        "step_total_cost": 24626.06768798828,
        "terminal_settlement_cost": 0.0,
        "terminal_battery_asset_value": 2399.999948883051,
        "terminal_h2_asset_value": 1036207.03125,
        "terminal_undelivered_h2_energy": 13784.940848632816,
        "voltage_cost": 0.0,
        "voltage_violation_area": 0.0,
        "voltage_min_pu": 0.9979595260787664,
        "voltage_max_pu": 1.0000748755468085,
        "pf_converged": true,
        "pcc_p_kw": [
          -2277.254638671875,
          -952.9964599609375,
          -226.0748291015625,
          -763.6983032226562
        ],
        "pcc_q_kvar": [
          960.5592768456387,
          2095.185670203755,
          -680.8495410387507,
          368.36355348266227
        ],
        "p_el": [
          1860.908447265625,
          2481.19482421875,
          327.0111389160156,
          725.5322265625
        ],
        "p_bat": [
          0.00012548346421681345,
          268.7099914550781,
          -0.0,
          5.019338641432114e-05
        ],
        "soc": [
          0.8999999761581421,
          0.8999999761581421,
          0.10000000149011612,
          0.8999999761581421
        ],
        "p_ht": [
          0.0,
          862.8536376953125,
          -541.7039794921875,
          -786.2230224609375
        ],
        "h2_emergency_buy_energy": [
          0.0,
          0.0,
          3.0517578125e-05,
          3.0517578125e-05
        ],
        "h2_planned_external_order_energy": [
          0.0,
          0.0,
          0.0,
          870.1024169921875
        ],
        "h2_late_order_energy": [
          0.0,
          0.0,
          825.7479858398438,
          1607.189453125
        ],
        "h2_level": [
          475.0,
          387.6050109863281,
          133.64356994628906,
          120.06205749511719
        ],
        "e_h2_load": [
          298.09814453125,
          191.62567138671875,
          737.9107055664062,
          1257.8189697265625
        ],
        "pending_h2_energy_total": 13784.94140625,
        "pending_h2_energy_agent": [
          0.0,
          0.0,
          5840.02294921875,
          7944.91796875
        ],
        "external_min_eta": [
          0.16666666666666666,
          0.0,
          0.0,
          0.3333333333333333
        ]
      },
      {
        "step": 16,
        "actions": [
          [
            0.8291846513748169,
            0.38327187299728394,
            -0.21827654540538788,
            -0.619462788105011,
            0.8282042741775513,
            0.48290276527404785,
            -0.2514139413833618,
            -0.5406559109687805
          ],
          [
            0.6069429516792297,
            0.341117262840271,
            0.4327952563762665,
            -0.13823482394218445,
            0.397524893283844,
            -0.4133203327655792,
            -0.41863733530044556,
            -0.1536872386932373
          ],
          [
            0.46576929092407227,
            -0.5551528930664062,
            0.0054375845938920975,
            -0.0063767461106181145,
            -0.4894569516181946,
            -0.8128610849380493,
            0.7466009259223938,
            0.2518870234489441
          ],
          [
            0.7955787777900696,
            0.6528765559196472,
            0.19323694705963135,
            0.20246855914592743,
            -0.618129312992096,
            -0.6291351318359375,
            0.7525141835212708,
            -0.008699867874383926
          ]
        ],
        "intents": [
          [
            0.0,
            0.0,
            0.0
          ],
          [
            0.0,
            0.0,
            0.0
          ],
          [
            0.0,
            0.0,
            0.0
          ],
          [
            0.0,
            0.0,
            0.0
          ]
        ],
        "economic_cost": 15012.489051818848,
        "step_total_cost": 15012.489051818848,
        "terminal_settlement_cost": 0.0,
        "terminal_battery_asset_value": 2399.999948883051,
        "terminal_h2_asset_value": 1013351.1328125,
        "terminal_undelivered_h2_energy": 15787.776853027348,
        "voltage_cost": 0.0,
        "voltage_violation_area": 0.0,
        "voltage_min_pu": 0.9963294059780886,
        "voltage_max_pu": 1.0,
        "pf_converged": true,
        "pcc_p_kw": [
          -1552.9405517578125,
          -986.6688232421875,
          -422.64349365234375,
          -349.6951904296875
        ],
        "pcc_q_kvar": [
          1799.555474129312,
          814.8676303652092,
          -1045.7597245660968,
          216.50124639364185
        ],
        "p_el": [
          1829.1846923828125,
          2410.414306640625,
          366.44232177734375,
          718.2315063476562
        ],
        "p_bat": [
          0.00012548346421681345,
          7.52900741645135e-05,
          -0.0,
          5.019338641432114e-05
        ],
        "soc": [
          0.8999999761581421,
          0.8999999761581421,
          0.10000000149011612,
          0.8999999761581421
        ],
        "p_ht": [
          0.0,
          795.0498046875,
          -651.5140991210938,
          -905.400390625
        ],
        "h2_emergency_buy_energy": [
          0.0,
          0.0,
          1.52587890625e-05,
          0.0
        ],
        "h2_planned_external_order_energy": [
          0.0,
          0.0,
          0.0,
          539.0556640625
        ],
        "h2_late_order_energy": [
          0.0,
          0.0,
          608.2014770507812,
          1506.6385498046875
        ],
        "h2_level": [
          475.0,
          411.4588928222656,
          114.09619140625,
          92.89733123779297
        ],
        "e_h2_load": [
          297.3777160644531,
          178.9867706298828,
          871.3795166015625,
          1372.2508544921875
        ],
        "pending_h2_energy_total": 15787.7763671875,
        "pending_h2_energy_agent": [
          0.0,
          0.0,
          6414.1650390625,
          9373.611328125
        ],
        "external_min_eta": [
          0.3333333333333333,
          0.16666666666666666,
          0.0,
          0.3333333333333333
        ]
      },
      {
        "step": 17,
        "actions": [
          [
            0.7578632235527039,
            0.25035330653190613,
            -0.271542489528656,
            -0.6407442092895508,
            0.8260359764099121,
            0.47767993807792664,
            -0.13693787157535553,
            -0.4833601713180542
          ],
          [
            0.5150015950202942,
            0.33669325709342957,
            0.43047478795051575,
            -0.18482276797294617,
            0.3321325480937958,
            -0.43249550461769104,
            -0.4820726215839386,
            0.20596818625926971
          ],
          [
            0.5978827476501465,
            -0.49139389395713806,
            -0.1089811623096466,
            -0.02906811237335205,
            -0.4139986038208008,
            -0.8552460670471191,
            0.6845291256904602,
            0.33283454179763794
          ],
          [
            0.7911996841430664,
            0.5937286019325256,
            0.11270569264888763,
            0.10358080267906189,
            -0.5811284184455872,
            -0.7416297793388367,
            0.783027708530426,
            0.12484364211559296
          ]
        ],
        "intents": [
          [
            0.0,
            0.0,
            0.0
          ],
          [
            0.0,
            0.0,
            0.0
          ],
          [
            0.0,
            0.0,
            0.0
          ],
          [
            0.0,
            0.0,
            0.0
          ]
        ],
        "economic_cost": -767.129264831543,
        "step_total_cost": -767.129264831543,
        "terminal_settlement_cost": 0.0,
        "terminal_battery_asset_value": 2399.999948883051,
        "terminal_h2_asset_value": 1155795.703125,
        "terminal_undelivered_h2_energy": 11330.49406201172,
        "voltage_cost": 0.0,
        "voltage_violation_area": 0.0,
        "voltage_min_pu": 0.9946193642108978,
        "voltage_max_pu": 1.0,
        "pf_converged": true,
        "pcc_p_kw": [
          -408.9722900390625,
          -752.83740234375,
          -558.5079345703125,
          45.46484375
        ],
        "pcc_q_kvar": [
          2155.340631670332,
          -884.8823537454898,
          -1419.420319722451,
          -380.76841320724145
        ],
        "p_el": [
          1757.86328125,
          2272.50244140625,
          399.4706726074219,
          716.4798583984375
        ],
        "p_bat": [
          0.00012548346421681345,
          7.52900741645135e-05,
          -0.0,
          5.019338641432114e-05
        ],
        "soc": [
          0.8999999761581421,
          0.8999999761581421,
          0.10000000149011612,
          0.8999999761581421
        ],
        "p_ht": [
          0.0,
          664.2650756835938,
          -675.01123046875,
          -1150.1234130859375
        ],
        "h2_emergency_buy_energy": [
          0.0,
          0.0,
          1.52587890625e-05,
          3.0517578125e-05
        ],
        "h2_planned_external_order_energy": [
          0.0,
          0.0,
          0.0,
          0.0
        ],
        "h2_late_order_energy": [
          0.0,
          0.0,
          470.4502868652344,
          1049.6290283203125
        ],
        "h2_level": [
          475.0,
          431.3888244628906,
          147.98399353027344,
          181.5384063720703
        ],
        "e_h2_load": [
          288.3995361328125,
          174.5757598876953,
          914.6936645507812,
          1615.8353271484375
        ],
        "pending_h2_energy_total": 11330.494140625,
        "pending_h2_energy_agent": [
          0.0,
          0.0,
          5057.54296875,
          6272.95166015625
        ],
        "external_min_eta": [
          0.16666666666666666,
          0.3333333333333333,
          0.0,
          0.0
        ]
      },
      {
        "step": 18,
        "actions": [
          [
            0.6331226825714111,
            -0.022899258881807327,
            -0.25006043910980225,
            -0.6918168663978577,
            0.8180415630340576,
            0.48209965229034424,
            -0.039308782666921616,
            -0.3442728519439697
          ],
          [
            0.38643816113471985,
            0.25615066289901733,
            0.31497424840927124,
            -0.28295958042144775,
            0.23439764976501465,
            -0.4928276240825653,
            -0.48209306597709656,
            0.4785131514072418
          ],
          [
            0.7105047106742859,
            -0.5262438654899597,
            -0.27659672498703003,
            -0.003727775765582919,
            -0.39571142196655273,
            -0.8793166875839233,
            0.5876461267471313,
            0.42915257811546326
          ],
          [
            0.7528499364852905,
            0.5808331370353699,
            0.05969487875699997,
            0.13187505304813385,
            -0.6009335517883301,
            -0.7921336889266968,
            0.7865660190582275,
            0.2382807433605194
          ]
        ],
        "intents": [
          [
            0.0,
            0.0,
            0.0
          ],
          [
            0.0,
            0.0,
            0.0
          ],
          [
            0.0,
            0.0,
            0.0
          ],
          [
            0.0,
            0.0,
            0.0
          ]
        ],
        "economic_cost": -733.1858215332031,
        "step_total_cost": -733.1858215332031,
        "terminal_settlement_cost": 0.0,
        "terminal_battery_asset_value": 2385.5373994802358,
        "terminal_h2_asset_value": 1167850.546875,
        "terminal_undelivered_h2_energy": 10795.96071533203,
        "voltage_cost": 0.0,
        "voltage_violation_area": 0.0,
        "voltage_min_pu": 0.9945258414048673,
        "voltage_max_pu": 1.0,
        "pf_converged": true,
        "pcc_p_kw": [
          792.4130859375,
          -790.78759765625,
          -796.3663940429688,
          511.49237060546875
        ],
        "pcc_q_kvar": [
          1785.0270330005112,
          -2185.068411043712,
          -1890.1154102989422,
          -932.0371683913943
        ],
        "p_el": [
          1633.1226806640625,
          2079.6572265625,
          427.6261901855469,
          701.1399536132812
        ],
        "p_bat": [
          -45.798519134521484,
          7.52900741645135e-05,
          -0.0,
          5.019338641432114e-05
        ],
        "soc": [
          0.8903582096099854,
          0.8999999761581421,
          0.10000000149011612,
          0.8999999761581421
        ],
        "p_ht": [
          0.0,
          468.7952880859375,
          -627.2529296875,
          -1154.3529052734375
        ],
        "h2_emergency_buy_energy": [
          0.0,
          0.0,
          3.0517578125e-05,
          0.0
        ],
        "h2_planned_external_order_energy": [
          0.0,
          0.0,
          0.0,
          0.0
        ],
        "h2_late_order_energy": [
          0.0,
          0.0,
          392.22076416015625,
          844.4569091796875
        ],
        "h2_level": [
          475.0,
          445.4541015625,
          180.6088409423828,
          146.90435791015625
        ],
        "e_h2_load": [
          306.9000549316406,
          213.99221801757812,
          883.8286743164062,
          1610.0938720703125
        ],
        "pending_h2_energy_total": 10795.9609375,
        "pending_h2_energy_agent": [
          0.0,
          0.0,
          3719.435546875,
          7076.52490234375
        ],
        "external_min_eta": [
          0.0,
          0.16666666666666666,
          0.0,
          0.0
        ]
      },
      {
        "step": 19,
        "actions": [
          [
            0.5197644829750061,
            -0.33159029483795166,
            -0.24920998513698578,
            -0.7129786014556885,
            0.8334845304489136,
            0.541656494140625,
            -0.026563599705696106,
            -0.06351909041404724
          ],
          [
            0.25346216559410095,
            0.12187475711107254,
            0.12353181838989258,
            -0.27421408891677856,
            0.24305397272109985,
            -0.47978174686431885,
            -0.5136711597442627,
            0.7005008459091187
          ],
          [
            0.7334413528442383,
            -0.5854182243347168,
            -0.3077346682548523,
            0.0025546641554683447,
            -0.4676443934440613,
            -0.9069154262542725,
            0.45344969630241394,
            0.4551779329776764
          ],
          [
            0.7129218578338623,
            0.632621705532074,
            0.028377609327435493,
            0.14554497599601746,
            -0.6232928037643433,
            -0.8089234828948975,
            0.7491579055786133,
            0.29310327768325806
          ]
        ],
        "intents": [
          [
            0.0,
            0.0,
            0.0
          ],
          [
            0.0,
            0.0,
            0.0
          ],
          [
            0.0,
            0.0,
            0.0
          ],
          [
            0.0,
            0.0,
            0.0
          ]
        ],
        "economic_cost": -1918.9031982421875,
        "step_total_cost": -1918.9031982421875,
        "terminal_settlement_cost": 0.0,
        "terminal_battery_asset_value": 2176.1119028771645,
        "terminal_h2_asset_value": 1191887.6953125,
        "terminal_undelivered_h2_energy": 8581.214047363283,
        "voltage_cost": 0.0,
        "voltage_violation_area": 0.0,
        "voltage_min_pu": 0.9981479073689464,
        "voltage_max_pu": 1.0012230936199509,
        "pf_converged": true,
        "pcc_p_kw": [
          1084.899658203125,
          -766.8310546875,
          -858.07275390625,
          884.6878662109375
        ],
        "pcc_q_kvar": [
          520.3169101968144,
          -3231.4920650862996,
          -1971.3393242352754,
          -1191.215198576351
        ],
        "p_el": [
          1519.7645263671875,
          1880.1932373046875,
          433.3603515625,
          685.1687622070312
        ],
        "p_bat": [
          -663.1806030273438,
          7.52900741645135e-05,
          -0.0,
          5.019338641432114e-05
        ],
        "soc": [
          0.7507412433624268,
          0.8999999761581421,
          0.10000000149011612,
          0.8999999761581421
        ],
        "p_ht": [
          0.0,
          486.1079406738281,
          -897.2025146484375,
          -1292.837158203125
        ],
        "h2_emergency_buy_energy": [
          0.0,
          0.0,
          0.0,
          0.0
        ],
        "h2_planned_external_order_energy": [
          0.0,
          0.0,
          0.0,
          0.0
        ],
        "h2_late_order_energy": [
          0.0,
          0.0,
          302.5248718261719,
          0.0
        ],
        "h2_level": [
          475.0,
          460.0387878417969,
          169.4785614013672,
          167.48951721191406
        ],
        "e_h2_load": [
          358.4935607910156,
          269.2809143066406,
          1157.21875,
          1738.19677734375
        ],
        "pending_h2_energy_total": 8581.2138671875,
        "pending_h2_energy_agent": [
          0.0,
          0.0,
          3483.629638671875,
          5097.583984375
        ],
        "external_min_eta": [
          0.0,
          0.16666666666666666,
          0.16666666666666666,
          0.0
        ]
      },
      {
        "step": 20,
        "actions": [
          [
            0.43833401799201965,
            -0.4466691017150879,
            -0.23896241188049316,
            -0.7052991986274719,
            0.8379722833633423,
            0.6085382699966431,
            0.02130529098212719,
            0.2793402671813965
          ],
          [
            0.1921234130859375,
            -0.00813928060233593,
            -0.046728070825338364,
            -0.24605116248130798,
            0.2674989104270935,
            -0.4255518615245819,
            -0.5479200482368469,
            0.7971704602241516
          ],
          [
            0.7168653607368469,
            -0.6589645147323608,
            -0.3678567409515381,
            0.015404993668198586,
            -0.544508695602417,
            -0.9170532822608948,
            0.31187450885772705,
            0.46323785185813904
          ],
          [
            0.6568257212638855,
            0.6520684957504272,
            0.011022873222827911,
            0.2058842033147812,
            -0.6335440874099731,
            -0.8156368732452393,
            0.7031397223472595,
            0.34025412797927856
          ]
        ],
        "intents": [
          [
            0.0,
            0.0,
            0.0
          ],
          [
            0.0,
            0.0,
            0.0
          ],
          [
            0.0,
            0.0,
            0.0
          ],
          [
            0.0,
            0.0,
            0.0
          ]
        ],
        "economic_cost": 1002.0585327148438,
        "step_total_cost": 1002.0585327148438,
        "terminal_settlement_cost": 0.0,
        "terminal_battery_asset_value": 1894.005104557873,
        "terminal_h2_asset_value": 1185695.859375,
        "terminal_undelivered_h2_energy": 6669.324072753906,
        "voltage_cost": 0.0,
        "voltage_violation_area": 0.0,
        "voltage_min_pu": 0.9978019199242826,
        "voltage_max_pu": 1.0008375214503855,
        "pf_converged": true,
        "pcc_p_kw": [
          1212.1494140625,
          -712.9019165039062,
          -235.11900329589844,
          1134.4603271484375
        ],
        "pcc_q_kvar": [
          -1048.7448078118566,
          -3651.108496161139,
          -1875.4404933464398,
          -1376.747634788005
        ],
        "p_el": [
          1438.333984375,
          1788.18505859375,
          429.2163391113281,
          662.7302856445312
        ],
        "p_bat": [
          -893.3381958007812,
          -0.0,
          -0.0,
          5.019338641432114e-05
        ],
        "soc": [
          0.5626700520515442,
          0.8999999761581421,
          0.10000000149011612,
          0.8999999761581421
        ],
        "p_ht": [
          0.0,
          498.6571960449219,
          -1691.6585693359375,
          -1639.693359375
        ],
        "h2_emergency_buy_energy": [
          0.0,
          0.0,
          0.0,
          0.0
        ],
        "h2_planned_external_order_energy": [
          0.0,
          0.0,
          0.0,
          0.0
        ],
        "h2_late_order_energy": [
          0.0,
          0.0,
          0.0,
          748.9752197265625
        ],
        "h2_level": [
          475.0,
          475.0,
          146.68731689453125,
          169.12698364257812
        ],
        "e_h2_load": [
          430.5545959472656,
          358.79022216796875,
          1949.1883544921875,
          2070.468017578125
        ],
        "pending_h2_energy_total": 6669.32421875,
        "pending_h2_energy_agent": [
          0.0,
          0.0,
          2551.603515625,
          4117.720703125
        ],
        "external_min_eta": [
          0.0,
          0.16666666666666666,
          0.16666666666666666,
          0.0
        ]
      },
      {
        "step": 21,
        "actions": [
          [
            0.3659600019454956,
            -0.4041662812232971,
            -0.2627049684524536,
            -0.6468164324760437,
            0.8459278345108032,
            0.657267153263092,
            0.0587591789662838,
            0.5547060966491699
          ],
          [
            0.21753454208374023,
            -0.11005561053752899,
            -0.15959618985652924,
            -0.046515677124261856,
            0.3035343885421753,
            -0.2524300515651703,
            -0.540137529373169,
            0.7954925894737244
          ],
          [
            0.6880812644958496,
            -0.6589432954788208,
            -0.3167361319065094,
            0.024811657145619392,
            -0.6214501857757568,
            -0.9249333143234253,
            0.15219227969646454,
            0.38734763860702515
          ],
          [
            0.6128536462783813,
            0.6446672677993774,
            -0.042544346302747726,
            0.2595570683479309,
            -0.5990937352180481,
            -0.8280742168426514,
            0.6560128331184387,
            0.40642234683036804
          ]
        ],
        "intents": [
          [
            0.0,
            0.0,
            0.0
          ],
          [
            0.0,
            0.0,
            0.0
          ],
          [
            0.0,
            0.0,
            0.0
          ],
          [
            0.0,
            0.0,
            0.0
          ]
        ],
        "economic_cost": -597.7485961914062,
        "step_total_cost": -597.7485961914062,
        "terminal_settlement_cost": 0.0,
        "terminal_battery_asset_value": 1638.74215496151,
        "terminal_h2_asset_value": 1152045.46875,
        "terminal_undelivered_h2_energy": 4825.440342773438,
        "voltage_cost": 0.0,
        "voltage_violation_area": 0.0,
        "voltage_min_pu": 0.9979240902141198,
        "voltage_max_pu": 1.0023909772065478,
        "pf_converged": true,
        "pcc_p_kw": [
          1330.6964111328125,
          -734.761474609375,
          -98.9033203125,
          1221.822021484375
        ],
        "pcc_q_kvar": [
          -2321.1230693562684,
          -3631.1382331848145,
          -1514.535816192627,
          -1660.3023319244385
        ],
        "p_el": [
          1365.9599609375,
          1826.3017578125,
          422.02032470703125,
          645.1414794921875
        ],
        "p_bat": [
          -808.3325805664062,
          -0.0,
          -0.0,
          5.019338641432114e-05
        ],
        "soc": [
          0.3924947679042816,
          0.8999999761581421,
          0.10000000149011612,
          0.8999999761581421
        ],
        "p_ht": [
          0.0,
          0.0,
          -1578.822509765625,
          -2051.658203125
        ],
        "h2_emergency_buy_energy": [
          0.0,
          0.0,
          0.0,
          9.1552734375e-05
        ],
        "h2_planned_external_order_energy": [
          0.0,
          0.0,
          0.0,
          0.0
        ],
        "h2_late_order_energy": [
          0.0,
          0.0,
          0.0,
          698.448486328125
        ],
        "h2_level": [
          475.0,
          475.0,
          125.19959259033203,
          156.96112060546875
        ],
        "e_h2_load": [
          503.98095703125,
          397.8164978027344,
          1832.03466796875,
          2471.000244140625
        ],
        "pending_h2_energy_total": 4825.4404296875,
        "pending_h2_energy_agent": [
          0.0,
          0.0,
          1688.9666748046875,
          3136.4736328125
        ],
        "external_min_eta": [
          0.0,
          0.0,
          0.16666666666666666,
          0.0
        ]
      },
      {
        "step": 22,
        "actions": [
          [
            0.31367605924606323,
            -0.204475998878479,
            -0.23425136506557465,
            -0.6056002378463745,
            0.8458383083343506,
            0.6717491745948792,
            0.13429972529411316,
            0.6591394543647766
          ],
          [
            0.29976460337638855,
            -0.12087736278772354,
            -0.23788109421730042,
            0.03709226846694946,
            0.2348761111497879,
            -0.1668483316898346,
            -0.40977829694747925,
            0.6553156971931458
          ],
          [
            0.6799426674842834,
            -0.6505113244056702,
            -0.3248875141143799,
            0.07690924406051636,
            -0.6423172950744629,
            -0.9165927171707153,
            -0.000894674682058394,
            0.3299557566642761
          ],
          [
            0.5956065654754639,
            0.640669584274292,
            -0.1106358990073204,
            0.3304765522480011,
            -0.5796284675598145,
            -0.8293060660362244,
            0.6475112438201904,
            0.4507916569709778
          ]
        ],
        "intents": [
          [
            0.0,
            0.0,
            0.0
          ],
          [
            0.0,
            0.0,
            0.0
          ],
          [
            0.0,
            0.0,
            0.0
          ],
          [
            0.0,
            0.0,
            0.0
          ]
        ],
        "economic_cost": -2623.6611328125,
        "step_total_cost": -2623.6611328125,
        "terminal_settlement_cost": 0.0,
        "terminal_battery_asset_value": 1509.5993275642104,
        "terminal_h2_asset_value": 1133418.28125,
        "terminal_undelivered_h2_energy": 2853.737115234375,
        "voltage_cost": 0.0,
        "voltage_violation_area": 0.0,
        "voltage_min_pu": 0.997998492942068,
        "voltage_max_pu": 1.0026915095113937,
        "pf_converged": true,
        "pcc_p_kw": [
          1522.3880615234375,
          -785.083740234375,
          -175.1298828125,
          1097.7293701171875
        ],
        "pcc_q_kvar": [
          -2904.8133280762468,
          -2995.6544151306152,
          -1318.1248512268066,
          -1909.7511405944824
        ],
        "p_el": [
          1313.676025390625,
          1949.6468505859375,
          419.98565673828125,
          638.2426147460938
        ],
        "p_bat": [
          -408.9519958496094,
          -0.0,
          -0.0,
          5.019338641432114e-05
        ],
        "soc": [
          0.3063996136188507,
          0.8999999761581421,
          0.10000000149011612,
          0.8999999761581421
        ],
        "p_ht": [
          0.0,
          0.0,
          -1164.1632080078125,
          -1688.680908203125
        ],
        "h2_emergency_buy_energy": [
          0.0,
          0.0,
          4.57763671875e-05,
          0.0
        ],
        "h2_planned_external_order_energy": [
          0.0,
          0.0,
          0.0,
          0.0
        ],
        "h2_late_order_energy": [
          0.0,
          0.0,
          271.07366943359375,
          0.0
        ],
        "h2_level": [
          475.0,
          475.0,
          132.23167419433594,
          131.29986572265625
        ],
        "e_h2_load": [
          396.1825256347656,
          313.05194091796875,
          1416.1546630859375,
          2103.53857421875
        ],
        "pending_h2_energy_total": 2853.737060546875,
        "pending_h2_energy_agent": [
          0.0,
          0.0,
          550.6546020507812,
          2303.08251953125
        ],
        "external_min_eta": [
          0.0,
          0.0,
          0.16666666666666666,
          0.0
        ]
      },
      {
        "step": 23,
        "actions": [
          [
            0.25121158361434937,
            0.0295290295034647,
            -0.24128295481204987,
            -0.5578076243400574,
            0.8623824715614319,
            0.6755999326705933,
            0.23171325027942657,
            0.6716702580451965
          ],
          [
            0.3560483157634735,
            -0.1120653972029686,
            -0.3458254635334015,
            0.13850454986095428,
            0.20491349697113037,
            -0.09570401906967163,
            -0.34013378620147705,
            0.49289098381996155
          ],
          [
            0.5952284336090088,
            -0.6332139372825623,
            -0.28469792008399963,
            0.08869660645723343,
            -0.6222178339958191,
            -0.9045886993408203,
            -0.14850138127803802,
            0.18446461856365204
          ],
          [
            0.5899866223335266,
            0.6219131350517273,
            -0.19852426648139954,
            0.3457441031932831,
            -0.5213932394981384,
            -0.8343276977539062,
            0.5827398300170898,
            0.46835386753082275
          ]
        ],
        "intents": [
          [
            0.0,
            0.0,
            0.0
          ],
          [
            0.0,
            0.0,
            0.0
          ],
          [
            0.0,
            0.0,
            0.0
          ],
          [
            0.0,
            0.0,
            0.0
          ]
        ],
        "economic_cost": -1573.7177734375,
        "step_total_cost": -535085.4611755384,
        "terminal_settlement_cost": -533511.7434021009,
        "terminal_battery_asset_value": 1526.4309688580397,
        "terminal_h2_asset_value": 1093609.3359375,
        "terminal_undelivered_h2_energy": 2997.178001953125,
        "voltage_cost": 0.0,
        "voltage_violation_area": 0.0,
        "voltage_min_pu": 0.9978266669063178,
        "voltage_max_pu": 1.0009088226869114,
        "pf_converged": true,
        "pcc_p_kw": [
          1781.2630615234375,
          -851.859130859375,
          -482.125732421875,
          950.079345703125
        ],
        "pcc_q_kvar": [
          -3029.4380095536544,
          -2245.0857677459717,
          -685.6503839492798,
          -2043.8847274780273
        ],
        "p_el": [
          1251.2115478515625,
          2034.072509765625,
          398.8070983886719,
          635.99462890625
        ],
        "p_bat": [
          59.05805969238281,
          -0.0,
          -0.0,
          5.019338641432114e-05
        ],
        "soc": [
          0.3176206350326538,
          0.8999999761581421,
          0.10000000149011612,
          0.8999999761581421
        ],
        "p_ht": [
          0.0,
          0.0,
          -841.1827392578125,
          -1280.7611083984375
        ],
        "h2_emergency_buy_energy": [
          0.0,
          0.0,
          3.0517578125e-05,
          0.0
        ],
        "h2_planned_external_order_energy": [
          0.0,
          0.0,
          0.0,
          0.0
        ],
        "h2_late_order_energy": [
          0.0,
          0.0,
          310.08673095703125,
          673.043701171875
        ],
        "h2_level": [
          475.0,
          475.0,
          115.7072525024414,
          108.01139068603516
        ],
        "e_h2_load": [
          307.501708984375,
          243.0540771484375,
          1080.467041015625,
          1694.1575927734375
        ],
        "pending_h2_energy_total": 2997.177978515625,
        "pending_h2_energy_agent": [
          0.0,
          0.0,
          557.9140014648438,
          2439.263916015625
        ],
        "external_min_eta": [
          0.0,
          0.0,
          0.16666666666666666,
          0.0
        ]
      }
    ]
  }
}
