{
  "variant": "v6q_nocomm_gru_mappopen10_knee97",
  "exploratory": true,
  "target_updates": 1000,
  "resumed_from_update": 425,
  "dimensions": {
    "num_agents": 4,
    "action_dim": 8,
    "base_obs_dim": 32,
    "actor_obs_dim": 40
  },
  "metrics": [
    {
      "update": 426,
      "algorithm": "mappo_penalty",
      "actor_loss": 0.09085787832736969,
      "reward_critic_loss": 0.006669250782579184,
      "cost_critic_loss": 0.04514346271753311,
      "reward_critic_loss_last": 0.005454341880977154,
      "cost_critic_loss_last": 0.04589630290865898,
      "critic_epochs": 8,
      "daily_voltage_cost": 0.002412205096334219,
      "daily_voltage_cost_raw": 0.002412205096334219,
      "daily_voltage_cost_normalized": 0.12061026692390442,
      "daily_economic_return_raw_yuan": -5136486.0,
      "daily_economic_return_normalized": -1.6297484636306763,
      "daily_economic_cost_raw_yuan": 5136486.0,
      "economic_reward_scale_yuan": 3151704.8194007874,
      "lagrange_multiplier": 0.0,
      "cost_budget": 1.0,
      "cost_budget_raw": 0.02,
      "cost_budget_normalized": 1.0,
      "algorithm_cost_mode": "fixed_penalty",
      "fixed_cost_penalty_coef": 10.0,
      "log_std_max": -2.3,
      "rollout_wall_seconds": 5.036515846848488,
      "update_wall_seconds": 9.930865848436952,
      "total_wall_seconds": 14.967383291572332
    },
    {
      "update": 427,
      "algorithm": "mappo_penalty",
      "actor_loss": 0.09216809272766113,
      "reward_critic_loss": 0.006190448999404907,
      "cost_critic_loss": 0.005918493028730154,
      "reward_critic_loss_last": 0.005233090370893478,
      "cost_critic_loss_last": 0.005410771816968918,
      "critic_epochs": 8,
      "daily_voltage_cost": 0.0001734544348437339,
      "daily_voltage_cost_raw": 0.0001734544348437339,
      "daily_voltage_cost_normalized": 0.008672721683979034,
      "daily_economic_return_raw_yuan": -5316361.5,
      "daily_economic_return_normalized": -1.6868208646774292,
      "daily_economic_cost_raw_yuan": 5316361.5,
      "economic_reward_scale_yuan": 3151704.8194007874,
      "lagrange_multiplier": 0.0,
      "cost_budget": 1.0,
      "cost_budget_raw": 0.02,
      "cost_budget_normalized": 1.0,
      "algorithm_cost_mode": "fixed_penalty",
      "fixed_cost_penalty_coef": 10.0,
      "log_std_max": -2.3,
      "rollout_wall_seconds": 1.1642198115587234,
      "update_wall_seconds": 0.5099204629659653,
      "total_wall_seconds": 1.6741423457860947
    },
    {
      "update": 428,
      "algorithm": "mappo_penalty",
      "actor_loss": 0.09220658242702484,
      "reward_critic_loss": 0.007021659519523382,
      "cost_critic_loss": 0.01302807591855526,
      "reward_critic_loss_last": 0.006620514206588268,
      "cost_critic_loss_last": 0.012623917311429977,
      "critic_epochs": 8,
      "daily_voltage_cost": 0.0011200187727808952,
      "daily_voltage_cost_raw": 0.0011200187727808952,
      "daily_voltage_cost_normalized": 0.05600093677639961,
      "daily_economic_return_raw_yuan": -5190939.0,
      "daily_economic_return_normalized": -1.6470258235931396,
      "daily_economic_cost_raw_yuan": 5190939.0,
      "economic_reward_scale_yuan": 3151704.8194007874,
      "lagrange_multiplier": 0.0,
      "cost_budget": 1.0,
      "cost_budget_raw": 0.02,
      "cost_budget_normalized": 1.0,
      "algorithm_cost_mode": "fixed_penalty",
      "fixed_cost_penalty_coef": 10.0,
      "log_std_max": -2.3,
      "rollout_wall_seconds": 1.0338551923632622,
      "update_wall_seconds": 0.468666173517704,
      "total_wall_seconds": 1.5025233328342438
    },
    {
      "update": 429,
      "algorithm": "mappo_penalty",
      "actor_loss": 0.09138867259025574,
      "reward_critic_loss": 0.0050399573519825935,
      "cost_critic_loss": 0.02825518324971199,
      "reward_critic_loss_last": 0.003994602244347334,
      "cost_critic_loss_last": 0.0277535580098629,
      "critic_epochs": 8,
      "daily_voltage_cost": 0.0019929197151213884,
      "daily_voltage_cost_raw": 0.0019929197151213884,
      "daily_voltage_cost_normalized": 0.09964599460363388,
      "daily_economic_return_raw_yuan": -5047181.5,
      "daily_economic_return_normalized": -1.6014132499694824,
      "daily_economic_cost_raw_yuan": 5047181.5,
      "economic_reward_scale_yuan": 3151704.8194007874,
      "lagrange_multiplier": 0.0,
      "cost_budget": 1.0,
      "cost_budget_raw": 0.02,
      "cost_budget_normalized": 1.0,
      "algorithm_cost_mode": "fixed_penalty",
      "fixed_cost_penalty_coef": 10.0,
      "log_std_max": -2.3,
      "rollout_wall_seconds": 0.8953341487795115,
      "update_wall_seconds": 0.47327231615781784,
      "total_wall_seconds": 1.368608247488737
    },
    {
      "update": 430,
      "algorithm": "mappo_penalty",
      "actor_loss": 0.09126918017864227,
      "reward_critic_loss": 0.004129828419536352,
      "cost_critic_loss": 0.022940855473279953,
      "reward_critic_loss_last": 0.003863319754600525,
      "cost_critic_loss_last": 0.0224433746188879,
      "critic_epochs": 8,
      "daily_voltage_cost": 0.001633038162253797,
      "daily_voltage_cost_raw": 0.001633038162253797,
      "daily_voltage_cost_normalized": 0.08165191113948822,
      "daily_economic_return_raw_yuan": -5150225.5,
      "daily_economic_return_normalized": -1.6341078281402588,
      "daily_economic_cost_raw_yuan": 5150225.5,
      "economic_reward_scale_yuan": 3151704.8194007874,
      "lagrange_multiplier": 0.0,
      "cost_budget": 1.0,
      "cost_budget_raw": 0.02,
      "cost_budget_normalized": 1.0,
      "algorithm_cost_mode": "fixed_penalty",
      "fixed_cost_penalty_coef": 10.0,
      "log_std_max": -2.3,
      "rollout_wall_seconds": 1.2663260772824287,
      "update_wall_seconds": 0.4838485885411501,
      "total_wall_seconds": 1.7501764465123415
    },
    {
      "update": 431,
      "algorithm": "mappo_penalty",
      "actor_loss": 0.09116409718990326,
      "reward_critic_loss": 0.0051748743280768394,
      "cost_critic_loss": 0.0061668953858315945,
      "reward_critic_loss_last": 0.004895950201898813,
      "cost_critic_loss_last": 0.005945980083197355,
      "critic_epochs": 8,
      "daily_voltage_cost": 0.00025336729595437646,
      "daily_voltage_cost_raw": 0.00025336729595437646,
      "daily_voltage_cost_normalized": 0.012668365612626076,
      "daily_economic_return_raw_yuan": -5162374.5,
      "daily_economic_return_normalized": -1.6379625797271729,
      "daily_economic_cost_raw_yuan": 5162374.5,
      "economic_reward_scale_yuan": 3151704.8194007874,
      "lagrange_multiplier": 0.0,
      "cost_budget": 1.0,
      "cost_budget_raw": 0.02,
      "cost_budget_normalized": 1.0,
      "algorithm_cost_mode": "fixed_penalty",
      "fixed_cost_penalty_coef": 10.0,
      "log_std_max": -2.3,
      "rollout_wall_seconds": 1.4227391611784697,
      "update_wall_seconds": 0.49740565195679665,
      "total_wall_seconds": 1.9201463852077723
    },
    {
      "update": 432,
      "algorithm": "mappo_penalty",
      "actor_loss": 0.09148916602134705,
      "reward_critic_loss": 0.007993594743311405,
      "cost_critic_loss": 0.020968671888113022,
      "reward_critic_loss_last": 0.007217860780656338,
      "cost_critic_loss_last": 0.020015615969896317,
      "critic_epochs": 8,
      "daily_voltage_cost": 0.001667624688707292,
      "daily_voltage_cost_raw": 0.001667624688707292,
      "daily_voltage_cost_normalized": 0.08338123559951782,
      "daily_economic_return_raw_yuan": -4992959.0,
      "daily_economic_return_normalized": -1.5842089653015137,
      "daily_economic_cost_raw_yuan": 4992959.0,
      "economic_reward_scale_yuan": 3151704.8194007874,
      "lagrange_multiplier": 0.0,
      "cost_budget": 1.0,
      "cost_budget_raw": 0.02,
      "cost_budget_normalized": 1.0,
      "algorithm_cost_mode": "fixed_penalty",
      "fixed_cost_penalty_coef": 10.0,
      "log_std_max": -2.3,
      "rollout_wall_seconds": 1.3248394969850779,
      "update_wall_seconds": 0.4949043169617653,
      "total_wall_seconds": 1.8197458554059267
    },
    {
      "update": 433,
      "algorithm": "mappo_penalty",
      "actor_loss": 0.09164666384458542,
      "reward_critic_loss": 0.004746041726320982,
      "cost_critic_loss": 0.01208806224167347,
      "reward_critic_loss_last": 0.00420380849391222,
      "cost_critic_loss_last": 0.01158018596470356,
      "critic_epochs": 8,
      "daily_voltage_cost": 0.0004909175913780928,
      "daily_voltage_cost_raw": 0.0004909175913780928,
      "daily_voltage_cost_normalized": 0.024545881897211075,
      "daily_economic_return_raw_yuan": -5108984.0,
      "daily_economic_return_normalized": -1.6210224628448486,
      "daily_economic_cost_raw_yuan": 5108984.0,
      "economic_reward_scale_yuan": 3151704.8194007874,
      "lagrange_multiplier": 0.0,
      "cost_budget": 1.0,
      "cost_budget_raw": 0.02,
      "cost_budget_normalized": 1.0,
      "algorithm_cost_mode": "fixed_penalty",
      "fixed_cost_penalty_coef": 10.0,
      "log_std_max": -2.3,
      "rollout_wall_seconds": 1.3426269013434649,
      "update_wall_seconds": 0.5021362248808146,
      "total_wall_seconds": 1.8447652664035559
    },
    {
      "update": 434,
      "algorithm": "mappo_penalty",
      "actor_loss": 0.09236548840999603,
      "reward_critic_loss": 0.004507454577833414,
      "cost_critic_loss": 0.020369334146380424,
      "reward_critic_loss_last": 0.003979924134910107,
      "cost_critic_loss_last": 0.01766965538263321,
      "critic_epochs": 8,
      "daily_voltage_cost": 0.0008406757842749357,
      "daily_voltage_cost_raw": 0.0008406757842749357,
      "daily_voltage_cost_normalized": 0.04203379526734352,
      "daily_economic_return_raw_yuan": -5199263.5,
      "daily_economic_return_normalized": -1.6496670246124268,
      "daily_economic_cost_raw_yuan": 5199263.5,
      "economic_reward_scale_yuan": 3151704.8194007874,
      "lagrange_multiplier": 0.0,
      "cost_budget": 1.0,
      "cost_budget_raw": 0.02,
      "cost_budget_normalized": 1.0,
      "algorithm_cost_mode": "fixed_penalty",
      "fixed_cost_penalty_coef": 10.0,
      "log_std_max": -2.3,
      "rollout_wall_seconds": 1.4532664977014065,
      "update_wall_seconds": 0.4923595581203699,
      "total_wall_seconds": 1.9456287920475006
    },
    {
      "update": 435,
      "algorithm": "mappo_penalty",
      "actor_loss": 0.09245195984840393,
      "reward_critic_loss": 0.0035991184413433075,
      "cost_critic_loss": 0.007785730995237827,
      "reward_critic_loss_last": 0.0032611440401524305,
      "cost_critic_loss_last": 0.00720378290861845,
      "critic_epochs": 8,
      "daily_voltage_cost": 0.00023278700246009976,
      "daily_voltage_cost_raw": 0.00023278700246009976,
      "daily_voltage_cost_normalized": 0.011639350093901157,
      "daily_economic_return_raw_yuan": -5031211.0,
      "daily_economic_return_normalized": -1.5963459014892578,
      "daily_economic_cost_raw_yuan": 5031211.0,
      "economic_reward_scale_yuan": 3151704.8194007874,
      "lagrange_multiplier": 0.0,
      "cost_budget": 1.0,
      "cost_budget_raw": 0.02,
      "cost_budget_normalized": 1.0,
      "algorithm_cost_mode": "fixed_penalty",
      "fixed_cost_penalty_coef": 10.0,
      "log_std_max": -2.3,
      "rollout_wall_seconds": 1.3681109603494406,
      "update_wall_seconds": 0.4983916003257036,
      "total_wall_seconds": 1.8665041513741016
    },
    {
      "update": 436,
      "algorithm": "mappo_penalty",
      "actor_loss": 0.09196107089519501,
      "reward_critic_loss": 0.003865516511723399,
      "cost_critic_loss": 0.0279346015304327,
      "reward_critic_loss_last": 0.0036797812208533287,
      "cost_critic_loss_last": 0.02662803791463375,
      "critic_epochs": 8,
      "daily_voltage_cost": 0.0020200975704938173,
      "daily_voltage_cost_raw": 0.0020200975704938173,
      "daily_voltage_cost_normalized": 0.10100488364696503,
      "daily_economic_return_raw_yuan": -5168006.0,
      "daily_economic_return_normalized": -1.6397494077682495,
      "daily_economic_cost_raw_yuan": 5168006.0,
      "economic_reward_scale_yuan": 3151704.8194007874,
      "lagrange_multiplier": 0.0,
      "cost_budget": 1.0,
      "cost_budget_raw": 0.02,
      "cost_budget_normalized": 1.0,
      "algorithm_cost_mode": "fixed_penalty",
      "fixed_cost_penalty_coef": 10.0,
      "log_std_max": -2.3,
      "rollout_wall_seconds": 1.3543955702334642,
      "update_wall_seconds": 0.5005739107728004,
      "total_wall_seconds": 1.8549716398119926
    },
    {
      "update": 437,
      "algorithm": "mappo_penalty",
      "actor_loss": 0.09379264712333679,
      "reward_critic_loss": 0.006339319050312042,
      "cost_critic_loss": 0.26272067427635193,
      "reward_critic_loss_last": 0.00598679855465889,
      "cost_critic_loss_last": 0.23706719279289246,
      "critic_epochs": 8,
      "daily_voltage_cost": 0.005957468878477812,
      "daily_voltage_cost_raw": 0.005957468878477812,
      "daily_voltage_cost_normalized": 0.2978734076023102,
      "daily_economic_return_raw_yuan": -5248709.5,
      "daily_economic_return_normalized": -1.6653556823730469,
      "daily_economic_cost_raw_yuan": 5248709.5,
      "economic_reward_scale_yuan": 3151704.8194007874,
      "lagrange_multiplier": 0.0,
      "cost_budget": 1.0,
      "cost_budget_raw": 0.02,
      "cost_budget_normalized": 1.0,
      "algorithm_cost_mode": "fixed_penalty",
      "fixed_cost_penalty_coef": 10.0,
      "log_std_max": -2.3,
      "rollout_wall_seconds": 1.432620920240879,
      "update_wall_seconds": 0.5089782439172268,
      "total_wall_seconds": 1.9416007958352566
    },
    {
      "update": 438,
      "algorithm": "mappo_penalty",
      "actor_loss": 0.09174209088087082,
      "reward_critic_loss": 0.004273531958460808,
      "cost_critic_loss": 0.03212327882647514,
      "reward_critic_loss_last": 0.004037411417812109,
      "cost_critic_loss_last": 0.03714980185031891,
      "critic_epochs": 8,
      "daily_voltage_cost": 0.001214575138874352,
      "daily_voltage_cost_raw": 0.001214575138874352,
      "daily_voltage_cost_normalized": 0.060728758573532104,
      "daily_economic_return_raw_yuan": -5118039.0,
      "daily_economic_return_normalized": -1.6238954067230225,
      "daily_economic_cost_raw_yuan": 5118039.0,
      "economic_reward_scale_yuan": 3151704.8194007874,
      "lagrange_multiplier": 0.0,
      "cost_budget": 1.0,
      "cost_budget_raw": 0.02,
      "cost_budget_normalized": 1.0,
      "algorithm_cost_mode": "fixed_penalty",
      "fixed_cost_penalty_coef": 10.0,
      "log_std_max": -2.3,
      "rollout_wall_seconds": 1.3328472040593624,
      "update_wall_seconds": 0.5157367493957281,
      "total_wall_seconds": 1.848585743457079
    },
    {
      "update": 439,
      "algorithm": "mappo_penalty",
      "actor_loss": 0.09296625852584839,
      "reward_critic_loss": 0.005473907571285963,
      "cost_critic_loss": 0.6961435675621033,
      "reward_critic_loss_last": 0.005178980063647032,
      "cost_critic_loss_last": 0.6800341606140137,
      "critic_epochs": 8,
      "daily_voltage_cost": 0.010095521807670593,
      "daily_voltage_cost_raw": 0.010095521807670593,
      "daily_voltage_cost_normalized": 0.5047760605812073,
      "daily_economic_return_raw_yuan": -5330101.5,
      "daily_economic_return_normalized": -1.6911804676055908,
      "daily_economic_cost_raw_yuan": 5330101.5,
      "economic_reward_scale_yuan": 3151704.8194007874,
      "lagrange_multiplier": 0.0,
      "cost_budget": 1.0,
      "cost_budget_raw": 0.02,
      "cost_budget_normalized": 1.0,
      "algorithm_cost_mode": "fixed_penalty",
      "fixed_cost_penalty_coef": 10.0,
      "log_std_max": -2.3,
      "rollout_wall_seconds": 1.3127603437751532,
      "update_wall_seconds": 0.501682698726654,
      "total_wall_seconds": 1.8144446350634098
    },
    {
      "update": 440,
      "algorithm": "mappo_penalty",
      "actor_loss": 0.09246791899204254,
      "reward_critic_loss": 0.006664768792688847,
      "cost_critic_loss": 0.036209359765052795,
      "reward_critic_loss_last": 0.006271012127399445,
      "cost_critic_loss_last": 0.04034575819969177,
      "critic_epochs": 8,
      "daily_voltage_cost": 0.0033386400900781155,
      "daily_voltage_cost_raw": 0.0033386400900781155,
      "daily_voltage_cost_normalized": 0.16693198680877686,
      "daily_economic_return_raw_yuan": -5434110.5,
      "daily_economic_return_normalized": -1.7241812944412231,
      "daily_economic_cost_raw_yuan": 5434110.5,
      "economic_reward_scale_yuan": 3151704.8194007874,
      "lagrange_multiplier": 0.0,
      "cost_budget": 1.0,
      "cost_budget_raw": 0.02,
      "cost_budget_normalized": 1.0,
      "algorithm_cost_mode": "fixed_penalty",
      "fixed_cost_penalty_coef": 10.0,
      "log_std_max": -2.3,
      "rollout_wall_seconds": 1.343063497915864,
      "update_wall_seconds": 0.4811088852584362,
      "total_wall_seconds": 1.8241741005331278
    },
    {
      "update": 441,
      "algorithm": "mappo_penalty",
      "actor_loss": 0.09301012754440308,
      "reward_critic_loss": 0.0038529287558048964,
      "cost_critic_loss": 0.19885919988155365,
      "reward_critic_loss_last": 0.0031470321118831635,
      "cost_critic_loss_last": 0.1831536591053009,
      "critic_epochs": 8,
      "daily_voltage_cost": 0.006961929611861706,
      "daily_voltage_cost_raw": 0.006961929611861706,
      "daily_voltage_cost_normalized": 0.34809648990631104,
      "daily_economic_return_raw_yuan": -5285864.5,
      "daily_economic_return_normalized": -1.6771445274353027,
      "daily_economic_cost_raw_yuan": 5285864.5,
      "economic_reward_scale_yuan": 3151704.8194007874,
      "lagrange_multiplier": 0.0,
      "cost_budget": 1.0,
      "cost_budget_raw": 0.02,
      "cost_budget_normalized": 1.0,
      "algorithm_cost_mode": "fixed_penalty",
      "fixed_cost_penalty_coef": 10.0,
      "log_std_max": -2.3,
      "rollout_wall_seconds": 1.2687959056347609,
      "update_wall_seconds": 0.5072277300059795,
      "total_wall_seconds": 1.7760252840816975
    },
    {
      "update": 442,
      "algorithm": "mappo_penalty",
      "actor_loss": 0.09202024340629578,
      "reward_critic_loss": 0.0043226582929492,
      "cost_critic_loss": 0.48089587688446045,
      "reward_critic_loss_last": 0.00368753494694829,
      "cost_critic_loss_last": 0.39526766538619995,
      "critic_epochs": 8,
      "daily_voltage_cost": 0.01109935063868761,
      "daily_voltage_cost_raw": 0.01109935063868761,
      "daily_voltage_cost_normalized": 0.5549676418304443,
      "daily_economic_return_raw_yuan": -5293599.5,
      "daily_economic_return_normalized": -1.6795988082885742,
      "daily_economic_cost_raw_yuan": 5293599.5,
      "economic_reward_scale_yuan": 3151704.8194007874,
      "lagrange_multiplier": 0.0,
      "cost_budget": 1.0,
      "cost_budget_raw": 0.02,
      "cost_budget_normalized": 1.0,
      "algorithm_cost_mode": "fixed_penalty",
      "fixed_cost_penalty_coef": 10.0,
      "log_std_max": -2.3,
      "rollout_wall_seconds": 1.3057703357189894,
      "update_wall_seconds": 0.5319593660533428,
      "total_wall_seconds": 1.837731583043933
    },
    {
      "update": 443,
      "algorithm": "mappo_penalty",
      "actor_loss": 0.09230560809373856,
      "reward_critic_loss": 0.004746929742395878,
      "cost_critic_loss": 0.21526625752449036,
      "reward_critic_loss_last": 0.004557353910058737,
      "cost_critic_loss_last": 0.18111489713191986,
      "critic_epochs": 8,
      "daily_voltage_cost": 0.006759205833077431,
      "daily_voltage_cost_raw": 0.006759205833077431,
      "daily_voltage_cost_normalized": 0.33796027302742004,
      "daily_economic_return_raw_yuan": -5412146.0,
      "daily_economic_return_normalized": -1.7172123193740845,
      "daily_economic_cost_raw_yuan": 5412146.0,
      "economic_reward_scale_yuan": 3151704.8194007874,
      "lagrange_multiplier": 0.0,
      "cost_budget": 1.0,
      "cost_budget_raw": 0.02,
      "cost_budget_normalized": 1.0,
      "algorithm_cost_mode": "fixed_penalty",
      "fixed_cost_penalty_coef": 10.0,
      "log_std_max": -2.3,
      "rollout_wall_seconds": 1.2910668645054102,
      "update_wall_seconds": 0.4923827964812517,
      "total_wall_seconds": 1.7834515422582626
    },
    {
      "update": 444,
      "algorithm": "mappo_penalty",
      "actor_loss": 0.09211847931146622,
      "reward_critic_loss": 0.0038846731185913086,
      "cost_critic_loss": 0.11105220019817352,
      "reward_critic_loss_last": 0.003563093487173319,
      "cost_critic_loss_last": 0.0551547110080719,
      "critic_epochs": 8,
      "daily_voltage_cost": 0.0028402386233210564,
      "daily_voltage_cost_raw": 0.0028402386233210564,
      "daily_voltage_cost_normalized": 0.14201194047927856,
      "daily_economic_return_raw_yuan": -5492815.5,
      "daily_economic_return_normalized": -1.7428077459335327,
      "daily_economic_cost_raw_yuan": 5492815.5,
      "economic_reward_scale_yuan": 3151704.8194007874,
      "lagrange_multiplier": 0.0,
      "cost_budget": 1.0,
      "cost_budget_raw": 0.02,
      "cost_budget_normalized": 1.0,
      "algorithm_cost_mode": "fixed_penalty",
      "fixed_cost_penalty_coef": 10.0,
      "log_std_max": -2.3,
      "rollout_wall_seconds": 1.4072022438049316,
      "update_wall_seconds": 0.5063868276774883,
      "total_wall_seconds": 1.9135909862816334
    },
    {
      "update": 445,
      "algorithm": "mappo_penalty",
      "actor_loss": 0.09177722781896591,
      "reward_critic_loss": 0.006094054784625769,
      "cost_critic_loss": 0.08479925245046616,
      "reward_critic_loss_last": 0.004257945343852043,
      "cost_critic_loss_last": 0.06987373530864716,
      "critic_epochs": 8,
      "daily_voltage_cost": 0.0031496891751885414,
      "daily_voltage_cost_raw": 0.0031496891751885414,
      "daily_voltage_cost_normalized": 0.15748447179794312,
      "daily_economic_return_raw_yuan": -5138218.0,
      "daily_economic_return_normalized": -1.6302980184555054,
      "daily_economic_cost_raw_yuan": 5138218.0,
      "economic_reward_scale_yuan": 3151704.8194007874,
      "lagrange_multiplier": 0.0,
      "cost_budget": 1.0,
      "cost_budget_raw": 0.02,
      "cost_budget_normalized": 1.0,
      "algorithm_cost_mode": "fixed_penalty",
      "fixed_cost_penalty_coef": 10.0,
      "log_std_max": -2.3,
      "rollout_wall_seconds": 1.3958087973296642,
      "update_wall_seconds": 0.5066477414220572,
      "total_wall_seconds": 1.9024585075676441
    },
    {
      "update": 446,
      "algorithm": "mappo_penalty",
      "actor_loss": 0.09179121255874634,
      "reward_critic_loss": 0.006488836370408535,
      "cost_critic_loss": 0.08148500323295593,
      "reward_critic_loss_last": 0.005884842947125435,
      "cost_critic_loss_last": 0.08232491463422775,
      "critic_epochs": 8,
      "daily_voltage_cost": 0.004450196400284767,
      "daily_voltage_cost_raw": 0.004450196400284767,
      "daily_voltage_cost_normalized": 0.22250983119010925,
      "daily_economic_return_raw_yuan": -5229830.5,
      "daily_economic_return_normalized": -1.6593656539916992,
      "daily_economic_cost_raw_yuan": 5229830.5,
      "economic_reward_scale_yuan": 3151704.8194007874,
      "lagrange_multiplier": 0.0,
      "cost_budget": 1.0,
      "cost_budget_raw": 0.02,
      "cost_budget_normalized": 1.0,
      "algorithm_cost_mode": "fixed_penalty",
      "fixed_cost_penalty_coef": 10.0,
      "log_std_max": -2.3,
      "rollout_wall_seconds": 0.9158587511628866,
      "update_wall_seconds": 0.47956060990691185,
      "total_wall_seconds": 1.395420879125595
    },
    {
      "update": 447,
      "algorithm": "mappo_penalty",
      "actor_loss": 0.09161391854286194,
      "reward_critic_loss": 0.004385205917060375,
      "cost_critic_loss": 0.01060161367058754,
      "reward_critic_loss_last": 0.004179548472166061,
      "cost_critic_loss_last": 0.009855435229837894,
      "critic_epochs": 8,
      "daily_voltage_cost": 0.000948087777942419,
      "daily_voltage_cost_raw": 0.000948087777942419,
      "daily_voltage_cost_normalized": 0.047404393553733826,
      "daily_economic_return_raw_yuan": -5337993.5,
      "daily_economic_return_normalized": -1.6936845779418945,
      "daily_economic_cost_raw_yuan": 5337993.5,
      "economic_reward_scale_yuan": 3151704.8194007874,
      "lagrange_multiplier": 0.0,
      "cost_budget": 1.0,
      "cost_budget_raw": 0.02,
      "cost_budget_normalized": 1.0,
      "algorithm_cost_mode": "fixed_penalty",
      "fixed_cost_penalty_coef": 10.0,
      "log_std_max": -2.3,
      "rollout_wall_seconds": 0.9940996430814266,
      "update_wall_seconds": 0.49285754561424255,
      "total_wall_seconds": 1.4869588036090136
    },
    {
      "update": 448,
      "algorithm": "mappo_penalty",
      "actor_loss": 0.09126663208007812,
      "reward_critic_loss": 0.004708926193416119,
      "cost_critic_loss": 0.14988693594932556,
      "reward_critic_loss_last": 0.003884311765432358,
      "cost_critic_loss_last": 0.1461939662694931,
      "critic_epochs": 8,
      "daily_voltage_cost": 0.010131742805242538,
      "daily_voltage_cost_raw": 0.010131742805242538,
      "daily_voltage_cost_normalized": 0.5065871477127075,
      "daily_economic_return_raw_yuan": -5402486.5,
      "daily_economic_return_normalized": -1.7141473293304443,
      "daily_economic_cost_raw_yuan": 5402486.5,
      "economic_reward_scale_yuan": 3151704.8194007874,
      "lagrange_multiplier": 0.0,
      "cost_budget": 1.0,
      "cost_budget_raw": 0.02,
      "cost_budget_normalized": 1.0,
      "algorithm_cost_mode": "fixed_penalty",
      "fixed_cost_penalty_coef": 10.0,
      "log_std_max": -2.3,
      "rollout_wall_seconds": 0.7952577639371157,
      "update_wall_seconds": 0.4824675973504782,
      "total_wall_seconds": 1.2777270767837763
    },
    {
      "update": 449,
      "algorithm": "mappo_penalty",
      "actor_loss": 0.0931774377822876,
      "reward_critic_loss": 0.003470791270956397,
      "cost_critic_loss": 0.01565173640847206,
      "reward_critic_loss_last": 0.0033661755733191967,
      "cost_critic_loss_last": 0.01257878914475441,
      "critic_epochs": 8,
      "daily_voltage_cost": 4.847417221753858e-05,
      "daily_voltage_cost_raw": 4.847417221753858e-05,
      "daily_voltage_cost_normalized": 0.0024237085599452257,
      "daily_economic_return_raw_yuan": -5366899.0,
      "daily_economic_return_normalized": -1.7028558254241943,
      "daily_economic_cost_raw_yuan": 5366899.0,
      "economic_reward_scale_yuan": 3151704.8194007874,
      "lagrange_multiplier": 0.0,
      "cost_budget": 1.0,
      "cost_budget_raw": 0.02,
      "cost_budget_normalized": 1.0,
      "algorithm_cost_mode": "fixed_penalty",
      "fixed_cost_penalty_coef": 10.0,
      "log_std_max": -2.3,
      "rollout_wall_seconds": 0.7897798847407103,
      "update_wall_seconds": 0.4847298823297024,
      "total_wall_seconds": 1.274511344730854
    },
    {
      "update": 450,
      "algorithm": "mappo_penalty",
      "actor_loss": 0.09250777959823608,
      "reward_critic_loss": 0.005275057628750801,
      "cost_critic_loss": 0.01139628142118454,
      "reward_critic_loss_last": 0.00468426663428545,
      "cost_critic_loss_last": 0.008409048430621624,
      "critic_epochs": 8,
      "daily_voltage_cost": 0.000672446156386286,
      "daily_voltage_cost_raw": 0.000672446156386286,
      "daily_voltage_cost_normalized": 0.03362230956554413,
      "daily_economic_return_raw_yuan": -5498373.5,
      "daily_economic_return_normalized": -1.7445712089538574,
      "daily_economic_cost_raw_yuan": 5498373.5,
      "economic_reward_scale_yuan": 3151704.8194007874,
      "lagrange_multiplier": 0.0,
      "cost_budget": 1.0,
      "cost_budget_raw": 0.02,
      "cost_budget_normalized": 1.0,
      "algorithm_cost_mode": "fixed_penalty",
      "fixed_cost_penalty_coef": 10.0,
      "log_std_max": -2.3,
      "rollout_wall_seconds": 0.9261985775083303,
      "update_wall_seconds": 0.4877623450011015,
      "total_wall_seconds": 1.413962421938777
    },
    {
      "update": 451,
      "algorithm": "mappo_penalty",
      "actor_loss": 0.0927407369017601,
      "reward_critic_loss": 0.005388970486819744,
      "cost_critic_loss": 0.02316448837518692,
      "reward_critic_loss_last": 0.004381917417049408,
      "cost_critic_loss_last": 0.022533323615789413,
      "critic_epochs": 8,
      "daily_voltage_cost": 0.0029091760516166687,
      "daily_voltage_cost_raw": 0.0029091760516166687,
      "daily_voltage_cost_normalized": 0.14545880258083344,
      "daily_economic_return_raw_yuan": -5323218.0,
      "daily_economic_return_normalized": -1.688996434211731,
      "daily_economic_cost_raw_yuan": 5323218.0,
      "economic_reward_scale_yuan": 3151704.8194007874,
      "lagrange_multiplier": 0.0,
      "cost_budget": 1.0,
      "cost_budget_raw": 0.02,
      "cost_budget_normalized": 1.0,
      "algorithm_cost_mode": "fixed_penalty",
      "fixed_cost_penalty_coef": 10.0,
      "log_std_max": -2.3,
      "rollout_wall_seconds": 0.8067102152854204,
      "update_wall_seconds": 0.48340364918112755,
      "total_wall_seconds": 1.290115937590599
    },
    {
      "update": 452,
      "algorithm": "mappo_penalty",
      "actor_loss": 0.09233807772397995,
      "reward_critic_loss": 0.004309449344873428,
      "cost_critic_loss": 0.02151324599981308,
      "reward_critic_loss_last": 0.004101231694221497,
      "cost_critic_loss_last": 0.019884726032614708,
      "critic_epochs": 8,
      "daily_voltage_cost": 0.0012167617678642273,
      "daily_voltage_cost_raw": 0.0012167617678642273,
      "daily_voltage_cost_normalized": 0.060838088393211365,
      "daily_economic_return_raw_yuan": -5335906.0,
      "daily_economic_return_normalized": -1.6930221319198608,
      "daily_economic_cost_raw_yuan": 5335906.0,
      "economic_reward_scale_yuan": 3151704.8194007874,
      "lagrange_multiplier": 0.0,
      "cost_budget": 1.0,
      "cost_budget_raw": 0.02,
      "cost_budget_normalized": 1.0,
      "algorithm_cost_mode": "fixed_penalty",
      "fixed_cost_penalty_coef": 10.0,
      "log_std_max": -2.3,
      "rollout_wall_seconds": 0.8078670557588339,
      "update_wall_seconds": 0.4855578653514385,
      "total_wall_seconds": 1.2934265229851007
    },
    {
      "update": 453,
      "algorithm": "mappo_penalty",
      "actor_loss": 0.09217007458209991,
      "reward_critic_loss": 0.00688505545258522,
      "cost_critic_loss": 0.20521442592144012,
      "reward_critic_loss_last": 0.005604390054941177,
      "cost_critic_loss_last": 0.19048480689525604,
      "critic_epochs": 8,
      "daily_voltage_cost": 0.005896059796214104,
      "daily_voltage_cost_raw": 0.005896059796214104,
      "daily_voltage_cost_normalized": 0.29480302333831787,
      "daily_economic_return_raw_yuan": -5120518.0,
      "daily_economic_return_normalized": -1.6246819496154785,
      "daily_economic_cost_raw_yuan": 5120518.0,
      "economic_reward_scale_yuan": 3151704.8194007874,
      "lagrange_multiplier": 0.0,
      "cost_budget": 1.0,
      "cost_budget_raw": 0.02,
      "cost_budget_normalized": 1.0,
      "algorithm_cost_mode": "fixed_penalty",
      "fixed_cost_penalty_coef": 10.0,
      "log_std_max": -2.3,
      "rollout_wall_seconds": 0.9393446128815413,
      "update_wall_seconds": 0.4830776732414961,
      "total_wall_seconds": 1.4224240202456713
    },
    {
      "update": 454,
      "algorithm": "mappo_penalty",
      "actor_loss": 0.09273482859134674,
      "reward_critic_loss": 0.007150397635996342,
      "cost_critic_loss": 0.01982378587126732,
      "reward_critic_loss_last": 0.0059219663962721825,
      "cost_critic_loss_last": 0.016631528735160828,
      "critic_epochs": 8,
      "daily_voltage_cost": 0.0012573618441820145,
      "daily_voltage_cost_raw": 0.0012573618441820145,
      "daily_voltage_cost_normalized": 0.06286808848381042,
      "daily_economic_return_raw_yuan": -5271522.5,
      "daily_economic_return_normalized": -1.6725940704345703,
      "daily_economic_cost_raw_yuan": 5271522.5,
      "economic_reward_scale_yuan": 3151704.8194007874,
      "lagrange_multiplier": 0.0,
      "cost_budget": 1.0,
      "cost_budget_raw": 0.02,
      "cost_budget_normalized": 1.0,
      "algorithm_cost_mode": "fixed_penalty",
      "fixed_cost_penalty_coef": 10.0,
      "log_std_max": -2.3,
      "rollout_wall_seconds": 0.8190072253346443,
      "update_wall_seconds": 0.48216773569583893,
      "total_wall_seconds": 1.3011766821146011
    },
    {
      "update": 455,
      "algorithm": "mappo_penalty",
      "actor_loss": 0.09198419749736786,
      "reward_critic_loss": 0.006271136458963156,
      "cost_critic_loss": 0.017525434494018555,
      "reward_critic_loss_last": 0.0052873482927680016,
      "cost_critic_loss_last": 0.01637331396341324,
      "critic_epochs": 8,
      "daily_voltage_cost": 0.0015646519605070353,
      "daily_voltage_cost_raw": 0.0015646519605070353,
      "daily_voltage_cost_normalized": 0.07823260128498077,
      "daily_economic_return_raw_yuan": -5507125.0,
      "daily_economic_return_normalized": -1.7473480701446533,
      "daily_economic_cost_raw_yuan": 5507125.0,
      "economic_reward_scale_yuan": 3151704.8194007874,
      "lagrange_multiplier": 0.0,
      "cost_budget": 1.0,
      "cost_budget_raw": 0.02,
      "cost_budget_normalized": 1.0,
      "algorithm_cost_mode": "fixed_penalty",
      "fixed_cost_penalty_coef": 10.0,
      "log_std_max": -2.3,
      "rollout_wall_seconds": 0.7971023563295603,
      "update_wall_seconds": 0.4891974814236164,
      "total_wall_seconds": 1.286301540210843
    },
    {
      "update": 456,
      "algorithm": "mappo_penalty",
      "actor_loss": 0.09229831397533417,
      "reward_critic_loss": 0.0069547900930047035,
      "cost_critic_loss": 0.014522889629006386,
      "reward_critic_loss_last": 0.006099337246268988,
      "cost_critic_loss_last": 0.014384748414158821,
      "critic_epochs": 8,
      "daily_voltage_cost": 0.001613093656487763,
      "daily_voltage_cost_raw": 0.001613093656487763,
      "daily_voltage_cost_normalized": 0.08065468072891235,
      "daily_economic_return_raw_yuan": -5541680.0,
      "daily_economic_return_normalized": -1.7583118677139282,
      "daily_economic_cost_raw_yuan": 5541680.0,
      "economic_reward_scale_yuan": 3151704.8194007874,
      "lagrange_multiplier": 0.0,
      "cost_budget": 1.0,
      "cost_budget_raw": 0.02,
      "cost_budget_normalized": 1.0,
      "algorithm_cost_mode": "fixed_penalty",
      "fixed_cost_penalty_coef": 10.0,
      "log_std_max": -2.3,
      "rollout_wall_seconds": 0.9523237533867359,
      "update_wall_seconds": 0.48409726843237877,
      "total_wall_seconds": 1.4364227075129747
    },
    {
      "update": 457,
      "algorithm": "mappo_penalty",
      "actor_loss": 0.09223217517137527,
      "reward_critic_loss": 0.005283228121697903,
      "cost_critic_loss": 0.012186150066554546,
      "reward_critic_loss_last": 0.004888055846095085,
      "cost_critic_loss_last": 0.011054985225200653,
      "critic_epochs": 8,
      "daily_voltage_cost": 0.0,
      "daily_voltage_cost_raw": 0.0,
      "daily_voltage_cost_normalized": 0.0,
      "daily_economic_return_raw_yuan": -5347155.0,
      "daily_economic_return_normalized": -1.6965913772583008,
      "daily_economic_cost_raw_yuan": 5347155.0,
      "economic_reward_scale_yuan": 3151704.8194007874,
      "lagrange_multiplier": 0.0,
      "cost_budget": 1.0,
      "cost_budget_raw": 0.02,
      "cost_budget_normalized": 1.0,
      "algorithm_cost_mode": "fixed_penalty",
      "fixed_cost_penalty_coef": 10.0,
      "log_std_max": -2.3,
      "rollout_wall_seconds": 0.8220776431262493,
      "update_wall_seconds": 0.4797921236604452,
      "total_wall_seconds": 1.301871620118618
    },
    {
      "update": 458,
      "algorithm": "mappo_penalty",
      "actor_loss": 0.09281992167234421,
      "reward_critic_loss": 0.006890265271067619,
      "cost_critic_loss": 0.0071103922091424465,
      "reward_critic_loss_last": 0.005259648896753788,
      "cost_critic_loss_last": 0.006640428677201271,
      "critic_epochs": 8,
      "daily_voltage_cost": 0.001024156459607184,
      "daily_voltage_cost_raw": 0.001024156459607184,
      "daily_voltage_cost_normalized": 0.05120782554149628,
      "daily_economic_return_raw_yuan": -5377748.5,
      "daily_economic_return_normalized": -1.7062983512878418,
      "daily_economic_cost_raw_yuan": 5377748.5,
      "economic_reward_scale_yuan": 3151704.8194007874,
      "lagrange_multiplier": 0.0,
      "cost_budget": 1.0,
      "cost_budget_raw": 0.02,
      "cost_budget_normalized": 1.0,
      "algorithm_cost_mode": "fixed_penalty",
      "fixed_cost_penalty_coef": 10.0,
      "log_std_max": -2.3,
      "rollout_wall_seconds": 1.2435947712510824,
      "update_wall_seconds": 0.4997619055211544,
      "total_wall_seconds": 1.7433583699166775
    },
    {
      "update": 459,
      "algorithm": "mappo_penalty",
      "actor_loss": 0.09216457605361938,
      "reward_critic_loss": 0.004805556498467922,
      "cost_critic_loss": 0.01541321910917759,
      "reward_critic_loss_last": 0.004263976588845253,
      "cost_critic_loss_last": 0.015052568167448044,
      "critic_epochs": 8,
      "daily_voltage_cost": 0.0015669873682782054,
      "daily_voltage_cost_raw": 0.0015669873682782054,
      "daily_voltage_cost_normalized": 0.07834936678409576,
      "daily_economic_return_raw_yuan": -5485586.5,
      "daily_economic_return_normalized": -1.7405140399932861,
      "daily_economic_cost_raw_yuan": 5485586.5,
      "economic_reward_scale_yuan": 3151704.8194007874,
      "lagrange_multiplier": 0.0,
      "cost_budget": 1.0,
      "cost_budget_raw": 0.02,
      "cost_budget_normalized": 1.0,
      "algorithm_cost_mode": "fixed_penalty",
      "fixed_cost_penalty_coef": 10.0,
      "log_std_max": -2.3,
      "rollout_wall_seconds": 1.4218573812395334,
      "update_wall_seconds": 0.46440593153238297,
      "total_wall_seconds": 1.8862650319933891
    },
    {
      "update": 460,
      "algorithm": "mappo_penalty",
      "actor_loss": 0.09260179102420807,
      "reward_critic_loss": 0.003392098005861044,
      "cost_critic_loss": 0.01355687715113163,
      "reward_critic_loss_last": 0.003105420619249344,
      "cost_critic_loss_last": 0.013294771313667297,
      "critic_epochs": 8,
      "daily_voltage_cost": 0.0014332551509141922,
      "daily_voltage_cost_raw": 0.0014332551509141922,
      "daily_voltage_cost_normalized": 0.07166276127099991,
      "daily_economic_return_raw_yuan": -5452528.5,
      "daily_economic_return_normalized": -1.7300251722335815,
      "daily_economic_cost_raw_yuan": 5452528.5,
      "economic_reward_scale_yuan": 3151704.8194007874,
      "lagrange_multiplier": 0.0,
      "cost_budget": 1.0,
      "cost_budget_raw": 0.02,
      "cost_budget_normalized": 1.0,
      "algorithm_cost_mode": "fixed_penalty",
      "fixed_cost_penalty_coef": 10.0,
      "log_std_max": -2.3,
      "rollout_wall_seconds": 1.2994961775839329,
      "update_wall_seconds": 0.4775903355330229,
      "total_wall_seconds": 1.7770885527133942
    },
    {
      "update": 461,
      "algorithm": "mappo_penalty",
      "actor_loss": 0.09197775274515152,
      "reward_critic_loss": 0.006048205774277449,
      "cost_critic_loss": 0.011026963591575623,
      "reward_critic_loss_last": 0.004700377117842436,
      "cost_critic_loss_last": 0.010501623153686523,
      "critic_epochs": 8,
      "daily_voltage_cost": 0.0008264239295385778,
      "daily_voltage_cost_raw": 0.0008264239295385778,
      "daily_voltage_cost_normalized": 0.041321199387311935,
      "daily_economic_return_raw_yuan": -5643107.0,
      "daily_economic_return_normalized": -1.7904934883117676,
      "daily_economic_cost_raw_yuan": 5643107.0,
      "economic_reward_scale_yuan": 3151704.8194007874,
      "lagrange_multiplier": 0.0,
      "cost_budget": 1.0,
      "cost_budget_raw": 0.02,
      "cost_budget_normalized": 1.0,
      "algorithm_cost_mode": "fixed_penalty",
      "fixed_cost_penalty_coef": 10.0,
      "log_std_max": -2.3,
      "rollout_wall_seconds": 0.8835925720632076,
      "update_wall_seconds": 0.5078636463731527,
      "total_wall_seconds": 1.3914578277617693
    },
    {
      "update": 462,
      "algorithm": "mappo_penalty",
      "actor_loss": 0.09236030280590057,
      "reward_critic_loss": 0.003939688205718994,
      "cost_critic_loss": 0.030444180592894554,
      "reward_critic_loss_last": 0.003674546955153346,
      "cost_critic_loss_last": 0.029203206300735474,
      "critic_epochs": 8,
      "daily_voltage_cost": 0.0022010374814271927,
      "daily_voltage_cost_raw": 0.0022010374814271927,
      "daily_voltage_cost_normalized": 0.11005187034606934,
      "daily_economic_return_raw_yuan": -5424315.0,
      "daily_economic_return_normalized": -1.7210732698440552,
      "daily_economic_cost_raw_yuan": 5424315.0,
      "economic_reward_scale_yuan": 3151704.8194007874,
      "lagrange_multiplier": 0.0,
      "cost_budget": 1.0,
      "cost_budget_raw": 0.02,
      "cost_budget_normalized": 1.0,
      "algorithm_cost_mode": "fixed_penalty",
      "fixed_cost_penalty_coef": 10.0,
      "log_std_max": -2.3,
      "rollout_wall_seconds": 1.3556370921432972,
      "update_wall_seconds": 0.4830003771930933,
      "total_wall_seconds": 1.8386392928659916
    },
    {
      "update": 463,
      "algorithm": "mappo_penalty",
      "actor_loss": 0.0913039967417717,
      "reward_critic_loss": 0.0035620550625026226,
      "cost_critic_loss": 0.03810790181159973,
      "reward_critic_loss_last": 0.0032433653250336647,
      "cost_critic_loss_last": 0.03755010664463043,
      "critic_epochs": 8,
      "daily_voltage_cost": 0.003378444816917181,
      "daily_voltage_cost_raw": 0.003378444816917181,
      "daily_voltage_cost_normalized": 0.16892226040363312,
      "daily_economic_return_raw_yuan": -5374624.0,
      "daily_economic_return_normalized": -1.7053070068359375,
      "daily_economic_cost_raw_yuan": 5374624.0,
      "economic_reward_scale_yuan": 3151704.8194007874,
      "lagrange_multiplier": 0.0,
      "cost_budget": 1.0,
      "cost_budget_raw": 0.02,
      "cost_budget_normalized": 1.0,
      "algorithm_cost_mode": "fixed_penalty",
      "fixed_cost_penalty_coef": 10.0,
      "log_std_max": -2.3,
      "rollout_wall_seconds": 1.3323017079383135,
      "update_wall_seconds": 0.44597460702061653,
      "total_wall_seconds": 1.7782781533896923
    },
    {
      "update": 464,
      "algorithm": "mappo_penalty",
      "actor_loss": 0.09302330017089844,
      "reward_critic_loss": 0.006283084861934185,
      "cost_critic_loss": 0.027387619018554688,
      "reward_critic_loss_last": 0.005284342914819717,
      "cost_critic_loss_last": 0.02729259431362152,
      "critic_epochs": 8,
      "daily_voltage_cost": 0.0021525113843381405,
      "daily_voltage_cost_raw": 0.0021525113843381405,
      "daily_voltage_cost_normalized": 0.1076255738735199,
      "daily_economic_return_raw_yuan": -5283165.5,
      "daily_economic_return_normalized": -1.6762882471084595,
      "daily_economic_cost_raw_yuan": 5283165.5,
      "economic_reward_scale_yuan": 3151704.8194007874,
      "lagrange_multiplier": 0.0,
      "cost_budget": 1.0,
      "cost_budget_raw": 0.02,
      "cost_budget_normalized": 1.0,
      "algorithm_cost_mode": "fixed_penalty",
      "fixed_cost_penalty_coef": 10.0,
      "log_std_max": -2.3,
      "rollout_wall_seconds": 1.2962648123502731,
      "update_wall_seconds": 0.468595540151,
      "total_wall_seconds": 1.7648620009422302
    },
    {
      "update": 465,
      "algorithm": "mappo_penalty",
      "actor_loss": 0.09194126725196838,
      "reward_critic_loss": 0.0053665610030293465,
      "cost_critic_loss": 0.009375086054205894,
      "reward_critic_loss_last": 0.0048274449072778225,
      "cost_critic_loss_last": 0.008647356182336807,
      "critic_epochs": 8,
      "daily_voltage_cost": 0.0006812985520809889,
      "daily_voltage_cost_raw": 0.0006812985520809889,
      "daily_voltage_cost_normalized": 0.03406492620706558,
      "daily_economic_return_raw_yuan": -5315324.0,
      "daily_economic_return_normalized": -1.6864917278289795,
      "daily_economic_cost_raw_yuan": 5315324.0,
      "economic_reward_scale_yuan": 3151704.8194007874,
      "lagrange_multiplier": 0.0,
      "cost_budget": 1.0,
      "cost_budget_raw": 0.02,
      "cost_budget_normalized": 1.0,
      "algorithm_cost_mode": "fixed_penalty",
      "fixed_cost_penalty_coef": 10.0,
      "log_std_max": -2.3,
      "rollout_wall_seconds": 1.4270197004079819,
      "update_wall_seconds": 0.4704874437302351,
      "total_wall_seconds": 1.897508941590786
    },
    {
      "update": 466,
      "algorithm": "mappo_penalty",
      "actor_loss": 0.09206449240446091,
      "reward_critic_loss": 0.006001230329275131,
      "cost_critic_loss": 0.013948174193501472,
      "reward_critic_loss_last": 0.005180113948881626,
      "cost_critic_loss_last": 0.010933145880699158,
      "critic_epochs": 8,
      "daily_voltage_cost": 0.0006539647001773119,
      "daily_voltage_cost_raw": 0.0006539647001773119,
      "daily_voltage_cost_normalized": 0.03269823640584946,
      "daily_economic_return_raw_yuan": -5476590.5,
      "daily_economic_return_normalized": -1.7376598119735718,
      "daily_economic_cost_raw_yuan": 5476590.5,
      "economic_reward_scale_yuan": 3151704.8194007874,
      "lagrange_multiplier": 0.0,
      "cost_budget": 1.0,
      "cost_budget_raw": 0.02,
      "cost_budget_normalized": 1.0,
      "algorithm_cost_mode": "fixed_penalty",
      "fixed_cost_penalty_coef": 10.0,
      "log_std_max": -2.3,
      "rollout_wall_seconds": 1.3614754136651754,
      "update_wall_seconds": 0.47013702243566513,
      "total_wall_seconds": 1.8316147197037935
    },
    {
      "update": 467,
      "algorithm": "mappo_penalty",
      "actor_loss": 0.09132693707942963,
      "reward_critic_loss": 0.0054156105034053326,
      "cost_critic_loss": 0.034095603972673416,
      "reward_critic_loss_last": 0.005040179472416639,
      "cost_critic_loss_last": 0.03343106061220169,
      "critic_epochs": 8,
      "daily_voltage_cost": 0.0015600548358634114,
      "daily_voltage_cost_raw": 0.0015600548358634114,
      "daily_voltage_cost_normalized": 0.07800274342298508,
      "daily_economic_return_raw_yuan": -5269616.5,
      "daily_economic_return_normalized": -1.6719892024993896,
      "daily_economic_cost_raw_yuan": 5269616.5,
      "economic_reward_scale_yuan": 3151704.8194007874,
      "lagrange_multiplier": 0.0,
      "cost_budget": 1.0,
      "cost_budget_raw": 0.02,
      "cost_budget_normalized": 1.0,
      "algorithm_cost_mode": "fixed_penalty",
      "fixed_cost_penalty_coef": 10.0,
      "log_std_max": -2.3,
      "rollout_wall_seconds": 1.3220781162381172,
      "update_wall_seconds": 0.4882368389517069,
      "total_wall_seconds": 1.8103168364614248
    },
    {
      "update": 468,
      "algorithm": "mappo_penalty",
      "actor_loss": 0.09248121827840805,
      "reward_critic_loss": 0.0062727853655815125,
      "cost_critic_loss": 0.004901143256574869,
      "reward_critic_loss_last": 0.005572344642132521,
      "cost_critic_loss_last": 0.003980360925197601,
      "critic_epochs": 8,
      "daily_voltage_cost": 0.00015467987395823002,
      "daily_voltage_cost_raw": 0.00015467987395823002,
      "daily_voltage_cost_normalized": 0.007733993232250214,
      "daily_economic_return_raw_yuan": -5427061.5,
      "daily_economic_return_normalized": -1.721944808959961,
      "daily_economic_cost_raw_yuan": 5427061.5,
      "economic_reward_scale_yuan": 3151704.8194007874,
      "lagrange_multiplier": 0.0,
      "cost_budget": 1.0,
      "cost_budget_raw": 0.02,
      "cost_budget_normalized": 1.0,
      "algorithm_cost_mode": "fixed_penalty",
      "fixed_cost_penalty_coef": 10.0,
      "log_std_max": -2.3,
      "rollout_wall_seconds": 1.318475378677249,
      "update_wall_seconds": 0.47348539158701897,
      "total_wall_seconds": 1.7919623777270317
    },
    {
      "update": 469,
      "algorithm": "mappo_penalty",
      "actor_loss": 0.09167977422475815,
      "reward_critic_loss": 0.004480716772377491,
      "cost_critic_loss": 0.013515690341591835,
      "reward_critic_loss_last": 0.004243489354848862,
      "cost_critic_loss_last": 0.01324432622641325,
      "critic_epochs": 8,
      "daily_voltage_cost": 0.0015113434055820107,
      "daily_voltage_cost_raw": 0.0015113434055820107,
      "daily_voltage_cost_normalized": 0.07556717097759247,
      "daily_economic_return_raw_yuan": -5265404.0,
      "daily_economic_return_normalized": -1.6706526279449463,
      "daily_economic_cost_raw_yuan": 5265404.0,
      "economic_reward_scale_yuan": 3151704.8194007874,
      "lagrange_multiplier": 0.0,
      "cost_budget": 1.0,
      "cost_budget_raw": 0.02,
      "cost_budget_normalized": 1.0,
      "algorithm_cost_mode": "fixed_penalty",
      "fixed_cost_penalty_coef": 10.0,
      "log_std_max": -2.3,
      "rollout_wall_seconds": 1.2976457439363003,
      "update_wall_seconds": 0.47748890332877636,
      "total_wall_seconds": 1.775136522948742
    },
    {
      "update": 470,
      "algorithm": "mappo_penalty",
      "actor_loss": 0.09179578721523285,
      "reward_critic_loss": 0.0033371939789503813,
      "cost_critic_loss": 0.003700230736285448,
      "reward_critic_loss_last": 0.00314921117387712,
      "cost_critic_loss_last": 0.0035979673266410828,
      "critic_epochs": 8,
      "daily_voltage_cost": 0.0,
      "daily_voltage_cost_raw": 0.0,
      "daily_voltage_cost_normalized": 0.0,
      "daily_economic_return_raw_yuan": -5408106.0,
      "daily_economic_return_normalized": -1.715930461883545,
      "daily_economic_cost_raw_yuan": 5408106.0,
      "economic_reward_scale_yuan": 3151704.8194007874,
      "lagrange_multiplier": 0.0,
      "cost_budget": 1.0,
      "cost_budget_raw": 0.02,
      "cost_budget_normalized": 1.0,
      "algorithm_cost_mode": "fixed_penalty",
      "fixed_cost_penalty_coef": 10.0,
      "log_std_max": -2.3,
      "rollout_wall_seconds": 0.9094574544578791,
      "update_wall_seconds": 0.47452448680996895,
      "total_wall_seconds": 1.3839844726026058
    },
    {
      "update": 471,
      "algorithm": "mappo_penalty",
      "actor_loss": 0.0925593301653862,
      "reward_critic_loss": 0.004398421850055456,
      "cost_critic_loss": 0.14132492244243622,
      "reward_critic_loss_last": 0.0038418348412960768,
      "cost_critic_loss_last": 0.13977371156215668,
      "critic_epochs": 8,
      "daily_voltage_cost": 0.005060469266027212,
      "daily_voltage_cost_raw": 0.005060469266027212,
      "daily_voltage_cost_normalized": 0.2530234456062317,
      "daily_economic_return_raw_yuan": -5491592.0,
      "daily_economic_return_normalized": -1.7424194812774658,
      "daily_economic_cost_raw_yuan": 5491592.0,
      "economic_reward_scale_yuan": 3151704.8194007874,
      "lagrange_multiplier": 0.0,
      "cost_budget": 1.0,
      "cost_budget_raw": 0.02,
      "cost_budget_normalized": 1.0,
      "algorithm_cost_mode": "fixed_penalty",
      "fixed_cost_penalty_coef": 10.0,
      "log_std_max": -2.3,
      "rollout_wall_seconds": 1.0674096010625362,
      "update_wall_seconds": 0.47933458164334297,
      "total_wall_seconds": 1.5467466171830893
    },
    {
      "update": 472,
      "algorithm": "mappo_penalty",
      "actor_loss": 0.09209445118904114,
      "reward_critic_loss": 0.00504375621676445,
      "cost_critic_loss": 0.004343104548752308,
      "reward_critic_loss_last": 0.004152263980358839,
      "cost_critic_loss_last": 0.004597383551299572,
      "critic_epochs": 8,
      "daily_voltage_cost": 0.00041986117139458656,
      "daily_voltage_cost_raw": 0.00041986117139458656,
      "daily_voltage_cost_normalized": 0.020993059501051903,
      "daily_economic_return_raw_yuan": -5466454.5,
      "daily_economic_return_normalized": -1.7344436645507812,
      "daily_economic_cost_raw_yuan": 5466454.5,
      "economic_reward_scale_yuan": 3151704.8194007874,
      "lagrange_multiplier": 0.0,
      "cost_budget": 1.0,
      "cost_budget_raw": 0.02,
      "cost_budget_normalized": 1.0,
      "algorithm_cost_mode": "fixed_penalty",
      "fixed_cost_penalty_coef": 10.0,
      "log_std_max": -2.3,
      "rollout_wall_seconds": 1.394866207614541,
      "update_wall_seconds": 0.4806160032749176,
      "total_wall_seconds": 1.8754846435040236
    },
    {
      "update": 473,
      "algorithm": "mappo_penalty",
      "actor_loss": 0.09270922094583511,
      "reward_critic_loss": 0.006726048421114683,
      "cost_critic_loss": 0.011469300836324692,
      "reward_critic_loss_last": 0.005944333039224148,
      "cost_critic_loss_last": 0.01141328364610672,
      "critic_epochs": 8,
      "daily_voltage_cost": 0.0008104618173092604,
      "daily_voltage_cost_raw": 0.0008104618173092604,
      "daily_voltage_cost_normalized": 0.040523093193769455,
      "daily_economic_return_raw_yuan": -5353301.0,
      "daily_economic_return_normalized": -1.6985414028167725,
      "daily_economic_cost_raw_yuan": 5353301.0,
      "economic_reward_scale_yuan": 3151704.8194007874,
      "lagrange_multiplier": 0.0,
      "cost_budget": 1.0,
      "cost_budget_raw": 0.02,
      "cost_budget_normalized": 1.0,
      "algorithm_cost_mode": "fixed_penalty",
      "fixed_cost_penalty_coef": 10.0,
      "log_std_max": -2.3,
      "rollout_wall_seconds": 1.3741452116519213,
      "update_wall_seconds": 0.4727707412093878,
      "total_wall_seconds": 1.846918223425746
    },
    {
      "update": 474,
      "algorithm": "mappo_penalty",
      "actor_loss": 0.0921577662229538,
      "reward_critic_loss": 0.009867755696177483,
      "cost_critic_loss": 0.0052320826798677444,
      "reward_critic_loss_last": 0.008014288730919361,
      "cost_critic_loss_last": 0.0049606068059802055,
      "critic_epochs": 8,
      "daily_voltage_cost": 0.0005276098381727934,
      "daily_voltage_cost_raw": 0.0005276098381727934,
      "daily_voltage_cost_normalized": 0.026380492374300957,
      "daily_economic_return_raw_yuan": -5577325.0,
      "daily_economic_return_normalized": -1.7696216106414795,
      "daily_economic_cost_raw_yuan": 5577325.0,
      "economic_reward_scale_yuan": 3151704.8194007874,
      "lagrange_multiplier": 0.0,
      "cost_budget": 1.0,
      "cost_budget_raw": 0.02,
      "cost_budget_normalized": 1.0,
      "algorithm_cost_mode": "fixed_penalty",
      "fixed_cost_penalty_coef": 10.0,
      "log_std_max": -2.3,
      "rollout_wall_seconds": 1.475801009684801,
      "update_wall_seconds": 0.47885053791105747,
      "total_wall_seconds": 1.9546539019793272
    },
    {
      "update": 475,
      "algorithm": "mappo_penalty",
      "actor_loss": 0.09200234711170197,
      "reward_critic_loss": 0.0060471706092357635,
      "cost_critic_loss": 0.004637368023395538,
      "reward_critic_loss_last": 0.004861604422330856,
      "cost_critic_loss_last": 0.00443896371871233,
      "critic_epochs": 8,
      "daily_voltage_cost": 0.0006249282159842551,
      "daily_voltage_cost_raw": 0.0006249282159842551,
      "daily_voltage_cost_normalized": 0.031246410682797432,
      "daily_economic_return_raw_yuan": -5350940.5,
      "daily_economic_return_normalized": -1.697792410850525,
      "daily_economic_cost_raw_yuan": 5350940.5,
      "economic_reward_scale_yuan": 3151704.8194007874,
      "lagrange_multiplier": 0.0,
      "cost_budget": 1.0,
      "cost_budget_raw": 0.02,
      "cost_budget_normalized": 1.0,
      "algorithm_cost_mode": "fixed_penalty",
      "fixed_cost_penalty_coef": 10.0,
      "log_std_max": -2.3,
      "rollout_wall_seconds": 1.416329937055707,
      "update_wall_seconds": 0.4884467776864767,
      "total_wall_seconds": 1.904779152944684
    },
    {
      "update": 476,
      "algorithm": "mappo_penalty",
      "actor_loss": 0.09237752109766006,
      "reward_critic_loss": 0.0060517070814967155,
      "cost_critic_loss": 0.023832544684410095,
      "reward_critic_loss_last": 0.005290347151458263,
      "cost_critic_loss_last": 0.023582443594932556,
      "critic_epochs": 8,
      "daily_voltage_cost": 0.00114981469232589,
      "daily_voltage_cost_raw": 0.00114981469232589,
      "daily_voltage_cost_normalized": 0.05749073624610901,
      "daily_economic_return_raw_yuan": -5469244.0,
      "daily_economic_return_normalized": -1.7353287935256958,
      "daily_economic_cost_raw_yuan": 5469244.0,
      "economic_reward_scale_yuan": 3151704.8194007874,
      "lagrange_multiplier": 0.0,
      "cost_budget": 1.0,
      "cost_budget_raw": 0.02,
      "cost_budget_normalized": 1.0,
      "algorithm_cost_mode": "fixed_penalty",
      "fixed_cost_penalty_coef": 10.0,
      "log_std_max": -2.3,
      "rollout_wall_seconds": 1.4731968604028225,
      "update_wall_seconds": 0.49536101147532463,
      "total_wall_seconds": 1.968560766428709
    },
    {
      "update": 477,
      "algorithm": "mappo_penalty",
      "actor_loss": 0.09226472675800323,
      "reward_critic_loss": 0.005208175629377365,
      "cost_critic_loss": 0.003347573336213827,
      "reward_critic_loss_last": 0.0047983042895793915,
      "cost_critic_loss_last": 0.003238283796235919,
      "critic_epochs": 8,
      "daily_voltage_cost": 7.352079592237715e-06,
      "daily_voltage_cost_raw": 7.352079592237715e-06,
      "daily_voltage_cost_normalized": 0.00036760399234481156,
      "daily_economic_return_raw_yuan": -5533300.5,
      "daily_economic_return_normalized": -1.7556532621383667,
      "daily_economic_cost_raw_yuan": 5533300.5,
      "economic_reward_scale_yuan": 3151704.8194007874,
      "lagrange_multiplier": 0.0,
      "cost_budget": 1.0,
      "cost_budget_raw": 0.02,
      "cost_budget_normalized": 1.0,
      "algorithm_cost_mode": "fixed_penalty",
      "fixed_cost_penalty_coef": 10.0,
      "log_std_max": -2.3,
      "rollout_wall_seconds": 1.4791593477129936,
      "update_wall_seconds": 0.49005688168108463,
      "total_wall_seconds": 1.9692187085747719
    },
    {
      "update": 478,
      "algorithm": "mappo_penalty",
      "actor_loss": 0.09147609025239944,
      "reward_critic_loss": 0.005442718975245953,
      "cost_critic_loss": 0.00619623064994812,
      "reward_critic_loss_last": 0.005012746434658766,
      "cost_critic_loss_last": 0.005394426174461842,
      "critic_epochs": 8,
      "daily_voltage_cost": 0.0001882673823274672,
      "daily_voltage_cost_raw": 0.0001882673823274672,
      "daily_voltage_cost_normalized": 0.009413368999958038,
      "daily_economic_return_raw_yuan": -5372803.0,
      "daily_economic_return_normalized": -1.7047291994094849,
      "daily_economic_cost_raw_yuan": 5372803.0,
      "economic_reward_scale_yuan": 3151704.8194007874,
      "lagrange_multiplier": 0.0,
      "cost_budget": 1.0,
      "cost_budget_raw": 0.02,
      "cost_budget_normalized": 1.0,
      "algorithm_cost_mode": "fixed_penalty",
      "fixed_cost_penalty_coef": 10.0,
      "log_std_max": -2.3,
      "rollout_wall_seconds": 1.3652105778455734,
      "update_wall_seconds": 0.49045042134821415,
      "total_wall_seconds": 1.8556634988635778
    },
    {
      "update": 479,
      "algorithm": "mappo_penalty",
      "actor_loss": 0.09328171610832214,
      "reward_critic_loss": 0.0054329088889062405,
      "cost_critic_loss": 0.007823656313121319,
      "reward_critic_loss_last": 0.004853720776736736,
      "cost_critic_loss_last": 0.007785961963236332,
      "critic_epochs": 8,
      "daily_voltage_cost": 0.0005323209916241467,
      "daily_voltage_cost_raw": 0.0005323209916241467,
      "daily_voltage_cost_normalized": 0.0266160499304533,
      "daily_economic_return_raw_yuan": -5580395.0,
      "daily_economic_return_normalized": -1.7705957889556885,
      "daily_economic_cost_raw_yuan": 5580395.0,
      "economic_reward_scale_yuan": 3151704.8194007874,
      "lagrange_multiplier": 0.0,
      "cost_budget": 1.0,
      "cost_budget_raw": 0.02,
      "cost_budget_normalized": 1.0,
      "algorithm_cost_mode": "fixed_penalty",
      "fixed_cost_penalty_coef": 10.0,
      "log_std_max": -2.3,
      "rollout_wall_seconds": 1.3865880947560072,
      "update_wall_seconds": 0.47965772077441216,
      "total_wall_seconds": 1.8662485368549824
    },
    {
      "update": 480,
      "algorithm": "mappo_penalty",
      "actor_loss": 0.09160490334033966,
      "reward_critic_loss": 0.005852500908076763,
      "cost_critic_loss": 0.0015747400466352701,
      "reward_critic_loss_last": 0.004797039553523064,
      "cost_critic_loss_last": 0.0015106857754290104,
      "critic_epochs": 8,
      "daily_voltage_cost": 1.1615559742494952e-05,
      "daily_voltage_cost_raw": 1.1615559742494952e-05,
      "daily_voltage_cost_normalized": 0.0005807779962196946,
      "daily_economic_return_raw_yuan": -5544147.0,
      "daily_economic_return_normalized": -1.7590947151184082,
      "daily_economic_cost_raw_yuan": 5544147.0,
      "economic_reward_scale_yuan": 3151704.8194007874,
      "lagrange_multiplier": 0.0,
      "cost_budget": 1.0,
      "cost_budget_raw": 0.02,
      "cost_budget_normalized": 1.0,
      "algorithm_cost_mode": "fixed_penalty",
      "fixed_cost_penalty_coef": 10.0,
      "log_std_max": -2.3,
      "rollout_wall_seconds": 1.423534831032157,
      "update_wall_seconds": 0.46613968536257744,
      "total_wall_seconds": 1.8896767925471067
    },
    {
      "update": 481,
      "algorithm": "mappo_penalty",
      "actor_loss": 0.09207969158887863,
      "reward_critic_loss": 0.004163583740592003,
      "cost_critic_loss": 0.002691413275897503,
      "reward_critic_loss_last": 0.004107140004634857,
      "cost_critic_loss_last": 0.0026293336413800716,
      "critic_epochs": 8,
      "daily_voltage_cost": 0.0,
      "daily_voltage_cost_raw": 0.0,
      "daily_voltage_cost_normalized": 0.0,
      "daily_economic_return_raw_yuan": -5469641.0,
      "daily_economic_return_normalized": -1.735454797744751,
      "daily_economic_cost_raw_yuan": 5469641.0,
      "economic_reward_scale_yuan": 3151704.8194007874,
      "lagrange_multiplier": 0.0,
      "cost_budget": 1.0,
      "cost_budget_raw": 0.02,
      "cost_budget_normalized": 1.0,
      "algorithm_cost_mode": "fixed_penalty",
      "fixed_cost_penalty_coef": 10.0,
      "log_std_max": -2.3,
      "rollout_wall_seconds": 1.371894484385848,
      "update_wall_seconds": 0.4716715645045042,
      "total_wall_seconds": 1.843568429350853
    },
    {
      "update": 482,
      "algorithm": "mappo_penalty",
      "actor_loss": 0.09129051119089127,
      "reward_critic_loss": 0.005016883835196495,
      "cost_critic_loss": 0.0025766172911971807,
      "reward_critic_loss_last": 0.004290290176868439,
      "cost_critic_loss_last": 0.0025081713683903217,
      "critic_epochs": 8,
      "daily_voltage_cost": 0.0005976091488264501,
      "daily_voltage_cost_raw": 0.0005976091488264501,
      "daily_voltage_cost_normalized": 0.029880458489060402,
      "daily_economic_return_raw_yuan": -5351938.0,
      "daily_economic_return_normalized": -1.6981089115142822,
      "daily_economic_cost_raw_yuan": 5351938.0,
      "economic_reward_scale_yuan": 3151704.8194007874,
      "lagrange_multiplier": 0.0,
      "cost_budget": 1.0,
      "cost_budget_raw": 0.02,
      "cost_budget_normalized": 1.0,
      "algorithm_cost_mode": "fixed_penalty",
      "fixed_cost_penalty_coef": 10.0,
      "log_std_max": -2.3,
      "rollout_wall_seconds": 1.194938873872161,
      "update_wall_seconds": 0.46981537342071533,
      "total_wall_seconds": 1.6647567376494408
    },
    {
      "update": 483,
      "algorithm": "mappo_penalty",
      "actor_loss": 0.09212436527013779,
      "reward_critic_loss": 0.004523904528468847,
      "cost_critic_loss": 0.006401616148650646,
      "reward_critic_loss_last": 0.003964909352362156,
      "cost_critic_loss_last": 0.006200059782713652,
      "critic_epochs": 8,
      "daily_voltage_cost": 3.142416062473785e-06,
      "daily_voltage_cost_raw": 3.142416062473785e-06,
      "daily_voltage_cost_normalized": 0.00015712081221863627,
      "daily_economic_return_raw_yuan": -5295157.0,
      "daily_economic_return_normalized": -1.6800930500030518,
      "daily_economic_cost_raw_yuan": 5295157.0,
      "economic_reward_scale_yuan": 3151704.8194007874,
      "lagrange_multiplier": 0.0,
      "cost_budget": 1.0,
      "cost_budget_raw": 0.02,
      "cost_budget_normalized": 1.0,
      "algorithm_cost_mode": "fixed_penalty",
      "fixed_cost_penalty_coef": 10.0,
      "log_std_max": -2.3,
      "rollout_wall_seconds": 1.0124005544930696,
      "update_wall_seconds": 0.4626299925148487,
      "total_wall_seconds": 1.475033076480031
    },
    {
      "update": 484,
      "algorithm": "mappo_penalty",
      "actor_loss": 0.092284195125103,
      "reward_critic_loss": 0.0060918135568499565,
      "cost_critic_loss": 0.003696511499583721,
      "reward_critic_loss_last": 0.00594751350581646,
      "cost_critic_loss_last": 0.003542577847838402,
      "critic_epochs": 8,
      "daily_voltage_cost": 0.0,
      "daily_voltage_cost_raw": 0.0,
      "daily_voltage_cost_normalized": 0.0,
      "daily_economic_return_raw_yuan": -5334892.5,
      "daily_economic_return_normalized": -1.6927006244659424,
      "daily_economic_cost_raw_yuan": 5334892.5,
      "economic_reward_scale_yuan": 3151704.8194007874,
      "lagrange_multiplier": 0.0,
      "cost_budget": 1.0,
      "cost_budget_raw": 0.02,
      "cost_budget_normalized": 1.0,
      "algorithm_cost_mode": "fixed_penalty",
      "fixed_cost_penalty_coef": 10.0,
      "log_std_max": -2.3,
      "rollout_wall_seconds": 0.9914366751909256,
      "update_wall_seconds": 0.4756982699036598,
      "total_wall_seconds": 1.4671371541917324
    },
    {
      "update": 485,
      "algorithm": "mappo_penalty",
      "actor_loss": 0.0918174684047699,
      "reward_critic_loss": 0.008536132052540779,
      "cost_critic_loss": 0.08281801640987396,
      "reward_critic_loss_last": 0.007719673216342926,
      "cost_critic_loss_last": 0.0819166749715805,
      "critic_epochs": 8,
      "daily_voltage_cost": 0.0047867270186543465,
      "daily_voltage_cost_raw": 0.0047867270186543465,
      "daily_voltage_cost_normalized": 0.23933635652065277,
      "daily_economic_return_raw_yuan": -5129558.0,
      "daily_economic_return_normalized": -1.6275503635406494,
      "daily_economic_cost_raw_yuan": 5129558.0,
      "economic_reward_scale_yuan": 3151704.8194007874,
      "lagrange_multiplier": 0.0,
      "cost_budget": 1.0,
      "cost_budget_raw": 0.02,
      "cost_budget_normalized": 1.0,
      "algorithm_cost_mode": "fixed_penalty",
      "fixed_cost_penalty_coef": 10.0,
      "log_std_max": -2.3,
      "rollout_wall_seconds": 0.8959560357034206,
      "update_wall_seconds": 0.4663100689649582,
      "total_wall_seconds": 1.3622687477618456
    },
    {
      "update": 486,
      "algorithm": "mappo_penalty",
      "actor_loss": 0.09128859639167786,
      "reward_critic_loss": 0.0051279375329613686,
      "cost_critic_loss": 0.004121391102671623,
      "reward_critic_loss_last": 0.004687858745455742,
      "cost_critic_loss_last": 0.004248647950589657,
      "critic_epochs": 8,
      "daily_voltage_cost": 0.0,
      "daily_voltage_cost_raw": 0.0,
      "daily_voltage_cost_normalized": 0.0,
      "daily_economic_return_raw_yuan": -5173336.5,
      "daily_economic_return_normalized": -1.641440749168396,
      "daily_economic_cost_raw_yuan": 5173336.5,
      "economic_reward_scale_yuan": 3151704.8194007874,
      "lagrange_multiplier": 0.0,
      "cost_budget": 1.0,
      "cost_budget_raw": 0.02,
      "cost_budget_normalized": 1.0,
      "algorithm_cost_mode": "fixed_penalty",
      "fixed_cost_penalty_coef": 10.0,
      "log_std_max": -2.3,
      "rollout_wall_seconds": 1.0137388538569212,
      "update_wall_seconds": 0.4701326321810484,
      "total_wall_seconds": 1.4838743973523378
    },
    {
      "update": 487,
      "algorithm": "mappo_penalty",
      "actor_loss": 0.09106481075286865,
      "reward_critic_loss": 0.006665561348199844,
      "cost_critic_loss": 0.004161965101957321,
      "reward_critic_loss_last": 0.006129566114395857,
      "cost_critic_loss_last": 0.0038811841513961554,
      "critic_epochs": 8,
      "daily_voltage_cost": 0.0,
      "daily_voltage_cost_raw": 0.0,
      "daily_voltage_cost_normalized": 0.0,
      "daily_economic_return_raw_yuan": -5077320.5,
      "daily_economic_return_normalized": -1.610975980758667,
      "daily_economic_cost_raw_yuan": 5077320.5,
      "economic_reward_scale_yuan": 3151704.8194007874,
      "lagrange_multiplier": 0.0,
      "cost_budget": 1.0,
      "cost_budget_raw": 0.02,
      "cost_budget_normalized": 1.0,
      "algorithm_cost_mode": "fixed_penalty",
      "fixed_cost_penalty_coef": 10.0,
      "log_std_max": -2.3,
      "rollout_wall_seconds": 0.9539080578833818,
      "update_wall_seconds": 0.4745412040501833,
      "total_wall_seconds": 1.428451556712389
    },
    {
      "update": 488,
      "algorithm": "mappo_penalty",
      "actor_loss": 0.09158185124397278,
      "reward_critic_loss": 0.006376465316861868,
      "cost_critic_loss": 0.0052384622395038605,
      "reward_critic_loss_last": 0.005964105948805809,
      "cost_critic_loss_last": 0.005071398336440325,
      "critic_epochs": 8,
      "daily_voltage_cost": 0.00033705614623613656,
      "daily_voltage_cost_raw": 0.00033705614623613656,
      "daily_voltage_cost_normalized": 0.016852807253599167,
      "daily_economic_return_raw_yuan": -5235564.5,
      "daily_economic_return_normalized": -1.6611850261688232,
      "daily_economic_cost_raw_yuan": 5235564.5,
      "economic_reward_scale_yuan": 3151704.8194007874,
      "lagrange_multiplier": 0.0,
      "cost_budget": 1.0,
      "cost_budget_raw": 0.02,
      "cost_budget_normalized": 1.0,
      "algorithm_cost_mode": "fixed_penalty",
      "fixed_cost_penalty_coef": 10.0,
      "log_std_max": -2.3,
      "rollout_wall_seconds": 0.8775836490094662,
      "update_wall_seconds": 0.46704539470374584,
      "total_wall_seconds": 1.3446313310414553
    },
    {
      "update": 489,
      "algorithm": "mappo_penalty",
      "actor_loss": 0.09194423258304596,
      "reward_critic_loss": 0.006607276853173971,
      "cost_critic_loss": 0.017680801451206207,
      "reward_critic_loss_last": 0.006039067171514034,
      "cost_critic_loss_last": 0.015864025801420212,
      "critic_epochs": 8,
      "daily_voltage_cost": 0.0019080709898844361,
      "daily_voltage_cost_raw": 0.0019080709898844361,
      "daily_voltage_cost_normalized": 0.09540355950593948,
      "daily_economic_return_raw_yuan": -5285294.5,
      "daily_economic_return_normalized": -1.6769636869430542,
      "daily_economic_cost_raw_yuan": 5285294.5,
      "economic_reward_scale_yuan": 3151704.8194007874,
      "lagrange_multiplier": 0.0,
      "cost_budget": 1.0,
      "cost_budget_raw": 0.02,
      "cost_budget_normalized": 1.0,
      "algorithm_cost_mode": "fixed_penalty",
      "fixed_cost_penalty_coef": 10.0,
      "log_std_max": -2.3,
      "rollout_wall_seconds": 1.402018066495657,
      "update_wall_seconds": 0.49235036224126816,
      "total_wall_seconds": 1.8943706024438143
    },
    {
      "update": 490,
      "algorithm": "mappo_penalty",
      "actor_loss": 0.09135787934064865,
      "reward_critic_loss": 0.0043825991451740265,
      "cost_critic_loss": 0.002428030129522085,
      "reward_critic_loss_last": 0.003768918802961707,
      "cost_critic_loss_last": 0.002631715266034007,
      "critic_epochs": 8,
      "daily_voltage_cost": 4.8169433284783736e-05,
      "daily_voltage_cost_raw": 4.8169433284783736e-05,
      "daily_voltage_cost_normalized": 0.002408471656963229,
      "daily_economic_return_raw_yuan": -5407676.5,
      "daily_economic_return_normalized": -1.7157940864562988,
      "daily_economic_cost_raw_yuan": 5407676.5,
      "economic_reward_scale_yuan": 3151704.8194007874,
      "lagrange_multiplier": 0.0,
      "cost_budget": 1.0,
      "cost_budget_raw": 0.02,
      "cost_budget_normalized": 1.0,
      "algorithm_cost_mode": "fixed_penalty",
      "fixed_cost_penalty_coef": 10.0,
      "log_std_max": -2.3,
      "rollout_wall_seconds": 1.4760159067809582,
      "update_wall_seconds": 0.4907832760363817,
      "total_wall_seconds": 1.9668013677001
    },
    {
      "update": 491,
      "algorithm": "mappo_penalty",
      "actor_loss": 0.09215066581964493,
      "reward_critic_loss": 0.003622987773269415,
      "cost_critic_loss": 0.003042014315724373,
      "reward_critic_loss_last": 0.003534951014444232,
      "cost_critic_loss_last": 0.002811694983392954,
      "critic_epochs": 8,
      "daily_voltage_cost": 0.0,
      "daily_voltage_cost_raw": 0.0,
      "daily_voltage_cost_normalized": 0.0,
      "daily_economic_return_raw_yuan": -5312574.0,
      "daily_economic_return_normalized": -1.6856191158294678,
      "daily_economic_cost_raw_yuan": 5312574.0,
      "economic_reward_scale_yuan": 3151704.8194007874,
      "lagrange_multiplier": 0.0,
      "cost_budget": 1.0,
      "cost_budget_raw": 0.02,
      "cost_budget_normalized": 1.0,
      "algorithm_cost_mode": "fixed_penalty",
      "fixed_cost_penalty_coef": 10.0,
      "log_std_max": -2.3,
      "rollout_wall_seconds": 1.4211758002638817,
      "update_wall_seconds": 0.47750070318579674,
      "total_wall_seconds": 1.8986786846071482
    },
    {
      "update": 492,
      "algorithm": "mappo_penalty",
      "actor_loss": 0.09160280227661133,
      "reward_critic_loss": 0.006929903291165829,
      "cost_critic_loss": 0.009199894033372402,
      "reward_critic_loss_last": 0.006327928509563208,
      "cost_critic_loss_last": 0.00915323942899704,
      "critic_epochs": 8,
      "daily_voltage_cost": 0.0009384858421981335,
      "daily_voltage_cost_raw": 0.0009384858421981335,
      "daily_voltage_cost_normalized": 0.04692429304122925,
      "daily_economic_return_raw_yuan": -5281381.5,
      "daily_economic_return_normalized": -1.6757222414016724,
      "daily_economic_cost_raw_yuan": 5281381.5,
      "economic_reward_scale_yuan": 3151704.8194007874,
      "lagrange_multiplier": 0.0,
      "cost_budget": 1.0,
      "cost_budget_raw": 0.02,
      "cost_budget_normalized": 1.0,
      "algorithm_cost_mode": "fixed_penalty",
      "fixed_cost_penalty_coef": 10.0,
      "log_std_max": -2.3,
      "rollout_wall_seconds": 1.360792187973857,
      "update_wall_seconds": 0.4668162427842617,
      "total_wall_seconds": 1.827610570937395
    },
    {
      "update": 493,
      "algorithm": "mappo_penalty",
      "actor_loss": 0.09135972708463669,
      "reward_critic_loss": 0.004250644706189632,
      "cost_critic_loss": 0.007411033846437931,
      "reward_critic_loss_last": 0.0036518804263323545,
      "cost_critic_loss_last": 0.007322386838495731,
      "critic_epochs": 8,
      "daily_voltage_cost": 0.0015071373200044036,
      "daily_voltage_cost_raw": 0.0015071373200044036,
      "daily_voltage_cost_normalized": 0.0753568634390831,
      "daily_economic_return_raw_yuan": -5344439.5,
      "daily_economic_return_normalized": -1.6957297325134277,
      "daily_economic_cost_raw_yuan": 5344439.5,
      "economic_reward_scale_yuan": 3151704.8194007874,
      "lagrange_multiplier": 0.0,
      "cost_budget": 1.0,
      "cost_budget_raw": 0.02,
      "cost_budget_normalized": 1.0,
      "algorithm_cost_mode": "fixed_penalty",
      "fixed_cost_penalty_coef": 10.0,
      "log_std_max": -2.3,
      "rollout_wall_seconds": 1.423728859052062,
      "update_wall_seconds": 0.46422361209988594,
      "total_wall_seconds": 1.8879545871168375
    },
    {
      "update": 494,
      "algorithm": "mappo_penalty",
      "actor_loss": 0.09174615889787674,
      "reward_critic_loss": 0.0050074253231287,
      "cost_critic_loss": 0.0032071443274617195,
      "reward_critic_loss_last": 0.004317442886531353,
      "cost_critic_loss_last": 0.003144599264487624,
      "critic_epochs": 8,
      "daily_voltage_cost": 0.0007067534606903791,
      "daily_voltage_cost_raw": 0.0007067534606903791,
      "daily_voltage_cost_normalized": 0.035337671637535095,
      "daily_economic_return_raw_yuan": -5566911.0,
      "daily_economic_return_normalized": -1.766317367553711,
      "daily_economic_cost_raw_yuan": 5566911.0,
      "economic_reward_scale_yuan": 3151704.8194007874,
      "lagrange_multiplier": 0.0,
      "cost_budget": 1.0,
      "cost_budget_raw": 0.02,
      "cost_budget_normalized": 1.0,
      "algorithm_cost_mode": "fixed_penalty",
      "fixed_cost_penalty_coef": 10.0,
      "log_std_max": -2.3,
      "rollout_wall_seconds": 1.336202485486865,
      "update_wall_seconds": 0.47687484696507454,
      "total_wall_seconds": 1.8130794446915388
    },
    {
      "update": 495,
      "algorithm": "mappo_penalty",
      "actor_loss": 0.09079794585704803,
      "reward_critic_loss": 0.005437565501779318,
      "cost_critic_loss": 0.11377551406621933,
      "reward_critic_loss_last": 0.004824163392186165,
      "cost_critic_loss_last": 0.1129530593752861,
      "critic_epochs": 8,
      "daily_voltage_cost": 0.004394988529384136,
      "daily_voltage_cost_raw": 0.004394988529384136,
      "daily_voltage_cost_normalized": 0.21974943578243256,
      "daily_economic_return_raw_yuan": -5303340.5,
      "daily_economic_return_normalized": -1.6826894283294678,
      "daily_economic_cost_raw_yuan": 5303340.5,
      "economic_reward_scale_yuan": 3151704.8194007874,
      "lagrange_multiplier": 0.0,
      "cost_budget": 1.0,
      "cost_budget_raw": 0.02,
      "cost_budget_normalized": 1.0,
      "algorithm_cost_mode": "fixed_penalty",
      "fixed_cost_penalty_coef": 10.0,
      "log_std_max": -2.3,
      "rollout_wall_seconds": 1.3863100931048393,
      "update_wall_seconds": 0.47981187887489796,
      "total_wall_seconds": 1.8661240134388208
    },
    {
      "update": 496,
      "algorithm": "mappo_penalty",
      "actor_loss": 0.09145247936248779,
      "reward_critic_loss": 0.004787980578839779,
      "cost_critic_loss": 0.006880462169647217,
      "reward_critic_loss_last": 0.004403889179229736,
      "cost_critic_loss_last": 0.00691361166536808,
      "critic_epochs": 8,
      "daily_voltage_cost": 0.0010247784666717052,
      "daily_voltage_cost_raw": 0.0010247784666717052,
      "daily_voltage_cost_normalized": 0.05123892426490784,
      "daily_economic_return_raw_yuan": -5405162.0,
      "daily_economic_return_normalized": -1.714996337890625,
      "daily_economic_cost_raw_yuan": 5405162.0,
      "economic_reward_scale_yuan": 3151704.8194007874,
      "lagrange_multiplier": 0.0,
      "cost_budget": 1.0,
      "cost_budget_raw": 0.02,
      "cost_budget_normalized": 1.0,
      "algorithm_cost_mode": "fixed_penalty",
      "fixed_cost_penalty_coef": 10.0,
      "log_std_max": -2.3,
      "rollout_wall_seconds": 1.487244002521038,
      "update_wall_seconds": 0.457564989104867,
      "total_wall_seconds": 1.9448114559054375
    },
    {
      "update": 497,
      "algorithm": "mappo_penalty",
      "actor_loss": 0.09123023599386215,
      "reward_critic_loss": 0.005984926596283913,
      "cost_critic_loss": 0.018770013004541397,
      "reward_critic_loss_last": 0.0051534129306674,
      "cost_critic_loss_last": 0.01871347241103649,
      "critic_epochs": 8,
      "daily_voltage_cost": 0.0012621334753930569,
      "daily_voltage_cost_raw": 0.0012621334753930569,
      "daily_voltage_cost_normalized": 0.06310667842626572,
      "daily_economic_return_raw_yuan": -5185540.0,
      "daily_economic_return_normalized": -1.645312786102295,
      "daily_economic_cost_raw_yuan": 5185540.0,
      "economic_reward_scale_yuan": 3151704.8194007874,
      "lagrange_multiplier": 0.0,
      "cost_budget": 1.0,
      "cost_budget_raw": 0.02,
      "cost_budget_normalized": 1.0,
      "algorithm_cost_mode": "fixed_penalty",
      "fixed_cost_penalty_coef": 10.0,
      "log_std_max": -2.3,
      "rollout_wall_seconds": 1.3369366247206926,
      "update_wall_seconds": 0.4546481594443321,
      "total_wall_seconds": 1.7915868535637856
    },
    {
      "update": 498,
      "algorithm": "mappo_penalty",
      "actor_loss": 0.09183647483587265,
      "reward_critic_loss": 0.004687842912971973,
      "cost_critic_loss": 0.006588532589375973,
      "reward_critic_loss_last": 0.0038672792725265026,
      "cost_critic_loss_last": 0.006515964865684509,
      "critic_epochs": 8,
      "daily_voltage_cost": 0.0012909636134281754,
      "daily_voltage_cost_raw": 0.0012909636134281754,
      "daily_voltage_cost_normalized": 0.06454818695783615,
      "daily_economic_return_raw_yuan": -5493819.5,
      "daily_economic_return_normalized": -1.7431262731552124,
      "daily_economic_cost_raw_yuan": 5493819.5,
      "economic_reward_scale_yuan": 3151704.8194007874,
      "lagrange_multiplier": 0.0,
      "cost_budget": 1.0,
      "cost_budget_raw": 0.02,
      "cost_budget_normalized": 1.0,
      "algorithm_cost_mode": "fixed_penalty",
      "fixed_cost_penalty_coef": 10.0,
      "log_std_max": -2.3,
      "rollout_wall_seconds": 1.3040715083479881,
      "update_wall_seconds": 0.44360629469156265,
      "total_wall_seconds": 1.7476801313459873
    },
    {
      "update": 499,
      "algorithm": "mappo_penalty",
      "actor_loss": 0.09134868532419205,
      "reward_critic_loss": 0.007440350018441677,
      "cost_critic_loss": 0.044782813638448715,
      "reward_critic_loss_last": 0.006555645726621151,
      "cost_critic_loss_last": 0.0446024015545845,
      "critic_epochs": 8,
      "daily_voltage_cost": 0.003155781188979745,
      "daily_voltage_cost_raw": 0.003155781188979745,
      "daily_voltage_cost_normalized": 0.15778906643390656,
      "daily_economic_return_raw_yuan": -5386186.5,
      "daily_economic_return_normalized": -1.7089755535125732,
      "daily_economic_cost_raw_yuan": 5386186.5,
      "economic_reward_scale_yuan": 3151704.8194007874,
      "lagrange_multiplier": 0.0,
      "cost_budget": 1.0,
      "cost_budget_raw": 0.02,
      "cost_budget_normalized": 1.0,
      "algorithm_cost_mode": "fixed_penalty",
      "fixed_cost_penalty_coef": 10.0,
      "log_std_max": -2.3,
      "rollout_wall_seconds": 1.4220165479928255,
      "update_wall_seconds": 0.46242702566087246,
      "total_wall_seconds": 1.8844462931156158
    },
    {
      "update": 500,
      "algorithm": "mappo_penalty",
      "actor_loss": 0.09128768742084503,
      "reward_critic_loss": 0.006373527925461531,
      "cost_critic_loss": 0.004136856645345688,
      "reward_critic_loss_last": 0.004669584333896637,
      "cost_critic_loss_last": 0.00396804790943861,
      "critic_epochs": 8,
      "daily_voltage_cost": 0.00021408378961496055,
      "daily_voltage_cost_raw": 0.00021408378961496055,
      "daily_voltage_cost_normalized": 0.010704189538955688,
      "daily_economic_return_raw_yuan": -5604223.0,
      "daily_economic_return_normalized": -1.778156042098999,
      "daily_economic_cost_raw_yuan": 5604223.0,
      "economic_reward_scale_yuan": 3151704.8194007874,
      "lagrange_multiplier": 0.0,
      "cost_budget": 1.0,
      "cost_budget_raw": 0.02,
      "cost_budget_normalized": 1.0,
      "algorithm_cost_mode": "fixed_penalty",
      "fixed_cost_penalty_coef": 10.0,
      "log_std_max": -2.3,
      "rollout_wall_seconds": 1.3388151582330465,
      "update_wall_seconds": 0.45848432183265686,
      "total_wall_seconds": 1.7973013389855623
    },
    {
      "update": 501,
      "algorithm": "mappo_penalty",
      "actor_loss": 0.09202609211206436,
      "reward_critic_loss": 0.005902878940105438,
      "cost_critic_loss": 0.002167442813515663,
      "reward_critic_loss_last": 0.005382849834859371,
      "cost_critic_loss_last": 0.0019994128961116076,
      "critic_epochs": 8,
      "daily_voltage_cost": 0.0,
      "daily_voltage_cost_raw": 0.0,
      "daily_voltage_cost_normalized": 0.0,
      "daily_economic_return_raw_yuan": -5508801.0,
      "daily_economic_return_normalized": -1.7478797435760498,
      "daily_economic_cost_raw_yuan": 5508801.0,
      "economic_reward_scale_yuan": 3151704.8194007874,
      "lagrange_multiplier": 0.0,
      "cost_budget": 1.0,
      "cost_budget_raw": 0.02,
      "cost_budget_normalized": 1.0,
      "algorithm_cost_mode": "fixed_penalty",
      "fixed_cost_penalty_coef": 10.0,
      "log_std_max": -2.3,
      "rollout_wall_seconds": 1.445917371660471,
      "update_wall_seconds": 0.45140545070171356,
      "total_wall_seconds": 1.8973248768597841
    },
    {
      "update": 502,
      "algorithm": "mappo_penalty",
      "actor_loss": 0.09146751463413239,
      "reward_critic_loss": 0.005036506801843643,
      "cost_critic_loss": 0.003385815303772688,
      "reward_critic_loss_last": 0.004990315064787865,
      "cost_critic_loss_last": 0.0031264950521290302,
      "critic_epochs": 8,
      "daily_voltage_cost": 0.0,
      "daily_voltage_cost_raw": 0.0,
      "daily_voltage_cost_normalized": 0.0,
      "daily_economic_return_raw_yuan": -5436292.5,
      "daily_economic_return_normalized": -1.724873661994934,
      "daily_economic_cost_raw_yuan": 5436292.5,
      "economic_reward_scale_yuan": 3151704.8194007874,
      "lagrange_multiplier": 0.0,
      "cost_budget": 1.0,
      "cost_budget_raw": 0.02,
      "cost_budget_normalized": 1.0,
      "algorithm_cost_mode": "fixed_penalty",
      "fixed_cost_penalty_coef": 10.0,
      "log_std_max": -2.3,
      "rollout_wall_seconds": 1.3376929424703121,
      "update_wall_seconds": 0.4612988717854023,
      "total_wall_seconds": 1.7989937011152506
    },
    {
      "update": 503,
      "algorithm": "mappo_penalty",
      "actor_loss": 0.09038475155830383,
      "reward_critic_loss": 0.005985892377793789,
      "cost_critic_loss": 0.033145517110824585,
      "reward_critic_loss_last": 0.005563741084188223,
      "cost_critic_loss_last": 0.03278309479355812,
      "critic_epochs": 8,
      "daily_voltage_cost": 0.004500587470829487,
      "daily_voltage_cost_raw": 0.004500587470829487,
      "daily_voltage_cost_normalized": 0.2250293791294098,
      "daily_economic_return_raw_yuan": -5264970.5,
      "daily_economic_return_normalized": -1.6705150604248047,
      "daily_economic_cost_raw_yuan": 5264970.5,
      "economic_reward_scale_yuan": 3151704.8194007874,
      "lagrange_multiplier": 0.0,
      "cost_budget": 1.0,
      "cost_budget_raw": 0.02,
      "cost_budget_normalized": 1.0,
      "algorithm_cost_mode": "fixed_penalty",
      "fixed_cost_penalty_coef": 10.0,
      "log_std_max": -2.3,
      "rollout_wall_seconds": 1.3476792108267546,
      "update_wall_seconds": 0.44839684665203094,
      "total_wall_seconds": 1.796077698469162
    },
    {
      "update": 504,
      "algorithm": "mappo_penalty",
      "actor_loss": 0.09095367044210434,
      "reward_critic_loss": 0.005157443229109049,
      "cost_critic_loss": 0.0041254423558712006,
      "reward_critic_loss_last": 0.004474002867937088,
      "cost_critic_loss_last": 0.00407404312863946,
      "critic_epochs": 8,
      "daily_voltage_cost": 0.0,
      "daily_voltage_cost_raw": 0.0,
      "daily_voltage_cost_normalized": 0.0,
      "daily_economic_return_raw_yuan": -5290558.5,
      "daily_economic_return_normalized": -1.6786339282989502,
      "daily_economic_cost_raw_yuan": 5290558.5,
      "economic_reward_scale_yuan": 3151704.8194007874,
      "lagrange_multiplier": 0.0,
      "cost_budget": 1.0,
      "cost_budget_raw": 0.02,
      "cost_budget_normalized": 1.0,
      "algorithm_cost_mode": "fixed_penalty",
      "fixed_cost_penalty_coef": 10.0,
      "log_std_max": -2.3,
      "rollout_wall_seconds": 1.347792087122798,
      "update_wall_seconds": 0.46432485803961754,
      "total_wall_seconds": 1.812118723988533
    },
    {
      "update": 505,
      "algorithm": "mappo_penalty",
      "actor_loss": 0.0904708206653595,
      "reward_critic_loss": 0.007298272103071213,
      "cost_critic_loss": 0.004608923103660345,
      "reward_critic_loss_last": 0.006728492211550474,
      "cost_critic_loss_last": 0.004348095040768385,
      "critic_epochs": 8,
      "daily_voltage_cost": 0.00011326166713843122,
      "daily_voltage_cost_raw": 0.00011326166713843122,
      "daily_voltage_cost_normalized": 0.005663083400577307,
      "daily_economic_return_raw_yuan": -5102112.0,
      "daily_economic_return_normalized": -1.6188420057296753,
      "daily_economic_cost_raw_yuan": 5102112.0,
      "economic_reward_scale_yuan": 3151704.8194007874,
      "lagrange_multiplier": 0.0,
      "cost_budget": 1.0,
      "cost_budget_raw": 0.02,
      "cost_budget_normalized": 1.0,
      "algorithm_cost_mode": "fixed_penalty",
      "fixed_cost_penalty_coef": 10.0,
      "log_std_max": -2.3,
      "rollout_wall_seconds": 1.3883110340684652,
      "update_wall_seconds": 0.4439440555870533,
      "total_wall_seconds": 1.8322568368166685
    },
    {
      "update": 506,
      "algorithm": "mappo_penalty",
      "actor_loss": 0.09099796414375305,
      "reward_critic_loss": 0.00634677242487669,
      "cost_critic_loss": 0.0022399143781512976,
      "reward_critic_loss_last": 0.005685541778802872,
      "cost_critic_loss_last": 0.0021687056869268417,
      "critic_epochs": 8,
      "daily_voltage_cost": 1.5455963875865564e-05,
      "daily_voltage_cost_raw": 1.5455963875865564e-05,
      "daily_voltage_cost_normalized": 0.0007727982010692358,
      "daily_economic_return_raw_yuan": -5397430.0,
      "daily_economic_return_normalized": -1.71254301071167,
      "daily_economic_cost_raw_yuan": 5397430.0,
      "economic_reward_scale_yuan": 3151704.8194007874,
      "lagrange_multiplier": 0.0,
      "cost_budget": 1.0,
      "cost_budget_raw": 0.02,
      "cost_budget_normalized": 1.0,
      "algorithm_cost_mode": "fixed_penalty",
      "fixed_cost_penalty_coef": 10.0,
      "log_std_max": -2.3,
      "rollout_wall_seconds": 1.3479758370667696,
      "update_wall_seconds": 0.4558016452938318,
      "total_wall_seconds": 1.8037796188145876
    },
    {
      "update": 507,
      "algorithm": "mappo_penalty",
      "actor_loss": 0.09091833233833313,
      "reward_critic_loss": 0.0050887176766991615,
      "cost_critic_loss": 0.023071570321917534,
      "reward_critic_loss_last": 0.0044264597818255424,
      "cost_critic_loss_last": 0.022435380145907402,
      "critic_epochs": 8,
      "daily_voltage_cost": 0.002215295797213912,
      "daily_voltage_cost_raw": 0.002215295797213912,
      "daily_voltage_cost_normalized": 0.11076479405164719,
      "daily_economic_return_raw_yuan": -5394397.0,
      "daily_economic_return_normalized": -1.711580753326416,
      "daily_economic_cost_raw_yuan": 5394397.0,
      "economic_reward_scale_yuan": 3151704.8194007874,
      "lagrange_multiplier": 0.0,
      "cost_budget": 1.0,
      "cost_budget_raw": 0.02,
      "cost_budget_normalized": 1.0,
      "algorithm_cost_mode": "fixed_penalty",
      "fixed_cost_penalty_coef": 10.0,
      "log_std_max": -2.3,
      "rollout_wall_seconds": 0.7296370174735785,
      "update_wall_seconds": 0.4237937871366739,
      "total_wall_seconds": 1.15343246050179
    },
    {
      "update": 508,
      "algorithm": "mappo_penalty",
      "actor_loss": 0.08994747698307037,
      "reward_critic_loss": 0.004826986696571112,
      "cost_critic_loss": 0.026555389165878296,
      "reward_critic_loss_last": 0.004326838534325361,
      "cost_critic_loss_last": 0.025551319122314453,
      "critic_epochs": 8,
      "daily_voltage_cost": 0.002649232978001237,
      "daily_voltage_cost_raw": 0.002649232978001237,
      "daily_voltage_cost_normalized": 0.13246165215969086,
      "daily_economic_return_raw_yuan": -5179846.5,
      "daily_economic_return_normalized": -1.6435062885284424,
      "daily_economic_cost_raw_yuan": 5179846.5,
      "economic_reward_scale_yuan": 3151704.8194007874,
      "lagrange_multiplier": 0.0,
      "cost_budget": 1.0,
      "cost_budget_raw": 0.02,
      "cost_budget_normalized": 1.0,
      "algorithm_cost_mode": "fixed_penalty",
      "fixed_cost_penalty_coef": 10.0,
      "log_std_max": -2.3,
      "rollout_wall_seconds": 1.292564308270812,
      "update_wall_seconds": 0.47625778056681156,
      "total_wall_seconds": 1.7688238844275475
    },
    {
      "update": 509,
      "algorithm": "mappo_penalty",
      "actor_loss": 0.09019383043050766,
      "reward_critic_loss": 0.005421916022896767,
      "cost_critic_loss": 0.003887457773089409,
      "reward_critic_loss_last": 0.004558979999274015,
      "cost_critic_loss_last": 0.003963108640164137,
      "critic_epochs": 8,
      "daily_voltage_cost": 0.0004739732248708606,
      "daily_voltage_cost_raw": 0.0004739732248708606,
      "daily_voltage_cost_normalized": 0.023698661476373672,
      "daily_economic_return_raw_yuan": -5372931.0,
      "daily_economic_return_normalized": -1.7047697305679321,
      "daily_economic_cost_raw_yuan": 5372931.0,
      "economic_reward_scale_yuan": 3151704.8194007874,
      "lagrange_multiplier": 0.0,
      "cost_budget": 1.0,
      "cost_budget_raw": 0.02,
      "cost_budget_normalized": 1.0,
      "algorithm_cost_mode": "fixed_penalty",
      "fixed_cost_penalty_coef": 10.0,
      "log_std_max": -2.3,
      "rollout_wall_seconds": 1.299052868038416,
      "update_wall_seconds": 0.4695408511906862,
      "total_wall_seconds": 1.7685955967754126
    },
    {
      "update": 510,
      "algorithm": "mappo_penalty",
      "actor_loss": 0.08961305767297745,
      "reward_critic_loss": 0.005806030239909887,
      "cost_critic_loss": 0.0033984424080699682,
      "reward_critic_loss_last": 0.004897185601294041,
      "cost_critic_loss_last": 0.002514938358217478,
      "critic_epochs": 8,
      "daily_voltage_cost": 1.3562640560849104e-05,
      "daily_voltage_cost_raw": 1.3562640560849104e-05,
      "daily_voltage_cost_normalized": 0.0006781320553272963,
      "daily_economic_return_raw_yuan": -5226940.5,
      "daily_economic_return_normalized": -1.6584486961364746,
      "daily_economic_cost_raw_yuan": 5226940.5,
      "economic_reward_scale_yuan": 3151704.8194007874,
      "lagrange_multiplier": 0.0,
      "cost_budget": 1.0,
      "cost_budget_raw": 0.02,
      "cost_budget_normalized": 1.0,
      "algorithm_cost_mode": "fixed_penalty",
      "fixed_cost_penalty_coef": 10.0,
      "log_std_max": -2.3,
      "rollout_wall_seconds": 1.3076260890811682,
      "update_wall_seconds": 0.4564868435263634,
      "total_wall_seconds": 1.7641148287802935
    },
    {
      "update": 511,
      "algorithm": "mappo_penalty",
      "actor_loss": 0.08998515456914902,
      "reward_critic_loss": 0.004957336001098156,
      "cost_critic_loss": 0.002141019329428673,
      "reward_critic_loss_last": 0.004435723647475243,
      "cost_critic_loss_last": 0.002215396147221327,
      "critic_epochs": 8,
      "daily_voltage_cost": 0.00023744095233269036,
      "daily_voltage_cost_raw": 0.00023744095233269036,
      "daily_voltage_cost_normalized": 0.011872047558426857,
      "daily_economic_return_raw_yuan": -5428752.0,
      "daily_economic_return_normalized": -1.72248113155365,
      "daily_economic_cost_raw_yuan": 5428752.0,
      "economic_reward_scale_yuan": 3151704.8194007874,
      "lagrange_multiplier": 0.0,
      "cost_budget": 1.0,
      "cost_budget_raw": 0.02,
      "cost_budget_normalized": 1.0,
      "algorithm_cost_mode": "fixed_penalty",
      "fixed_cost_penalty_coef": 10.0,
      "log_std_max": -2.3,
      "rollout_wall_seconds": 1.6516629438847303,
      "update_wall_seconds": 0.44641605019569397,
      "total_wall_seconds": 2.0980806313455105
    },
    {
      "update": 512,
      "algorithm": "mappo_penalty",
      "actor_loss": 0.09073623269796371,
      "reward_critic_loss": 0.005937608890235424,
      "cost_critic_loss": 0.001956998836249113,
      "reward_critic_loss_last": 0.0046814135275781155,
      "cost_critic_loss_last": 0.0019253278151154518,
      "critic_epochs": 8,
      "daily_voltage_cost": 0.0,
      "daily_voltage_cost_raw": 0.0,
      "daily_voltage_cost_normalized": 0.0,
      "daily_economic_return_raw_yuan": -5204852.0,
      "daily_economic_return_normalized": -1.6514402627944946,
      "daily_economic_cost_raw_yuan": 5204852.0,
      "economic_reward_scale_yuan": 3151704.8194007874,
      "lagrange_multiplier": 0.0,
      "cost_budget": 1.0,
      "cost_budget_raw": 0.02,
      "cost_budget_normalized": 1.0,
      "algorithm_cost_mode": "fixed_penalty",
      "fixed_cost_penalty_coef": 10.0,
      "log_std_max": -2.3,
      "rollout_wall_seconds": 1.3448691219091415,
      "update_wall_seconds": 0.46202955953776836,
      "total_wall_seconds": 1.8069003764539957
    },
    {
      "update": 513,
      "algorithm": "mappo_penalty",
      "actor_loss": 0.09090742468833923,
      "reward_critic_loss": 0.006509840488433838,
      "cost_critic_loss": 0.0028279731050133705,
      "reward_critic_loss_last": 0.0062786852940917015,
      "cost_critic_loss_last": 0.002783019794151187,
      "critic_epochs": 8,
      "daily_voltage_cost": 0.00042695103911682963,
      "daily_voltage_cost_raw": 0.00042695103911682963,
      "daily_voltage_cost_normalized": 0.02134755253791809,
      "daily_economic_return_raw_yuan": -5197980.5,
      "daily_economic_return_normalized": -1.6492599248886108,
      "daily_economic_cost_raw_yuan": 5197980.5,
      "economic_reward_scale_yuan": 3151704.8194007874,
      "lagrange_multiplier": 0.0,
      "cost_budget": 1.0,
      "cost_budget_raw": 0.02,
      "cost_budget_normalized": 1.0,
      "algorithm_cost_mode": "fixed_penalty",
      "fixed_cost_penalty_coef": 10.0,
      "log_std_max": -2.3,
      "rollout_wall_seconds": 1.2278052028268576,
      "update_wall_seconds": 0.43639294244349003,
      "total_wall_seconds": 1.6642014663666487
    },
    {
      "update": 514,
      "algorithm": "mappo_penalty",
      "actor_loss": 0.09048697352409363,
      "reward_critic_loss": 0.0045334165915846825,
      "cost_critic_loss": 0.027545131742954254,
      "reward_critic_loss_last": 0.0040524606592953205,
      "cost_critic_loss_last": 0.026522688567638397,
      "critic_epochs": 8,
      "daily_voltage_cost": 0.0016092441510409117,
      "daily_voltage_cost_raw": 0.0016092441510409117,
      "daily_voltage_cost_normalized": 0.08046220242977142,
      "daily_economic_return_raw_yuan": -5388183.0,
      "daily_economic_return_normalized": -1.709609031677246,
      "daily_economic_cost_raw_yuan": 5388183.0,
      "economic_reward_scale_yuan": 3151704.8194007874,
      "lagrange_multiplier": 0.0,
      "cost_budget": 1.0,
      "cost_budget_raw": 0.02,
      "cost_budget_normalized": 1.0,
      "algorithm_cost_mode": "fixed_penalty",
      "fixed_cost_penalty_coef": 10.0,
      "log_std_max": -2.3,
      "rollout_wall_seconds": 1.4021551609039307,
      "update_wall_seconds": 0.4644443392753601,
      "total_wall_seconds": 1.8666013441979885
    },
    {
      "update": 515,
      "algorithm": "mappo_penalty",
      "actor_loss": 0.09055333584547043,
      "reward_critic_loss": 0.004591566976159811,
      "cost_critic_loss": 0.0025818294379860163,
      "reward_critic_loss_last": 0.004275409504771233,
      "cost_critic_loss_last": 0.0027397330850362778,
      "critic_epochs": 8,
      "daily_voltage_cost": 0.00011643167090369388,
      "daily_voltage_cost_raw": 0.00011643167090369388,
      "daily_voltage_cost_normalized": 0.005821583792567253,
      "daily_economic_return_raw_yuan": -5292164.5,
      "daily_economic_return_normalized": -1.6791434288024902,
      "daily_economic_cost_raw_yuan": 5292164.5,
      "economic_reward_scale_yuan": 3151704.8194007874,
      "lagrange_multiplier": 0.0,
      "cost_budget": 1.0,
      "cost_budget_raw": 0.02,
      "cost_budget_normalized": 1.0,
      "algorithm_cost_mode": "fixed_penalty",
      "fixed_cost_penalty_coef": 10.0,
      "log_std_max": -2.3,
      "rollout_wall_seconds": 1.3202598113566637,
      "update_wall_seconds": 0.4650209005922079,
      "total_wall_seconds": 1.7852827981114388
    },
    {
      "update": 516,
      "algorithm": "mappo_penalty",
      "actor_loss": 0.0901278555393219,
      "reward_critic_loss": 0.010127588175237179,
      "cost_critic_loss": 0.0020172703079879284,
      "reward_critic_loss_last": 0.009203320369124413,
      "cost_critic_loss_last": 0.0017426552949473262,
      "critic_epochs": 8,
      "daily_voltage_cost": 0.0,
      "daily_voltage_cost_raw": 0.0,
      "daily_voltage_cost_normalized": 0.0,
      "daily_economic_return_raw_yuan": -5240500.5,
      "daily_economic_return_normalized": -1.6627510786056519,
      "daily_economic_cost_raw_yuan": 5240500.5,
      "economic_reward_scale_yuan": 3151704.8194007874,
      "lagrange_multiplier": 0.0,
      "cost_budget": 1.0,
      "cost_budget_raw": 0.02,
      "cost_budget_normalized": 1.0,
      "algorithm_cost_mode": "fixed_penalty",
      "fixed_cost_penalty_coef": 10.0,
      "log_std_max": -2.3,
      "rollout_wall_seconds": 1.3095413092523813,
      "update_wall_seconds": 0.4612887240946293,
      "total_wall_seconds": 1.7708316706120968
    },
    {
      "update": 517,
      "algorithm": "mappo_penalty",
      "actor_loss": 0.08967705070972443,
      "reward_critic_loss": 0.005163175519555807,
      "cost_critic_loss": 0.0023800660856068134,
      "reward_critic_loss_last": 0.004739763680845499,
      "cost_critic_loss_last": 0.0023074967321008444,
      "critic_epochs": 8,
      "daily_voltage_cost": 0.0,
      "daily_voltage_cost_raw": 0.0,
      "daily_voltage_cost_normalized": 0.0,
      "daily_economic_return_raw_yuan": -4981885.5,
      "daily_economic_return_normalized": -1.5806955099105835,
      "daily_economic_cost_raw_yuan": 4981885.5,
      "economic_reward_scale_yuan": 3151704.8194007874,
      "lagrange_multiplier": 0.0,
      "cost_budget": 1.0,
      "cost_budget_raw": 0.02,
      "cost_budget_normalized": 1.0,
      "algorithm_cost_mode": "fixed_penalty",
      "fixed_cost_penalty_coef": 10.0,
      "log_std_max": -2.3,
      "rollout_wall_seconds": 1.4085368253290653,
      "update_wall_seconds": 0.4559763390570879,
      "total_wall_seconds": 1.8645148780196905
    },
    {
      "update": 518,
      "algorithm": "mappo_penalty",
      "actor_loss": 0.09029273688793182,
      "reward_critic_loss": 0.0041358633898198605,
      "cost_critic_loss": 0.042028121650218964,
      "reward_critic_loss_last": 0.003770708804950118,
      "cost_critic_loss_last": 0.04103098809719086,
      "critic_epochs": 8,
      "daily_voltage_cost": 0.0017145362216979265,
      "daily_voltage_cost_raw": 0.0017145362216979265,
      "daily_voltage_cost_normalized": 0.08572681248188019,
      "daily_economic_return_raw_yuan": -5079256.5,
      "daily_economic_return_normalized": -1.6115902662277222,
      "daily_economic_cost_raw_yuan": 5079256.5,
      "economic_reward_scale_yuan": 3151704.8194007874,
      "lagrange_multiplier": 0.0,
      "cost_budget": 1.0,
      "cost_budget_raw": 0.02,
      "cost_budget_normalized": 1.0,
      "algorithm_cost_mode": "fixed_penalty",
      "fixed_cost_penalty_coef": 10.0,
      "log_std_max": -2.3,
      "rollout_wall_seconds": 1.2961845565587282,
      "update_wall_seconds": 0.4475180059671402,
      "total_wall_seconds": 1.7437042836099863
    },
    {
      "update": 519,
      "algorithm": "mappo_penalty",
      "actor_loss": 0.09055212140083313,
      "reward_critic_loss": 0.0035956609062850475,
      "cost_critic_loss": 0.002461495343595743,
      "reward_critic_loss_last": 0.003379245288670063,
      "cost_critic_loss_last": 0.0027162721380591393,
      "critic_epochs": 8,
      "daily_voltage_cost": 0.0004389547393657267,
      "daily_voltage_cost_raw": 0.0004389547393657267,
      "daily_voltage_cost_normalized": 0.021947737783193588,
      "daily_economic_return_raw_yuan": -5264828.5,
      "daily_economic_return_normalized": -1.670470118522644,
      "daily_economic_cost_raw_yuan": 5264828.5,
      "economic_reward_scale_yuan": 3151704.8194007874,
      "lagrange_multiplier": 0.0,
      "cost_budget": 1.0,
      "cost_budget_raw": 0.02,
      "cost_budget_normalized": 1.0,
      "algorithm_cost_mode": "fixed_penalty",
      "fixed_cost_penalty_coef": 10.0,
      "log_std_max": -2.3,
      "rollout_wall_seconds": 1.3064143601804972,
      "update_wall_seconds": 0.4635932445526123,
      "total_wall_seconds": 1.7700093109160662
    },
    {
      "update": 520,
      "algorithm": "mappo_penalty",
      "actor_loss": 0.09065195918083191,
      "reward_critic_loss": 0.004690488800406456,
      "cost_critic_loss": 0.011758046224713326,
      "reward_critic_loss_last": 0.004316691309213638,
      "cost_critic_loss_last": 0.011373880319297314,
      "critic_epochs": 8,
      "daily_voltage_cost": 0.0023355905432254076,
      "daily_voltage_cost_raw": 0.0023355905432254076,
      "daily_voltage_cost_normalized": 0.11677952855825424,
      "daily_economic_return_raw_yuan": -5171737.5,
      "daily_economic_return_normalized": -1.6409333944320679,
      "daily_economic_cost_raw_yuan": 5171737.5,
      "economic_reward_scale_yuan": 3151704.8194007874,
      "lagrange_multiplier": 0.0,
      "cost_budget": 1.0,
      "cost_budget_raw": 0.02,
      "cost_budget_normalized": 1.0,
      "algorithm_cost_mode": "fixed_penalty",
      "fixed_cost_penalty_coef": 10.0,
      "log_std_max": -2.3,
      "rollout_wall_seconds": 1.4089270643889904,
      "update_wall_seconds": 0.46019478142261505,
      "total_wall_seconds": 1.8691236712038517
    },
    {
      "update": 521,
      "algorithm": "mappo_penalty",
      "actor_loss": 0.09098436683416367,
      "reward_critic_loss": 0.007366999052464962,
      "cost_critic_loss": 0.0020761839114129543,
      "reward_critic_loss_last": 0.006596065126359463,
      "cost_critic_loss_last": 0.0017084823921322823,
      "critic_epochs": 8,
      "daily_voltage_cost": 4.01197794417385e-05,
      "daily_voltage_cost_raw": 4.01197794417385e-05,
      "daily_voltage_cost_normalized": 0.0020059889648109674,
      "daily_economic_return_raw_yuan": -5106847.0,
      "daily_economic_return_normalized": -1.6203442811965942,
      "daily_economic_cost_raw_yuan": 5106847.0,
      "economic_reward_scale_yuan": 3151704.8194007874,
      "lagrange_multiplier": 0.0,
      "cost_budget": 1.0,
      "cost_budget_raw": 0.02,
      "cost_budget_normalized": 1.0,
      "algorithm_cost_mode": "fixed_penalty",
      "fixed_cost_penalty_coef": 10.0,
      "log_std_max": -2.3,
      "rollout_wall_seconds": 1.3114773351699114,
      "update_wall_seconds": 0.4571181181818247,
      "total_wall_seconds": 1.768597088754177
    },
    {
      "update": 522,
      "algorithm": "mappo_penalty",
      "actor_loss": 0.0899735689163208,
      "reward_critic_loss": 0.005169872660189867,
      "cost_critic_loss": 0.0027555692940950394,
      "reward_critic_loss_last": 0.004767347127199173,
      "cost_critic_loss_last": 0.0026550123002380133,
      "critic_epochs": 8,
      "daily_voltage_cost": 0.0,
      "daily_voltage_cost_raw": 0.0,
      "daily_voltage_cost_normalized": 0.0,
      "daily_economic_return_raw_yuan": -5065284.5,
      "daily_economic_return_normalized": -1.6071571111679077,
      "daily_economic_cost_raw_yuan": 5065284.5,
      "economic_reward_scale_yuan": 3151704.8194007874,
      "lagrange_multiplier": 0.0,
      "cost_budget": 1.0,
      "cost_budget_raw": 0.02,
      "cost_budget_normalized": 1.0,
      "algorithm_cost_mode": "fixed_penalty",
      "fixed_cost_penalty_coef": 10.0,
      "log_std_max": -2.3,
      "rollout_wall_seconds": 1.3672437202185392,
      "update_wall_seconds": 0.4479089118540287,
      "total_wall_seconds": 1.8151548244059086
    },
    {
      "update": 523,
      "algorithm": "mappo_penalty",
      "actor_loss": 0.08971811085939407,
      "reward_critic_loss": 0.004452791064977646,
      "cost_critic_loss": 0.002706789178773761,
      "reward_critic_loss_last": 0.004174444824457169,
      "cost_critic_loss_last": 0.0026646857149899006,
      "critic_epochs": 8,
      "daily_voltage_cost": 0.0,
      "daily_voltage_cost_raw": 0.0,
      "daily_voltage_cost_normalized": 0.0,
      "daily_economic_return_raw_yuan": -4917294.0,
      "daily_economic_return_normalized": -1.5602014064788818,
      "daily_economic_cost_raw_yuan": 4917294.0,
      "economic_reward_scale_yuan": 3151704.8194007874,
      "lagrange_multiplier": 0.0,
      "cost_budget": 1.0,
      "cost_budget_raw": 0.02,
      "cost_budget_normalized": 1.0,
      "algorithm_cost_mode": "fixed_penalty",
      "fixed_cost_penalty_coef": 10.0,
      "log_std_max": -2.3,
      "rollout_wall_seconds": 1.3406215365976095,
      "update_wall_seconds": 0.4550577439367771,
      "total_wall_seconds": 1.795680845156312
    },
    {
      "update": 524,
      "algorithm": "mappo_penalty",
      "actor_loss": 0.08985437452793121,
      "reward_critic_loss": 0.0063097188249230385,
      "cost_critic_loss": 0.0036717047914862633,
      "reward_critic_loss_last": 0.005661132745444775,
      "cost_critic_loss_last": 0.0034246500581502914,
      "critic_epochs": 8,
      "daily_voltage_cost": 0.0004830464022234082,
      "daily_voltage_cost_raw": 0.0004830464022234082,
      "daily_voltage_cost_normalized": 0.024152319878339767,
      "daily_economic_return_raw_yuan": -5162689.0,
      "daily_economic_return_normalized": -1.6380623579025269,
      "daily_economic_cost_raw_yuan": 5162689.0,
      "economic_reward_scale_yuan": 3151704.8194007874,
      "lagrange_multiplier": 0.0,
      "cost_budget": 1.0,
      "cost_budget_raw": 0.02,
      "cost_budget_normalized": 1.0,
      "algorithm_cost_mode": "fixed_penalty",
      "fixed_cost_penalty_coef": 10.0,
      "log_std_max": -2.3,
      "rollout_wall_seconds": 1.2834872677922249,
      "update_wall_seconds": 0.46288356743752956,
      "total_wall_seconds": 1.7463725116103888
    },
    {
      "update": 525,
      "algorithm": "mappo_penalty",
      "actor_loss": 0.09047754853963852,
      "reward_critic_loss": 0.004711081273853779,
      "cost_critic_loss": 0.001404214883223176,
      "reward_critic_loss_last": 0.004221217706799507,
      "cost_critic_loss_last": 0.0014099047984927893,
      "critic_epochs": 8,
      "daily_voltage_cost": 0.0,
      "daily_voltage_cost_raw": 0.0,
      "daily_voltage_cost_normalized": 0.0,
      "daily_economic_return_raw_yuan": -5142507.0,
      "daily_economic_return_normalized": -1.631658911705017,
      "daily_economic_cost_raw_yuan": 5142507.0,
      "economic_reward_scale_yuan": 3151704.8194007874,
      "lagrange_multiplier": 0.0,
      "cost_budget": 1.0,
      "cost_budget_raw": 0.02,
      "cost_budget_normalized": 1.0,
      "algorithm_cost_mode": "fixed_penalty",
      "fixed_cost_penalty_coef": 10.0,
      "log_std_max": -2.3,
      "rollout_wall_seconds": 1.3024558071047068,
      "update_wall_seconds": 0.4556457679718733,
      "total_wall_seconds": 1.7581033166497946
    },
    {
      "update": 526,
      "algorithm": "mappo_penalty",
      "actor_loss": 0.09087107330560684,
      "reward_critic_loss": 0.005278295837342739,
      "cost_critic_loss": 0.002101898193359375,
      "reward_critic_loss_last": 0.004818527959287167,
      "cost_critic_loss_last": 0.002035690937191248,
      "critic_epochs": 8,
      "daily_voltage_cost": 0.0,
      "daily_voltage_cost_raw": 0.0,
      "daily_voltage_cost_normalized": 0.0,
      "daily_economic_return_raw_yuan": -4901144.0,
      "daily_economic_return_normalized": -1.5550771951675415,
      "daily_economic_cost_raw_yuan": 4901144.0,
      "economic_reward_scale_yuan": 3151704.8194007874,
      "lagrange_multiplier": 0.0,
      "cost_budget": 1.0,
      "cost_budget_raw": 0.02,
      "cost_budget_normalized": 1.0,
      "algorithm_cost_mode": "fixed_penalty",
      "fixed_cost_penalty_coef": 10.0,
      "log_std_max": -2.3,
      "rollout_wall_seconds": 1.3038581423461437,
      "update_wall_seconds": 0.4694458395242691,
      "total_wall_seconds": 1.7733056992292404
    },
    {
      "update": 527,
      "algorithm": "mappo_penalty",
      "actor_loss": 0.09099435806274414,
      "reward_critic_loss": 0.006316925399005413,
      "cost_critic_loss": 0.001702864421531558,
      "reward_critic_loss_last": 0.0059358906000852585,
      "cost_critic_loss_last": 0.0016908141551539302,
      "critic_epochs": 8,
      "daily_voltage_cost": 0.0,
      "daily_voltage_cost_raw": 0.0,
      "daily_voltage_cost_normalized": 0.0,
      "daily_economic_return_raw_yuan": -5127762.5,
      "daily_economic_return_normalized": -1.6269806623458862,
      "daily_economic_cost_raw_yuan": 5127762.5,
      "economic_reward_scale_yuan": 3151704.8194007874,
      "lagrange_multiplier": 0.0,
      "cost_budget": 1.0,
      "cost_budget_raw": 0.02,
      "cost_budget_normalized": 1.0,
      "algorithm_cost_mode": "fixed_penalty",
      "fixed_cost_penalty_coef": 10.0,
      "log_std_max": -2.3,
      "rollout_wall_seconds": 1.456301610916853,
      "update_wall_seconds": 0.48742290027439594,
      "total_wall_seconds": 1.9437266699969769
    },
    {
      "update": 528,
      "algorithm": "mappo_penalty",
      "actor_loss": 0.09020069241523743,
      "reward_critic_loss": 0.008043097332119942,
      "cost_critic_loss": 0.002102228347212076,
      "reward_critic_loss_last": 0.006894998252391815,
      "cost_critic_loss_last": 0.0020643016323447227,
      "critic_epochs": 8,
      "daily_voltage_cost": 0.0,
      "daily_voltage_cost_raw": 0.0,
      "daily_voltage_cost_normalized": 0.0,
      "daily_economic_return_raw_yuan": -4814008.0,
      "daily_economic_return_normalized": -1.5274299383163452,
      "daily_economic_cost_raw_yuan": 4814008.0,
      "economic_reward_scale_yuan": 3151704.8194007874,
      "lagrange_multiplier": 0.0,
      "cost_budget": 1.0,
      "cost_budget_raw": 0.02,
      "cost_budget_normalized": 1.0,
      "algorithm_cost_mode": "fixed_penalty",
      "fixed_cost_penalty_coef": 10.0,
      "log_std_max": -2.3,
      "rollout_wall_seconds": 1.401649123057723,
      "update_wall_seconds": 0.48997070640325546,
      "total_wall_seconds": 1.8916222546249628
    },
    {
      "update": 529,
      "algorithm": "mappo_penalty",
      "actor_loss": 0.08948484063148499,
      "reward_critic_loss": 0.008289288729429245,
      "cost_critic_loss": 0.016686826944351196,
      "reward_critic_loss_last": 0.006672298070043325,
      "cost_critic_loss_last": 0.016509922221302986,
      "critic_epochs": 8,
      "daily_voltage_cost": 0.0039019668474793434,
      "daily_voltage_cost_raw": 0.0039019668474793434,
      "daily_voltage_cost_normalized": 0.19509834051132202,
      "daily_economic_return_raw_yuan": -5009924.0,
      "daily_economic_return_normalized": -1.5895917415618896,
      "daily_economic_cost_raw_yuan": 5009924.0,
      "economic_reward_scale_yuan": 3151704.8194007874,
      "lagrange_multiplier": 0.0,
      "cost_budget": 1.0,
      "cost_budget_raw": 0.02,
      "cost_budget_normalized": 1.0,
      "algorithm_cost_mode": "fixed_penalty",
      "fixed_cost_penalty_coef": 10.0,
      "log_std_max": -2.3,
      "rollout_wall_seconds": 1.4056539759039879,
      "update_wall_seconds": 0.47237429209053516,
      "total_wall_seconds": 1.8780305329710245
    },
    {
      "update": 530,
      "algorithm": "mappo_penalty",
      "actor_loss": 0.09022350609302521,
      "reward_critic_loss": 0.007073370739817619,
      "cost_critic_loss": 0.0019694126676768064,
      "reward_critic_loss_last": 0.005818722769618034,
      "cost_critic_loss_last": 0.0019553645979613066,
      "critic_epochs": 8,
      "daily_voltage_cost": 0.0,
      "daily_voltage_cost_raw": 0.0,
      "daily_voltage_cost_normalized": 0.0,
      "daily_economic_return_raw_yuan": -4767891.5,
      "daily_economic_return_normalized": -1.5127975940704346,
      "daily_economic_cost_raw_yuan": 4767891.5,
      "economic_reward_scale_yuan": 3151704.8194007874,
      "lagrange_multiplier": 0.0,
      "cost_budget": 1.0,
      "cost_budget_raw": 0.02,
      "cost_budget_normalized": 1.0,
      "algorithm_cost_mode": "fixed_penalty",
      "fixed_cost_penalty_coef": 10.0,
      "log_std_max": -2.3,
      "rollout_wall_seconds": 1.4510298557579517,
      "update_wall_seconds": 0.4927564077079296,
      "total_wall_seconds": 1.9437882229685783
    },
    {
      "update": 531,
      "algorithm": "mappo_penalty",
      "actor_loss": 0.0908198133111,
      "reward_critic_loss": 0.0032709825318306684,
      "cost_critic_loss": 0.0012866624165326357,
      "reward_critic_loss_last": 0.0033316935878247023,
      "cost_critic_loss_last": 0.001281252014450729,
      "critic_epochs": 8,
      "daily_voltage_cost": 0.00015072374662850052,
      "daily_voltage_cost_raw": 0.00015072374662850052,
      "daily_voltage_cost_normalized": 0.007536187302321196,
      "daily_economic_return_raw_yuan": -5051949.0,
      "daily_economic_return_normalized": -1.6029257774353027,
      "daily_economic_cost_raw_yuan": 5051949.0,
      "economic_reward_scale_yuan": 3151704.8194007874,
      "lagrange_multiplier": 0.0,
      "cost_budget": 1.0,
      "cost_budget_raw": 0.02,
      "cost_budget_normalized": 1.0,
      "algorithm_cost_mode": "fixed_penalty",
      "fixed_cost_penalty_coef": 10.0,
      "log_std_max": -2.3,
      "rollout_wall_seconds": 1.371154472231865,
      "update_wall_seconds": 0.48894309252500534,
      "total_wall_seconds": 1.8600994627922773
    },
    {
      "update": 532,
      "algorithm": "mappo_penalty",
      "actor_loss": 0.08995623141527176,
      "reward_critic_loss": 0.005221241153776646,
      "cost_critic_loss": 0.0021412912756204605,
      "reward_critic_loss_last": 0.004704782273620367,
      "cost_critic_loss_last": 0.0021042367443442345,
      "critic_epochs": 8,
      "daily_voltage_cost": 0.00030406174482777715,
      "daily_voltage_cost_raw": 0.00030406174482777715,
      "daily_voltage_cost_normalized": 0.015203088521957397,
      "daily_economic_return_raw_yuan": -4782667.0,
      "daily_economic_return_normalized": -1.5174857378005981,
      "daily_economic_cost_raw_yuan": 4782667.0,
      "economic_reward_scale_yuan": 3151704.8194007874,
      "lagrange_multiplier": 0.0,
      "cost_budget": 1.0,
      "cost_budget_raw": 0.02,
      "cost_budget_normalized": 1.0,
      "algorithm_cost_mode": "fixed_penalty",
      "fixed_cost_penalty_coef": 10.0,
      "log_std_max": -2.3,
      "rollout_wall_seconds": 1.3665146511048079,
      "update_wall_seconds": 0.49407893791794777,
      "total_wall_seconds": 1.8605955950915813
    },
    {
      "update": 533,
      "algorithm": "mappo_penalty",
      "actor_loss": 0.09083198755979538,
      "reward_critic_loss": 0.00815701112151146,
      "cost_critic_loss": 0.002049302216619253,
      "reward_critic_loss_last": 0.0071542151272296906,
      "cost_critic_loss_last": 0.002001912333071232,
      "critic_epochs": 8,
      "daily_voltage_cost": 0.0,
      "daily_voltage_cost_raw": 0.0,
      "daily_voltage_cost_normalized": 0.0,
      "daily_economic_return_raw_yuan": -4694658.0,
      "daily_economic_return_normalized": -1.4895614385604858,
      "daily_economic_cost_raw_yuan": 4694658.0,
      "economic_reward_scale_yuan": 3151704.8194007874,
      "lagrange_multiplier": 0.0,
      "cost_budget": 1.0,
      "cost_budget_raw": 0.02,
      "cost_budget_normalized": 1.0,
      "algorithm_cost_mode": "fixed_penalty",
      "fixed_cost_penalty_coef": 10.0,
      "log_std_max": -2.3,
      "rollout_wall_seconds": 1.4974531680345535,
      "update_wall_seconds": 0.48766326904296875,
      "total_wall_seconds": 1.9851184580475092
    },
    {
      "update": 534,
      "algorithm": "mappo_penalty",
      "actor_loss": 0.0913839191198349,
      "reward_critic_loss": 0.005426518153399229,
      "cost_critic_loss": 0.001841631717979908,
      "reward_critic_loss_last": 0.004863377660512924,
      "cost_critic_loss_last": 0.0018092270474880934,
      "critic_epochs": 8,
      "daily_voltage_cost": 0.0002160013682441786,
      "daily_voltage_cost_raw": 0.0002160013682441786,
      "daily_voltage_cost_normalized": 0.010800068266689777,
      "daily_economic_return_raw_yuan": -4755579.5,
      "daily_economic_return_normalized": -1.5088911056518555,
      "daily_economic_cost_raw_yuan": 4755579.5,
      "economic_reward_scale_yuan": 3151704.8194007874,
      "lagrange_multiplier": 0.0,
      "cost_budget": 1.0,
      "cost_budget_raw": 0.02,
      "cost_budget_normalized": 1.0,
      "algorithm_cost_mode": "fixed_penalty",
      "fixed_cost_penalty_coef": 10.0,
      "log_std_max": -2.3,
      "rollout_wall_seconds": 1.3892270438373089,
      "update_wall_seconds": 0.4970419630408287,
      "total_wall_seconds": 1.8862713277339935
    },
    {
      "update": 535,
      "algorithm": "mappo_penalty",
      "actor_loss": 0.09079433977603912,
      "reward_critic_loss": 0.00458321301266551,
      "cost_critic_loss": 0.0010045449016615748,
      "reward_critic_loss_last": 0.003971083089709282,
      "cost_critic_loss_last": 0.0009746443247422576,
      "critic_epochs": 8,
      "daily_voltage_cost": 3.039277726202272e-05,
      "daily_voltage_cost_raw": 3.039277726202272e-05,
      "daily_voltage_cost_normalized": 0.0015196389285847545,
      "daily_economic_return_raw_yuan": -4877574.0,
      "daily_economic_return_normalized": -1.5475986003875732,
      "daily_economic_cost_raw_yuan": 4877574.0,
      "economic_reward_scale_yuan": 3151704.8194007874,
      "lagrange_multiplier": 0.0,
      "cost_budget": 1.0,
      "cost_budget_raw": 0.02,
      "cost_budget_normalized": 1.0,
      "algorithm_cost_mode": "fixed_penalty",
      "fixed_cost_penalty_coef": 10.0,
      "log_std_max": -2.3,
      "rollout_wall_seconds": 1.383150352165103,
      "update_wall_seconds": 0.477709149941802,
      "total_wall_seconds": 1.8608615417033434
    },
    {
      "update": 536,
      "algorithm": "mappo_penalty",
      "actor_loss": 0.09062810242176056,
      "reward_critic_loss": 0.0070599946193397045,
      "cost_critic_loss": 0.004526439588516951,
      "reward_critic_loss_last": 0.006457134615629911,
      "cost_critic_loss_last": 0.004472705535590649,
      "critic_epochs": 8,
      "daily_voltage_cost": 0.001008744235150516,
      "daily_voltage_cost_raw": 0.001008744235150516,
      "daily_voltage_cost_normalized": 0.050437211990356445,
      "daily_economic_return_raw_yuan": -4594362.0,
      "daily_economic_return_normalized": -1.4577386379241943,
      "daily_economic_cost_raw_yuan": 4594362.0,
      "economic_reward_scale_yuan": 3151704.8194007874,
      "lagrange_multiplier": 0.0,
      "cost_budget": 1.0,
      "cost_budget_raw": 0.02,
      "cost_budget_normalized": 1.0,
      "algorithm_cost_mode": "fixed_penalty",
      "fixed_cost_penalty_coef": 10.0,
      "log_std_max": -2.3,
      "rollout_wall_seconds": 1.4887318946421146,
      "update_wall_seconds": 0.5038767047226429,
      "total_wall_seconds": 1.992610964924097
    },
    {
      "update": 537,
      "algorithm": "mappo_penalty",
      "actor_loss": 0.09129536896944046,
      "reward_critic_loss": 0.005726016592234373,
      "cost_critic_loss": 0.0025529037229716778,
      "reward_critic_loss_last": 0.005463148932904005,
      "cost_critic_loss_last": 0.002453070832416415,
      "critic_epochs": 8,
      "daily_voltage_cost": 0.0,
      "daily_voltage_cost_raw": 0.0,
      "daily_voltage_cost_normalized": 0.0,
      "daily_economic_return_raw_yuan": -4493816.0,
      "daily_economic_return_normalized": -1.4258365631103516,
      "daily_economic_cost_raw_yuan": 4493816.0,
      "economic_reward_scale_yuan": 3151704.8194007874,
      "lagrange_multiplier": 0.0,
      "cost_budget": 1.0,
      "cost_budget_raw": 0.02,
      "cost_budget_normalized": 1.0,
      "algorithm_cost_mode": "fixed_penalty",
      "fixed_cost_penalty_coef": 10.0,
      "log_std_max": -2.3,
      "rollout_wall_seconds": 1.4701714888215065,
      "update_wall_seconds": 0.49404301680624485,
      "total_wall_seconds": 1.9642172902822495
    },
    {
      "update": 538,
      "algorithm": "mappo_penalty",
      "actor_loss": 0.09144957363605499,
      "reward_critic_loss": 0.0074395183473825455,
      "cost_critic_loss": 0.0013002720661461353,
      "reward_critic_loss_last": 0.006712295114994049,
      "cost_critic_loss_last": 0.0012812892673537135,
      "critic_epochs": 8,
      "daily_voltage_cost": 5.253715062281117e-05,
      "daily_voltage_cost_raw": 5.253715062281117e-05,
      "daily_voltage_cost_normalized": 0.0026268574874848127,
      "daily_economic_return_raw_yuan": -4523670.5,
      "daily_economic_return_normalized": -1.4353091716766357,
      "daily_economic_cost_raw_yuan": 4523670.5,
      "economic_reward_scale_yuan": 3151704.8194007874,
      "lagrange_multiplier": 0.0,
      "cost_budget": 1.0,
      "cost_budget_raw": 0.02,
      "cost_budget_normalized": 1.0,
      "algorithm_cost_mode": "fixed_penalty",
      "fixed_cost_penalty_coef": 10.0,
      "log_std_max": -2.3,
      "rollout_wall_seconds": 1.3871274180710316,
      "update_wall_seconds": 0.4954657033085823,
      "total_wall_seconds": 1.8825954627245665
    },
    {
      "update": 539,
      "algorithm": "mappo_penalty",
      "actor_loss": 0.09030268341302872,
      "reward_critic_loss": 0.005110970698297024,
      "cost_critic_loss": 0.0009413363295607269,
      "reward_critic_loss_last": 0.004878089763224125,
      "cost_critic_loss_last": 0.0009279393125325441,
      "critic_epochs": 8,
      "daily_voltage_cost": 0.0,
      "daily_voltage_cost_raw": 0.0,
      "daily_voltage_cost_normalized": 0.0,
      "daily_economic_return_raw_yuan": -4690743.0,
      "daily_economic_return_normalized": -1.4883192777633667,
      "daily_economic_cost_raw_yuan": 4690743.0,
      "economic_reward_scale_yuan": 3151704.8194007874,
      "lagrange_multiplier": 0.0,
      "cost_budget": 1.0,
      "cost_budget_raw": 0.02,
      "cost_budget_normalized": 1.0,
      "algorithm_cost_mode": "fixed_penalty",
      "fixed_cost_penalty_coef": 10.0,
      "log_std_max": -2.3,
      "rollout_wall_seconds": 1.5154863931238651,
      "update_wall_seconds": 0.4954086523503065,
      "total_wall_seconds": 2.0108986869454384
    },
    {
      "update": 540,
      "algorithm": "mappo_penalty",
      "actor_loss": 0.09093058854341507,
      "reward_critic_loss": 0.004318976774811745,
      "cost_critic_loss": 0.0019467128440737724,
      "reward_critic_loss_last": 0.003909297753125429,
      "cost_critic_loss_last": 0.001904960023239255,
      "critic_epochs": 8,
      "daily_voltage_cost": 0.0,
      "daily_voltage_cost_raw": 0.0,
      "daily_voltage_cost_normalized": 0.0,
      "daily_economic_return_raw_yuan": -4505172.0,
      "daily_economic_return_normalized": -1.4294397830963135,
      "daily_economic_cost_raw_yuan": 4505172.0,
      "economic_reward_scale_yuan": 3151704.8194007874,
      "lagrange_multiplier": 0.0,
      "cost_budget": 1.0,
      "cost_budget_raw": 0.02,
      "cost_budget_normalized": 1.0,
      "algorithm_cost_mode": "fixed_penalty",
      "fixed_cost_penalty_coef": 10.0,
      "log_std_max": -2.3,
      "rollout_wall_seconds": 1.3845788389444351,
      "update_wall_seconds": 0.4972510877996683,
      "total_wall_seconds": 1.8818321749567986
    },
    {
      "update": 541,
      "algorithm": "mappo_penalty",
      "actor_loss": 0.09116699546575546,
      "reward_critic_loss": 0.005646598991006613,
      "cost_critic_loss": 0.001472251839004457,
      "reward_critic_loss_last": 0.0047880131751298904,
      "cost_critic_loss_last": 0.0014426137786358595,
      "critic_epochs": 8,
      "daily_voltage_cost": 0.0,
      "daily_voltage_cost_raw": 0.0,
      "daily_voltage_cost_normalized": 0.0,
      "daily_economic_return_raw_yuan": -4737643.0,
      "daily_economic_return_normalized": -1.5032000541687012,
      "daily_economic_cost_raw_yuan": 4737643.0,
      "economic_reward_scale_yuan": 3151704.8194007874,
      "lagrange_multiplier": 0.0,
      "cost_budget": 1.0,
      "cost_budget_raw": 0.02,
      "cost_budget_normalized": 1.0,
      "algorithm_cost_mode": "fixed_penalty",
      "fixed_cost_penalty_coef": 10.0,
      "log_std_max": -2.3,
      "rollout_wall_seconds": 1.37922677770257,
      "update_wall_seconds": 0.48827821016311646,
      "total_wall_seconds": 1.8675072975456715
    },
    {
      "update": 542,
      "algorithm": "mappo_penalty",
      "actor_loss": 0.09040834754705429,
      "reward_critic_loss": 0.004636210855096579,
      "cost_critic_loss": 0.0013968998100608587,
      "reward_critic_loss_last": 0.004154160153120756,
      "cost_critic_loss_last": 0.0013656591763719916,
      "critic_epochs": 8,
      "daily_voltage_cost": 0.0,
      "daily_voltage_cost_raw": 0.0,
      "daily_voltage_cost_normalized": 0.0,
      "daily_economic_return_raw_yuan": -4634369.0,
      "daily_economic_return_normalized": -1.4704324007034302,
      "daily_economic_cost_raw_yuan": 4634369.0,
      "economic_reward_scale_yuan": 3151704.8194007874,
      "lagrange_multiplier": 0.0,
      "cost_budget": 1.0,
      "cost_budget_raw": 0.02,
      "cost_budget_normalized": 1.0,
      "algorithm_cost_mode": "fixed_penalty",
      "fixed_cost_penalty_coef": 10.0,
      "log_std_max": -2.3,
      "rollout_wall_seconds": 1.3847050555050373,
      "update_wall_seconds": 0.5055748466402292,
      "total_wall_seconds": 1.890282642096281
    },
    {
      "update": 543,
      "algorithm": "mappo_penalty",
      "actor_loss": 0.09103864431381226,
      "reward_critic_loss": 0.007043230347335339,
      "cost_critic_loss": 0.0013146474957466125,
      "reward_critic_loss_last": 0.005780678242444992,
      "cost_critic_loss_last": 0.0012887725606560707,
      "critic_epochs": 8,
      "daily_voltage_cost": 0.0,
      "daily_voltage_cost_raw": 0.0,
      "daily_voltage_cost_normalized": 0.0,
      "daily_economic_return_raw_yuan": -4373044.5,
      "daily_economic_return_normalized": -1.3875172138214111,
      "daily_economic_cost_raw_yuan": 4373044.5,
      "economic_reward_scale_yuan": 3151704.8194007874,
      "lagrange_multiplier": 0.0,
      "cost_budget": 1.0,
      "cost_budget_raw": 0.02,
      "cost_budget_normalized": 1.0,
      "algorithm_cost_mode": "fixed_penalty",
      "fixed_cost_penalty_coef": 10.0,
      "log_std_max": -2.3,
      "rollout_wall_seconds": 1.501785857602954,
      "update_wall_seconds": 0.4847569204866886,
      "total_wall_seconds": 1.986545130610466
    },
    {
      "update": 544,
      "algorithm": "mappo_penalty",
      "actor_loss": 0.09036153554916382,
      "reward_critic_loss": 0.006786268204450607,
      "cost_critic_loss": 0.00151648442260921,
      "reward_critic_loss_last": 0.006195717956870794,
      "cost_critic_loss_last": 0.0015024435706436634,
      "critic_epochs": 8,
      "daily_voltage_cost": 0.00029058169457130134,
      "daily_voltage_cost_raw": 0.00029058169457130134,
      "daily_voltage_cost_normalized": 0.014529085718095303,
      "daily_economic_return_raw_yuan": -4432964.0,
      "daily_economic_return_normalized": -1.4065289497375488,
      "daily_economic_cost_raw_yuan": 4432964.0,
      "economic_reward_scale_yuan": 3151704.8194007874,
      "lagrange_multiplier": 0.0,
      "cost_budget": 1.0,
      "cost_budget_raw": 0.02,
      "cost_budget_normalized": 1.0,
      "algorithm_cost_mode": "fixed_penalty",
      "fixed_cost_penalty_coef": 10.0,
      "log_std_max": -2.3,
      "rollout_wall_seconds": 1.3597903791815042,
      "update_wall_seconds": 0.48783246986567974,
      "total_wall_seconds": 1.847625058144331
    },
    {
      "update": 545,
      "algorithm": "mappo_penalty",
      "actor_loss": 0.09167544543743134,
      "reward_critic_loss": 0.005460783373564482,
      "cost_critic_loss": 0.003305998630821705,
      "reward_critic_loss_last": 0.004945323336869478,
      "cost_critic_loss_last": 0.003243211656808853,
      "critic_epochs": 8,
      "daily_voltage_cost": 0.0011233862023800611,
      "daily_voltage_cost_raw": 0.0011233862023800611,
      "daily_voltage_cost_normalized": 0.056169312447309494,
      "daily_economic_return_raw_yuan": -4588427.5,
      "daily_economic_return_normalized": -1.4558557271957397,
      "daily_economic_cost_raw_yuan": 4588427.5,
      "economic_reward_scale_yuan": 3151704.8194007874,
      "lagrange_multiplier": 0.0,
      "cost_budget": 1.0,
      "cost_budget_raw": 0.02,
      "cost_budget_normalized": 1.0,
      "algorithm_cost_mode": "fixed_penalty",
      "fixed_cost_penalty_coef": 10.0,
      "log_std_max": -2.3,
      "rollout_wall_seconds": 1.4087788853794336,
      "update_wall_seconds": 0.471011683344841,
      "total_wall_seconds": 1.8797925990074873
    },
    {
      "update": 546,
      "algorithm": "mappo_penalty",
      "actor_loss": 0.09060126543045044,
      "reward_critic_loss": 0.005501969717442989,
      "cost_critic_loss": 0.0015983827179297805,
      "reward_critic_loss_last": 0.005280600395053625,
      "cost_critic_loss_last": 0.001580994576215744,
      "critic_epochs": 8,
      "daily_voltage_cost": 0.0,
      "daily_voltage_cost_raw": 0.0,
      "daily_voltage_cost_normalized": 0.0,
      "daily_economic_return_raw_yuan": -4435688.5,
      "daily_economic_return_normalized": -1.4073933362960815,
      "daily_economic_cost_raw_yuan": 4435688.5,
      "economic_reward_scale_yuan": 3151704.8194007874,
      "lagrange_multiplier": 0.0,
      "cost_budget": 1.0,
      "cost_budget_raw": 0.02,
      "cost_budget_normalized": 1.0,
      "algorithm_cost_mode": "fixed_penalty",
      "fixed_cost_penalty_coef": 10.0,
      "log_std_max": -2.3,
      "rollout_wall_seconds": 1.4681961461901665,
      "update_wall_seconds": 0.49366690777242184,
      "total_wall_seconds": 1.9618658646941185
    },
    {
      "update": 547,
      "algorithm": "mappo_penalty",
      "actor_loss": 0.09208682179450989,
      "reward_critic_loss": 0.0037443998735398054,
      "cost_critic_loss": 0.002521828282624483,
      "reward_critic_loss_last": 0.0033981986343860626,
      "cost_critic_loss_last": 0.002470708452165127,
      "critic_epochs": 8,
      "daily_voltage_cost": 0.00033424459979869425,
      "daily_voltage_cost_raw": 0.00033424459979869425,
      "daily_voltage_cost_normalized": 0.016712229698896408,
      "daily_economic_return_raw_yuan": -4273260.0,
      "daily_economic_return_normalized": -1.3558566570281982,
      "daily_economic_cost_raw_yuan": 4273260.0,
      "economic_reward_scale_yuan": 3151704.8194007874,
      "lagrange_multiplier": 0.0,
      "cost_budget": 1.0,
      "cost_budget_raw": 0.02,
      "cost_budget_normalized": 1.0,
      "algorithm_cost_mode": "fixed_penalty",
      "fixed_cost_penalty_coef": 10.0,
      "log_std_max": -2.3,
      "rollout_wall_seconds": 1.3560511022806168,
      "update_wall_seconds": 0.4742577876895666,
      "total_wall_seconds": 1.8303109500557184
    },
    {
      "update": 548,
      "algorithm": "mappo_penalty",
      "actor_loss": 0.09121473878622055,
      "reward_critic_loss": 0.0038331816904246807,
      "cost_critic_loss": 0.0032796571031212807,
      "reward_critic_loss_last": 0.0037499337922781706,
      "cost_critic_loss_last": 0.0031792265363037586,
      "critic_epochs": 8,
      "daily_voltage_cost": 0.0003364194999448955,
      "daily_voltage_cost_raw": 0.0003364194999448955,
      "daily_voltage_cost_normalized": 0.01682097464799881,
      "daily_economic_return_raw_yuan": -4309901.0,
      "daily_economic_return_normalized": -1.3674824237823486,
      "daily_economic_cost_raw_yuan": 4309901.0,
      "economic_reward_scale_yuan": 3151704.8194007874,
      "lagrange_multiplier": 0.0,
      "cost_budget": 1.0,
      "cost_budget_raw": 0.02,
      "cost_budget_normalized": 1.0,
      "algorithm_cost_mode": "fixed_penalty",
      "fixed_cost_penalty_coef": 10.0,
      "log_std_max": -2.3,
      "rollout_wall_seconds": 1.3611382190138102,
      "update_wall_seconds": 0.4640794135630131,
      "total_wall_seconds": 1.8252199329435825
    },
    {
      "update": 549,
      "algorithm": "mappo_penalty",
      "actor_loss": 0.0907585471868515,
      "reward_critic_loss": 0.005073751788586378,
      "cost_critic_loss": 0.0018142902990803123,
      "reward_critic_loss_last": 0.004674350377172232,
      "cost_critic_loss_last": 0.001782036735676229,
      "critic_epochs": 8,
      "daily_voltage_cost": 0.0,
      "daily_voltage_cost_raw": 0.0,
      "daily_voltage_cost_normalized": 0.0,
      "daily_economic_return_raw_yuan": -4174051.0,
      "daily_economic_return_normalized": -1.3243788480758667,
      "daily_economic_cost_raw_yuan": 4174051.0,
      "economic_reward_scale_yuan": 3151704.8194007874,
      "lagrange_multiplier": 0.0,
      "cost_budget": 1.0,
      "cost_budget_raw": 0.02,
      "cost_budget_normalized": 1.0,
      "algorithm_cost_mode": "fixed_penalty",
      "fixed_cost_penalty_coef": 10.0,
      "log_std_max": -2.3,
      "rollout_wall_seconds": 1.483420254662633,
      "update_wall_seconds": 0.46965582855045795,
      "total_wall_seconds": 1.9530784394592047
    },
    {
      "update": 550,
      "algorithm": "mappo_penalty",
      "actor_loss": 0.09173646569252014,
      "reward_critic_loss": 0.005424307193607092,
      "cost_critic_loss": 0.0009324701968580484,
      "reward_critic_loss_last": 0.004374227486550808,
      "cost_critic_loss_last": 0.0009071468375623226,
      "critic_epochs": 8,
      "daily_voltage_cost": 0.0,
      "daily_voltage_cost_raw": 0.0,
      "daily_voltage_cost_normalized": 0.0,
      "daily_economic_return_raw_yuan": -4372989.5,
      "daily_economic_return_normalized": -1.3874998092651367,
      "daily_economic_cost_raw_yuan": 4372989.5,
      "economic_reward_scale_yuan": 3151704.8194007874,
      "lagrange_multiplier": 0.0,
      "cost_budget": 1.0,
      "cost_budget_raw": 0.02,
      "cost_budget_normalized": 1.0,
      "algorithm_cost_mode": "fixed_penalty",
      "fixed_cost_penalty_coef": 10.0,
      "log_std_max": -2.3,
      "rollout_wall_seconds": 1.474765107035637,
      "update_wall_seconds": 0.5448865834623575,
      "total_wall_seconds": 2.019653670489788
    },
    {
      "update": 551,
      "algorithm": "mappo_penalty",
      "actor_loss": 0.09059303253889084,
      "reward_critic_loss": 0.005371495150029659,
      "cost_critic_loss": 0.0019315686076879501,
      "reward_critic_loss_last": 0.00507471663877368,
      "cost_critic_loss_last": 0.0019135515904054046,
      "critic_epochs": 8,
      "daily_voltage_cost": 0.0007031242712400854,
      "daily_voltage_cost_raw": 0.0007031242712400854,
      "daily_voltage_cost_normalized": 0.035156212747097015,
      "daily_economic_return_raw_yuan": -4337237.0,
      "daily_economic_return_normalized": -1.3761558532714844,
      "daily_economic_cost_raw_yuan": 4337237.0,
      "economic_reward_scale_yuan": 3151704.8194007874,
      "lagrange_multiplier": 0.0,
      "cost_budget": 1.0,
      "cost_budget_raw": 0.02,
      "cost_budget_normalized": 1.0,
      "algorithm_cost_mode": "fixed_penalty",
      "fixed_cost_penalty_coef": 10.0,
      "log_std_max": -2.3,
      "rollout_wall_seconds": 1.3387312591075897,
      "update_wall_seconds": 0.4657695163041353,
      "total_wall_seconds": 1.8045031912624836
    },
    {
      "update": 552,
      "algorithm": "mappo_penalty",
      "actor_loss": 0.0905882865190506,
      "reward_critic_loss": 0.0031162984669208527,
      "cost_critic_loss": 0.0037725232541561127,
      "reward_critic_loss_last": 0.0030364729464054108,
      "cost_critic_loss_last": 0.0037093828432261944,
      "critic_epochs": 8,
      "daily_voltage_cost": 0.001239455072209239,
      "daily_voltage_cost_raw": 0.001239455072209239,
      "daily_voltage_cost_normalized": 0.06197275593876839,
      "daily_economic_return_raw_yuan": -4508240.0,
      "daily_economic_return_normalized": -1.4304131269454956,
      "daily_economic_cost_raw_yuan": 4508240.0,
      "economic_reward_scale_yuan": 3151704.8194007874,
      "lagrange_multiplier": 0.0,
      "cost_budget": 1.0,
      "cost_budget_raw": 0.02,
      "cost_budget_normalized": 1.0,
      "algorithm_cost_mode": "fixed_penalty",
      "fixed_cost_penalty_coef": 10.0,
      "log_std_max": -2.3,
      "rollout_wall_seconds": 1.4320126678794622,
      "update_wall_seconds": 0.46318495459854603,
      "total_wall_seconds": 1.8952000848948956
    },
    {
      "update": 553,
      "algorithm": "mappo_penalty",
      "actor_loss": 0.09146209806203842,
      "reward_critic_loss": 0.005157181993126869,
      "cost_critic_loss": 0.001000002957880497,
      "reward_critic_loss_last": 0.00488097220659256,
      "cost_critic_loss_last": 0.0009589415858499706,
      "critic_epochs": 8,
      "daily_voltage_cost": 1.0917412510025315e-05,
      "daily_voltage_cost_raw": 1.0917412510025315e-05,
      "daily_voltage_cost_normalized": 0.0005458706291392446,
      "daily_economic_return_raw_yuan": -4413917.0,
      "daily_economic_return_normalized": -1.4004855155944824,
      "daily_economic_cost_raw_yuan": 4413917.0,
      "economic_reward_scale_yuan": 3151704.8194007874,
      "lagrange_multiplier": 0.0,
      "cost_budget": 1.0,
      "cost_budget_raw": 0.02,
      "cost_budget_normalized": 1.0,
      "algorithm_cost_mode": "fixed_penalty",
      "fixed_cost_penalty_coef": 10.0,
      "log_std_max": -2.3,
      "rollout_wall_seconds": 1.378099400550127,
      "update_wall_seconds": 0.450432812795043,
      "total_wall_seconds": 1.8285340312868357
    },
    {
      "update": 554,
      "algorithm": "mappo_penalty",
      "actor_loss": 0.08949846774339676,
      "reward_critic_loss": 0.003075479995459318,
      "cost_critic_loss": 0.06483635306358337,
      "reward_critic_loss_last": 0.0026503808330744505,
      "cost_critic_loss_last": 0.05883176624774933,
      "critic_epochs": 8,
      "daily_voltage_cost": 0.0032207139302045107,
      "daily_voltage_cost_raw": 0.0032207139302045107,
      "daily_voltage_cost_normalized": 0.1610357016324997,
      "daily_economic_return_raw_yuan": -4322556.5,
      "daily_economic_return_normalized": -1.3714978694915771,
      "daily_economic_cost_raw_yuan": 4322556.5,
      "economic_reward_scale_yuan": 3151704.8194007874,
      "lagrange_multiplier": 0.0,
      "cost_budget": 1.0,
      "cost_budget_raw": 0.02,
      "cost_budget_normalized": 1.0,
      "algorithm_cost_mode": "fixed_penalty",
      "fixed_cost_penalty_coef": 10.0,
      "log_std_max": -2.3,
      "rollout_wall_seconds": 1.3760477360337973,
      "update_wall_seconds": 0.46459419652819633,
      "total_wall_seconds": 1.840643797069788
    },
    {
      "update": 555,
      "algorithm": "mappo_penalty",
      "actor_loss": 0.09067993611097336,
      "reward_critic_loss": 0.005500696133822203,
      "cost_critic_loss": 0.0024233045987784863,
      "reward_critic_loss_last": 0.005040525458753109,
      "cost_critic_loss_last": 0.003958774730563164,
      "critic_epochs": 8,
      "daily_voltage_cost": 0.0005072108469903469,
      "daily_voltage_cost_raw": 0.0005072108469903469,
      "daily_voltage_cost_normalized": 0.02536054328083992,
      "daily_economic_return_raw_yuan": -4351943.5,
      "daily_economic_return_normalized": -1.3808220624923706,
      "daily_economic_cost_raw_yuan": 4351943.5,
      "economic_reward_scale_yuan": 3151704.8194007874,
      "lagrange_multiplier": 0.0,
      "cost_budget": 1.0,
      "cost_budget_raw": 0.02,
      "cost_budget_normalized": 1.0,
      "algorithm_cost_mode": "fixed_penalty",
      "fixed_cost_penalty_coef": 10.0,
      "log_std_max": -2.3,
      "rollout_wall_seconds": 1.147622937336564,
      "update_wall_seconds": 0.45861153677105904,
      "total_wall_seconds": 1.6062368266284466
    },
    {
      "update": 556,
      "algorithm": "mappo_penalty",
      "actor_loss": 0.09071065485477448,
      "reward_critic_loss": 0.005058680661022663,
      "cost_critic_loss": 0.003339097835123539,
      "reward_critic_loss_last": 0.004286673851311207,
      "cost_critic_loss_last": 0.0012952268589287996,
      "critic_epochs": 8,
      "daily_voltage_cost": 0.0,
      "daily_voltage_cost_raw": 0.0,
      "daily_voltage_cost_normalized": 0.0,
      "daily_economic_return_raw_yuan": -4356182.0,
      "daily_economic_return_normalized": -1.3821669816970825,
      "daily_economic_cost_raw_yuan": 4356182.0,
      "economic_reward_scale_yuan": 3151704.8194007874,
      "lagrange_multiplier": 0.0,
      "cost_budget": 1.0,
      "cost_budget_raw": 0.02,
      "cost_budget_normalized": 1.0,
      "algorithm_cost_mode": "fixed_penalty",
      "fixed_cost_penalty_coef": 10.0,
      "log_std_max": -2.3,
      "rollout_wall_seconds": 0.9507729988545179,
      "update_wall_seconds": 0.4391675740480423,
      "total_wall_seconds": 1.3899424634873867
    },
    {
      "update": 557,
      "algorithm": "mappo_penalty",
      "actor_loss": 0.09127455949783325,
      "reward_critic_loss": 0.006032240577042103,
      "cost_critic_loss": 0.2998882532119751,
      "reward_critic_loss_last": 0.005379547830671072,
      "cost_critic_loss_last": 0.2895135283470154,
      "critic_epochs": 8,
      "daily_voltage_cost": 0.011500431224703789,
      "daily_voltage_cost_raw": 0.011500431224703789,
      "daily_voltage_cost_normalized": 0.5750215649604797,
      "daily_economic_return_raw_yuan": -4105845.0,
      "daily_economic_return_normalized": -1.302737832069397,
      "daily_economic_cost_raw_yuan": 4105845.0,
      "economic_reward_scale_yuan": 3151704.8194007874,
      "lagrange_multiplier": 0.0,
      "cost_budget": 1.0,
      "cost_budget_raw": 0.02,
      "cost_budget_normalized": 1.0,
      "algorithm_cost_mode": "fixed_penalty",
      "fixed_cost_penalty_coef": 10.0,
      "log_std_max": -2.3,
      "rollout_wall_seconds": 0.8445886522531509,
      "update_wall_seconds": 0.43835097923874855,
      "total_wall_seconds": 1.282941460609436
    },
    {
      "update": 558,
      "algorithm": "mappo_penalty",
      "actor_loss": 0.09047751873731613,
      "reward_critic_loss": 0.005258211400359869,
      "cost_critic_loss": 0.00425640307366848,
      "reward_critic_loss_last": 0.005011843051761389,
      "cost_critic_loss_last": 0.006338268518447876,
      "critic_epochs": 8,
      "daily_voltage_cost": 0.0001172359989141114,
      "daily_voltage_cost_raw": 0.0001172359989141114,
      "daily_voltage_cost_normalized": 0.005861800163984299,
      "daily_economic_return_raw_yuan": -4456969.5,
      "daily_economic_return_normalized": -1.414145588874817,
      "daily_economic_cost_raw_yuan": 4456969.5,
      "economic_reward_scale_yuan": 3151704.8194007874,
      "lagrange_multiplier": 0.0,
      "cost_budget": 1.0,
      "cost_budget_raw": 0.02,
      "cost_budget_normalized": 1.0,
      "algorithm_cost_mode": "fixed_penalty",
      "fixed_cost_penalty_coef": 10.0,
      "log_std_max": -2.3,
      "rollout_wall_seconds": 0.8768741227686405,
      "update_wall_seconds": 0.4412960931658745,
      "total_wall_seconds": 1.3181720599532127
    },
    {
      "update": 559,
      "algorithm": "mappo_penalty",
      "actor_loss": 0.09138601273298264,
      "reward_critic_loss": 0.008596204221248627,
      "cost_critic_loss": 0.09204214811325073,
      "reward_critic_loss_last": 0.007239378988742828,
      "cost_critic_loss_last": 0.09150616824626923,
      "critic_epochs": 8,
      "daily_voltage_cost": 0.0028718975372612476,
      "daily_voltage_cost_raw": 0.0028718975372612476,
      "daily_voltage_cost_normalized": 0.1435948759317398,
      "daily_economic_return_raw_yuan": -4122971.75,
      "daily_economic_return_normalized": -1.3081719875335693,
      "daily_economic_cost_raw_yuan": 4122971.75,
      "economic_reward_scale_yuan": 3151704.8194007874,
      "lagrange_multiplier": 0.0,
      "cost_budget": 1.0,
      "cost_budget_raw": 0.02,
      "cost_budget_normalized": 1.0,
      "algorithm_cost_mode": "fixed_penalty",
      "fixed_cost_penalty_coef": 10.0,
      "log_std_max": -2.3,
      "rollout_wall_seconds": 0.8733764123171568,
      "update_wall_seconds": 0.4341161269694567,
      "total_wall_seconds": 1.3074942622333765
    },
    {
      "update": 560,
      "algorithm": "mappo_penalty",
      "actor_loss": 0.09049493074417114,
      "reward_critic_loss": 0.0057985661551356316,
      "cost_critic_loss": 0.004078595899045467,
      "reward_critic_loss_last": 0.004828920587897301,
      "cost_critic_loss_last": 0.0020842929370701313,
      "critic_epochs": 8,
      "daily_voltage_cost": 6.62401580484584e-05,
      "daily_voltage_cost_raw": 6.62401580484584e-05,
      "daily_voltage_cost_normalized": 0.0033120079897344112,
      "daily_economic_return_raw_yuan": -4384966.5,
      "daily_economic_return_normalized": -1.3912999629974365,
      "daily_economic_cost_raw_yuan": 4384966.5,
      "economic_reward_scale_yuan": 3151704.8194007874,
      "lagrange_multiplier": 0.0,
      "cost_budget": 1.0,
      "cost_budget_raw": 0.02,
      "cost_budget_normalized": 1.0,
      "algorithm_cost_mode": "fixed_penalty",
      "fixed_cost_penalty_coef": 10.0,
      "log_std_max": -2.3,
      "rollout_wall_seconds": 0.8355136513710022,
      "update_wall_seconds": 0.4314640052616596,
      "total_wall_seconds": 1.2669793665409088
    },
    {
      "update": 561,
      "algorithm": "mappo_penalty",
      "actor_loss": 0.08968912065029144,
      "reward_critic_loss": 0.003919836133718491,
      "cost_critic_loss": 0.011432572267949581,
      "reward_critic_loss_last": 0.003526110202074051,
      "cost_critic_loss_last": 0.011525965295732021,
      "critic_epochs": 8,
      "daily_voltage_cost": 0.00127049395814538,
      "daily_voltage_cost_raw": 0.00127049395814538,
      "daily_voltage_cost_normalized": 0.06352469325065613,
      "daily_economic_return_raw_yuan": -4235990.0,
      "daily_economic_return_normalized": -1.3440313339233398,
      "daily_economic_cost_raw_yuan": 4235990.0,
      "economic_reward_scale_yuan": 3151704.8194007874,
      "lagrange_multiplier": 0.0,
      "cost_budget": 1.0,
      "cost_budget_raw": 0.02,
      "cost_budget_normalized": 1.0,
      "algorithm_cost_mode": "fixed_penalty",
      "fixed_cost_penalty_coef": 10.0,
      "log_std_max": -2.3,
      "rollout_wall_seconds": 0.8235943764448166,
      "update_wall_seconds": 0.430368859320879,
      "total_wall_seconds": 1.2539651598781347
    },
    {
      "update": 562,
      "algorithm": "mappo_penalty",
      "actor_loss": 0.09122201055288315,
      "reward_critic_loss": 0.006608888506889343,
      "cost_critic_loss": 0.20849046111106873,
      "reward_critic_loss_last": 0.006127353757619858,
      "cost_critic_loss_last": 0.1881985366344452,
      "critic_epochs": 8,
      "daily_voltage_cost": 0.011031637899577618,
      "daily_voltage_cost_raw": 0.011031637899577618,
      "daily_voltage_cost_normalized": 0.5515819191932678,
      "daily_economic_return_raw_yuan": -4253426.0,
      "daily_economic_return_normalized": -1.3495635986328125,
      "daily_economic_cost_raw_yuan": 4253426.0,
      "economic_reward_scale_yuan": 3151704.8194007874,
      "lagrange_multiplier": 0.0,
      "cost_budget": 1.0,
      "cost_budget_raw": 0.02,
      "cost_budget_normalized": 1.0,
      "algorithm_cost_mode": "fixed_penalty",
      "fixed_cost_penalty_coef": 10.0,
      "log_std_max": -2.3,
      "rollout_wall_seconds": 0.9202724043279886,
      "update_wall_seconds": 0.43184286542236805,
      "total_wall_seconds": 1.3521173037588596
    },
    {
      "update": 563,
      "algorithm": "mappo_penalty",
      "actor_loss": 0.09083814918994904,
      "reward_critic_loss": 0.006383930798619986,
      "cost_critic_loss": 0.008173039183020592,
      "reward_critic_loss_last": 0.005820202641189098,
      "cost_critic_loss_last": 0.012197501957416534,
      "critic_epochs": 8,
      "daily_voltage_cost": 5.373243766371161e-05,
      "daily_voltage_cost_raw": 5.373243766371161e-05,
      "daily_voltage_cost_normalized": 0.00268662185408175,
      "daily_economic_return_raw_yuan": -4267701.0,
      "daily_economic_return_normalized": -1.3540928363800049,
      "daily_economic_cost_raw_yuan": 4267701.0,
      "economic_reward_scale_yuan": 3151704.8194007874,
      "lagrange_multiplier": 0.0,
      "cost_budget": 1.0,
      "cost_budget_raw": 0.02,
      "cost_budget_normalized": 1.0,
      "algorithm_cost_mode": "fixed_penalty",
      "fixed_cost_penalty_coef": 10.0,
      "log_std_max": -2.3,
      "rollout_wall_seconds": 0.8119479343295097,
      "update_wall_seconds": 0.4329413492232561,
      "total_wall_seconds": 1.2448912542313337
    },
    {
      "update": 564,
      "algorithm": "mappo_penalty",
      "actor_loss": 0.09076682478189468,
      "reward_critic_loss": 0.004524140618741512,
      "cost_critic_loss": 0.009742168709635735,
      "reward_critic_loss_last": 0.004022298380732536,
      "cost_critic_loss_last": 0.002760761883109808,
      "critic_epochs": 8,
      "daily_voltage_cost": 0.0003760988765861839,
      "daily_voltage_cost_raw": 0.0003760988765861839,
      "daily_voltage_cost_normalized": 0.018804945051670074,
      "daily_economic_return_raw_yuan": -4181113.25,
      "daily_economic_return_normalized": -1.3266196250915527,
      "daily_economic_cost_raw_yuan": 4181113.25,
      "economic_reward_scale_yuan": 3151704.8194007874,
      "lagrange_multiplier": 0.0,
      "cost_budget": 1.0,
      "cost_budget_raw": 0.02,
      "cost_budget_normalized": 1.0,
      "algorithm_cost_mode": "fixed_penalty",
      "fixed_cost_penalty_coef": 10.0,
      "log_std_max": -2.3,
      "rollout_wall_seconds": 0.8070594109594822,
      "update_wall_seconds": 0.43881591595709324,
      "total_wall_seconds": 1.2458770964294672
    },
    {
      "update": 565,
      "algorithm": "mappo_penalty",
      "actor_loss": 0.09222972393035889,
      "reward_critic_loss": 0.005849128123372793,
      "cost_critic_loss": 0.004472143016755581,
      "reward_critic_loss_last": 0.00525089493021369,
      "cost_critic_loss_last": 0.0026910952292382717,
      "critic_epochs": 8,
      "daily_voltage_cost": 0.0001290645159315318,
      "daily_voltage_cost_raw": 0.0001290645159315318,
      "daily_voltage_cost_normalized": 0.00645322585478425,
      "daily_economic_return_raw_yuan": -4328108.0,
      "daily_economic_return_normalized": -1.3732593059539795,
      "daily_economic_cost_raw_yuan": 4328108.0,
      "economic_reward_scale_yuan": 3151704.8194007874,
      "lagrange_multiplier": 0.0,
      "cost_budget": 1.0,
      "cost_budget_raw": 0.02,
      "cost_budget_normalized": 1.0,
      "algorithm_cost_mode": "fixed_penalty",
      "fixed_cost_penalty_coef": 10.0,
      "log_std_max": -2.3,
      "rollout_wall_seconds": 1.349133426323533,
      "update_wall_seconds": 0.46366632357239723,
      "total_wall_seconds": 1.81280155479908
    },
    {
      "update": 566,
      "algorithm": "mappo_penalty",
      "actor_loss": 0.09194164723157883,
      "reward_critic_loss": 0.006404584273695946,
      "cost_critic_loss": 0.003317343769595027,
      "reward_critic_loss_last": 0.00621136836707592,
      "cost_critic_loss_last": 0.0034324550069868565,
      "critic_epochs": 8,
      "daily_voltage_cost": 0.0006671570590697229,
      "daily_voltage_cost_raw": 0.0006671570590697229,
      "daily_voltage_cost_normalized": 0.033357858657836914,
      "daily_economic_return_raw_yuan": -4386419.0,
      "daily_economic_return_normalized": -1.3917607069015503,
      "daily_economic_cost_raw_yuan": 4386419.0,
      "economic_reward_scale_yuan": 3151704.8194007874,
      "lagrange_multiplier": 0.0,
      "cost_budget": 1.0,
      "cost_budget_raw": 0.02,
      "cost_budget_normalized": 1.0,
      "algorithm_cost_mode": "fixed_penalty",
      "fixed_cost_penalty_coef": 10.0,
      "log_std_max": -2.3,
      "rollout_wall_seconds": 1.1899153050035238,
      "update_wall_seconds": 0.4621432479470968,
      "total_wall_seconds": 1.6520605348050594
    },
    {
      "update": 567,
      "algorithm": "mappo_penalty",
      "actor_loss": 0.09110793471336365,
      "reward_critic_loss": 0.0038652103394269943,
      "cost_critic_loss": 0.0632399395108223,
      "reward_critic_loss_last": 0.0030950556974858046,
      "cost_critic_loss_last": 0.059877753257751465,
      "critic_epochs": 8,
      "daily_voltage_cost": 0.0020528549794107676,
      "daily_voltage_cost_raw": 0.0020528549794107676,
      "daily_voltage_cost_normalized": 0.10264275223016739,
      "daily_economic_return_raw_yuan": -4115432.0,
      "daily_economic_return_normalized": -1.3057796955108643,
      "daily_economic_cost_raw_yuan": 4115432.0,
      "economic_reward_scale_yuan": 3151704.8194007874,
      "lagrange_multiplier": 0.0,
      "cost_budget": 1.0,
      "cost_budget_raw": 0.02,
      "cost_budget_normalized": 1.0,
      "algorithm_cost_mode": "fixed_penalty",
      "fixed_cost_penalty_coef": 10.0,
      "log_std_max": -2.3,
      "rollout_wall_seconds": 1.324654083698988,
      "update_wall_seconds": 0.47834672033786774,
      "total_wall_seconds": 1.8030025642365217
    },
    {
      "update": 568,
      "algorithm": "mappo_penalty",
      "actor_loss": 0.09059407562017441,
      "reward_critic_loss": 0.006636437028646469,
      "cost_critic_loss": 0.002363136038184166,
      "reward_critic_loss_last": 0.00566941499710083,
      "cost_critic_loss_last": 0.003106835065409541,
      "critic_epochs": 8,
      "daily_voltage_cost": 3.0595176212955266e-05,
      "daily_voltage_cost_raw": 3.0595176212955266e-05,
      "daily_voltage_cost_normalized": 0.001529758796095848,
      "daily_economic_return_raw_yuan": -3875812.5,
      "daily_economic_return_normalized": -1.2297511100769043,
      "daily_economic_cost_raw_yuan": 3875812.5,
      "economic_reward_scale_yuan": 3151704.8194007874,
      "lagrange_multiplier": 0.0,
      "cost_budget": 1.0,
      "cost_budget_raw": 0.02,
      "cost_budget_normalized": 1.0,
      "algorithm_cost_mode": "fixed_penalty",
      "fixed_cost_penalty_coef": 10.0,
      "log_std_max": -2.3,
      "rollout_wall_seconds": 1.5265405513346195,
      "update_wall_seconds": 0.4802859202027321,
      "total_wall_seconds": 2.0068283565342426
    },
    {
      "update": 569,
      "algorithm": "mappo_penalty",
      "actor_loss": 0.09164278209209442,
      "reward_critic_loss": 0.005037326365709305,
      "cost_critic_loss": 0.002813424449414015,
      "reward_critic_loss_last": 0.004613957833498716,
      "cost_critic_loss_last": 0.002032217103987932,
      "critic_epochs": 8,
      "daily_voltage_cost": 0.0,
      "daily_voltage_cost_raw": 0.0,
      "daily_voltage_cost_normalized": 0.0,
      "daily_economic_return_raw_yuan": -3927242.5,
      "daily_economic_return_normalized": -1.246069312095642,
      "daily_economic_cost_raw_yuan": 3927242.5,
      "economic_reward_scale_yuan": 3151704.8194007874,
      "lagrange_multiplier": 0.0,
      "cost_budget": 1.0,
      "cost_budget_raw": 0.02,
      "cost_budget_normalized": 1.0,
      "algorithm_cost_mode": "fixed_penalty",
      "fixed_cost_penalty_coef": 10.0,
      "log_std_max": -2.3,
      "rollout_wall_seconds": 1.3092897087335587,
      "update_wall_seconds": 0.4612135458737612,
      "total_wall_seconds": 1.7705051805824041
    },
    {
      "update": 570,
      "algorithm": "mappo_penalty",
      "actor_loss": 0.09085118025541306,
      "reward_critic_loss": 0.005768326576799154,
      "cost_critic_loss": 0.0012467922642827034,
      "reward_critic_loss_last": 0.0050706746987998486,
      "cost_critic_loss_last": 0.0011376523179933429,
      "critic_epochs": 8,
      "daily_voltage_cost": 0.0,
      "daily_voltage_cost_raw": 0.0,
      "daily_voltage_cost_normalized": 0.0,
      "daily_economic_return_raw_yuan": -3972889.5,
      "daily_economic_return_normalized": -1.2605525255203247,
      "daily_economic_cost_raw_yuan": 3972889.5,
      "economic_reward_scale_yuan": 3151704.8194007874,
      "lagrange_multiplier": 0.0,
      "cost_budget": 1.0,
      "cost_budget_raw": 0.02,
      "cost_budget_normalized": 1.0,
      "algorithm_cost_mode": "fixed_penalty",
      "fixed_cost_penalty_coef": 10.0,
      "log_std_max": -2.3,
      "rollout_wall_seconds": 1.3084272164851427,
      "update_wall_seconds": 0.4677450116723776,
      "total_wall_seconds": 1.77617403306067
    },
    {
      "update": 571,
      "algorithm": "mappo_penalty",
      "actor_loss": 0.09156818687915802,
      "reward_critic_loss": 0.006942359264940023,
      "cost_critic_loss": 0.001546243904158473,
      "reward_critic_loss_last": 0.006062815897166729,
      "cost_critic_loss_last": 0.0014040753012523055,
      "critic_epochs": 8,
      "daily_voltage_cost": 4.230210470268503e-05,
      "daily_voltage_cost_raw": 4.230210470268503e-05,
      "daily_voltage_cost_normalized": 0.002115105278789997,
      "daily_economic_return_raw_yuan": -4069622.25,
      "daily_economic_return_normalized": -1.2912447452545166,
      "daily_economic_cost_raw_yuan": 4069622.25,
      "economic_reward_scale_yuan": 3151704.8194007874,
      "lagrange_multiplier": 0.0,
      "cost_budget": 1.0,
      "cost_budget_raw": 0.02,
      "cost_budget_normalized": 1.0,
      "algorithm_cost_mode": "fixed_penalty",
      "fixed_cost_penalty_coef": 10.0,
      "log_std_max": -2.3,
      "rollout_wall_seconds": 1.4109834264963865,
      "update_wall_seconds": 0.46156784147024155,
      "total_wall_seconds": 1.872553063556552
    },
    {
      "update": 572,
      "algorithm": "mappo_penalty",
      "actor_loss": 0.09056490659713745,
      "reward_critic_loss": 0.008435949683189392,
      "cost_critic_loss": 0.0016764672473073006,
      "reward_critic_loss_last": 0.0075935120694339275,
      "cost_critic_loss_last": 0.0014835161855444312,
      "critic_epochs": 8,
      "daily_voltage_cost": 2.5972140065277927e-06,
      "daily_voltage_cost_raw": 2.5972140065277927e-06,
      "daily_voltage_cost_normalized": 0.00012986070942133665,
      "daily_economic_return_raw_yuan": -3994446.0,
      "daily_economic_return_normalized": -1.2673921585083008,
      "daily_economic_cost_raw_yuan": 3994446.0,
      "economic_reward_scale_yuan": 3151704.8194007874,
      "lagrange_multiplier": 0.0,
      "cost_budget": 1.0,
      "cost_budget_raw": 0.02,
      "cost_budget_normalized": 1.0,
      "algorithm_cost_mode": "fixed_penalty",
      "fixed_cost_penalty_coef": 10.0,
      "log_std_max": -2.3,
      "rollout_wall_seconds": 1.354736978188157,
      "update_wall_seconds": 0.46533724665641785,
      "total_wall_seconds": 1.8200760129839182
    },
    {
      "update": 573,
      "algorithm": "mappo_penalty",
      "actor_loss": 0.0904446393251419,
      "reward_critic_loss": 0.004271938931196928,
      "cost_critic_loss": 0.0008784455130808055,
      "reward_critic_loss_last": 0.0039023864082992077,
      "cost_critic_loss_last": 0.0006780314142815769,
      "critic_epochs": 8,
      "daily_voltage_cost": 0.0,
      "daily_voltage_cost_raw": 0.0,
      "daily_voltage_cost_normalized": 0.0,
      "daily_economic_return_raw_yuan": -4098253.75,
      "daily_economic_return_normalized": -1.3003292083740234,
      "daily_economic_cost_raw_yuan": 4098253.75,
      "economic_reward_scale_yuan": 3151704.8194007874,
      "lagrange_multiplier": 0.0,
      "cost_budget": 1.0,
      "cost_budget_raw": 0.02,
      "cost_budget_normalized": 1.0,
      "algorithm_cost_mode": "fixed_penalty",
      "fixed_cost_penalty_coef": 10.0,
      "log_std_max": -2.3,
      "rollout_wall_seconds": 1.301612852141261,
      "update_wall_seconds": 0.46083699353039265,
      "total_wall_seconds": 1.7624518238008022
    },
    {
      "update": 574,
      "algorithm": "mappo_penalty",
      "actor_loss": 0.09136897325515747,
      "reward_critic_loss": 0.007180127315223217,
      "cost_critic_loss": 0.0013040450867265463,
      "reward_critic_loss_last": 0.005931711755692959,
      "cost_critic_loss_last": 0.0012406850000843406,
      "critic_epochs": 8,
      "daily_voltage_cost": 0.0,
      "daily_voltage_cost_raw": 0.0,
      "daily_voltage_cost_normalized": 0.0,
      "daily_economic_return_raw_yuan": -3951357.75,
      "daily_economic_return_normalized": -1.253720760345459,
      "daily_economic_cost_raw_yuan": 3951357.75,
      "economic_reward_scale_yuan": 3151704.8194007874,
      "lagrange_multiplier": 0.0,
      "cost_budget": 1.0,
      "cost_budget_raw": 0.02,
      "cost_budget_normalized": 1.0,
      "algorithm_cost_mode": "fixed_penalty",
      "fixed_cost_penalty_coef": 10.0,
      "log_std_max": -2.3,
      "rollout_wall_seconds": 1.4439605437219143,
      "update_wall_seconds": 0.48176364600658417,
      "total_wall_seconds": 1.925726417452097
    },
    {
      "update": 575,
      "algorithm": "mappo_penalty",
      "actor_loss": 0.0910707339644432,
      "reward_critic_loss": 0.004890740849077702,
      "cost_critic_loss": 0.0013342665042728186,
      "reward_critic_loss_last": 0.00444738520309329,
      "cost_critic_loss_last": 0.0011796648614108562,
      "critic_epochs": 8,
      "daily_voltage_cost": 1.148085266322596e-05,
      "daily_voltage_cost_raw": 1.148085266322596e-05,
      "daily_voltage_cost_normalized": 0.0005740426713600755,
      "daily_economic_return_raw_yuan": -3890207.5,
      "daily_economic_return_normalized": -1.234318494796753,
      "daily_economic_cost_raw_yuan": 3890207.5,
      "economic_reward_scale_yuan": 3151704.8194007874,
      "lagrange_multiplier": 0.0,
      "cost_budget": 1.0,
      "cost_budget_raw": 0.02,
      "cost_budget_normalized": 1.0,
      "algorithm_cost_mode": "fixed_penalty",
      "fixed_cost_penalty_coef": 10.0,
      "log_std_max": -2.3,
      "rollout_wall_seconds": 1.3104680441319942,
      "update_wall_seconds": 0.46465397998690605,
      "total_wall_seconds": 1.7751238979399204
    },
    {
      "update": 576,
      "algorithm": "mappo_penalty",
      "actor_loss": 0.09047248959541321,
      "reward_critic_loss": 0.004921658895909786,
      "cost_critic_loss": 0.0011356254108250141,
      "reward_critic_loss_last": 0.00471543287858367,
      "cost_critic_loss_last": 0.00106189982034266,
      "critic_epochs": 8,
      "daily_voltage_cost": 0.0001697157567832619,
      "daily_voltage_cost_raw": 0.0001697157567832619,
      "daily_voltage_cost_normalized": 0.008485788479447365,
      "daily_economic_return_raw_yuan": -4033681.25,
      "daily_economic_return_normalized": -1.2798410654067993,
      "daily_economic_cost_raw_yuan": 4033681.25,
      "economic_reward_scale_yuan": 3151704.8194007874,
      "lagrange_multiplier": 0.0,
      "cost_budget": 1.0,
      "cost_budget_raw": 0.02,
      "cost_budget_normalized": 1.0,
      "algorithm_cost_mode": "fixed_penalty",
      "fixed_cost_penalty_coef": 10.0,
      "log_std_max": -2.3,
      "rollout_wall_seconds": 1.3228591158986092,
      "update_wall_seconds": 0.45580001920461655,
      "total_wall_seconds": 1.7786614764481783
    },
    {
      "update": 577,
      "algorithm": "mappo_penalty",
      "actor_loss": 0.09110522270202637,
      "reward_critic_loss": 0.004117823671549559,
      "cost_critic_loss": 0.001614931388758123,
      "reward_critic_loss_last": 0.0038005695678293705,
      "cost_critic_loss_last": 0.0015518805012106895,
      "critic_epochs": 8,
      "daily_voltage_cost": 0.000648596731480211,
      "daily_voltage_cost_raw": 0.000648596731480211,
      "daily_voltage_cost_normalized": 0.03242983669042587,
      "daily_economic_return_raw_yuan": -4231878.0,
      "daily_economic_return_normalized": -1.342726707458496,
      "daily_economic_cost_raw_yuan": 4231878.0,
      "economic_reward_scale_yuan": 3151704.8194007874,
      "lagrange_multiplier": 0.0,
      "cost_budget": 1.0,
      "cost_budget_raw": 0.02,
      "cost_budget_normalized": 1.0,
      "algorithm_cost_mode": "fixed_penalty",
      "fixed_cost_penalty_coef": 10.0,
      "log_std_max": -2.3,
      "rollout_wall_seconds": 1.3427482806146145,
      "update_wall_seconds": 0.43817413598299026,
      "total_wall_seconds": 1.7809241153299809
    },
    {
      "update": 578,
      "algorithm": "mappo_penalty",
      "actor_loss": 0.09122301638126373,
      "reward_critic_loss": 0.004767018835991621,
      "cost_critic_loss": 0.0009285343112424016,
      "reward_critic_loss_last": 0.004420222714543343,
      "cost_critic_loss_last": 0.0009164325892925262,
      "critic_epochs": 8,
      "daily_voltage_cost": 0.0,
      "daily_voltage_cost_raw": 0.0,
      "daily_voltage_cost_normalized": 0.0,
      "daily_economic_return_raw_yuan": -4026804.5,
      "daily_economic_return_normalized": -1.2776591777801514,
      "daily_economic_cost_raw_yuan": 4026804.5,
      "economic_reward_scale_yuan": 3151704.8194007874,
      "lagrange_multiplier": 0.0,
      "cost_budget": 1.0,
      "cost_budget_raw": 0.02,
      "cost_budget_normalized": 1.0,
      "algorithm_cost_mode": "fixed_penalty",
      "fixed_cost_penalty_coef": 10.0,
      "log_std_max": -2.3,
      "rollout_wall_seconds": 1.0750377960503101,
      "update_wall_seconds": 0.44665171578526497,
      "total_wall_seconds": 1.521691532805562
    },
    {
      "update": 579,
      "algorithm": "mappo_penalty",
      "actor_loss": 0.09068994224071503,
      "reward_critic_loss": 0.005642702337354422,
      "cost_critic_loss": 0.00324630131945014,
      "reward_critic_loss_last": 0.005049821920692921,
      "cost_critic_loss_last": 0.0031268212478607893,
      "critic_epochs": 8,
      "daily_voltage_cost": 0.0010019754990935326,
      "daily_voltage_cost_raw": 0.0010019754990935326,
      "daily_voltage_cost_normalized": 0.05009877681732178,
      "daily_economic_return_raw_yuan": -4003795.5,
      "daily_economic_return_normalized": -1.270358681678772,
      "daily_economic_cost_raw_yuan": 4003795.5,
      "economic_reward_scale_yuan": 3151704.8194007874,
      "lagrange_multiplier": 0.0,
      "cost_budget": 1.0,
      "cost_budget_raw": 0.02,
      "cost_budget_normalized": 1.0,
      "algorithm_cost_mode": "fixed_penalty",
      "fixed_cost_penalty_coef": 10.0,
      "log_std_max": -2.3,
      "rollout_wall_seconds": 0.8262132536619902,
      "update_wall_seconds": 0.4293000791221857,
      "total_wall_seconds": 1.255514983087778
    },
    {
      "update": 580,
      "algorithm": "mappo_penalty",
      "actor_loss": 0.09092972427606583,
      "reward_critic_loss": 0.008813910186290741,
      "cost_critic_loss": 0.000692573084961623,
      "reward_critic_loss_last": 0.007297159638255835,
      "cost_critic_loss_last": 0.0006849045166745782,
      "critic_epochs": 8,
      "daily_voltage_cost": 0.0,
      "daily_voltage_cost_raw": 0.0,
      "daily_voltage_cost_normalized": 0.0,
      "daily_economic_return_raw_yuan": -3993386.5,
      "daily_economic_return_normalized": -1.2670559883117676,
      "daily_economic_cost_raw_yuan": 3993386.5,
      "economic_reward_scale_yuan": 3151704.8194007874,
      "lagrange_multiplier": 0.0,
      "cost_budget": 1.0,
      "cost_budget_raw": 0.02,
      "cost_budget_normalized": 1.0,
      "algorithm_cost_mode": "fixed_penalty",
      "fixed_cost_penalty_coef": 10.0,
      "log_std_max": -2.3,
      "rollout_wall_seconds": 0.9294927269220352,
      "update_wall_seconds": 0.4494168162345886,
      "total_wall_seconds": 1.3789116200059652
    },
    {
      "update": 581,
      "algorithm": "mappo_penalty",
      "actor_loss": 0.0903964638710022,
      "reward_critic_loss": 0.0047397068701684475,
      "cost_critic_loss": 0.0010733240051195025,
      "reward_critic_loss_last": 0.004605852998793125,
      "cost_critic_loss_last": 0.0010448943357914686,
      "critic_epochs": 8,
      "daily_voltage_cost": 0.00014944456052035093,
      "daily_voltage_cost_raw": 0.00014944456052035093,
      "daily_voltage_cost_normalized": 0.00747222825884819,
      "daily_economic_return_raw_yuan": -3891738.0,
      "daily_economic_return_normalized": -1.2348041534423828,
      "daily_economic_cost_raw_yuan": 3891738.0,
      "economic_reward_scale_yuan": 3151704.8194007874,
      "lagrange_multiplier": 0.0,
      "cost_budget": 1.0,
      "cost_budget_raw": 0.02,
      "cost_budget_normalized": 1.0,
      "algorithm_cost_mode": "fixed_penalty",
      "fixed_cost_penalty_coef": 10.0,
      "log_std_max": -2.3,
      "rollout_wall_seconds": 0.8313827682286501,
      "update_wall_seconds": 0.4308887794613838,
      "total_wall_seconds": 1.2622734569013119
    },
    {
      "update": 582,
      "algorithm": "mappo_penalty",
      "actor_loss": 0.09101157635450363,
      "reward_critic_loss": 0.005385083146393299,
      "cost_critic_loss": 0.000673347560223192,
      "reward_critic_loss_last": 0.00508563406765461,
      "cost_critic_loss_last": 0.0006514698616228998,
      "critic_epochs": 8,
      "daily_voltage_cost": 1.952384627657011e-05,
      "daily_voltage_cost_raw": 1.952384627657011e-05,
      "daily_voltage_cost_normalized": 0.0009761923574842513,
      "daily_economic_return_raw_yuan": -4096946.0,
      "daily_economic_return_normalized": -1.2999142408370972,
      "daily_economic_cost_raw_yuan": 4096946.0,
      "economic_reward_scale_yuan": 3151704.8194007874,
      "lagrange_multiplier": 0.0,
      "cost_budget": 1.0,
      "cost_budget_raw": 0.02,
      "cost_budget_normalized": 1.0,
      "algorithm_cost_mode": "fixed_penalty",
      "fixed_cost_penalty_coef": 10.0,
      "log_std_max": -2.3,
      "rollout_wall_seconds": 0.8087041694670916,
      "update_wall_seconds": 0.4305935222655535,
      "total_wall_seconds": 1.2392991464585066
    },
    {
      "update": 583,
      "algorithm": "mappo_penalty",
      "actor_loss": 0.09113103151321411,
      "reward_critic_loss": 0.0064150611869990826,
      "cost_critic_loss": 0.000836711551528424,
      "reward_critic_loss_last": 0.005942784249782562,
      "cost_critic_loss_last": 0.0008224502089433372,
      "critic_epochs": 8,
      "daily_voltage_cost": 8.488669118378311e-05,
      "daily_voltage_cost_raw": 8.488669118378311e-05,
      "daily_voltage_cost_normalized": 0.004244334530085325,
      "daily_economic_return_raw_yuan": -3985904.5,
      "daily_economic_return_normalized": -1.2646820545196533,
      "daily_economic_cost_raw_yuan": 3985904.5,
      "economic_reward_scale_yuan": 3151704.8194007874,
      "lagrange_multiplier": 0.0,
      "cost_budget": 1.0,
      "cost_budget_raw": 0.02,
      "cost_budget_normalized": 1.0,
      "algorithm_cost_mode": "fixed_penalty",
      "fixed_cost_penalty_coef": 10.0,
      "log_std_max": -2.3,
      "rollout_wall_seconds": 1.2591424118727446,
      "update_wall_seconds": 0.46543150395154953,
      "total_wall_seconds": 1.7245759684592485
    },
    {
      "update": 584,
      "algorithm": "mappo_penalty",
      "actor_loss": 0.09234395623207092,
      "reward_critic_loss": 0.0053642429411411285,
      "cost_critic_loss": 0.0007193358615040779,
      "reward_critic_loss_last": 0.005135767161846161,
      "cost_critic_loss_last": 0.0007100024959072471,
      "critic_epochs": 8,
      "daily_voltage_cost": 4.236042059346801e-06,
      "daily_voltage_cost_raw": 4.236042059346801e-06,
      "daily_voltage_cost_normalized": 0.00021180210751481354,
      "daily_economic_return_raw_yuan": -4155340.5,
      "daily_economic_return_normalized": -1.3184422254562378,
      "daily_economic_cost_raw_yuan": 4155340.5,
      "economic_reward_scale_yuan": 3151704.8194007874,
      "lagrange_multiplier": 0.0,
      "cost_budget": 1.0,
      "cost_budget_raw": 0.02,
      "cost_budget_normalized": 1.0,
      "algorithm_cost_mode": "fixed_penalty",
      "fixed_cost_penalty_coef": 10.0,
      "log_std_max": -2.3,
      "rollout_wall_seconds": 1.4493184220045805,
      "update_wall_seconds": 0.4646140355616808,
      "total_wall_seconds": 1.9139341991394758
    },
    {
      "update": 585,
      "algorithm": "mappo_penalty",
      "actor_loss": 0.09167428314685822,
      "reward_critic_loss": 0.005150593351572752,
      "cost_critic_loss": 0.001114915474317968,
      "reward_critic_loss_last": 0.004919569008052349,
      "cost_critic_loss_last": 0.001076046726666391,
      "critic_epochs": 8,
      "daily_voltage_cost": 0.0,
      "daily_voltage_cost_raw": 0.0,
      "daily_voltage_cost_normalized": 0.0,
      "daily_economic_return_raw_yuan": -4050335.25,
      "daily_economic_return_normalized": -1.2851252555847168,
      "daily_economic_cost_raw_yuan": 4050335.25,
      "economic_reward_scale_yuan": 3151704.8194007874,
      "lagrange_multiplier": 0.0,
      "cost_budget": 1.0,
      "cost_budget_raw": 0.02,
      "cost_budget_normalized": 1.0,
      "algorithm_cost_mode": "fixed_penalty",
      "fixed_cost_penalty_coef": 10.0,
      "log_std_max": -2.3,
      "rollout_wall_seconds": 1.3509397469460964,
      "update_wall_seconds": 0.4714592769742012,
      "total_wall_seconds": 1.8224008418619633
    },
    {
      "update": 586,
      "algorithm": "mappo_penalty",
      "actor_loss": 0.09185152500867844,
      "reward_critic_loss": 0.004434849601238966,
      "cost_critic_loss": 0.00569141423329711,
      "reward_critic_loss_last": 0.0035531646572053432,
      "cost_critic_loss_last": 0.005508856847882271,
      "critic_epochs": 8,
      "daily_voltage_cost": 0.0007750656805001199,
      "daily_voltage_cost_raw": 0.0007750656805001199,
      "daily_voltage_cost_normalized": 0.03875328600406647,
      "daily_economic_return_raw_yuan": -3889586.0,
      "daily_economic_return_normalized": -1.234121322631836,
      "daily_economic_cost_raw_yuan": 3889586.0,
      "economic_reward_scale_yuan": 3151704.8194007874,
      "lagrange_multiplier": 0.0,
      "cost_budget": 1.0,
      "cost_budget_raw": 0.02,
      "cost_budget_normalized": 1.0,
      "algorithm_cost_mode": "fixed_penalty",
      "fixed_cost_penalty_coef": 10.0,
      "log_std_max": -2.3,
      "rollout_wall_seconds": 1.3648381885141134,
      "update_wall_seconds": 0.481861500069499,
      "total_wall_seconds": 1.8467013891786337
    },
    {
      "update": 587,
      "algorithm": "mappo_penalty",
      "actor_loss": 0.09194785356521606,
      "reward_critic_loss": 0.004330184310674667,
      "cost_critic_loss": 0.0009011803194880486,
      "reward_critic_loss_last": 0.003926529549062252,
      "cost_critic_loss_last": 0.0009439144050702453,
      "critic_epochs": 8,
      "daily_voltage_cost": 8.43110592541052e-06,
      "daily_voltage_cost_raw": 8.43110592541052e-06,
      "daily_voltage_cost_normalized": 0.00042155530536547303,
      "daily_economic_return_raw_yuan": -3955697.25,
      "daily_economic_return_normalized": -1.2550976276397705,
      "daily_economic_cost_raw_yuan": 3955697.25,
      "economic_reward_scale_yuan": 3151704.8194007874,
      "lagrange_multiplier": 0.0,
      "cost_budget": 1.0,
      "cost_budget_raw": 0.02,
      "cost_budget_normalized": 1.0,
      "algorithm_cost_mode": "fixed_penalty",
      "fixed_cost_penalty_coef": 10.0,
      "log_std_max": -2.3,
      "rollout_wall_seconds": 1.4569498654454947,
      "update_wall_seconds": 0.46856312826275826,
      "total_wall_seconds": 1.9255147576332092
    },
    {
      "update": 588,
      "algorithm": "mappo_penalty",
      "actor_loss": 0.09067513048648834,
      "reward_critic_loss": 0.004341894760727882,
      "cost_critic_loss": 0.014061285182833672,
      "reward_critic_loss_last": 0.003949137404561043,
      "cost_critic_loss_last": 0.013843941502273083,
      "critic_epochs": 8,
      "daily_voltage_cost": 0.0011112070642411709,
      "daily_voltage_cost_raw": 0.0011112070642411709,
      "daily_voltage_cost_normalized": 0.05556035414338112,
      "daily_economic_return_raw_yuan": -3735778.25,
      "daily_economic_return_normalized": -1.1853199005126953,
      "daily_economic_cost_raw_yuan": 3735778.25,
      "economic_reward_scale_yuan": 3151704.8194007874,
      "lagrange_multiplier": 0.0,
      "cost_budget": 1.0,
      "cost_budget_raw": 0.02,
      "cost_budget_normalized": 1.0,
      "algorithm_cost_mode": "fixed_penalty",
      "fixed_cost_penalty_coef": 10.0,
      "log_std_max": -2.3,
      "rollout_wall_seconds": 1.3660681005567312,
      "update_wall_seconds": 0.4520339369773865,
      "total_wall_seconds": 1.8181038927286863
    },
    {
      "update": 589,
      "algorithm": "mappo_penalty",
      "actor_loss": 0.09036119282245636,
      "reward_critic_loss": 0.005722514353692532,
      "cost_critic_loss": 0.000756022403948009,
      "reward_critic_loss_last": 0.005048518534749746,
      "cost_critic_loss_last": 0.0007747338968329132,
      "critic_epochs": 8,
      "daily_voltage_cost": 0.0,
      "daily_voltage_cost_raw": 0.0,
      "daily_voltage_cost_normalized": 0.0,
      "daily_economic_return_raw_yuan": -3798473.5,
      "daily_economic_return_normalized": -1.2052123546600342,
      "daily_economic_cost_raw_yuan": 3798473.5,
      "economic_reward_scale_yuan": 3151704.8194007874,
      "lagrange_multiplier": 0.0,
      "cost_budget": 1.0,
      "cost_budget_raw": 0.02,
      "cost_budget_normalized": 1.0,
      "algorithm_cost_mode": "fixed_penalty",
      "fixed_cost_penalty_coef": 10.0,
      "log_std_max": -2.3,
      "rollout_wall_seconds": 1.3581980764865875,
      "update_wall_seconds": 0.4471841435879469,
      "total_wall_seconds": 1.8053840603679419
    },
    {
      "update": 590,
      "algorithm": "mappo_penalty",
      "actor_loss": 0.09143341332674026,
      "reward_critic_loss": 0.0075160423293709755,
      "cost_critic_loss": 0.0006268771248869598,
      "reward_critic_loss_last": 0.006100167986005545,
      "cost_critic_loss_last": 0.0005025471327826381,
      "critic_epochs": 8,
      "daily_voltage_cost": 8.925030670070555e-06,
      "daily_voltage_cost_raw": 8.925030670070555e-06,
      "daily_voltage_cost_normalized": 0.00044625153532251716,
      "daily_economic_return_raw_yuan": -4194377.5,
      "daily_economic_return_normalized": -1.3308281898498535,
      "daily_economic_cost_raw_yuan": 4194377.5,
      "economic_reward_scale_yuan": 3151704.8194007874,
      "lagrange_multiplier": 0.0,
      "cost_budget": 1.0,
      "cost_budget_raw": 0.02,
      "cost_budget_normalized": 1.0,
      "algorithm_cost_mode": "fixed_penalty",
      "fixed_cost_penalty_coef": 10.0,
      "log_std_max": -2.3,
      "rollout_wall_seconds": 1.4078474137932062,
      "update_wall_seconds": 0.4598215762525797,
      "total_wall_seconds": 1.8676707688719034
    },
    {
      "update": 591,
      "algorithm": "mappo_penalty",
      "actor_loss": 0.09159789979457855,
      "reward_critic_loss": 0.005263663828372955,
      "cost_critic_loss": 0.0009536010911688209,
      "reward_critic_loss_last": 0.004094034433364868,
      "cost_critic_loss_last": 0.0009082417818717659,
      "critic_epochs": 8,
      "daily_voltage_cost": 0.0001006154780043289,
      "daily_voltage_cost_raw": 0.0001006154780043289,
      "daily_voltage_cost_normalized": 0.005030774045735598,
      "daily_economic_return_raw_yuan": -3778702.5,
      "daily_economic_return_normalized": -1.1989392042160034,
      "daily_economic_cost_raw_yuan": 3778702.5,
      "economic_reward_scale_yuan": 3151704.8194007874,
      "lagrange_multiplier": 0.0,
      "cost_budget": 1.0,
      "cost_budget_raw": 0.02,
      "cost_budget_normalized": 1.0,
      "algorithm_cost_mode": "fixed_penalty",
      "fixed_cost_penalty_coef": 10.0,
      "log_std_max": -2.3,
      "rollout_wall_seconds": 1.3094602655619383,
      "update_wall_seconds": 0.4513907916843891,
      "total_wall_seconds": 1.7608528528362513
    },
    {
      "update": 592,
      "algorithm": "mappo_penalty",
      "actor_loss": 0.09081553667783737,
      "reward_critic_loss": 0.005484303459525108,
      "cost_critic_loss": 0.0007599533419124782,
      "reward_critic_loss_last": 0.004524309188127518,
      "cost_critic_loss_last": 0.0007407517987303436,
      "critic_epochs": 8,
      "daily_voltage_cost": 5.725347000407055e-05,
      "daily_voltage_cost_raw": 5.725347000407055e-05,
      "daily_voltage_cost_normalized": 0.0028626734856516123,
      "daily_economic_return_raw_yuan": -4057546.5,
      "daily_economic_return_normalized": -1.287413239479065,
      "daily_economic_cost_raw_yuan": 4057546.5,
      "economic_reward_scale_yuan": 3151704.8194007874,
      "lagrange_multiplier": 0.0,
      "cost_budget": 1.0,
      "cost_budget_raw": 0.02,
      "cost_budget_normalized": 1.0,
      "algorithm_cost_mode": "fixed_penalty",
      "fixed_cost_penalty_coef": 10.0,
      "log_std_max": -2.3,
      "rollout_wall_seconds": 1.2995534557849169,
      "update_wall_seconds": 0.46126394160091877,
      "total_wall_seconds": 1.7608195636421442
    },
    {
      "update": 593,
      "algorithm": "mappo_penalty",
      "actor_loss": 0.09207738190889359,
      "reward_critic_loss": 0.008638902567327023,
      "cost_critic_loss": 0.0008490578038617969,
      "reward_critic_loss_last": 0.007427241653203964,
      "cost_critic_loss_last": 0.0007852906128391623,
      "critic_epochs": 8,
      "daily_voltage_cost": 9.500172745902091e-05,
      "daily_voltage_cost_raw": 9.500172745902091e-05,
      "daily_voltage_cost_normalized": 0.004750086460262537,
      "daily_economic_return_raw_yuan": -3790396.75,
      "daily_economic_return_normalized": -1.202649712562561,
      "daily_economic_cost_raw_yuan": 3790396.75,
      "economic_reward_scale_yuan": 3151704.8194007874,
      "lagrange_multiplier": 0.0,
      "cost_budget": 1.0,
      "cost_budget_raw": 0.02,
      "cost_budget_normalized": 1.0,
      "algorithm_cost_mode": "fixed_penalty",
      "fixed_cost_penalty_coef": 10.0,
      "log_std_max": -2.3,
      "rollout_wall_seconds": 1.4331856910139322,
      "update_wall_seconds": 0.4670174140483141,
      "total_wall_seconds": 1.9002051465213299
    },
    {
      "update": 594,
      "algorithm": "mappo_penalty",
      "actor_loss": 0.09101974964141846,
      "reward_critic_loss": 0.004714594688266516,
      "cost_critic_loss": 0.0013083349913358688,
      "reward_critic_loss_last": 0.004439235664904118,
      "cost_critic_loss_last": 0.0012631826102733612,
      "critic_epochs": 8,
      "daily_voltage_cost": 9.11708684725454e-06,
      "daily_voltage_cost_raw": 9.11708684725454e-06,
      "daily_voltage_cost_normalized": 0.00045585434418171644,
      "daily_economic_return_raw_yuan": -3644246.5,
      "daily_economic_return_normalized": -1.1562778949737549,
      "daily_economic_cost_raw_yuan": 3644246.5,
      "economic_reward_scale_yuan": 3151704.8194007874,
      "lagrange_multiplier": 0.0,
      "cost_budget": 1.0,
      "cost_budget_raw": 0.02,
      "cost_budget_normalized": 1.0,
      "algorithm_cost_mode": "fixed_penalty",
      "fixed_cost_penalty_coef": 10.0,
      "log_std_max": -2.3,
      "rollout_wall_seconds": 1.3201826252043247,
      "update_wall_seconds": 0.4690526481717825,
      "total_wall_seconds": 1.7892372775822878
    },
    {
      "update": 595,
      "algorithm": "mappo_penalty",
      "actor_loss": 0.09227198362350464,
      "reward_critic_loss": 0.0066170282661914825,
      "cost_critic_loss": 0.0014175691176205873,
      "reward_critic_loss_last": 0.005934263579547405,
      "cost_critic_loss_last": 0.0013336403062567115,
      "critic_epochs": 8,
      "daily_voltage_cost": 5.2496601711027324e-05,
      "daily_voltage_cost_raw": 5.2496601711027324e-05,
      "daily_voltage_cost_normalized": 0.0026248302310705185,
      "daily_economic_return_raw_yuan": -3899349.0,
      "daily_economic_return_normalized": -1.237218976020813,
      "daily_economic_cost_raw_yuan": 3899349.0,
      "economic_reward_scale_yuan": 3151704.8194007874,
      "lagrange_multiplier": 0.0,
      "cost_budget": 1.0,
      "cost_budget_raw": 0.02,
      "cost_budget_normalized": 1.0,
      "algorithm_cost_mode": "fixed_penalty",
      "fixed_cost_penalty_coef": 10.0,
      "log_std_max": -2.3,
      "rollout_wall_seconds": 1.3191950134932995,
      "update_wall_seconds": 0.45251657254993916,
      "total_wall_seconds": 1.771713837981224
    },
    {
      "update": 596,
      "algorithm": "mappo_penalty",
      "actor_loss": 0.09166011214256287,
      "reward_critic_loss": 0.0048232609406113625,
      "cost_critic_loss": 0.0022312472574412823,
      "reward_critic_loss_last": 0.004636007361114025,
      "cost_critic_loss_last": 0.0021968309301882982,
      "critic_epochs": 8,
      "daily_voltage_cost": 0.00047219349653460085,
      "daily_voltage_cost_raw": 0.00047219349653460085,
      "daily_voltage_cost_normalized": 0.023609675467014313,
      "daily_economic_return_raw_yuan": -4005143.25,
      "daily_economic_return_normalized": -1.2707862854003906,
      "daily_economic_cost_raw_yuan": 4005143.25,
      "economic_reward_scale_yuan": 3151704.8194007874,
      "lagrange_multiplier": 0.0,
      "cost_budget": 1.0,
      "cost_budget_raw": 0.02,
      "cost_budget_normalized": 1.0,
      "algorithm_cost_mode": "fixed_penalty",
      "fixed_cost_penalty_coef": 10.0,
      "log_std_max": -2.3,
      "rollout_wall_seconds": 1.4306325893849134,
      "update_wall_seconds": 0.4443743843585253,
      "total_wall_seconds": 1.8750088885426521
    },
    {
      "update": 597,
      "algorithm": "mappo_penalty",
      "actor_loss": 0.0910443663597107,
      "reward_critic_loss": 0.007469747215509415,
      "cost_critic_loss": 0.001016662921756506,
      "reward_critic_loss_last": 0.007159899920225143,
      "cost_critic_loss_last": 0.0009498653816990554,
      "critic_epochs": 8,
      "daily_voltage_cost": 0.0,
      "daily_voltage_cost_raw": 0.0,
      "daily_voltage_cost_normalized": 0.0,
      "daily_economic_return_raw_yuan": -3772330.75,
      "daily_economic_return_normalized": -1.1969175338745117,
      "daily_economic_cost_raw_yuan": 3772330.75,
      "economic_reward_scale_yuan": 3151704.8194007874,
      "lagrange_multiplier": 0.0,
      "cost_budget": 1.0,
      "cost_budget_raw": 0.02,
      "cost_budget_normalized": 1.0,
      "algorithm_cost_mode": "fixed_penalty",
      "fixed_cost_penalty_coef": 10.0,
      "log_std_max": -2.3,
      "rollout_wall_seconds": 1.356549944728613,
      "update_wall_seconds": 0.4523597601801157,
      "total_wall_seconds": 1.8089117985218763
    },
    {
      "update": 598,
      "algorithm": "mappo_penalty",
      "actor_loss": 0.09215273708105087,
      "reward_critic_loss": 0.005669670179486275,
      "cost_critic_loss": 0.0004925259272567928,
      "reward_critic_loss_last": 0.005248218309134245,
      "cost_critic_loss_last": 0.00047264117165468633,
      "critic_epochs": 8,
      "daily_voltage_cost": 0.0001023436852847226,
      "daily_voltage_cost_raw": 0.0001023436852847226,
      "daily_voltage_cost_normalized": 0.005117184482514858,
      "daily_economic_return_raw_yuan": -4126827.0,
      "daily_economic_return_normalized": -1.30939519405365,
      "daily_economic_cost_raw_yuan": 4126827.0,
      "economic_reward_scale_yuan": 3151704.8194007874,
      "lagrange_multiplier": 0.0,
      "cost_budget": 1.0,
      "cost_budget_raw": 0.02,
      "cost_budget_normalized": 1.0,
      "algorithm_cost_mode": "fixed_penalty",
      "fixed_cost_penalty_coef": 10.0,
      "log_std_max": -2.3,
      "rollout_wall_seconds": 1.3079792391508818,
      "update_wall_seconds": 0.4645329490303993,
      "total_wall_seconds": 1.7725140806287527
    },
    {
      "update": 599,
      "algorithm": "mappo_penalty",
      "actor_loss": 0.09168891608715057,
      "reward_critic_loss": 0.006750868167728186,
      "cost_critic_loss": 0.0010387495858594775,
      "reward_critic_loss_last": 0.005986102856695652,
      "cost_critic_loss_last": 0.0010180999524891376,
      "critic_epochs": 8,
      "daily_voltage_cost": 9.363754361402243e-05,
      "daily_voltage_cost_raw": 9.363754361402243e-05,
      "daily_voltage_cost_normalized": 0.004681877326220274,
      "daily_economic_return_raw_yuan": -3782066.25,
      "daily_economic_return_normalized": -1.2000064849853516,
      "daily_economic_cost_raw_yuan": 3782066.25,
      "economic_reward_scale_yuan": 3151704.8194007874,
      "lagrange_multiplier": 0.0,
      "cost_budget": 1.0,
      "cost_budget_raw": 0.02,
      "cost_budget_normalized": 1.0,
      "algorithm_cost_mode": "fixed_penalty",
      "fixed_cost_penalty_coef": 10.0,
      "log_std_max": -2.3,
      "rollout_wall_seconds": 1.2988767065107822,
      "update_wall_seconds": 0.4598337057977915,
      "total_wall_seconds": 1.7587122805416584
    },
    {
      "update": 600,
      "algorithm": "mappo_penalty",
      "actor_loss": 0.09148523211479187,
      "reward_critic_loss": 0.005908106919378042,
      "cost_critic_loss": 0.000345093198120594,
      "reward_critic_loss_last": 0.004726724699139595,
      "cost_critic_loss_last": 0.0003417433181311935,
      "critic_epochs": 8,
      "daily_voltage_cost": 2.63177798842662e-06,
      "daily_voltage_cost_raw": 2.63177798842662e-06,
      "daily_voltage_cost_normalized": 0.00013158890942577273,
      "daily_economic_return_raw_yuan": -4185131.5,
      "daily_economic_return_normalized": -1.3278945684432983,
      "daily_economic_cost_raw_yuan": 4185131.5,
      "economic_reward_scale_yuan": 3151704.8194007874,
      "lagrange_multiplier": 0.0,
      "cost_budget": 1.0,
      "cost_budget_raw": 0.02,
      "cost_budget_normalized": 1.0,
      "algorithm_cost_mode": "fixed_penalty",
      "fixed_cost_penalty_coef": 10.0,
      "log_std_max": -2.3,
      "rollout_wall_seconds": 1.4175486452877522,
      "update_wall_seconds": 0.4542707372456789,
      "total_wall_seconds": 1.8718211334198713
    },
    {
      "update": 601,
      "algorithm": "mappo_penalty",
      "actor_loss": 0.09219527244567871,
      "reward_critic_loss": 0.007047662511467934,
      "cost_critic_loss": 0.0006696620839647949,
      "reward_critic_loss_last": 0.004945401102304459,
      "cost_critic_loss_last": 0.0006622751243412495,
      "critic_epochs": 8,
      "daily_voltage_cost": 8.950186384026892e-06,
      "daily_voltage_cost_raw": 8.950186384026892e-06,
      "daily_voltage_cost_normalized": 0.0004475093155633658,
      "daily_economic_return_raw_yuan": -3807470.0,
      "daily_economic_return_normalized": -1.2080668210983276,
      "daily_economic_cost_raw_yuan": 3807470.0,
      "economic_reward_scale_yuan": 3151704.8194007874,
      "lagrange_multiplier": 0.0,
      "cost_budget": 1.0,
      "cost_budget_raw": 0.02,
      "cost_budget_normalized": 1.0,
      "algorithm_cost_mode": "fixed_penalty",
      "fixed_cost_penalty_coef": 10.0,
      "log_std_max": -2.3,
      "rollout_wall_seconds": 1.3097265716642141,
      "update_wall_seconds": 0.463828032836318,
      "total_wall_seconds": 1.7735567167401314
    },
    {
      "update": 602,
      "algorithm": "mappo_penalty",
      "actor_loss": 0.09228962659835815,
      "reward_critic_loss": 0.007602259516716003,
      "cost_critic_loss": 0.0005888690939173102,
      "reward_critic_loss_last": 0.006141788326203823,
      "cost_critic_loss_last": 0.0005728031392209232,
      "critic_epochs": 8,
      "daily_voltage_cost": 0.0,
      "daily_voltage_cost_raw": 0.0,
      "daily_voltage_cost_normalized": 0.0,
      "daily_economic_return_raw_yuan": -3809264.75,
      "daily_economic_return_normalized": -1.2086362838745117,
      "daily_economic_cost_raw_yuan": 3809264.75,
      "economic_reward_scale_yuan": 3151704.8194007874,
      "lagrange_multiplier": 0.0,
      "cost_budget": 1.0,
      "cost_budget_raw": 0.02,
      "cost_budget_normalized": 1.0,
      "algorithm_cost_mode": "fixed_penalty",
      "fixed_cost_penalty_coef": 10.0,
      "log_std_max": -2.3,
      "rollout_wall_seconds": 1.3128197435289621,
      "update_wall_seconds": 0.45655458606779575,
      "total_wall_seconds": 1.7693762946873903
    },
    {
      "update": 603,
      "algorithm": "mappo_penalty",
      "actor_loss": 0.09197636693716049,
      "reward_critic_loss": 0.007536431308835745,
      "cost_critic_loss": 0.0008864225819706917,
      "reward_critic_loss_last": 0.005650161765515804,
      "cost_critic_loss_last": 0.0008796341717243195,
      "critic_epochs": 8,
      "daily_voltage_cost": 0.0,
      "daily_voltage_cost_raw": 0.0,
      "daily_voltage_cost_normalized": 0.0,
      "daily_economic_return_raw_yuan": -3639245.0,
      "daily_economic_return_normalized": -1.1546909809112549,
      "daily_economic_cost_raw_yuan": 3639245.0,
      "economic_reward_scale_yuan": 3151704.8194007874,
      "lagrange_multiplier": 0.0,
      "cost_budget": 1.0,
      "cost_budget_raw": 0.02,
      "cost_budget_normalized": 1.0,
      "algorithm_cost_mode": "fixed_penalty",
      "fixed_cost_penalty_coef": 10.0,
      "log_std_max": -2.3,
      "rollout_wall_seconds": 1.4242538567632437,
      "update_wall_seconds": 0.46539528481662273,
      "total_wall_seconds": 1.8896509855985641
    },
    {
      "update": 604,
      "algorithm": "mappo_penalty",
      "actor_loss": 0.09179309010505676,
      "reward_critic_loss": 0.004835202824324369,
      "cost_critic_loss": 0.0008465286227874458,
      "reward_critic_loss_last": 0.004180511459708214,
      "cost_critic_loss_last": 0.0008369671413674951,
      "critic_epochs": 8,
      "daily_voltage_cost": 6.968859815970063e-05,
      "daily_voltage_cost_raw": 6.968859815970063e-05,
      "daily_voltage_cost_normalized": 0.0034844300244003534,
      "daily_economic_return_raw_yuan": -3782701.0,
      "daily_economic_return_normalized": -1.2002079486846924,
      "daily_economic_cost_raw_yuan": 3782701.0,
      "economic_reward_scale_yuan": 3151704.8194007874,
      "lagrange_multiplier": 0.0,
      "cost_budget": 1.0,
      "cost_budget_raw": 0.02,
      "cost_budget_normalized": 1.0,
      "algorithm_cost_mode": "fixed_penalty",
      "fixed_cost_penalty_coef": 10.0,
      "log_std_max": -2.3,
      "rollout_wall_seconds": 1.3363754004240036,
      "update_wall_seconds": 0.4720455054193735,
      "total_wall_seconds": 1.8084228429943323
    },
    {
      "update": 605,
      "algorithm": "mappo_penalty",
      "actor_loss": 0.09281118959188461,
      "reward_critic_loss": 0.005243175663053989,
      "cost_critic_loss": 0.022345993667840958,
      "reward_critic_loss_last": 0.004217455163598061,
      "cost_critic_loss_last": 0.02126740664243698,
      "critic_epochs": 8,
      "daily_voltage_cost": 0.0013612352777272463,
      "daily_voltage_cost_raw": 0.0013612352777272463,
      "daily_voltage_cost_normalized": 0.06806176900863647,
      "daily_economic_return_raw_yuan": -3722533.0,
      "daily_economic_return_normalized": -1.181117296218872,
      "daily_economic_cost_raw_yuan": 3722533.0,
      "economic_reward_scale_yuan": 3151704.8194007874,
      "lagrange_multiplier": 0.0,
      "cost_budget": 1.0,
      "cost_budget_raw": 0.02,
      "cost_budget_normalized": 1.0,
      "algorithm_cost_mode": "fixed_penalty",
      "fixed_cost_penalty_coef": 10.0,
      "log_std_max": -2.3,
      "rollout_wall_seconds": 1.318856779485941,
      "update_wall_seconds": 0.4648123811930418,
      "total_wall_seconds": 1.7836711592972279
    },
    {
      "update": 606,
      "algorithm": "mappo_penalty",
      "actor_loss": 0.09192074090242386,
      "reward_critic_loss": 0.004849150776863098,
      "cost_critic_loss": 0.001026044599711895,
      "reward_critic_loss_last": 0.004430421628057957,
      "cost_critic_loss_last": 0.0012101409956812859,
      "critic_epochs": 8,
      "daily_voltage_cost": 0.0,
      "daily_voltage_cost_raw": 0.0,
      "daily_voltage_cost_normalized": 0.0,
      "daily_economic_return_raw_yuan": -3670272.25,
      "daily_economic_return_normalized": -1.1645355224609375,
      "daily_economic_cost_raw_yuan": 3670272.25,
      "economic_reward_scale_yuan": 3151704.8194007874,
      "lagrange_multiplier": 0.0,
      "cost_budget": 1.0,
      "cost_budget_raw": 0.02,
      "cost_budget_normalized": 1.0,
      "algorithm_cost_mode": "fixed_penalty",
      "fixed_cost_penalty_coef": 10.0,
      "log_std_max": -2.3,
      "rollout_wall_seconds": 1.4032049626111984,
      "update_wall_seconds": 0.4641374796628952,
      "total_wall_seconds": 1.8673442862927914
    },
    {
      "update": 607,
      "algorithm": "mappo_penalty",
      "actor_loss": 0.09250383079051971,
      "reward_critic_loss": 0.006004416849464178,
      "cost_critic_loss": 0.06440713256597519,
      "reward_critic_loss_last": 0.005635310895740986,
      "cost_critic_loss_last": 0.06252758949995041,
      "critic_epochs": 8,
      "daily_voltage_cost": 0.0025206985883414745,
      "daily_voltage_cost_raw": 0.0025206985883414745,
      "daily_voltage_cost_normalized": 0.1260349154472351,
      "daily_economic_return_raw_yuan": -3683157.25,
      "daily_economic_return_normalized": -1.1686238050460815,
      "daily_economic_cost_raw_yuan": 3683157.25,
      "economic_reward_scale_yuan": 3151704.8194007874,
      "lagrange_multiplier": 0.0,
      "cost_budget": 1.0,
      "cost_budget_raw": 0.02,
      "cost_budget_normalized": 1.0,
      "algorithm_cost_mode": "fixed_penalty",
      "fixed_cost_penalty_coef": 10.0,
      "log_std_max": -2.3,
      "rollout_wall_seconds": 1.0272427760064602,
      "update_wall_seconds": 0.4429031554609537,
      "total_wall_seconds": 1.4701478090137243
    },
    {
      "update": 608,
      "algorithm": "mappo_penalty",
      "actor_loss": 0.09221083670854568,
      "reward_critic_loss": 0.0045923287980258465,
      "cost_critic_loss": 0.0024936776608228683,
      "reward_critic_loss_last": 0.004237684886902571,
      "cost_critic_loss_last": 0.0026982470881193876,
      "critic_epochs": 8,
      "daily_voltage_cost": 0.00040877924766391516,
      "daily_voltage_cost_raw": 0.00040877924766391516,
      "daily_voltage_cost_normalized": 0.020438963547348976,
      "daily_economic_return_raw_yuan": -3755965.0,
      "daily_economic_return_normalized": -1.1917248964309692,
      "daily_economic_cost_raw_yuan": 3755965.0,
      "economic_reward_scale_yuan": 3151704.8194007874,
      "lagrange_multiplier": 0.0,
      "cost_budget": 1.0,
      "cost_budget_raw": 0.02,
      "cost_budget_normalized": 1.0,
      "algorithm_cost_mode": "fixed_penalty",
      "fixed_cost_penalty_coef": 10.0,
      "log_std_max": -2.3,
      "rollout_wall_seconds": 1.290801677852869,
      "update_wall_seconds": 0.4567908812314272,
      "total_wall_seconds": 1.7475947253406048
    },
    {
      "update": 609,
      "algorithm": "mappo_penalty",
      "actor_loss": 0.0929030105471611,
      "reward_critic_loss": 0.006500800605863333,
      "cost_critic_loss": 0.001898936228826642,
      "reward_critic_loss_last": 0.005837908014655113,
      "cost_critic_loss_last": 0.0008900271495804191,
      "critic_epochs": 8,
      "daily_voltage_cost": 3.807028406299651e-05,
      "daily_voltage_cost_raw": 3.807028406299651e-05,
      "daily_voltage_cost_normalized": 0.0019035142613574862,
      "daily_economic_return_raw_yuan": -3748553.25,
      "daily_economic_return_normalized": -1.189373254776001,
      "daily_economic_cost_raw_yuan": 3748553.25,
      "economic_reward_scale_yuan": 3151704.8194007874,
      "lagrange_multiplier": 0.0,
      "cost_budget": 1.0,
      "cost_budget_raw": 0.02,
      "cost_budget_normalized": 1.0,
      "algorithm_cost_mode": "fixed_penalty",
      "fixed_cost_penalty_coef": 10.0,
      "log_std_max": -2.3,
      "rollout_wall_seconds": 1.443011797964573,
      "update_wall_seconds": 0.4572816453874111,
      "total_wall_seconds": 1.9002953078597784
    },
    {
      "update": 610,
      "algorithm": "mappo_penalty",
      "actor_loss": 0.0925944522023201,
      "reward_critic_loss": 0.0071617960929870605,
      "cost_critic_loss": 0.0016501819482073188,
      "reward_critic_loss_last": 0.006348771974444389,
      "cost_critic_loss_last": 0.0016095435712486506,
      "critic_epochs": 8,
      "daily_voltage_cost": 0.0003692140453495085,
      "daily_voltage_cost_raw": 0.0003692140453495085,
      "daily_voltage_cost_normalized": 0.018460702151060104,
      "daily_economic_return_raw_yuan": -3700093.25,
      "daily_economic_return_normalized": -1.173997402191162,
      "daily_economic_cost_raw_yuan": 3700093.25,
      "economic_reward_scale_yuan": 3151704.8194007874,
      "lagrange_multiplier": 0.0,
      "cost_budget": 1.0,
      "cost_budget_raw": 0.02,
      "cost_budget_normalized": 1.0,
      "algorithm_cost_mode": "fixed_penalty",
      "fixed_cost_penalty_coef": 10.0,
      "log_std_max": -2.3,
      "rollout_wall_seconds": 1.3372289668768644,
      "update_wall_seconds": 0.45270605757832527,
      "total_wall_seconds": 1.789937000721693
    },
    {
      "update": 611,
      "algorithm": "mappo_penalty",
      "actor_loss": 0.09234609454870224,
      "reward_critic_loss": 0.006122313439846039,
      "cost_critic_loss": 0.0005698559107258916,
      "reward_critic_loss_last": 0.005361549556255341,
      "cost_critic_loss_last": 0.000568319228477776,
      "critic_epochs": 8,
      "daily_voltage_cost": 0.0,
      "daily_voltage_cost_raw": 0.0,
      "daily_voltage_cost_normalized": 0.0,
      "daily_economic_return_raw_yuan": -3681871.25,
      "daily_economic_return_normalized": -1.1682157516479492,
      "daily_economic_cost_raw_yuan": 3681871.25,
      "economic_reward_scale_yuan": 3151704.8194007874,
      "lagrange_multiplier": 0.0,
      "cost_budget": 1.0,
      "cost_budget_raw": 0.02,
      "cost_budget_normalized": 1.0,
      "algorithm_cost_mode": "fixed_penalty",
      "fixed_cost_penalty_coef": 10.0,
      "log_std_max": -2.3,
      "rollout_wall_seconds": 1.3097625132650137,
      "update_wall_seconds": 0.46546899527311325,
      "total_wall_seconds": 1.775233369320631
    },
    {
      "update": 612,
      "algorithm": "mappo_penalty",
      "actor_loss": 0.09275615960359573,
      "reward_critic_loss": 0.007534477859735489,
      "cost_critic_loss": 0.0006837099208496511,
      "reward_critic_loss_last": 0.005738574080169201,
      "cost_critic_loss_last": 0.0006324138375930488,
      "critic_epochs": 8,
      "daily_voltage_cost": 0.0,
      "daily_voltage_cost_raw": 0.0,
      "daily_voltage_cost_normalized": 0.0,
      "daily_economic_return_raw_yuan": -3578867.25,
      "daily_economic_return_normalized": -1.1355338096618652,
      "daily_economic_cost_raw_yuan": 3578867.25,
      "economic_reward_scale_yuan": 3151704.8194007874,
      "lagrange_multiplier": 0.0,
      "cost_budget": 1.0,
      "cost_budget_raw": 0.02,
      "cost_budget_normalized": 1.0,
      "algorithm_cost_mode": "fixed_penalty",
      "fixed_cost_penalty_coef": 10.0,
      "log_std_max": -2.3,
      "rollout_wall_seconds": 1.4268055986613035,
      "update_wall_seconds": 0.48217955604195595,
      "total_wall_seconds": 1.90898703224957
    },
    {
      "update": 613,
      "algorithm": "mappo_penalty",
      "actor_loss": 0.09233741462230682,
      "reward_critic_loss": 0.0039358073845505714,
      "cost_critic_loss": 0.002924359403550625,
      "reward_critic_loss_last": 0.003293781541287899,
      "cost_critic_loss_last": 0.0028691142797470093,
      "critic_epochs": 8,
      "daily_voltage_cost": 0.0005183378816582263,
      "daily_voltage_cost_raw": 0.0005183378816582263,
      "daily_voltage_cost_normalized": 0.025916894897818565,
      "daily_economic_return_raw_yuan": -3684428.5,
      "daily_economic_return_normalized": -1.1690272092819214,
      "daily_economic_cost_raw_yuan": 3684428.5,
      "economic_reward_scale_yuan": 3151704.8194007874,
      "lagrange_multiplier": 0.0,
      "cost_budget": 1.0,
      "cost_budget_raw": 0.02,
      "cost_budget_normalized": 1.0,
      "algorithm_cost_mode": "fixed_penalty",
      "fixed_cost_penalty_coef": 10.0,
      "log_std_max": -2.3,
      "rollout_wall_seconds": 1.3147193547338247,
      "update_wall_seconds": 0.4423536416143179,
      "total_wall_seconds": 1.7570745274424553
    },
    {
      "update": 614,
      "algorithm": "mappo_penalty",
      "actor_loss": 0.09257721900939941,
      "reward_critic_loss": 0.0076635791920125484,
      "cost_critic_loss": 0.0009800586849451065,
      "reward_critic_loss_last": 0.006783302873373032,
      "cost_critic_loss_last": 0.0009693584288470447,
      "critic_epochs": 8,
      "daily_voltage_cost": 0.0,
      "daily_voltage_cost_raw": 0.0,
      "daily_voltage_cost_normalized": 0.0,
      "daily_economic_return_raw_yuan": -3829200.75,
      "daily_economic_return_normalized": -1.2149617671966553,
      "daily_economic_cost_raw_yuan": 3829200.75,
      "economic_reward_scale_yuan": 3151704.8194007874,
      "lagrange_multiplier": 0.0,
      "cost_budget": 1.0,
      "cost_budget_raw": 0.02,
      "cost_budget_normalized": 1.0,
      "algorithm_cost_mode": "fixed_penalty",
      "fixed_cost_penalty_coef": 10.0,
      "log_std_max": -2.3,
      "rollout_wall_seconds": 1.3528992403298616,
      "update_wall_seconds": 0.44292533583939075,
      "total_wall_seconds": 1.7958263047039509
    },
    {
      "update": 615,
      "algorithm": "mappo_penalty",
      "actor_loss": 0.09280660003423691,
      "reward_critic_loss": 0.0078084347769618034,
      "cost_critic_loss": 0.0006265859119594097,
      "reward_critic_loss_last": 0.006897930055856705,
      "cost_critic_loss_last": 0.0005887634470127523,
      "critic_epochs": 8,
      "daily_voltage_cost": 0.0,
      "daily_voltage_cost_raw": 0.0,
      "daily_voltage_cost_normalized": 0.0,
      "daily_economic_return_raw_yuan": -3937804.5,
      "daily_economic_return_normalized": -1.2494205236434937,
      "daily_economic_cost_raw_yuan": 3937804.5,
      "economic_reward_scale_yuan": 3151704.8194007874,
      "lagrange_multiplier": 0.0,
      "cost_budget": 1.0,
      "cost_budget_raw": 0.02,
      "cost_budget_normalized": 1.0,
      "algorithm_cost_mode": "fixed_penalty",
      "fixed_cost_penalty_coef": 10.0,
      "log_std_max": -2.3,
      "rollout_wall_seconds": 1.4302293546497822,
      "update_wall_seconds": 0.45877882093191147,
      "total_wall_seconds": 1.8890097849071026
    },
    {
      "update": 616,
      "algorithm": "mappo_penalty",
      "actor_loss": 0.09173867106437683,
      "reward_critic_loss": 0.005578864365816116,
      "cost_critic_loss": 0.008206682279706001,
      "reward_critic_loss_last": 0.0053242845460772514,
      "cost_critic_loss_last": 0.007961729541420937,
      "critic_epochs": 8,
      "daily_voltage_cost": 0.0008691052789799869,
      "daily_voltage_cost_raw": 0.0008691052789799869,
      "daily_voltage_cost_normalized": 0.04345526546239853,
      "daily_economic_return_raw_yuan": -3705883.0,
      "daily_economic_return_normalized": -1.1758344173431396,
      "daily_economic_cost_raw_yuan": 3705883.0,
      "economic_reward_scale_yuan": 3151704.8194007874,
      "lagrange_multiplier": 0.0,
      "cost_budget": 1.0,
      "cost_budget_raw": 0.02,
      "cost_budget_normalized": 1.0,
      "algorithm_cost_mode": "fixed_penalty",
      "fixed_cost_penalty_coef": 10.0,
      "log_std_max": -2.3,
      "rollout_wall_seconds": 1.3826514687389135,
      "update_wall_seconds": 0.5445607323199511,
      "total_wall_seconds": 1.9272142704576254
    },
    {
      "update": 617,
      "algorithm": "mappo_penalty",
      "actor_loss": 0.09186007082462311,
      "reward_critic_loss": 0.005356197245419025,
      "cost_critic_loss": 0.0006644364329986274,
      "reward_critic_loss_last": 0.005232916213572025,
      "cost_critic_loss_last": 0.0007347858045250177,
      "critic_epochs": 8,
      "daily_voltage_cost": 5.5276916100410745e-05,
      "daily_voltage_cost_raw": 5.5276916100410745e-05,
      "daily_voltage_cost_normalized": 0.002763845957815647,
      "daily_economic_return_raw_yuan": -3704310.25,
      "daily_economic_return_normalized": -1.17533540725708,
      "daily_economic_cost_raw_yuan": 3704310.25,
      "economic_reward_scale_yuan": 3151704.8194007874,
      "lagrange_multiplier": 0.0,
      "cost_budget": 1.0,
      "cost_budget_raw": 0.02,
      "cost_budget_normalized": 1.0,
      "algorithm_cost_mode": "fixed_penalty",
      "fixed_cost_penalty_coef": 10.0,
      "log_std_max": -2.3,
      "rollout_wall_seconds": 1.4113691579550505,
      "update_wall_seconds": 0.5008679926395416,
      "total_wall_seconds": 1.9122391548007727
    },
    {
      "update": 618,
      "algorithm": "mappo_penalty",
      "actor_loss": 0.09209263324737549,
      "reward_critic_loss": 0.005262171383947134,
      "cost_critic_loss": 0.0011845810804516077,
      "reward_critic_loss_last": 0.005125850439071655,
      "cost_critic_loss_last": 0.000989331747405231,
      "critic_epochs": 8,
      "daily_voltage_cost": 4.8060381232062355e-05,
      "daily_voltage_cost_raw": 4.8060381232062355e-05,
      "daily_voltage_cost_normalized": 0.002403019228950143,
      "daily_economic_return_raw_yuan": -3584206.25,
      "daily_economic_return_normalized": -1.1372277736663818,
      "daily_economic_cost_raw_yuan": 3584206.25,
      "economic_reward_scale_yuan": 3151704.8194007874,
      "lagrange_multiplier": 0.0,
      "cost_budget": 1.0,
      "cost_budget_raw": 0.02,
      "cost_budget_normalized": 1.0,
      "algorithm_cost_mode": "fixed_penalty",
      "fixed_cost_penalty_coef": 10.0,
      "log_std_max": -2.3,
      "rollout_wall_seconds": 1.4426691066473722,
      "update_wall_seconds": 0.4936088100075722,
      "total_wall_seconds": 1.9362802244722843
    },
    {
      "update": 619,
      "algorithm": "mappo_penalty",
      "actor_loss": 0.09154732525348663,
      "reward_critic_loss": 0.004808606579899788,
      "cost_critic_loss": 0.0008629487711004913,
      "reward_critic_loss_last": 0.004632770083844662,
      "cost_critic_loss_last": 0.0008940217085182667,
      "critic_epochs": 8,
      "daily_voltage_cost": 0.0002902160049416125,
      "daily_voltage_cost_raw": 0.0002902160049416125,
      "daily_voltage_cost_normalized": 0.014510800130665302,
      "daily_economic_return_raw_yuan": -3845686.25,
      "daily_economic_return_normalized": -1.2201924324035645,
      "daily_economic_cost_raw_yuan": 3845686.25,
      "economic_reward_scale_yuan": 3151704.8194007874,
      "lagrange_multiplier": 0.0,
      "cost_budget": 1.0,
      "cost_budget_raw": 0.02,
      "cost_budget_normalized": 1.0,
      "algorithm_cost_mode": "fixed_penalty",
      "fixed_cost_penalty_coef": 10.0,
      "log_std_max": -2.3,
      "rollout_wall_seconds": 1.277424493804574,
      "update_wall_seconds": 0.49577772431075573,
      "total_wall_seconds": 1.773204568773508
    },
    {
      "update": 620,
      "algorithm": "mappo_penalty",
      "actor_loss": 0.09173890948295593,
      "reward_critic_loss": 0.006577030755579472,
      "cost_critic_loss": 0.00044908031122758985,
      "reward_critic_loss_last": 0.005694459658116102,
      "cost_critic_loss_last": 0.0004209454054944217,
      "critic_epochs": 8,
      "daily_voltage_cost": 0.0,
      "daily_voltage_cost_raw": 0.0,
      "daily_voltage_cost_normalized": 0.0,
      "daily_economic_return_raw_yuan": -3655744.75,
      "daily_economic_return_normalized": -1.159926176071167,
      "daily_economic_cost_raw_yuan": 3655744.75,
      "economic_reward_scale_yuan": 3151704.8194007874,
      "lagrange_multiplier": 0.0,
      "cost_budget": 1.0,
      "cost_budget_raw": 0.02,
      "cost_budget_normalized": 1.0,
      "algorithm_cost_mode": "fixed_penalty",
      "fixed_cost_penalty_coef": 10.0,
      "log_std_max": -2.3,
      "rollout_wall_seconds": 1.2602782435715199,
      "update_wall_seconds": 0.47705185785889626,
      "total_wall_seconds": 1.7373318411409855
    },
    {
      "update": 621,
      "algorithm": "mappo_penalty",
      "actor_loss": 0.09084626287221909,
      "reward_critic_loss": 0.004993177484720945,
      "cost_critic_loss": 0.0023541308473795652,
      "reward_critic_loss_last": 0.0041985586285591125,
      "cost_critic_loss_last": 0.0022438783198595047,
      "critic_epochs": 8,
      "daily_voltage_cost": 0.0005339765339158475,
      "daily_voltage_cost_raw": 0.0005339765339158475,
      "daily_voltage_cost_normalized": 0.026698827743530273,
      "daily_economic_return_raw_yuan": -3615769.75,
      "daily_economic_return_normalized": -1.147242546081543,
      "daily_economic_cost_raw_yuan": 3615769.75,
      "economic_reward_scale_yuan": 3151704.8194007874,
      "lagrange_multiplier": 0.0,
      "cost_budget": 1.0,
      "cost_budget_raw": 0.02,
      "cost_budget_normalized": 1.0,
      "algorithm_cost_mode": "fixed_penalty",
      "fixed_cost_penalty_coef": 10.0,
      "log_std_max": -2.3,
      "rollout_wall_seconds": 1.4080497398972511,
      "update_wall_seconds": 0.48017331399023533,
      "total_wall_seconds": 1.888224983587861
    },
    {
      "update": 622,
      "algorithm": "mappo_penalty",
      "actor_loss": 0.09205996245145798,
      "reward_critic_loss": 0.005743406247347593,
      "cost_critic_loss": 0.0006324796704575419,
      "reward_critic_loss_last": 0.005487523972988129,
      "cost_critic_loss_last": 0.0006200636853463948,
      "critic_epochs": 8,
      "daily_voltage_cost": 0.0,
      "daily_voltage_cost_raw": 0.0,
      "daily_voltage_cost_normalized": 0.0,
      "daily_economic_return_raw_yuan": -3766545.75,
      "daily_economic_return_normalized": -1.1950820684432983,
      "daily_economic_cost_raw_yuan": 3766545.75,
      "economic_reward_scale_yuan": 3151704.8194007874,
      "lagrange_multiplier": 0.0,
      "cost_budget": 1.0,
      "cost_budget_raw": 0.02,
      "cost_budget_normalized": 1.0,
      "algorithm_cost_mode": "fixed_penalty",
      "fixed_cost_penalty_coef": 10.0,
      "log_std_max": -2.3,
      "rollout_wall_seconds": 1.2195880562067032,
      "update_wall_seconds": 0.5078595876693726,
      "total_wall_seconds": 1.727449394762516
    },
    {
      "update": 623,
      "algorithm": "mappo_penalty",
      "actor_loss": 0.09154138714075089,
      "reward_critic_loss": 0.007102352567017078,
      "cost_critic_loss": 0.0007685187738388777,
      "reward_critic_loss_last": 0.006080432794988155,
      "cost_critic_loss_last": 0.0006924656918272376,
      "critic_epochs": 8,
      "daily_voltage_cost": 8.976164878049531e-08,
      "daily_voltage_cost_raw": 8.976164878049531e-08,
      "daily_voltage_cost_normalized": 4.488082595344167e-06,
      "daily_economic_return_raw_yuan": -3591471.25,
      "daily_economic_return_normalized": -1.1395329236984253,
      "daily_economic_cost_raw_yuan": 3591471.25,
      "economic_reward_scale_yuan": 3151704.8194007874,
      "lagrange_multiplier": 0.0,
      "cost_budget": 1.0,
      "cost_budget_raw": 0.02,
      "cost_budget_normalized": 1.0,
      "algorithm_cost_mode": "fixed_penalty",
      "fixed_cost_penalty_coef": 10.0,
      "log_std_max": -2.3,
      "rollout_wall_seconds": 1.33546176366508,
      "update_wall_seconds": 0.5094256084412336,
      "total_wall_seconds": 1.8448894135653973
    },
    {
      "update": 624,
      "algorithm": "mappo_penalty",
      "actor_loss": 0.09075762331485748,
      "reward_critic_loss": 0.0057716816663742065,
      "cost_critic_loss": 0.0007703648880124092,
      "reward_critic_loss_last": 0.004804324824362993,
      "cost_critic_loss_last": 0.0007475183228962123,
      "critic_epochs": 8,
      "daily_voltage_cost": 0.00024989127996377647,
      "daily_voltage_cost_raw": 0.00024989127996377647,
      "daily_voltage_cost_normalized": 0.012494564056396484,
      "daily_economic_return_raw_yuan": -3551399.25,
      "daily_economic_return_normalized": -1.1268185377120972,
      "daily_economic_cost_raw_yuan": 3551399.25,
      "economic_reward_scale_yuan": 3151704.8194007874,
      "lagrange_multiplier": 0.0,
      "cost_budget": 1.0,
      "cost_budget_raw": 0.02,
      "cost_budget_normalized": 1.0,
      "algorithm_cost_mode": "fixed_penalty",
      "fixed_cost_penalty_coef": 10.0,
      "log_std_max": -2.3,
      "rollout_wall_seconds": 1.4628092627972364,
      "update_wall_seconds": 0.5049103926867247,
      "total_wall_seconds": 1.9677218459546566
    },
    {
      "update": 625,
      "algorithm": "mappo_penalty",
      "actor_loss": 0.09194588661193848,
      "reward_critic_loss": 0.005188280716538429,
      "cost_critic_loss": 0.0010130039881914854,
      "reward_critic_loss_last": 0.004321778193116188,
      "cost_critic_loss_last": 0.0009790888288989663,
      "critic_epochs": 8,
      "daily_voltage_cost": 0.0001529984874650836,
      "daily_voltage_cost_raw": 0.0001529984874650836,
      "daily_voltage_cost_normalized": 0.007649924606084824,
      "daily_economic_return_raw_yuan": -3783782.0,
      "daily_economic_return_normalized": -1.20055091381073,
      "daily_economic_cost_raw_yuan": 3783782.0,
      "economic_reward_scale_yuan": 3151704.8194007874,
      "lagrange_multiplier": 0.0,
      "cost_budget": 1.0,
      "cost_budget_raw": 0.02,
      "cost_budget_normalized": 1.0,
      "algorithm_cost_mode": "fixed_penalty",
      "fixed_cost_penalty_coef": 10.0,
      "log_std_max": -2.3,
      "rollout_wall_seconds": 1.3225674014538527,
      "update_wall_seconds": 0.5069869719445705,
      "total_wall_seconds": 1.8295562472194433
    },
    {
      "update": 626,
      "algorithm": "mappo_penalty",
      "actor_loss": 0.09173984825611115,
      "reward_critic_loss": 0.006258779671043158,
      "cost_critic_loss": 0.0008800178184174001,
      "reward_critic_loss_last": 0.004873407538980246,
      "cost_critic_loss_last": 0.0008704319479875267,
      "critic_epochs": 8,
      "daily_voltage_cost": 0.00010898146138060838,
      "daily_voltage_cost_raw": 0.00010898146138060838,
      "daily_voltage_cost_normalized": 0.005449073389172554,
      "daily_economic_return_raw_yuan": -3767079.75,
      "daily_economic_return_normalized": -1.19525146484375,
      "daily_economic_cost_raw_yuan": 3767079.75,
      "economic_reward_scale_yuan": 3151704.8194007874,
      "lagrange_multiplier": 0.0,
      "cost_budget": 1.0,
      "cost_budget_raw": 0.02,
      "cost_budget_normalized": 1.0,
      "algorithm_cost_mode": "fixed_penalty",
      "fixed_cost_penalty_coef": 10.0,
      "log_std_max": -2.3,
      "rollout_wall_seconds": 1.3622896932065487,
      "update_wall_seconds": 0.5168944224715233,
      "total_wall_seconds": 1.8791867550462484
    },
    {
      "update": 627,
      "algorithm": "mappo_penalty",
      "actor_loss": 0.09217487275600433,
      "reward_critic_loss": 0.003324671182781458,
      "cost_critic_loss": 0.0004288121999707073,
      "reward_critic_loss_last": 0.0033185831271111965,
      "cost_critic_loss_last": 0.0004231063649058342,
      "critic_epochs": 8,
      "daily_voltage_cost": 0.0,
      "daily_voltage_cost_raw": 0.0,
      "daily_voltage_cost_normalized": 0.0,
      "daily_economic_return_raw_yuan": -3817573.25,
      "daily_economic_return_normalized": -1.2112724781036377,
      "daily_economic_cost_raw_yuan": 3817573.25,
      "economic_reward_scale_yuan": 3151704.8194007874,
      "lagrange_multiplier": 0.0,
      "cost_budget": 1.0,
      "cost_budget_raw": 0.02,
      "cost_budget_normalized": 1.0,
      "algorithm_cost_mode": "fixed_penalty",
      "fixed_cost_penalty_coef": 10.0,
      "log_std_max": -2.3,
      "rollout_wall_seconds": 1.4488182179629803,
      "update_wall_seconds": 0.49173915199935436,
      "total_wall_seconds": 1.9405591897666454
    },
    {
      "update": 628,
      "algorithm": "mappo_penalty",
      "actor_loss": 0.0917232483625412,
      "reward_critic_loss": 0.0077048479579389095,
      "cost_critic_loss": 0.0006594319711439312,
      "reward_critic_loss_last": 0.007376333232969046,
      "cost_critic_loss_last": 0.000654105911962688,
      "critic_epochs": 8,
      "daily_voltage_cost": 0.0,
      "daily_voltage_cost_raw": 0.0,
      "daily_voltage_cost_normalized": 0.0,
      "daily_economic_return_raw_yuan": -3765766.5,
      "daily_economic_return_normalized": -1.19483482837677,
      "daily_economic_cost_raw_yuan": 3765766.5,
      "economic_reward_scale_yuan": 3151704.8194007874,
      "lagrange_multiplier": 0.0,
      "cost_budget": 1.0,
      "cost_budget_raw": 0.02,
      "cost_budget_normalized": 1.0,
      "algorithm_cost_mode": "fixed_penalty",
      "fixed_cost_penalty_coef": 10.0,
      "log_std_max": -2.3,
      "rollout_wall_seconds": 1.318790139630437,
      "update_wall_seconds": 0.5038680844008923,
      "total_wall_seconds": 1.8226601295173168
    },
    {
      "update": 629,
      "algorithm": "mappo_penalty",
      "actor_loss": 0.09143479913473129,
      "reward_critic_loss": 0.005972463637590408,
      "cost_critic_loss": 0.0006133338902145624,
      "reward_critic_loss_last": 0.0052243685349822044,
      "cost_critic_loss_last": 0.0006007284973748028,
      "critic_epochs": 8,
      "daily_voltage_cost": 0.0,
      "daily_voltage_cost_raw": 0.0,
      "daily_voltage_cost_normalized": 0.0,
      "daily_economic_return_raw_yuan": -3623406.5,
      "daily_economic_return_normalized": -1.1496655941009521,
      "daily_economic_cost_raw_yuan": 3623406.5,
      "economic_reward_scale_yuan": 3151704.8194007874,
      "lagrange_multiplier": 0.0,
      "cost_budget": 1.0,
      "cost_budget_raw": 0.02,
      "cost_budget_normalized": 1.0,
      "algorithm_cost_mode": "fixed_penalty",
      "fixed_cost_penalty_coef": 10.0,
      "log_std_max": -2.3,
      "rollout_wall_seconds": 1.2020425908267498,
      "update_wall_seconds": 0.49488711170852184,
      "total_wall_seconds": 1.6969313975423574
    },
    {
      "update": 630,
      "algorithm": "mappo_penalty",
      "actor_loss": 0.09205731749534607,
      "reward_critic_loss": 0.006393603980541229,
      "cost_critic_loss": 0.04210957512259483,
      "reward_critic_loss_last": 0.005664982832968235,
      "cost_critic_loss_last": 0.04176359623670578,
      "critic_epochs": 8,
      "daily_voltage_cost": 0.002666359767317772,
      "daily_voltage_cost_raw": 0.002666359767317772,
      "daily_voltage_cost_normalized": 0.1333179920911789,
      "daily_economic_return_raw_yuan": -3517131.0,
      "daily_economic_return_normalized": -1.11594557762146,
      "daily_economic_cost_raw_yuan": 3517131.0,
      "economic_reward_scale_yuan": 3151704.8194007874,
      "lagrange_multiplier": 0.0,
      "cost_budget": 1.0,
      "cost_budget_raw": 0.02,
      "cost_budget_normalized": 1.0,
      "algorithm_cost_mode": "fixed_penalty",
      "fixed_cost_penalty_coef": 10.0,
      "log_std_max": -2.3,
      "rollout_wall_seconds": 1.3563172705471516,
      "update_wall_seconds": 0.4760427977889776,
      "total_wall_seconds": 1.8323618434369564
    },
    {
      "update": 631,
      "algorithm": "mappo_penalty",
      "actor_loss": 0.09206338226795197,
      "reward_critic_loss": 0.003910095896571875,
      "cost_critic_loss": 0.0008597236010245979,
      "reward_critic_loss_last": 0.0037506278604269028,
      "cost_critic_loss_last": 0.0008461138932034373,
      "critic_epochs": 8,
      "daily_voltage_cost": 0.0,
      "daily_voltage_cost_raw": 0.0,
      "daily_voltage_cost_normalized": 0.0,
      "daily_economic_return_raw_yuan": -3693184.25,
      "daily_economic_return_normalized": -1.1718052625656128,
      "daily_economic_cost_raw_yuan": 3693184.25,
      "economic_reward_scale_yuan": 3151704.8194007874,
      "lagrange_multiplier": 0.0,
      "cost_budget": 1.0,
      "cost_budget_raw": 0.02,
      "cost_budget_normalized": 1.0,
      "algorithm_cost_mode": "fixed_penalty",
      "fixed_cost_penalty_coef": 10.0,
      "log_std_max": -2.3,
      "rollout_wall_seconds": 1.4415410049259663,
      "update_wall_seconds": 0.4804801307618618,
      "total_wall_seconds": 1.9220228847116232
    },
    {
      "update": 632,
      "algorithm": "mappo_penalty",
      "actor_loss": 0.09184055775403976,
      "reward_critic_loss": 0.006612186785787344,
      "cost_critic_loss": 0.0006138868047855794,
      "reward_critic_loss_last": 0.005807482637465,
      "cost_critic_loss_last": 0.0005720697809010744,
      "critic_epochs": 8,
      "daily_voltage_cost": 0.0,
      "daily_voltage_cost_raw": 0.0,
      "daily_voltage_cost_normalized": 0.0,
      "daily_economic_return_raw_yuan": -3606250.75,
      "daily_economic_return_normalized": -1.1442222595214844,
      "daily_economic_cost_raw_yuan": 3606250.75,
      "economic_reward_scale_yuan": 3151704.8194007874,
      "lagrange_multiplier": 0.0,
      "cost_budget": 1.0,
      "cost_budget_raw": 0.02,
      "cost_budget_normalized": 1.0,
      "algorithm_cost_mode": "fixed_penalty",
      "fixed_cost_penalty_coef": 10.0,
      "log_std_max": -2.3,
      "rollout_wall_seconds": 1.3011030871421099,
      "update_wall_seconds": 0.4788292609155178,
      "total_wall_seconds": 1.779934199526906
    },
    {
      "update": 633,
      "algorithm": "mappo_penalty",
      "actor_loss": 0.09076367318630219,
      "reward_critic_loss": 0.0061570629477500916,
      "cost_critic_loss": 0.0013623893028125167,
      "reward_critic_loss_last": 0.005822136532515287,
      "cost_critic_loss_last": 0.0013367850333452225,
      "critic_epochs": 8,
      "daily_voltage_cost": 0.0003332818450871855,
      "daily_voltage_cost_raw": 0.0003332818450871855,
      "daily_voltage_cost_normalized": 0.016664093360304832,
      "daily_economic_return_raw_yuan": -3518458.0,
      "daily_economic_return_normalized": -1.1163666248321533,
      "daily_economic_cost_raw_yuan": 3518458.0,
      "economic_reward_scale_yuan": 3151704.8194007874,
      "lagrange_multiplier": 0.0,
      "cost_budget": 1.0,
      "cost_budget_raw": 0.02,
      "cost_budget_normalized": 1.0,
      "algorithm_cost_mode": "fixed_penalty",
      "fixed_cost_penalty_coef": 10.0,
      "log_std_max": -2.3,
      "rollout_wall_seconds": 0.9765414614230394,
      "update_wall_seconds": 0.501999931409955,
      "total_wall_seconds": 1.478543421253562
    },
    {
      "update": 634,
      "algorithm": "mappo_penalty",
      "actor_loss": 0.0912538692355156,
      "reward_critic_loss": 0.007224751636385918,
      "cost_critic_loss": 0.0003145602240692824,
      "reward_critic_loss_last": 0.006724163889884949,
      "cost_critic_loss_last": 0.0003137517487630248,
      "critic_epochs": 8,
      "daily_voltage_cost": 0.0,
      "daily_voltage_cost_raw": 0.0,
      "daily_voltage_cost_normalized": 0.0,
      "daily_economic_return_raw_yuan": -3674785.25,
      "daily_economic_return_normalized": -1.1659674644470215,
      "daily_economic_cost_raw_yuan": 3674785.25,
      "economic_reward_scale_yuan": 3151704.8194007874,
      "lagrange_multiplier": 0.0,
      "cost_budget": 1.0,
      "cost_budget_raw": 0.02,
      "cost_budget_normalized": 1.0,
      "algorithm_cost_mode": "fixed_penalty",
      "fixed_cost_penalty_coef": 10.0,
      "log_std_max": -2.3,
      "rollout_wall_seconds": 1.2570110093802214,
      "update_wall_seconds": 0.4630758073180914,
      "total_wall_seconds": 1.7200886104255915
    },
    {
      "update": 635,
      "algorithm": "mappo_penalty",
      "actor_loss": 0.09188436716794968,
      "reward_critic_loss": 0.003829596098512411,
      "cost_critic_loss": 0.00082043232396245,
      "reward_critic_loss_last": 0.0036866653244942427,
      "cost_critic_loss_last": 0.0007938020280562341,
      "critic_epochs": 8,
      "daily_voltage_cost": 0.0,
      "daily_voltage_cost_raw": 0.0,
      "daily_voltage_cost_normalized": 0.0,
      "daily_economic_return_raw_yuan": -3550759.5,
      "daily_economic_return_normalized": -1.1266155242919922,
      "daily_economic_cost_raw_yuan": 3550759.5,
      "economic_reward_scale_yuan": 3151704.8194007874,
      "lagrange_multiplier": 0.0,
      "cost_budget": 1.0,
      "cost_budget_raw": 0.02,
      "cost_budget_normalized": 1.0,
      "algorithm_cost_mode": "fixed_penalty",
      "fixed_cost_penalty_coef": 10.0,
      "log_std_max": -2.3,
      "rollout_wall_seconds": 1.2908769808709621,
      "update_wall_seconds": 0.5123608000576496,
      "total_wall_seconds": 1.8032396845519543
    },
    {
      "update": 636,
      "algorithm": "mappo_penalty",
      "actor_loss": 0.09052152186632156,
      "reward_critic_loss": 0.004327478818595409,
      "cost_critic_loss": 0.0004526507982518524,
      "reward_critic_loss_last": 0.003997908439487219,
      "cost_critic_loss_last": 0.00045170733937993646,
      "critic_epochs": 8,
      "daily_voltage_cost": 0.0,
      "daily_voltage_cost_raw": 0.0,
      "daily_voltage_cost_normalized": 0.0,
      "daily_economic_return_raw_yuan": -3581914.0,
      "daily_economic_return_normalized": -1.1365004777908325,
      "daily_economic_cost_raw_yuan": 3581914.0,
      "economic_reward_scale_yuan": 3151704.8194007874,
      "lagrange_multiplier": 0.0,
      "cost_budget": 1.0,
      "cost_budget_raw": 0.02,
      "cost_budget_normalized": 1.0,
      "algorithm_cost_mode": "fixed_penalty",
      "fixed_cost_penalty_coef": 10.0,
      "log_std_max": -2.3,
      "rollout_wall_seconds": 0.9653118196874857,
      "update_wall_seconds": 0.4828777927905321,
      "total_wall_seconds": 1.4481913782656193
    },
    {
      "update": 637,
      "algorithm": "mappo_penalty",
      "actor_loss": 0.09199681133031845,
      "reward_critic_loss": 0.009692773222923279,
      "cost_critic_loss": 0.0005999929271638393,
      "reward_critic_loss_last": 0.007915294729173183,
      "cost_critic_loss_last": 0.0005877865478396416,
      "critic_epochs": 8,
      "daily_voltage_cost": 0.0,
      "daily_voltage_cost_raw": 0.0,
      "daily_voltage_cost_normalized": 0.0,
      "daily_economic_return_raw_yuan": -3739412.0,
      "daily_economic_return_normalized": -1.186472773551941,
      "daily_economic_cost_raw_yuan": 3739412.0,
      "economic_reward_scale_yuan": 3151704.8194007874,
      "lagrange_multiplier": 0.0,
      "cost_budget": 1.0,
      "cost_budget_raw": 0.02,
      "cost_budget_normalized": 1.0,
      "algorithm_cost_mode": "fixed_penalty",
      "fixed_cost_penalty_coef": 10.0,
      "log_std_max": -2.3,
      "rollout_wall_seconds": 1.4411546308547258,
      "update_wall_seconds": 0.46454306691884995,
      "total_wall_seconds": 1.9056994579732418
    },
    {
      "update": 638,
      "algorithm": "mappo_penalty",
      "actor_loss": 0.09173598885536194,
      "reward_critic_loss": 0.004957614466547966,
      "cost_critic_loss": 0.00044039529166184366,
      "reward_critic_loss_last": 0.0046449508517980576,
      "cost_critic_loss_last": 0.00043671042658388615,
      "critic_epochs": 8,
      "daily_voltage_cost": 0.0,
      "daily_voltage_cost_raw": 0.0,
      "daily_voltage_cost_normalized": 0.0,
      "daily_economic_return_raw_yuan": -3866122.0,
      "daily_economic_return_normalized": -1.2266764640808105,
      "daily_economic_cost_raw_yuan": 3866122.0,
      "economic_reward_scale_yuan": 3151704.8194007874,
      "lagrange_multiplier": 0.0,
      "cost_budget": 1.0,
      "cost_budget_raw": 0.02,
      "cost_budget_normalized": 1.0,
      "algorithm_cost_mode": "fixed_penalty",
      "fixed_cost_penalty_coef": 10.0,
      "log_std_max": -2.3,
      "rollout_wall_seconds": 1.3628391902893782,
      "update_wall_seconds": 0.4654358997941017,
      "total_wall_seconds": 1.8282768744975328
    },
    {
      "update": 639,
      "algorithm": "mappo_penalty",
      "actor_loss": 0.09174029529094696,
      "reward_critic_loss": 0.004925133660435677,
      "cost_critic_loss": 0.00044123572297394276,
      "reward_critic_loss_last": 0.004810704383999109,
      "cost_critic_loss_last": 0.0004354413540568203,
      "critic_epochs": 8,
      "daily_voltage_cost": 0.0,
      "daily_voltage_cost_raw": 0.0,
      "daily_voltage_cost_normalized": 0.0,
      "daily_economic_return_raw_yuan": -3683922.25,
      "daily_economic_return_normalized": -1.168866515159607,
      "daily_economic_cost_raw_yuan": 3683922.25,
      "economic_reward_scale_yuan": 3151704.8194007874,
      "lagrange_multiplier": 0.0,
      "cost_budget": 1.0,
      "cost_budget_raw": 0.02,
      "cost_budget_normalized": 1.0,
      "algorithm_cost_mode": "fixed_penalty",
      "fixed_cost_penalty_coef": 10.0,
      "log_std_max": -2.3,
      "rollout_wall_seconds": 1.3008682113140821,
      "update_wall_seconds": 0.47470190562307835,
      "total_wall_seconds": 1.775571996346116
    },
    {
      "update": 640,
      "algorithm": "mappo_penalty",
      "actor_loss": 0.09055840969085693,
      "reward_critic_loss": 0.003478763159364462,
      "cost_critic_loss": 0.029772108420729637,
      "reward_critic_loss_last": 0.0029216285329312086,
      "cost_critic_loss_last": 0.028367027640342712,
      "critic_epochs": 8,
      "daily_voltage_cost": 0.0015707946149632335,
      "daily_voltage_cost_raw": 0.0015707946149632335,
      "daily_voltage_cost_normalized": 0.07853972911834717,
      "daily_economic_return_raw_yuan": -3500869.5,
      "daily_economic_return_normalized": -1.110785961151123,
      "daily_economic_cost_raw_yuan": 3500869.5,
      "economic_reward_scale_yuan": 3151704.8194007874,
      "lagrange_multiplier": 0.0,
      "cost_budget": 1.0,
      "cost_budget_raw": 0.02,
      "cost_budget_normalized": 1.0,
      "algorithm_cost_mode": "fixed_penalty",
      "fixed_cost_penalty_coef": 10.0,
      "log_std_max": -2.3,
      "rollout_wall_seconds": 1.528029615059495,
      "update_wall_seconds": 0.4705508314073086,
      "total_wall_seconds": 1.9985822513699532
    },
    {
      "update": 641,
      "algorithm": "mappo_penalty",
      "actor_loss": 0.0912848487496376,
      "reward_critic_loss": 0.004110835026949644,
      "cost_critic_loss": 0.001333410618826747,
      "reward_critic_loss_last": 0.0037958647590130568,
      "cost_critic_loss_last": 0.0016639658715575933,
      "critic_epochs": 8,
      "daily_voltage_cost": 0.0004221311246510595,
      "daily_voltage_cost_raw": 0.0004221311246510595,
      "daily_voltage_cost_normalized": 0.021106556057929993,
      "daily_economic_return_raw_yuan": -3632413.75,
      "daily_economic_return_normalized": -1.1525235176086426,
      "daily_economic_cost_raw_yuan": 3632413.75,
      "economic_reward_scale_yuan": 3151704.8194007874,
      "lagrange_multiplier": 0.0,
      "cost_budget": 1.0,
      "cost_budget_raw": 0.02,
      "cost_budget_normalized": 1.0,
      "algorithm_cost_mode": "fixed_penalty",
      "fixed_cost_penalty_coef": 10.0,
      "log_std_max": -2.3,
      "rollout_wall_seconds": 1.2673099637031555,
      "update_wall_seconds": 0.4764395132660866,
      "total_wall_seconds": 1.7437515333294868
    },
    {
      "update": 642,
      "algorithm": "mappo_penalty",
      "actor_loss": 0.09086287766695023,
      "reward_critic_loss": 0.007790334522724152,
      "cost_critic_loss": 0.0009607243118807673,
      "reward_critic_loss_last": 0.006198360584676266,
      "cost_critic_loss_last": 0.000576876918785274,
      "critic_epochs": 8,
      "daily_voltage_cost": 6.25118482275866e-05,
      "daily_voltage_cost_raw": 6.25118482275866e-05,
      "daily_voltage_cost_normalized": 0.003125592367723584,
      "daily_economic_return_raw_yuan": -3393375.0,
      "daily_economic_return_normalized": -1.0766792297363281,
      "daily_economic_cost_raw_yuan": 3393375.0,
      "economic_reward_scale_yuan": 3151704.8194007874,
      "lagrange_multiplier": 0.0,
      "cost_budget": 1.0,
      "cost_budget_raw": 0.02,
      "cost_budget_normalized": 1.0,
      "algorithm_cost_mode": "fixed_penalty",
      "fixed_cost_penalty_coef": 10.0,
      "log_std_max": -2.3,
      "rollout_wall_seconds": 1.1675859149545431,
      "update_wall_seconds": 0.46020154654979706,
      "total_wall_seconds": 1.6277890726923943
    },
    {
      "update": 643,
      "algorithm": "mappo_penalty",
      "actor_loss": 0.09148950129747391,
      "reward_critic_loss": 0.005036482121795416,
      "cost_critic_loss": 0.00080812320811674,
      "reward_critic_loss_last": 0.004719088319689035,
      "cost_critic_loss_last": 0.0006607507239095867,
      "critic_epochs": 8,
      "daily_voltage_cost": 7.263921725098044e-05,
      "daily_voltage_cost_raw": 7.263921725098044e-05,
      "daily_voltage_cost_normalized": 0.003631961066275835,
      "daily_economic_return_raw_yuan": -3574478.5,
      "daily_economic_return_normalized": -1.1341413259506226,
      "daily_economic_cost_raw_yuan": 3574478.5,
      "economic_reward_scale_yuan": 3151704.8194007874,
      "lagrange_multiplier": 0.0,
      "cost_budget": 1.0,
      "cost_budget_raw": 0.02,
      "cost_budget_normalized": 1.0,
      "algorithm_cost_mode": "fixed_penalty",
      "fixed_cost_penalty_coef": 10.0,
      "log_std_max": -2.3,
      "rollout_wall_seconds": 1.3976947162300348,
      "update_wall_seconds": 0.46572165191173553,
      "total_wall_seconds": 1.863418284803629
    },
    {
      "update": 644,
      "algorithm": "mappo_penalty",
      "actor_loss": 0.09083382040262222,
      "reward_critic_loss": 0.005253526382148266,
      "cost_critic_loss": 0.0006095218705013394,
      "reward_critic_loss_last": 0.004824178759008646,
      "cost_critic_loss_last": 0.0006252469029277563,
      "critic_epochs": 8,
      "daily_voltage_cost": 0.0,
      "daily_voltage_cost_raw": 0.0,
      "daily_voltage_cost_normalized": 0.0,
      "daily_economic_return_raw_yuan": -3560581.5,
      "daily_economic_return_normalized": -1.1297318935394287,
      "daily_economic_cost_raw_yuan": 3560581.5,
      "economic_reward_scale_yuan": 3151704.8194007874,
      "lagrange_multiplier": 0.0,
      "cost_budget": 1.0,
      "cost_budget_raw": 0.02,
      "cost_budget_normalized": 1.0,
      "algorithm_cost_mode": "fixed_penalty",
      "fixed_cost_penalty_coef": 10.0,
      "log_std_max": -2.3,
      "rollout_wall_seconds": 1.3562716860324144,
      "update_wall_seconds": 0.4714541547000408,
      "total_wall_seconds": 1.8277278058230877
    },
    {
      "update": 645,
      "algorithm": "mappo_penalty",
      "actor_loss": 0.09173927456140518,
      "reward_critic_loss": 0.006419419776648283,
      "cost_critic_loss": 0.0003551121335476637,
      "reward_critic_loss_last": 0.005040419287979603,
      "cost_critic_loss_last": 0.0003443304158281535,
      "critic_epochs": 8,
      "daily_voltage_cost": 0.0,
      "daily_voltage_cost_raw": 0.0,
      "daily_voltage_cost_normalized": 0.0,
      "daily_economic_return_raw_yuan": -3452123.75,
      "daily_economic_return_normalized": -1.0953195095062256,
      "daily_economic_cost_raw_yuan": 3452123.75,
      "economic_reward_scale_yuan": 3151704.8194007874,
      "lagrange_multiplier": 0.0,
      "cost_budget": 1.0,
      "cost_budget_raw": 0.02,
      "cost_budget_normalized": 1.0,
      "algorithm_cost_mode": "fixed_penalty",
      "fixed_cost_penalty_coef": 10.0,
      "log_std_max": -2.3,
      "rollout_wall_seconds": 1.345111321657896,
      "update_wall_seconds": 0.45381204783916473,
      "total_wall_seconds": 1.7989251911640167
    },
    {
      "update": 646,
      "algorithm": "mappo_penalty",
      "actor_loss": 0.09112591296434402,
      "reward_critic_loss": 0.0046787806786596775,
      "cost_critic_loss": 0.000494358129799366,
      "reward_critic_loss_last": 0.004114293958991766,
      "cost_critic_loss_last": 0.00046884521725587547,
      "critic_epochs": 8,
      "daily_voltage_cost": 1.5299439837690443e-05,
      "daily_voltage_cost_raw": 1.5299439837690443e-05,
      "daily_voltage_cost_normalized": 0.0007649720064364374,
      "daily_economic_return_raw_yuan": -3628342.25,
      "daily_economic_return_normalized": -1.1512316465377808,
      "daily_economic_cost_raw_yuan": 3628342.25,
      "economic_reward_scale_yuan": 3151704.8194007874,
      "lagrange_multiplier": 0.0,
      "cost_budget": 1.0,
      "cost_budget_raw": 0.02,
      "cost_budget_normalized": 1.0,
      "algorithm_cost_mode": "fixed_penalty",
      "fixed_cost_penalty_coef": 10.0,
      "log_std_max": -2.3,
      "rollout_wall_seconds": 1.37132334895432,
      "update_wall_seconds": 0.4653061106801033,
      "total_wall_seconds": 1.8366312552243471
    },
    {
      "update": 647,
      "algorithm": "mappo_penalty",
      "actor_loss": 0.09237029403448105,
      "reward_critic_loss": 0.006511176936328411,
      "cost_critic_loss": 0.0009562791092321277,
      "reward_critic_loss_last": 0.006052006036043167,
      "cost_critic_loss_last": 0.0009446129552088678,
      "critic_epochs": 8,
      "daily_voltage_cost": 0.0006234063766896725,
      "daily_voltage_cost_raw": 0.0006234063766896725,
      "daily_voltage_cost_normalized": 0.031170319765806198,
      "daily_economic_return_raw_yuan": -3530489.0,
      "daily_economic_return_normalized": -1.1201839447021484,
      "daily_economic_cost_raw_yuan": 3530489.0,
      "economic_reward_scale_yuan": 3151704.8194007874,
      "lagrange_multiplier": 0.0,
      "cost_budget": 1.0,
      "cost_budget_raw": 0.02,
      "cost_budget_normalized": 1.0,
      "algorithm_cost_mode": "fixed_penalty",
      "fixed_cost_penalty_coef": 10.0,
      "log_std_max": -2.3,
      "rollout_wall_seconds": 1.2086034510284662,
      "update_wall_seconds": 0.4401856567710638,
      "total_wall_seconds": 1.6487909480929375
    },
    {
      "update": 648,
      "algorithm": "mappo_penalty",
      "actor_loss": 0.09205691516399384,
      "reward_critic_loss": 0.004263458773493767,
      "cost_critic_loss": 0.000630816095508635,
      "reward_critic_loss_last": 0.00354353291913867,
      "cost_critic_loss_last": 0.0006211327854543924,
      "critic_epochs": 8,
      "daily_voltage_cost": 0.0,
      "daily_voltage_cost_raw": 0.0,
      "daily_voltage_cost_normalized": 0.0,
      "daily_economic_return_raw_yuan": -3447882.75,
      "daily_economic_return_normalized": -1.0939738750457764,
      "daily_economic_cost_raw_yuan": 3447882.75,
      "economic_reward_scale_yuan": 3151704.8194007874,
      "lagrange_multiplier": 0.0,
      "cost_budget": 1.0,
      "cost_budget_raw": 0.02,
      "cost_budget_normalized": 1.0,
      "algorithm_cost_mode": "fixed_penalty",
      "fixed_cost_penalty_coef": 10.0,
      "log_std_max": -2.3,
      "rollout_wall_seconds": 1.2697208747267723,
      "update_wall_seconds": 0.4654670711606741,
      "total_wall_seconds": 1.735189700499177
    },
    {
      "update": 649,
      "algorithm": "mappo_penalty",
      "actor_loss": 0.09193923324346542,
      "reward_critic_loss": 0.004200705327093601,
      "cost_critic_loss": 0.000556850980501622,
      "reward_critic_loss_last": 0.0038793866988271475,
      "cost_critic_loss_last": 0.0005517556564882398,
      "critic_epochs": 8,
      "daily_voltage_cost": 0.0001339049922535196,
      "daily_voltage_cost_raw": 0.0001339049922535196,
      "daily_voltage_cost_normalized": 0.006695249583572149,
      "daily_economic_return_raw_yuan": -3596762.0,
      "daily_economic_return_normalized": -1.1412116289138794,
      "daily_economic_cost_raw_yuan": 3596762.0,
      "economic_reward_scale_yuan": 3151704.8194007874,
      "lagrange_multiplier": 0.0,
      "cost_budget": 1.0,
      "cost_budget_raw": 0.02,
      "cost_budget_normalized": 1.0,
      "algorithm_cost_mode": "fixed_penalty",
      "fixed_cost_penalty_coef": 10.0,
      "log_std_max": -2.3,
      "rollout_wall_seconds": 1.2705048713833094,
      "update_wall_seconds": 0.45236533135175705,
      "total_wall_seconds": 1.72287193313241
    },
    {
      "update": 650,
      "algorithm": "mappo_penalty",
      "actor_loss": 0.09205056726932526,
      "reward_critic_loss": 0.006538419984281063,
      "cost_critic_loss": 0.03841913491487503,
      "reward_critic_loss_last": 0.006039754953235388,
      "cost_critic_loss_last": 0.03806662932038307,
      "critic_epochs": 8,
      "daily_voltage_cost": 0.005128984339535236,
      "daily_voltage_cost_raw": 0.005128984339535236,
      "daily_voltage_cost_normalized": 0.25644922256469727,
      "daily_economic_return_raw_yuan": -3532072.25,
      "daily_economic_return_normalized": -1.1206862926483154,
      "daily_economic_cost_raw_yuan": 3532072.25,
      "economic_reward_scale_yuan": 3151704.8194007874,
      "lagrange_multiplier": 0.0,
      "cost_budget": 1.0,
      "cost_budget_raw": 0.02,
      "cost_budget_normalized": 1.0,
      "algorithm_cost_mode": "fixed_penalty",
      "fixed_cost_penalty_coef": 10.0,
      "log_std_max": -2.3,
      "rollout_wall_seconds": 1.4281669408082962,
      "update_wall_seconds": 0.45245874114334583,
      "total_wall_seconds": 1.8806274347007275
    },
    {
      "update": 651,
      "algorithm": "mappo_penalty",
      "actor_loss": 0.09122011810541153,
      "reward_critic_loss": 0.004532783757895231,
      "cost_critic_loss": 0.0007047529215924442,
      "reward_critic_loss_last": 0.004305444657802582,
      "cost_critic_loss_last": 0.0007310765795409679,
      "critic_epochs": 8,
      "daily_voltage_cost": 0.00034582478110678494,
      "daily_voltage_cost_raw": 0.00034582478110678494,
      "daily_voltage_cost_normalized": 0.017291240394115448,
      "daily_economic_return_raw_yuan": -3497409.0,
      "daily_economic_return_normalized": -1.1096880435943604,
      "daily_economic_cost_raw_yuan": 3497409.0,
      "economic_reward_scale_yuan": 3151704.8194007874,
      "lagrange_multiplier": 0.0,
      "cost_budget": 1.0,
      "cost_budget_raw": 0.02,
      "cost_budget_normalized": 1.0,
      "algorithm_cost_mode": "fixed_penalty",
      "fixed_cost_penalty_coef": 10.0,
      "log_std_max": -2.3,
      "rollout_wall_seconds": 1.2905430886894464,
      "update_wall_seconds": 0.4708003755658865,
      "total_wall_seconds": 1.7613453064113855
    },
    {
      "update": 652,
      "algorithm": "mappo_penalty",
      "actor_loss": 0.09192033857107162,
      "reward_critic_loss": 0.0038724939804524183,
      "cost_critic_loss": 0.0009086732752621174,
      "reward_critic_loss_last": 0.0034377621486783028,
      "cost_critic_loss_last": 0.0007840006146579981,
      "critic_epochs": 8,
      "daily_voltage_cost": 0.0,
      "daily_voltage_cost_raw": 0.0,
      "daily_voltage_cost_normalized": 0.0,
      "daily_economic_return_raw_yuan": -3252878.5,
      "daily_economic_return_normalized": -1.0321012735366821,
      "daily_economic_cost_raw_yuan": 3252878.5,
      "economic_reward_scale_yuan": 3151704.8194007874,
      "lagrange_multiplier": 0.0,
      "cost_budget": 1.0,
      "cost_budget_raw": 0.02,
      "cost_budget_normalized": 1.0,
      "algorithm_cost_mode": "fixed_penalty",
      "fixed_cost_penalty_coef": 10.0,
      "log_std_max": -2.3,
      "rollout_wall_seconds": 1.2542531192302704,
      "update_wall_seconds": 0.45300278067588806,
      "total_wall_seconds": 1.7072577122598886
    },
    {
      "update": 653,
      "algorithm": "mappo_penalty",
      "actor_loss": 0.09281224012374878,
      "reward_critic_loss": 0.006233292631804943,
      "cost_critic_loss": 0.02982403337955475,
      "reward_critic_loss_last": 0.005311002489179373,
      "cost_critic_loss_last": 0.028635045513510704,
      "critic_epochs": 8,
      "daily_voltage_cost": 0.0015756178181618452,
      "daily_voltage_cost_raw": 0.0015756178181618452,
      "daily_voltage_cost_normalized": 0.078780896961689,
      "daily_economic_return_raw_yuan": -3774905.75,
      "daily_economic_return_normalized": -1.1977345943450928,
      "daily_economic_cost_raw_yuan": 3774905.75,
      "economic_reward_scale_yuan": 3151704.8194007874,
      "lagrange_multiplier": 0.0,
      "cost_budget": 1.0,
      "cost_budget_raw": 0.02,
      "cost_budget_normalized": 1.0,
      "algorithm_cost_mode": "fixed_penalty",
      "fixed_cost_penalty_coef": 10.0,
      "log_std_max": -2.3,
      "rollout_wall_seconds": 1.4101510737091303,
      "update_wall_seconds": 0.4577638376504183,
      "total_wall_seconds": 1.8679167218506336
    },
    {
      "update": 654,
      "algorithm": "mappo_penalty",
      "actor_loss": 0.09276735782623291,
      "reward_critic_loss": 0.006733685731887817,
      "cost_critic_loss": 0.0009378102840855718,
      "reward_critic_loss_last": 0.00563337467610836,
      "cost_critic_loss_last": 0.0011951945489272475,
      "critic_epochs": 8,
      "daily_voltage_cost": 0.0,
      "daily_voltage_cost_raw": 0.0,
      "daily_voltage_cost_normalized": 0.0,
      "daily_economic_return_raw_yuan": -3643812.25,
      "daily_economic_return_normalized": -1.1561400890350342,
      "daily_economic_cost_raw_yuan": 3643812.25,
      "economic_reward_scale_yuan": 3151704.8194007874,
      "lagrange_multiplier": 0.0,
      "cost_budget": 1.0,
      "cost_budget_raw": 0.02,
      "cost_budget_normalized": 1.0,
      "algorithm_cost_mode": "fixed_penalty",
      "fixed_cost_penalty_coef": 10.0,
      "log_std_max": -2.3,
      "rollout_wall_seconds": 1.188058851286769,
      "update_wall_seconds": 0.4453195445239544,
      "total_wall_seconds": 1.6333798561245203
    },
    {
      "update": 655,
      "algorithm": "mappo_penalty",
      "actor_loss": 0.09225606918334961,
      "reward_critic_loss": 0.005430673714727163,
      "cost_critic_loss": 0.0006837013643234968,
      "reward_critic_loss_last": 0.005171154625713825,
      "cost_critic_loss_last": 0.0004535895714070648,
      "critic_epochs": 8,
      "daily_voltage_cost": 0.0,
      "daily_voltage_cost_raw": 0.0,
      "daily_voltage_cost_normalized": 0.0,
      "daily_economic_return_raw_yuan": -3571617.5,
      "daily_economic_return_normalized": -1.1332335472106934,
      "daily_economic_cost_raw_yuan": 3571617.5,
      "economic_reward_scale_yuan": 3151704.8194007874,
      "lagrange_multiplier": 0.0,
      "cost_budget": 1.0,
      "cost_budget_raw": 0.02,
      "cost_budget_normalized": 1.0,
      "algorithm_cost_mode": "fixed_penalty",
      "fixed_cost_penalty_coef": 10.0,
      "log_std_max": -2.3,
      "rollout_wall_seconds": 1.2391503192484379,
      "update_wall_seconds": 0.47564609348773956,
      "total_wall_seconds": 1.7147982865571976
    },
    {
      "update": 656,
      "algorithm": "mappo_penalty",
      "actor_loss": 0.09255607426166534,
      "reward_critic_loss": 0.006212110631167889,
      "cost_critic_loss": 0.0006540672620758414,
      "reward_critic_loss_last": 0.005979345180094242,
      "cost_critic_loss_last": 0.0006122369086369872,
      "critic_epochs": 8,
      "daily_voltage_cost": 0.00010824137279996648,
      "daily_voltage_cost_raw": 0.00010824137279996648,
      "daily_voltage_cost_normalized": 0.00541206868365407,
      "daily_economic_return_raw_yuan": -3501431.5,
      "daily_economic_return_normalized": -1.110964298248291,
      "daily_economic_cost_raw_yuan": 3501431.5,
      "economic_reward_scale_yuan": 3151704.8194007874,
      "lagrange_multiplier": 0.0,
      "cost_budget": 1.0,
      "cost_budget_raw": 0.02,
      "cost_budget_normalized": 1.0,
      "algorithm_cost_mode": "fixed_penalty",
      "fixed_cost_penalty_coef": 10.0,
      "log_std_max": -2.3,
      "rollout_wall_seconds": 1.3636480662971735,
      "update_wall_seconds": 0.5013659652322531,
      "total_wall_seconds": 1.8650159910321236
    },
    {
      "update": 657,
      "algorithm": "mappo_penalty",
      "actor_loss": 0.0921153873205185,
      "reward_critic_loss": 0.005975216627120972,
      "cost_critic_loss": 0.0003682222159113735,
      "reward_critic_loss_last": 0.005338854156434536,
      "cost_critic_loss_last": 0.000374247640138492,
      "critic_epochs": 8,
      "daily_voltage_cost": 1.4510471373796463e-05,
      "daily_voltage_cost_raw": 1.4510471373796463e-05,
      "daily_voltage_cost_normalized": 0.0007255235686898232,
      "daily_economic_return_raw_yuan": -3600704.5,
      "daily_economic_return_normalized": -1.1424624919891357,
      "daily_economic_cost_raw_yuan": 3600704.5,
      "economic_reward_scale_yuan": 3151704.8194007874,
      "lagrange_multiplier": 0.0,
      "cost_budget": 1.0,
      "cost_budget_raw": 0.02,
      "cost_budget_normalized": 1.0,
      "algorithm_cost_mode": "fixed_penalty",
      "fixed_cost_penalty_coef": 10.0,
      "log_std_max": -2.3,
      "rollout_wall_seconds": 1.2885007783770561,
      "update_wall_seconds": 0.4603477008640766,
      "total_wall_seconds": 1.7488501761108637
    },
    {
      "update": 658,
      "algorithm": "mappo_penalty",
      "actor_loss": 0.0916755422949791,
      "reward_critic_loss": 0.0035054488107562065,
      "cost_critic_loss": 0.00040082677151076496,
      "reward_critic_loss_last": 0.00306792464107275,
      "cost_critic_loss_last": 0.0003934034612029791,
      "critic_epochs": 8,
      "daily_voltage_cost": 0.0,
      "daily_voltage_cost_raw": 0.0,
      "daily_voltage_cost_normalized": 0.0,
      "daily_economic_return_raw_yuan": -3412017.25,
      "daily_economic_return_normalized": -1.0825941562652588,
      "daily_economic_cost_raw_yuan": 3412017.25,
      "economic_reward_scale_yuan": 3151704.8194007874,
      "lagrange_multiplier": 0.0,
      "cost_budget": 1.0,
      "cost_budget_raw": 0.02,
      "cost_budget_normalized": 1.0,
      "algorithm_cost_mode": "fixed_penalty",
      "fixed_cost_penalty_coef": 10.0,
      "log_std_max": -2.3,
      "rollout_wall_seconds": 1.3097990117967129,
      "update_wall_seconds": 0.4621632844209671,
      "total_wall_seconds": 1.771964030340314
    },
    {
      "update": 659,
      "algorithm": "mappo_penalty",
      "actor_loss": 0.09201447665691376,
      "reward_critic_loss": 0.004482181742787361,
      "cost_critic_loss": 0.0005061366828158498,
      "reward_critic_loss_last": 0.004335959441959858,
      "cost_critic_loss_last": 0.0004919117200188339,
      "critic_epochs": 8,
      "daily_voltage_cost": 5.0950024160556495e-05,
      "daily_voltage_cost_raw": 5.0950024160556495e-05,
      "daily_voltage_cost_normalized": 0.002547501353546977,
      "daily_economic_return_raw_yuan": -3497144.5,
      "daily_economic_return_normalized": -1.1096041202545166,
      "daily_economic_cost_raw_yuan": 3497144.5,
      "economic_reward_scale_yuan": 3151704.8194007874,
      "lagrange_multiplier": 0.0,
      "cost_budget": 1.0,
      "cost_budget_raw": 0.02,
      "cost_budget_normalized": 1.0,
      "algorithm_cost_mode": "fixed_penalty",
      "fixed_cost_penalty_coef": 10.0,
      "log_std_max": -2.3,
      "rollout_wall_seconds": 1.3581285811960697,
      "update_wall_seconds": 0.44887442141771317,
      "total_wall_seconds": 1.8070047106593847
    },
    {
      "update": 660,
      "algorithm": "mappo_penalty",
      "actor_loss": 0.09125912189483643,
      "reward_critic_loss": 0.007190730422735214,
      "cost_critic_loss": 0.0020942571572959423,
      "reward_critic_loss_last": 0.00679459422826767,
      "cost_critic_loss_last": 0.001985322218388319,
      "critic_epochs": 8,
      "daily_voltage_cost": 0.00043729948811233044,
      "daily_voltage_cost_raw": 0.00043729948811233044,
      "daily_voltage_cost_normalized": 0.02186497487127781,
      "daily_economic_return_raw_yuan": -3545803.0,
      "daily_economic_return_normalized": -1.1250429153442383,
      "daily_economic_cost_raw_yuan": 3545803.0,
      "economic_reward_scale_yuan": 3151704.8194007874,
      "lagrange_multiplier": 0.0,
      "cost_budget": 1.0,
      "cost_budget_raw": 0.02,
      "cost_budget_normalized": 1.0,
      "algorithm_cost_mode": "fixed_penalty",
      "fixed_cost_penalty_coef": 10.0,
      "log_std_max": -2.3,
      "rollout_wall_seconds": 1.2676715906709433,
      "update_wall_seconds": 0.4529687762260437,
      "total_wall_seconds": 1.7206421699374914
    },
    {
      "update": 661,
      "algorithm": "mappo_penalty",
      "actor_loss": 0.09213124960660934,
      "reward_critic_loss": 0.0029385252855718136,
      "cost_critic_loss": 0.004542256705462933,
      "reward_critic_loss_last": 0.0026831463910639286,
      "cost_critic_loss_last": 0.004551232326775789,
      "critic_epochs": 8,
      "daily_voltage_cost": 0.0015522073954343796,
      "daily_voltage_cost_raw": 0.0015522073954343796,
      "daily_voltage_cost_normalized": 0.07761037349700928,
      "daily_economic_return_raw_yuan": -3455617.75,
      "daily_economic_return_normalized": -1.0964281558990479,
      "daily_economic_cost_raw_yuan": 3455617.75,
      "economic_reward_scale_yuan": 3151704.8194007874,
      "lagrange_multiplier": 0.0,
      "cost_budget": 1.0,
      "cost_budget_raw": 0.02,
      "cost_budget_normalized": 1.0,
      "algorithm_cost_mode": "fixed_penalty",
      "fixed_cost_penalty_coef": 10.0,
      "log_std_max": -2.3,
      "rollout_wall_seconds": 1.2433999758213758,
      "update_wall_seconds": 0.4470830578356981,
      "total_wall_seconds": 1.690484806895256
    },
    {
      "update": 662,
      "algorithm": "mappo_penalty",
      "actor_loss": 0.09177948534488678,
      "reward_critic_loss": 0.006388805340975523,
      "cost_critic_loss": 0.0007514384342357516,
      "reward_critic_loss_last": 0.006067025475203991,
      "cost_critic_loss_last": 0.0006253898609429598,
      "critic_epochs": 8,
      "daily_voltage_cost": 0.0,
      "daily_voltage_cost_raw": 0.0,
      "daily_voltage_cost_normalized": 0.0,
      "daily_economic_return_raw_yuan": -3521428.5,
      "daily_economic_return_normalized": -1.1173090934753418,
      "daily_economic_cost_raw_yuan": 3521428.5,
      "economic_reward_scale_yuan": 3151704.8194007874,
      "lagrange_multiplier": 0.0,
      "cost_budget": 1.0,
      "cost_budget_raw": 0.02,
      "cost_budget_normalized": 1.0,
      "algorithm_cost_mode": "fixed_penalty",
      "fixed_cost_penalty_coef": 10.0,
      "log_std_max": -2.3,
      "rollout_wall_seconds": 1.3074654880911112,
      "update_wall_seconds": 0.45129419490695,
      "total_wall_seconds": 1.7587612923234701
    },
    {
      "update": 663,
      "algorithm": "mappo_penalty",
      "actor_loss": 0.09148041158914566,
      "reward_critic_loss": 0.0067203897051513195,
      "cost_critic_loss": 0.0004298473650123924,
      "reward_critic_loss_last": 0.005676746368408203,
      "cost_critic_loss_last": 0.0004370415990706533,
      "critic_epochs": 8,
      "daily_voltage_cost": 9.717017383081838e-05,
      "daily_voltage_cost_raw": 9.717017383081838e-05,
      "daily_voltage_cost_normalized": 0.0048585087060928345,
      "daily_economic_return_raw_yuan": -3508521.25,
      "daily_economic_return_normalized": -1.1132137775421143,
      "daily_economic_cost_raw_yuan": 3508521.25,
      "economic_reward_scale_yuan": 3151704.8194007874,
      "lagrange_multiplier": 0.0,
      "cost_budget": 1.0,
      "cost_budget_raw": 0.02,
      "cost_budget_normalized": 1.0,
      "algorithm_cost_mode": "fixed_penalty",
      "fixed_cost_penalty_coef": 10.0,
      "log_std_max": -2.3,
      "rollout_wall_seconds": 1.3425540570169687,
      "update_wall_seconds": 0.461365656927228,
      "total_wall_seconds": 1.8039213698357344
    },
    {
      "update": 664,
      "algorithm": "mappo_penalty",
      "actor_loss": 0.0929238572716713,
      "reward_critic_loss": 0.005840332712978125,
      "cost_critic_loss": 0.000424069439759478,
      "reward_critic_loss_last": 0.004908441565930843,
      "cost_critic_loss_last": 0.000415396032622084,
      "critic_epochs": 8,
      "daily_voltage_cost": 2.174242581531871e-06,
      "daily_voltage_cost_raw": 2.174242581531871e-06,
      "daily_voltage_cost_normalized": 0.00010871213453356177,
      "daily_economic_return_raw_yuan": -3570767.0,
      "daily_economic_return_normalized": -1.1329636573791504,
      "daily_economic_cost_raw_yuan": 3570767.0,
      "economic_reward_scale_yuan": 3151704.8194007874,
      "lagrange_multiplier": 0.0,
      "cost_budget": 1.0,
      "cost_budget_raw": 0.02,
      "cost_budget_normalized": 1.0,
      "algorithm_cost_mode": "fixed_penalty",
      "fixed_cost_penalty_coef": 10.0,
      "log_std_max": -2.3,
      "rollout_wall_seconds": 1.3767544142901897,
      "update_wall_seconds": 0.45809573866426945,
      "total_wall_seconds": 1.8348525445908308
    },
    {
      "update": 665,
      "algorithm": "mappo_penalty",
      "actor_loss": 0.09256728738546371,
      "reward_critic_loss": 0.005062082316726446,
      "cost_critic_loss": 0.0004907738766632974,
      "reward_critic_loss_last": 0.0046139732003211975,
      "cost_critic_loss_last": 0.00047175923828035593,
      "critic_epochs": 8,
      "daily_voltage_cost": 2.272263600389124e-06,
      "daily_voltage_cost_raw": 2.272263600389124e-06,
      "daily_voltage_cost_normalized": 0.00011361318320268765,
      "daily_economic_return_raw_yuan": -3606839.5,
      "daily_economic_return_normalized": -1.1444090604782104,
      "daily_economic_cost_raw_yuan": 3606839.5,
      "economic_reward_scale_yuan": 3151704.8194007874,
      "lagrange_multiplier": 0.0,
      "cost_budget": 1.0,
      "cost_budget_raw": 0.02,
      "cost_budget_normalized": 1.0,
      "algorithm_cost_mode": "fixed_penalty",
      "fixed_cost_penalty_coef": 10.0,
      "log_std_max": -2.3,
      "rollout_wall_seconds": 1.3456248324364424,
      "update_wall_seconds": 0.46392057836055756,
      "total_wall_seconds": 1.8095471803098917
    },
    {
      "update": 666,
      "algorithm": "mappo_penalty",
      "actor_loss": 0.0925414189696312,
      "reward_critic_loss": 0.003716064151376486,
      "cost_critic_loss": 0.09197697043418884,
      "reward_critic_loss_last": 0.003223274601623416,
      "cost_critic_loss_last": 0.0865686759352684,
      "critic_epochs": 8,
      "daily_voltage_cost": 0.003556753508746624,
      "daily_voltage_cost_raw": 0.003556753508746624,
      "daily_voltage_cost_normalized": 0.17783768475055695,
      "daily_economic_return_raw_yuan": -3365744.5,
      "daily_economic_return_normalized": -1.0679123401641846,
      "daily_economic_cost_raw_yuan": 3365744.5,
      "economic_reward_scale_yuan": 3151704.8194007874,
      "lagrange_multiplier": 0.0,
      "cost_budget": 1.0,
      "cost_budget_raw": 0.02,
      "cost_budget_normalized": 1.0,
      "algorithm_cost_mode": "fixed_penalty",
      "fixed_cost_penalty_coef": 10.0,
      "log_std_max": -2.3,
      "rollout_wall_seconds": 1.411729509010911,
      "update_wall_seconds": 0.4543424677103758,
      "total_wall_seconds": 1.8660737071186304
    },
    {
      "update": 667,
      "algorithm": "mappo_penalty",
      "actor_loss": 0.0922747328877449,
      "reward_critic_loss": 0.004877353087067604,
      "cost_critic_loss": 0.009525801055133343,
      "reward_critic_loss_last": 0.003916362766176462,
      "cost_critic_loss_last": 0.010157679207623005,
      "critic_epochs": 8,
      "daily_voltage_cost": 0.0015737006906419992,
      "daily_voltage_cost_raw": 0.0015737006906419992,
      "daily_voltage_cost_normalized": 0.07868503034114838,
      "daily_economic_return_raw_yuan": -3183770.0,
      "daily_economic_return_normalized": -1.0101739168167114,
      "daily_economic_cost_raw_yuan": 3183770.0,
      "economic_reward_scale_yuan": 3151704.8194007874,
      "lagrange_multiplier": 0.0,
      "cost_budget": 1.0,
      "cost_budget_raw": 0.02,
      "cost_budget_normalized": 1.0,
      "algorithm_cost_mode": "fixed_penalty",
      "fixed_cost_penalty_coef": 10.0,
      "log_std_max": -2.3,
      "rollout_wall_seconds": 1.3361100815236568,
      "update_wall_seconds": 0.45301467180252075,
      "total_wall_seconds": 1.7891264259815216
    },
    {
      "update": 668,
      "algorithm": "mappo_penalty",
      "actor_loss": 0.09182579815387726,
      "reward_critic_loss": 0.00550361443310976,
      "cost_critic_loss": 0.012720311060547829,
      "reward_critic_loss_last": 0.0043914467096328735,
      "cost_critic_loss_last": 0.01189944427460432,
      "critic_epochs": 8,
      "daily_voltage_cost": 0.0010674861259758472,
      "daily_voltage_cost_raw": 0.0010674861259758472,
      "daily_voltage_cost_normalized": 0.053374309092760086,
      "daily_economic_return_raw_yuan": -3587103.75,
      "daily_economic_return_normalized": -1.1381471157073975,
      "daily_economic_cost_raw_yuan": 3587103.75,
      "economic_reward_scale_yuan": 3151704.8194007874,
      "lagrange_multiplier": 0.0,
      "cost_budget": 1.0,
      "cost_budget_raw": 0.02,
      "cost_budget_normalized": 1.0,
      "algorithm_cost_mode": "fixed_penalty",
      "fixed_cost_penalty_coef": 10.0,
      "log_std_max": -2.3,
      "rollout_wall_seconds": 1.2469172477722168,
      "update_wall_seconds": 0.468450203537941,
      "total_wall_seconds": 1.715369276702404
    },
    {
      "update": 669,
      "algorithm": "mappo_penalty",
      "actor_loss": 0.09169863909482956,
      "reward_critic_loss": 0.005284643732011318,
      "cost_critic_loss": 0.013205568306148052,
      "reward_critic_loss_last": 0.004503143019974232,
      "cost_critic_loss_last": 0.012881359085440636,
      "critic_epochs": 8,
      "daily_voltage_cost": 0.0022716689854860306,
      "daily_voltage_cost_raw": 0.0022716689854860306,
      "daily_voltage_cost_normalized": 0.11358345299959183,
      "daily_economic_return_raw_yuan": -3497751.75,
      "daily_economic_return_normalized": -1.1097967624664307,
      "daily_economic_cost_raw_yuan": 3497751.75,
      "economic_reward_scale_yuan": 3151704.8194007874,
      "lagrange_multiplier": 0.0,
      "cost_budget": 1.0,
      "cost_budget_raw": 0.02,
      "cost_budget_normalized": 1.0,
      "algorithm_cost_mode": "fixed_penalty",
      "fixed_cost_penalty_coef": 10.0,
      "log_std_max": -2.3,
      "rollout_wall_seconds": 1.370566239580512,
      "update_wall_seconds": 0.4630961325019598,
      "total_wall_seconds": 1.833664171397686
    },
    {
      "update": 670,
      "algorithm": "mappo_penalty",
      "actor_loss": 0.09264834225177765,
      "reward_critic_loss": 0.005710886791348457,
      "cost_critic_loss": 0.0013833692064508796,
      "reward_critic_loss_last": 0.004980390891432762,
      "cost_critic_loss_last": 0.0007439884357154369,
      "critic_epochs": 8,
      "daily_voltage_cost": 0.0,
      "daily_voltage_cost_raw": 0.0,
      "daily_voltage_cost_normalized": 0.0,
      "daily_economic_return_raw_yuan": -3323394.5,
      "daily_economic_return_normalized": -1.05447518825531,
      "daily_economic_cost_raw_yuan": 3323394.5,
      "economic_reward_scale_yuan": 3151704.8194007874,
      "lagrange_multiplier": 0.0,
      "cost_budget": 1.0,
      "cost_budget_raw": 0.02,
      "cost_budget_normalized": 1.0,
      "algorithm_cost_mode": "fixed_penalty",
      "fixed_cost_penalty_coef": 10.0,
      "log_std_max": -2.3,
      "rollout_wall_seconds": 1.248989412561059,
      "update_wall_seconds": 0.45487680472433567,
      "total_wall_seconds": 1.7038680911064148
    },
    {
      "update": 671,
      "algorithm": "mappo_penalty",
      "actor_loss": 0.09288212656974792,
      "reward_critic_loss": 0.004711729474365711,
      "cost_critic_loss": 0.000609956681728363,
      "reward_critic_loss_last": 0.004330796655267477,
      "cost_critic_loss_last": 0.0005499817198142409,
      "critic_epochs": 8,
      "daily_voltage_cost": 0.0,
      "daily_voltage_cost_raw": 0.0,
      "daily_voltage_cost_normalized": 0.0,
      "daily_economic_return_raw_yuan": -3455518.75,
      "daily_economic_return_normalized": -1.0963966846466064,
      "daily_economic_cost_raw_yuan": 3455518.75,
      "economic_reward_scale_yuan": 3151704.8194007874,
      "lagrange_multiplier": 0.0,
      "cost_budget": 1.0,
      "cost_budget_raw": 0.02,
      "cost_budget_normalized": 1.0,
      "algorithm_cost_mode": "fixed_penalty",
      "fixed_cost_penalty_coef": 10.0,
      "log_std_max": -2.3,
      "rollout_wall_seconds": 1.3123098500072956,
      "update_wall_seconds": 0.4640821237117052,
      "total_wall_seconds": 1.7763937022536993
    },
    {
      "update": 672,
      "algorithm": "mappo_penalty",
      "actor_loss": 0.09287697076797485,
      "reward_critic_loss": 0.00476840790361166,
      "cost_critic_loss": 0.034173980355262756,
      "reward_critic_loss_last": 0.003877853974699974,
      "cost_critic_loss_last": 0.033048972487449646,
      "critic_epochs": 8,
      "daily_voltage_cost": 0.0017846390837803483,
      "daily_voltage_cost_raw": 0.0017846390837803483,
      "daily_voltage_cost_normalized": 0.0892319604754448,
      "daily_economic_return_raw_yuan": -3500029.75,
      "daily_economic_return_normalized": -1.110519528388977,
      "daily_economic_cost_raw_yuan": 3500029.75,
      "economic_reward_scale_yuan": 3151704.8194007874,
      "lagrange_multiplier": 0.0,
      "cost_budget": 1.0,
      "cost_budget_raw": 0.02,
      "cost_budget_normalized": 1.0,
      "algorithm_cost_mode": "fixed_penalty",
      "fixed_cost_penalty_coef": 10.0,
      "log_std_max": -2.3,
      "rollout_wall_seconds": 1.452279118821025,
      "update_wall_seconds": 0.46995311230421066,
      "total_wall_seconds": 1.92223403416574
    },
    {
      "update": 673,
      "algorithm": "mappo_penalty",
      "actor_loss": 0.09263233095407486,
      "reward_critic_loss": 0.003877669107168913,
      "cost_critic_loss": 0.0058335657231509686,
      "reward_critic_loss_last": 0.003354787826538086,
      "cost_critic_loss_last": 0.005949433892965317,
      "critic_epochs": 8,
      "daily_voltage_cost": 0.0008169763023033738,
      "daily_voltage_cost_raw": 0.0008169763023033738,
      "daily_voltage_cost_normalized": 0.04084882140159607,
      "daily_economic_return_raw_yuan": -3427074.25,
      "daily_economic_return_normalized": -1.087371587753296,
      "daily_economic_cost_raw_yuan": 3427074.25,
      "economic_reward_scale_yuan": 3151704.8194007874,
      "lagrange_multiplier": 0.0,
      "cost_budget": 1.0,
      "cost_budget_raw": 0.02,
      "cost_budget_normalized": 1.0,
      "algorithm_cost_mode": "fixed_penalty",
      "fixed_cost_penalty_coef": 10.0,
      "log_std_max": -2.3,
      "rollout_wall_seconds": 1.3001048099249601,
      "update_wall_seconds": 0.473264891654253,
      "total_wall_seconds": 1.7733715437352657
    },
    {
      "update": 674,
      "algorithm": "mappo_penalty",
      "actor_loss": 0.09348919987678528,
      "reward_critic_loss": 0.005320771597325802,
      "cost_critic_loss": 0.0017591770738363266,
      "reward_critic_loss_last": 0.004119375720620155,
      "cost_critic_loss_last": 0.0015968483639881015,
      "critic_epochs": 8,
      "daily_voltage_cost": 0.0006474654073826969,
      "daily_voltage_cost_raw": 0.0006474654073826969,
      "daily_voltage_cost_normalized": 0.03237327188253403,
      "daily_economic_return_raw_yuan": -3659898.75,
      "daily_economic_return_normalized": -1.1612441539764404,
      "daily_economic_cost_raw_yuan": 3659898.75,
      "economic_reward_scale_yuan": 3151704.8194007874,
      "lagrange_multiplier": 0.0,
      "cost_budget": 1.0,
      "cost_budget_raw": 0.02,
      "cost_budget_normalized": 1.0,
      "algorithm_cost_mode": "fixed_penalty",
      "fixed_cost_penalty_coef": 10.0,
      "log_std_max": -2.3,
      "rollout_wall_seconds": 1.3201629221439362,
      "update_wall_seconds": 0.46290657855570316,
      "total_wall_seconds": 1.7830712907016277
    },
    {
      "update": 675,
      "algorithm": "mappo_penalty",
      "actor_loss": 0.09214362502098083,
      "reward_critic_loss": 0.00634475564584136,
      "cost_critic_loss": 0.002060440368950367,
      "reward_critic_loss_last": 0.004485484212636948,
      "cost_critic_loss_last": 0.0019313730299472809,
      "critic_epochs": 8,
      "daily_voltage_cost": 0.00044029566925019026,
      "daily_voltage_cost_raw": 0.00044029566925019026,
      "daily_voltage_cost_normalized": 0.022014783695340157,
      "daily_economic_return_raw_yuan": -3118245.0,
      "daily_economic_return_normalized": -0.9893836379051208,
      "daily_economic_cost_raw_yuan": 3118245.0,
      "economic_reward_scale_yuan": 3151704.8194007874,
      "lagrange_multiplier": 0.0,
      "cost_budget": 1.0,
      "cost_budget_raw": 0.02,
      "cost_budget_normalized": 1.0,
      "algorithm_cost_mode": "fixed_penalty",
      "fixed_cost_penalty_coef": 10.0,
      "log_std_max": -2.3,
      "rollout_wall_seconds": 1.3708328157663345,
      "update_wall_seconds": 0.4643341116607189,
      "total_wall_seconds": 1.8351688385009766
    },
    {
      "update": 676,
      "algorithm": "mappo_penalty",
      "actor_loss": 0.09111003577709198,
      "reward_critic_loss": 0.004884927999228239,
      "cost_critic_loss": 0.0011400976218283176,
      "reward_critic_loss_last": 0.004650873597711325,
      "cost_critic_loss_last": 0.0008805975667200983,
      "critic_epochs": 8,
      "daily_voltage_cost": 0.0,
      "daily_voltage_cost_raw": 0.0,
      "daily_voltage_cost_normalized": 0.0,
      "daily_economic_return_raw_yuan": -3453423.0,
      "daily_economic_return_normalized": -1.0957317352294922,
      "daily_economic_cost_raw_yuan": 3453423.0,
      "economic_reward_scale_yuan": 3151704.8194007874,
      "lagrange_multiplier": 0.0,
      "cost_budget": 1.0,
      "cost_budget_raw": 0.02,
      "cost_budget_normalized": 1.0,
      "algorithm_cost_mode": "fixed_penalty",
      "fixed_cost_penalty_coef": 10.0,
      "log_std_max": -2.3,
      "rollout_wall_seconds": 1.269497575238347,
      "update_wall_seconds": 0.4767603110522032,
      "total_wall_seconds": 1.7462596837431192
    },
    {
      "update": 677,
      "algorithm": "mappo_penalty",
      "actor_loss": 0.09248583763837814,
      "reward_critic_loss": 0.005911977030336857,
      "cost_critic_loss": 0.002589629730209708,
      "reward_critic_loss_last": 0.005445448216050863,
      "cost_critic_loss_last": 0.00253099761903286,
      "critic_epochs": 8,
      "daily_voltage_cost": 0.0006488909129984677,
      "daily_voltage_cost_raw": 0.0006488909129984677,
      "daily_voltage_cost_normalized": 0.0324445478618145,
      "daily_economic_return_raw_yuan": -3420850.25,
      "daily_economic_return_normalized": -1.0853967666625977,
      "daily_economic_cost_raw_yuan": 3420850.25,
      "economic_reward_scale_yuan": 3151704.8194007874,
      "lagrange_multiplier": 0.0,
      "cost_budget": 1.0,
      "cost_budget_raw": 0.02,
      "cost_budget_normalized": 1.0,
      "algorithm_cost_mode": "fixed_penalty",
      "fixed_cost_penalty_coef": 10.0,
      "log_std_max": -2.3,
      "rollout_wall_seconds": 1.2782603427767754,
      "update_wall_seconds": 0.46671161614358425,
      "total_wall_seconds": 1.7449737172573805
    },
    {
      "update": 678,
      "algorithm": "mappo_penalty",
      "actor_loss": 0.09207454323768616,
      "reward_critic_loss": 0.005013934336602688,
      "cost_critic_loss": 0.0006694322801195085,
      "reward_critic_loss_last": 0.004702642560005188,
      "cost_critic_loss_last": 0.0006239645881578326,
      "critic_epochs": 8,
      "daily_voltage_cost": 4.375034768600017e-05,
      "daily_voltage_cost_raw": 4.375034768600017e-05,
      "daily_voltage_cost_normalized": 0.0021875174716115,
      "daily_economic_return_raw_yuan": -3493417.5,
      "daily_economic_return_normalized": -1.1084215641021729,
      "daily_economic_cost_raw_yuan": 3493417.5,
      "economic_reward_scale_yuan": 3151704.8194007874,
      "lagrange_multiplier": 0.0,
      "cost_budget": 1.0,
      "cost_budget_raw": 0.02,
      "cost_budget_normalized": 1.0,
      "algorithm_cost_mode": "fixed_penalty",
      "fixed_cost_penalty_coef": 10.0,
      "log_std_max": -2.3,
      "rollout_wall_seconds": 1.38555284217,
      "update_wall_seconds": 0.4578602407127619,
      "total_wall_seconds": 1.8434147294610739
    },
    {
      "update": 679,
      "algorithm": "mappo_penalty",
      "actor_loss": 0.0919395387172699,
      "reward_critic_loss": 0.008185693994164467,
      "cost_critic_loss": 0.057057566940784454,
      "reward_critic_loss_last": 0.0060679614543914795,
      "cost_critic_loss_last": 0.05465857312083244,
      "critic_epochs": 8,
      "daily_voltage_cost": 0.00257405498996377,
      "daily_voltage_cost_raw": 0.00257405498996377,
      "daily_voltage_cost_normalized": 0.12870274484157562,
      "daily_economic_return_raw_yuan": -3692474.5,
      "daily_economic_return_normalized": -1.1715800762176514,
      "daily_economic_cost_raw_yuan": 3692474.5,
      "economic_reward_scale_yuan": 3151704.8194007874,
      "lagrange_multiplier": 0.0,
      "cost_budget": 1.0,
      "cost_budget_raw": 0.02,
      "cost_budget_normalized": 1.0,
      "algorithm_cost_mode": "fixed_penalty",
      "fixed_cost_penalty_coef": 10.0,
      "log_std_max": -2.3,
      "rollout_wall_seconds": 1.293974319472909,
      "update_wall_seconds": 0.4573587365448475,
      "total_wall_seconds": 1.7513347640633583
    },
    {
      "update": 680,
      "algorithm": "mappo_penalty",
      "actor_loss": 0.09242115914821625,
      "reward_critic_loss": 0.005740807857364416,
      "cost_critic_loss": 0.001147740171290934,
      "reward_critic_loss_last": 0.005755988415330648,
      "cost_critic_loss_last": 0.0016075184103101492,
      "critic_epochs": 8,
      "daily_voltage_cost": 0.0,
      "daily_voltage_cost_raw": 0.0,
      "daily_voltage_cost_normalized": 0.0,
      "daily_economic_return_raw_yuan": -3558341.5,
      "daily_economic_return_normalized": -1.129021167755127,
      "daily_economic_cost_raw_yuan": 3558341.5,
      "economic_reward_scale_yuan": 3151704.8194007874,
      "lagrange_multiplier": 0.0,
      "cost_budget": 1.0,
      "cost_budget_raw": 0.02,
      "cost_budget_normalized": 1.0,
      "algorithm_cost_mode": "fixed_penalty",
      "fixed_cost_penalty_coef": 10.0,
      "log_std_max": -2.3,
      "rollout_wall_seconds": 1.284444272518158,
      "update_wall_seconds": 0.44890117831528187,
      "total_wall_seconds": 1.7333473768085241
    },
    {
      "update": 681,
      "algorithm": "mappo_penalty",
      "actor_loss": 0.09174052625894547,
      "reward_critic_loss": 0.005383308976888657,
      "cost_critic_loss": 0.0012423363514244556,
      "reward_critic_loss_last": 0.005184033885598183,
      "cost_critic_loss_last": 0.0006559224566444755,
      "critic_epochs": 8,
      "daily_voltage_cost": 0.0001591876643942669,
      "daily_voltage_cost_raw": 0.0001591876643942669,
      "daily_voltage_cost_normalized": 0.007959382608532906,
      "daily_economic_return_raw_yuan": -3601945.75,
      "daily_economic_return_normalized": -1.1428563594818115,
      "daily_economic_cost_raw_yuan": 3601945.75,
      "economic_reward_scale_yuan": 3151704.8194007874,
      "lagrange_multiplier": 0.0,
      "cost_budget": 1.0,
      "cost_budget_raw": 0.02,
      "cost_budget_normalized": 1.0,
      "algorithm_cost_mode": "fixed_penalty",
      "fixed_cost_penalty_coef": 10.0,
      "log_std_max": -2.3,
      "rollout_wall_seconds": 1.3867424633353949,
      "update_wall_seconds": 0.4503256268799305,
      "total_wall_seconds": 1.837070245295763
    },
    {
      "update": 682,
      "algorithm": "mappo_penalty",
      "actor_loss": 0.09258950501680374,
      "reward_critic_loss": 0.007461299654096365,
      "cost_critic_loss": 0.0005045188590884209,
      "reward_critic_loss_last": 0.005894189700484276,
      "cost_critic_loss_last": 0.0005490212934091687,
      "critic_epochs": 8,
      "daily_voltage_cost": 0.0,
      "daily_voltage_cost_raw": 0.0,
      "daily_voltage_cost_normalized": 0.0,
      "daily_economic_return_raw_yuan": -3443241.75,
      "daily_economic_return_normalized": -1.0925014019012451,
      "daily_economic_cost_raw_yuan": 3443241.75,
      "economic_reward_scale_yuan": 3151704.8194007874,
      "lagrange_multiplier": 0.0,
      "cost_budget": 1.0,
      "cost_budget_raw": 0.02,
      "cost_budget_normalized": 1.0,
      "algorithm_cost_mode": "fixed_penalty",
      "fixed_cost_penalty_coef": 10.0,
      "log_std_max": -2.3,
      "rollout_wall_seconds": 1.3564883507788181,
      "update_wall_seconds": 0.4737407751381397,
      "total_wall_seconds": 1.8302309811115265
    },
    {
      "update": 683,
      "algorithm": "mappo_penalty",
      "actor_loss": 0.091542087495327,
      "reward_critic_loss": 0.004285654053092003,
      "cost_critic_loss": 0.0023260668385773897,
      "reward_critic_loss_last": 0.004101997707039118,
      "cost_critic_loss_last": 0.00201123533770442,
      "critic_epochs": 8,
      "daily_voltage_cost": 2.1826008378411643e-05,
      "daily_voltage_cost_raw": 2.1826008378411643e-05,
      "daily_voltage_cost_normalized": 0.0010913003934547305,
      "daily_economic_return_raw_yuan": -3387170.5,
      "daily_economic_return_normalized": -1.0747106075286865,
      "daily_economic_cost_raw_yuan": 3387170.5,
      "economic_reward_scale_yuan": 3151704.8194007874,
      "lagrange_multiplier": 0.0,
      "cost_budget": 1.0,
      "cost_budget_raw": 0.02,
      "cost_budget_normalized": 1.0,
      "algorithm_cost_mode": "fixed_penalty",
      "fixed_cost_penalty_coef": 10.0,
      "log_std_max": -2.3,
      "rollout_wall_seconds": 1.341804139316082,
      "update_wall_seconds": 0.47623718716204166,
      "total_wall_seconds": 1.8180430214852095
    },
    {
      "update": 684,
      "algorithm": "mappo_penalty",
      "actor_loss": 0.09171447157859802,
      "reward_critic_loss": 0.00494763907045126,
      "cost_critic_loss": 0.0005454623606055975,
      "reward_critic_loss_last": 0.004228245001286268,
      "cost_critic_loss_last": 0.0004961602971889079,
      "critic_epochs": 8,
      "daily_voltage_cost": 0.0,
      "daily_voltage_cost_raw": 0.0,
      "daily_voltage_cost_normalized": 0.0,
      "daily_economic_return_raw_yuan": -3647936.75,
      "daily_economic_return_normalized": -1.1574487686157227,
      "daily_economic_cost_raw_yuan": 3647936.75,
      "economic_reward_scale_yuan": 3151704.8194007874,
      "lagrange_multiplier": 0.0,
      "cost_budget": 1.0,
      "cost_budget_raw": 0.02,
      "cost_budget_normalized": 1.0,
      "algorithm_cost_mode": "fixed_penalty",
      "fixed_cost_penalty_coef": 10.0,
      "log_std_max": -2.3,
      "rollout_wall_seconds": 1.29763413220644,
      "update_wall_seconds": 0.4700965937227011,
      "total_wall_seconds": 1.7677325047552586
    },
    {
      "update": 685,
      "algorithm": "mappo_penalty",
      "actor_loss": 0.09260737895965576,
      "reward_critic_loss": 0.00620987406000495,
      "cost_critic_loss": 0.0009275941993109882,
      "reward_critic_loss_last": 0.00545718427747488,
      "cost_critic_loss_last": 0.0008374185999855399,
      "critic_epochs": 8,
      "daily_voltage_cost": 0.0,
      "daily_voltage_cost_raw": 0.0,
      "daily_voltage_cost_normalized": 0.0,
      "daily_economic_return_raw_yuan": -3606966.75,
      "daily_economic_return_normalized": -1.1444494724273682,
      "daily_economic_cost_raw_yuan": 3606966.75,
      "economic_reward_scale_yuan": 3151704.8194007874,
      "lagrange_multiplier": 0.0,
      "cost_budget": 1.0,
      "cost_budget_raw": 0.02,
      "cost_budget_normalized": 1.0,
      "algorithm_cost_mode": "fixed_penalty",
      "fixed_cost_penalty_coef": 10.0,
      "log_std_max": -2.3,
      "rollout_wall_seconds": 1.387194897979498,
      "update_wall_seconds": 0.48209614120423794,
      "total_wall_seconds": 1.8692927733063698
    },
    {
      "update": 686,
      "algorithm": "mappo_penalty",
      "actor_loss": 0.09187527745962143,
      "reward_critic_loss": 0.0036831859033554792,
      "cost_critic_loss": 0.001755678909830749,
      "reward_critic_loss_last": 0.0033506161998957396,
      "cost_critic_loss_last": 0.0015694499015808105,
      "critic_epochs": 8,
      "daily_voltage_cost": 0.0005658201407641172,
      "daily_voltage_cost_raw": 0.0005658201407641172,
      "daily_voltage_cost_normalized": 0.028291005641222,
      "daily_economic_return_raw_yuan": -3603925.5,
      "daily_economic_return_normalized": -1.1434844732284546,
      "daily_economic_cost_raw_yuan": 3603925.5,
      "economic_reward_scale_yuan": 3151704.8194007874,
      "lagrange_multiplier": 0.0,
      "cost_budget": 1.0,
      "cost_budget_raw": 0.02,
      "cost_budget_normalized": 1.0,
      "algorithm_cost_mode": "fixed_penalty",
      "fixed_cost_penalty_coef": 10.0,
      "log_std_max": -2.3,
      "rollout_wall_seconds": 1.2968404442071915,
      "update_wall_seconds": 0.514564111828804,
      "total_wall_seconds": 1.8114065527915955
    },
    {
      "update": 687,
      "algorithm": "mappo_penalty",
      "actor_loss": 0.09160078316926956,
      "reward_critic_loss": 0.003844677936285734,
      "cost_critic_loss": 0.0004006840754300356,
      "reward_critic_loss_last": 0.0033646337687969208,
      "cost_critic_loss_last": 0.0004103874962311238,
      "critic_epochs": 8,
      "daily_voltage_cost": 0.0,
      "daily_voltage_cost_raw": 0.0,
      "daily_voltage_cost_normalized": 0.0,
      "daily_economic_return_raw_yuan": -3517032.5,
      "daily_economic_return_normalized": -1.1159143447875977,
      "daily_economic_cost_raw_yuan": 3517032.5,
      "economic_reward_scale_yuan": 3151704.8194007874,
      "lagrange_multiplier": 0.0,
      "cost_budget": 1.0,
      "cost_budget_raw": 0.02,
      "cost_budget_normalized": 1.0,
      "algorithm_cost_mode": "fixed_penalty",
      "fixed_cost_penalty_coef": 10.0,
      "log_std_max": -2.3,
      "rollout_wall_seconds": 1.4093458037823439,
      "update_wall_seconds": 0.52292774990201,
      "total_wall_seconds": 1.9322757236659527
    },
    {
      "update": 688,
      "algorithm": "mappo_penalty",
      "actor_loss": 0.09182358533143997,
      "reward_critic_loss": 0.0041473638266325,
      "cost_critic_loss": 0.0015443293377757072,
      "reward_critic_loss_last": 0.0031016338616609573,
      "cost_critic_loss_last": 0.0013593314215540886,
      "critic_epochs": 8,
      "daily_voltage_cost": 0.0,
      "daily_voltage_cost_raw": 0.0,
      "daily_voltage_cost_normalized": 0.0,
      "daily_economic_return_raw_yuan": -3212756.5,
      "daily_economic_return_normalized": -1.0193710327148438,
      "daily_economic_cost_raw_yuan": 3212756.5,
      "economic_reward_scale_yuan": 3151704.8194007874,
      "lagrange_multiplier": 0.0,
      "cost_budget": 1.0,
      "cost_budget_raw": 0.02,
      "cost_budget_normalized": 1.0,
      "algorithm_cost_mode": "fixed_penalty",
      "fixed_cost_penalty_coef": 10.0,
      "log_std_max": -2.3,
      "rollout_wall_seconds": 1.545981504023075,
      "update_wall_seconds": 0.5167828314006329,
      "total_wall_seconds": 2.0627663116902113
    },
    {
      "update": 689,
      "algorithm": "mappo_penalty",
      "actor_loss": 0.09212440997362137,
      "reward_critic_loss": 0.005399791523814201,
      "cost_critic_loss": 0.00120792246889323,
      "reward_critic_loss_last": 0.004636277910321951,
      "cost_critic_loss_last": 0.0011563708540052176,
      "critic_epochs": 8,
      "daily_voltage_cost": 0.00019812295795418322,
      "daily_voltage_cost_raw": 0.00019812295795418322,
      "daily_voltage_cost_normalized": 0.009906148537993431,
      "daily_economic_return_raw_yuan": -3582196.0,
      "daily_economic_return_normalized": -1.1365900039672852,
      "daily_economic_cost_raw_yuan": 3582196.0,
      "economic_reward_scale_yuan": 3151704.8194007874,
      "lagrange_multiplier": 0.0,
      "cost_budget": 1.0,
      "cost_budget_raw": 0.02,
      "cost_budget_normalized": 1.0,
      "algorithm_cost_mode": "fixed_penalty",
      "fixed_cost_penalty_coef": 10.0,
      "log_std_max": -2.3,
      "rollout_wall_seconds": 1.3812606241554022,
      "update_wall_seconds": 0.5292006433010101,
      "total_wall_seconds": 1.9104633517563343
    },
    {
      "update": 690,
      "algorithm": "mappo_penalty",
      "actor_loss": 0.09135369956493378,
      "reward_critic_loss": 0.006530352868139744,
      "cost_critic_loss": 0.007099206559360027,
      "reward_critic_loss_last": 0.005471034906804562,
      "cost_critic_loss_last": 0.006976007949560881,
      "critic_epochs": 8,
      "daily_voltage_cost": 0.0010180402314290404,
      "daily_voltage_cost_raw": 0.0010180402314290404,
      "daily_voltage_cost_normalized": 0.05090201273560524,
      "daily_economic_return_raw_yuan": -3594887.75,
      "daily_economic_return_normalized": -1.1406168937683105,
      "daily_economic_cost_raw_yuan": 3594887.75,
      "economic_reward_scale_yuan": 3151704.8194007874,
      "lagrange_multiplier": 0.0,
      "cost_budget": 1.0,
      "cost_budget_raw": 0.02,
      "cost_budget_normalized": 1.0,
      "algorithm_cost_mode": "fixed_penalty",
      "fixed_cost_penalty_coef": 10.0,
      "log_std_max": -2.3,
      "rollout_wall_seconds": 1.3864978328347206,
      "update_wall_seconds": 0.509931854903698,
      "total_wall_seconds": 1.896431591361761
    },
    {
      "update": 691,
      "algorithm": "mappo_penalty",
      "actor_loss": 0.09154262393712997,
      "reward_critic_loss": 0.006639949977397919,
      "cost_critic_loss": 0.0004711484943982214,
      "reward_critic_loss_last": 0.005367686506360769,
      "cost_critic_loss_last": 0.0004357389989309013,
      "critic_epochs": 8,
      "daily_voltage_cost": 6.50683359708637e-05,
      "daily_voltage_cost_raw": 6.50683359708637e-05,
      "daily_voltage_cost_normalized": 0.003253416856750846,
      "daily_economic_return_raw_yuan": -3239825.0,
      "daily_economic_return_normalized": -1.0279595851898193,
      "daily_economic_cost_raw_yuan": 3239825.0,
      "economic_reward_scale_yuan": 3151704.8194007874,
      "lagrange_multiplier": 0.0,
      "cost_budget": 1.0,
      "cost_budget_raw": 0.02,
      "cost_budget_normalized": 1.0,
      "algorithm_cost_mode": "fixed_penalty",
      "fixed_cost_penalty_coef": 10.0,
      "log_std_max": -2.3,
      "rollout_wall_seconds": 1.3897659163922071,
      "update_wall_seconds": 0.49021894857287407,
      "total_wall_seconds": 1.879987444728613
    },
    {
      "update": 692,
      "algorithm": "mappo_penalty",
      "actor_loss": 0.09215059876441956,
      "reward_critic_loss": 0.005004663951694965,
      "cost_critic_loss": 0.0011668317019939423,
      "reward_critic_loss_last": 0.004587600007653236,
      "cost_critic_loss_last": 0.0011188409989699721,
      "critic_epochs": 8,
      "daily_voltage_cost": 6.150102126412094e-05,
      "daily_voltage_cost_raw": 6.150102126412094e-05,
      "daily_voltage_cost_normalized": 0.0030750511214137077,
      "daily_economic_return_raw_yuan": -3542203.75,
      "daily_economic_return_normalized": -1.1239008903503418,
      "daily_economic_cost_raw_yuan": 3542203.75,
      "economic_reward_scale_yuan": 3151704.8194007874,
      "lagrange_multiplier": 0.0,
      "cost_budget": 1.0,
      "cost_budget_raw": 0.02,
      "cost_budget_normalized": 1.0,
      "algorithm_cost_mode": "fixed_penalty",
      "fixed_cost_penalty_coef": 10.0,
      "log_std_max": -2.3,
      "rollout_wall_seconds": 1.4210967272520065,
      "update_wall_seconds": 0.5021871495991945,
      "total_wall_seconds": 1.9232861548662186
    },
    {
      "update": 693,
      "algorithm": "mappo_penalty",
      "actor_loss": 0.0919429361820221,
      "reward_critic_loss": 0.003918788395822048,
      "cost_critic_loss": 0.00023104836873244494,
      "reward_critic_loss_last": 0.0036946076434105635,
      "cost_critic_loss_last": 0.0002292626304551959,
      "critic_epochs": 8,
      "daily_voltage_cost": 0.0,
      "daily_voltage_cost_raw": 0.0,
      "daily_voltage_cost_normalized": 0.0,
      "daily_economic_return_raw_yuan": -3481173.75,
      "daily_economic_return_normalized": -1.104536771774292,
      "daily_economic_cost_raw_yuan": 3481173.75,
      "economic_reward_scale_yuan": 3151704.8194007874,
      "lagrange_multiplier": 0.0,
      "cost_budget": 1.0,
      "cost_budget_raw": 0.02,
      "cost_budget_normalized": 1.0,
      "algorithm_cost_mode": "fixed_penalty",
      "fixed_cost_penalty_coef": 10.0,
      "log_std_max": -2.3,
      "rollout_wall_seconds": 1.3657355774194002,
      "update_wall_seconds": 0.47796217538416386,
      "total_wall_seconds": 1.8436996471136808
    },
    {
      "update": 694,
      "algorithm": "mappo_penalty",
      "actor_loss": 0.09222239255905151,
      "reward_critic_loss": 0.003873861860483885,
      "cost_critic_loss": 0.0005860975361429155,
      "reward_critic_loss_last": 0.0038102958351373672,
      "cost_critic_loss_last": 0.0005632558604702353,
      "critic_epochs": 8,
      "daily_voltage_cost": 0.0,
      "daily_voltage_cost_raw": 0.0,
      "daily_voltage_cost_normalized": 0.0,
      "daily_economic_return_raw_yuan": -3425449.5,
      "daily_economic_return_normalized": -1.0868561267852783,
      "daily_economic_cost_raw_yuan": 3425449.5,
      "economic_reward_scale_yuan": 3151704.8194007874,
      "lagrange_multiplier": 0.0,
      "cost_budget": 1.0,
      "cost_budget_raw": 0.02,
      "cost_budget_normalized": 1.0,
      "algorithm_cost_mode": "fixed_penalty",
      "fixed_cost_penalty_coef": 10.0,
      "log_std_max": -2.3,
      "rollout_wall_seconds": 1.407256307080388,
      "update_wall_seconds": 0.4915672168135643,
      "total_wall_seconds": 1.8988255113363266
    },
    {
      "update": 695,
      "algorithm": "mappo_penalty",
      "actor_loss": 0.09219813346862793,
      "reward_critic_loss": 0.005519920028746128,
      "cost_critic_loss": 0.0010085358517244458,
      "reward_critic_loss_last": 0.004404166713356972,
      "cost_critic_loss_last": 0.0009433865780010819,
      "critic_epochs": 8,
      "daily_voltage_cost": 0.00025821325834840536,
      "daily_voltage_cost_raw": 0.00025821325834840536,
      "daily_voltage_cost_normalized": 0.012910663150250912,
      "daily_economic_return_raw_yuan": -3340733.25,
      "daily_economic_return_normalized": -1.059976577758789,
      "daily_economic_cost_raw_yuan": 3340733.25,
      "economic_reward_scale_yuan": 3151704.8194007874,
      "lagrange_multiplier": 0.0,
      "cost_budget": 1.0,
      "cost_budget_raw": 0.02,
      "cost_budget_normalized": 1.0,
      "algorithm_cost_mode": "fixed_penalty",
      "fixed_cost_penalty_coef": 10.0,
      "log_std_max": -2.3,
      "rollout_wall_seconds": 1.316042197868228,
      "update_wall_seconds": 0.5272162947803736,
      "total_wall_seconds": 1.8432603366672993
    },
    {
      "update": 696,
      "algorithm": "mappo_penalty",
      "actor_loss": 0.09164358675479889,
      "reward_critic_loss": 0.007059494964778423,
      "cost_critic_loss": 0.000221396388951689,
      "reward_critic_loss_last": 0.005551893264055252,
      "cost_critic_loss_last": 0.00023945157590787858,
      "critic_epochs": 8,
      "daily_voltage_cost": 0.0,
      "daily_voltage_cost_raw": 0.0,
      "daily_voltage_cost_normalized": 0.0,
      "daily_economic_return_raw_yuan": -3595627.75,
      "daily_economic_return_normalized": -1.1408517360687256,
      "daily_economic_cost_raw_yuan": 3595627.75,
      "economic_reward_scale_yuan": 3151704.8194007874,
      "lagrange_multiplier": 0.0,
      "cost_budget": 1.0,
      "cost_budget_raw": 0.02,
      "cost_budget_normalized": 1.0,
      "algorithm_cost_mode": "fixed_penalty",
      "fixed_cost_penalty_coef": 10.0,
      "log_std_max": -2.3,
      "rollout_wall_seconds": 1.2910249307751656,
      "update_wall_seconds": 0.49589670449495316,
      "total_wall_seconds": 1.786923611536622
    },
    {
      "update": 697,
      "algorithm": "mappo_penalty",
      "actor_loss": 0.0921238511800766,
      "reward_critic_loss": 0.004441835917532444,
      "cost_critic_loss": 0.0007469571428373456,
      "reward_critic_loss_last": 0.00435312744230032,
      "cost_critic_loss_last": 0.0007108398713171482,
      "critic_epochs": 8,
      "daily_voltage_cost": 0.0,
      "daily_voltage_cost_raw": 0.0,
      "daily_voltage_cost_normalized": 0.0,
      "daily_economic_return_raw_yuan": -3413393.5,
      "daily_economic_return_normalized": -1.0830308198928833,
      "daily_economic_cost_raw_yuan": 3413393.5,
      "economic_reward_scale_yuan": 3151704.8194007874,
      "lagrange_multiplier": 0.0,
      "cost_budget": 1.0,
      "cost_budget_raw": 0.02,
      "cost_budget_normalized": 1.0,
      "algorithm_cost_mode": "fixed_penalty",
      "fixed_cost_penalty_coef": 10.0,
      "log_std_max": -2.3,
      "rollout_wall_seconds": 1.4468932002782822,
      "update_wall_seconds": 0.49268721230328083,
      "total_wall_seconds": 1.9395822994410992
    },
    {
      "update": 698,
      "algorithm": "mappo_penalty",
      "actor_loss": 0.09226849675178528,
      "reward_critic_loss": 0.004607733339071274,
      "cost_critic_loss": 0.0009244676912203431,
      "reward_critic_loss_last": 0.004328089766204357,
      "cost_critic_loss_last": 0.0008778967312537134,
      "critic_epochs": 8,
      "daily_voltage_cost": 5.4237618314800784e-05,
      "daily_voltage_cost_raw": 5.4237618314800784e-05,
      "daily_voltage_cost_normalized": 0.0027118809521198273,
      "daily_economic_return_raw_yuan": -3356191.5,
      "daily_economic_return_normalized": -1.0648813247680664,
      "daily_economic_cost_raw_yuan": 3356191.5,
      "economic_reward_scale_yuan": 3151704.8194007874,
      "lagrange_multiplier": 0.0,
      "cost_budget": 1.0,
      "cost_budget_raw": 0.02,
      "cost_budget_normalized": 1.0,
      "algorithm_cost_mode": "fixed_penalty",
      "fixed_cost_penalty_coef": 10.0,
      "log_std_max": -2.3,
      "rollout_wall_seconds": 1.3622483145445585,
      "update_wall_seconds": 0.4770721700042486,
      "total_wall_seconds": 1.8393225129693747
    },
    {
      "update": 699,
      "algorithm": "mappo_penalty",
      "actor_loss": 0.09219731390476227,
      "reward_critic_loss": 0.007326996885240078,
      "cost_critic_loss": 0.10139923542737961,
      "reward_critic_loss_last": 0.005244094412773848,
      "cost_critic_loss_last": 0.09966649860143661,
      "critic_epochs": 8,
      "daily_voltage_cost": 0.005712656769901514,
      "daily_voltage_cost_raw": 0.005712656769901514,
      "daily_voltage_cost_normalized": 0.285632848739624,
      "daily_economic_return_raw_yuan": -3788351.0,
      "daily_economic_return_normalized": -1.202000617980957,
      "daily_economic_cost_raw_yuan": 3788351.0,
      "economic_reward_scale_yuan": 3151704.8194007874,
      "lagrange_multiplier": 0.0,
      "cost_budget": 1.0,
      "cost_budget_raw": 0.02,
      "cost_budget_normalized": 1.0,
      "algorithm_cost_mode": "fixed_penalty",
      "fixed_cost_penalty_coef": 10.0,
      "log_std_max": -2.3,
      "rollout_wall_seconds": 1.3033783677965403,
      "update_wall_seconds": 0.4663451761007309,
      "total_wall_seconds": 1.7697256430983543
    },
    {
      "update": 700,
      "algorithm": "mappo_penalty",
      "actor_loss": 0.0918906033039093,
      "reward_critic_loss": 0.002932415809482336,
      "cost_critic_loss": 0.0018850251799449325,
      "reward_critic_loss_last": 0.003025621874257922,
      "cost_critic_loss_last": 0.00209804973565042,
      "critic_epochs": 8,
      "daily_voltage_cost": 0.0005517326644621789,
      "daily_voltage_cost_raw": 0.0005517326644621789,
      "daily_voltage_cost_normalized": 0.02758663333952427,
      "daily_economic_return_raw_yuan": -3304404.75,
      "daily_economic_return_normalized": -1.048449993133545,
      "daily_economic_cost_raw_yuan": 3304404.75,
      "economic_reward_scale_yuan": 3151704.8194007874,
      "lagrange_multiplier": 0.0,
      "cost_budget": 1.0,
      "cost_budget_raw": 0.02,
      "cost_budget_normalized": 1.0,
      "algorithm_cost_mode": "fixed_penalty",
      "fixed_cost_penalty_coef": 10.0,
      "log_std_max": -2.3,
      "rollout_wall_seconds": 1.3581660240888596,
      "update_wall_seconds": 0.4601262956857681,
      "total_wall_seconds": 1.8182941190898418
    },
    {
      "update": 701,
      "algorithm": "mappo_penalty",
      "actor_loss": 0.09150738269090652,
      "reward_critic_loss": 0.005730039905756712,
      "cost_critic_loss": 0.00302391080185771,
      "reward_critic_loss_last": 0.004768448881804943,
      "cost_critic_loss_last": 0.002917487872764468,
      "critic_epochs": 8,
      "daily_voltage_cost": 0.00039428789750672877,
      "daily_voltage_cost_raw": 0.00039428789750672877,
      "daily_voltage_cost_normalized": 0.019714394584298134,
      "daily_economic_return_raw_yuan": -3252294.75,
      "daily_economic_return_normalized": -1.0319160223007202,
      "daily_economic_cost_raw_yuan": 3252294.75,
      "economic_reward_scale_yuan": 3151704.8194007874,
      "lagrange_multiplier": 0.0,
      "cost_budget": 1.0,
      "cost_budget_raw": 0.02,
      "cost_budget_normalized": 1.0,
      "algorithm_cost_mode": "fixed_penalty",
      "fixed_cost_penalty_coef": 10.0,
      "log_std_max": -2.3,
      "rollout_wall_seconds": 1.3784578870981932,
      "update_wall_seconds": 0.46653479151427746,
      "total_wall_seconds": 1.8449948783963919
    },
    {
      "update": 702,
      "algorithm": "mappo_penalty",
      "actor_loss": 0.09247110784053802,
      "reward_critic_loss": 0.003847748739644885,
      "cost_critic_loss": 0.0007875408045947552,
      "reward_critic_loss_last": 0.0034616845659911633,
      "cost_critic_loss_last": 0.0006368473987095058,
      "critic_epochs": 8,
      "daily_voltage_cost": 0.0,
      "daily_voltage_cost_raw": 0.0,
      "daily_voltage_cost_normalized": 0.0,
      "daily_economic_return_raw_yuan": -3447518.5,
      "daily_economic_return_normalized": -1.0938583612442017,
      "daily_economic_cost_raw_yuan": 3447518.5,
      "economic_reward_scale_yuan": 3151704.8194007874,
      "lagrange_multiplier": 0.0,
      "cost_budget": 1.0,
      "cost_budget_raw": 0.02,
      "cost_budget_normalized": 1.0,
      "algorithm_cost_mode": "fixed_penalty",
      "fixed_cost_penalty_coef": 10.0,
      "log_std_max": -2.3,
      "rollout_wall_seconds": 1.3444340955466032,
      "update_wall_seconds": 0.4785947035998106,
      "total_wall_seconds": 1.8230307195335627
    },
    {
      "update": 703,
      "algorithm": "mappo_penalty",
      "actor_loss": 0.09193278849124908,
      "reward_critic_loss": 0.004724595230072737,
      "cost_critic_loss": 0.0008745095692574978,
      "reward_critic_loss_last": 0.004226339980959892,
      "cost_critic_loss_last": 0.0008565429598093033,
      "critic_epochs": 8,
      "daily_voltage_cost": 0.0,
      "daily_voltage_cost_raw": 0.0,
      "daily_voltage_cost_normalized": 0.0,
      "daily_economic_return_raw_yuan": -3414403.75,
      "daily_economic_return_normalized": -1.0833513736724854,
      "daily_economic_cost_raw_yuan": 3414403.75,
      "economic_reward_scale_yuan": 3151704.8194007874,
      "lagrange_multiplier": 0.0,
      "cost_budget": 1.0,
      "cost_budget_raw": 0.02,
      "cost_budget_normalized": 1.0,
      "algorithm_cost_mode": "fixed_penalty",
      "fixed_cost_penalty_coef": 10.0,
      "log_std_max": -2.3,
      "rollout_wall_seconds": 1.4146008901298046,
      "update_wall_seconds": 0.46611482836306095,
      "total_wall_seconds": 1.88071752153337
    },
    {
      "update": 704,
      "algorithm": "mappo_penalty",
      "actor_loss": 0.09083281457424164,
      "reward_critic_loss": 0.004396081902086735,
      "cost_critic_loss": 0.0006776193040423095,
      "reward_critic_loss_last": 0.0033595748245716095,
      "cost_critic_loss_last": 0.0006507760845124722,
      "critic_epochs": 8,
      "daily_voltage_cost": 0.0,
      "daily_voltage_cost_raw": 0.0,
      "daily_voltage_cost_normalized": 0.0,
      "daily_economic_return_raw_yuan": -3385875.0,
      "daily_economic_return_normalized": -1.0742995738983154,
      "daily_economic_cost_raw_yuan": 3385875.0,
      "economic_reward_scale_yuan": 3151704.8194007874,
      "lagrange_multiplier": 0.0,
      "cost_budget": 1.0,
      "cost_budget_raw": 0.02,
      "cost_budget_normalized": 1.0,
      "algorithm_cost_mode": "fixed_penalty",
      "fixed_cost_penalty_coef": 10.0,
      "log_std_max": -2.3,
      "rollout_wall_seconds": 1.3269878812134266,
      "update_wall_seconds": 0.4698527306318283,
      "total_wall_seconds": 1.7968422882258892
    },
    {
      "update": 705,
      "algorithm": "mappo_penalty",
      "actor_loss": 0.09260205924510956,
      "reward_critic_loss": 0.003604415338486433,
      "cost_critic_loss": 0.0007852427661418915,
      "reward_critic_loss_last": 0.002835669321939349,
      "cost_critic_loss_last": 0.0007428619428537786,
      "critic_epochs": 8,
      "daily_voltage_cost": 4.3703243136405945e-05,
      "daily_voltage_cost_raw": 4.3703243136405945e-05,
      "daily_voltage_cost_normalized": 0.0021851621568202972,
      "daily_economic_return_raw_yuan": -3242637.0,
      "daily_economic_return_normalized": -1.0288517475128174,
      "daily_economic_cost_raw_yuan": 3242637.0,
      "economic_reward_scale_yuan": 3151704.8194007874,
      "lagrange_multiplier": 0.0,
      "cost_budget": 1.0,
      "cost_budget_raw": 0.02,
      "cost_budget_normalized": 1.0,
      "algorithm_cost_mode": "fixed_penalty",
      "fixed_cost_penalty_coef": 10.0,
      "log_std_max": -2.3,
      "rollout_wall_seconds": 1.3237060122191906,
      "update_wall_seconds": 0.4656390231102705,
      "total_wall_seconds": 1.789346979930997
    },
    {
      "update": 706,
      "algorithm": "mappo_penalty",
      "actor_loss": 0.09117469191551208,
      "reward_critic_loss": 0.00578696746379137,
      "cost_critic_loss": 0.0002863007830455899,
      "reward_critic_loss_last": 0.005312234163284302,
      "cost_critic_loss_last": 0.0002793766325339675,
      "critic_epochs": 8,
      "daily_voltage_cost": 0.0,
      "daily_voltage_cost_raw": 0.0,
      "daily_voltage_cost_normalized": 0.0,
      "daily_economic_return_raw_yuan": -3493081.5,
      "daily_economic_return_normalized": -1.1083149909973145,
      "daily_economic_cost_raw_yuan": 3493081.5,
      "economic_reward_scale_yuan": 3151704.8194007874,
      "lagrange_multiplier": 0.0,
      "cost_budget": 1.0,
      "cost_budget_raw": 0.02,
      "cost_budget_normalized": 1.0,
      "algorithm_cost_mode": "fixed_penalty",
      "fixed_cost_penalty_coef": 10.0,
      "log_std_max": -2.3,
      "rollout_wall_seconds": 1.3662469573318958,
      "update_wall_seconds": 0.45818275213241577,
      "total_wall_seconds": 1.824431547895074
    },
    {
      "update": 707,
      "algorithm": "mappo_penalty",
      "actor_loss": 0.09247422963380814,
      "reward_critic_loss": 0.004433635156601667,
      "cost_critic_loss": 0.005355691071599722,
      "reward_critic_loss_last": 0.004009508527815342,
      "cost_critic_loss_last": 0.005290004890412092,
      "critic_epochs": 8,
      "daily_voltage_cost": 0.0010369467781856656,
      "daily_voltage_cost_raw": 0.0010369467781856656,
      "daily_voltage_cost_normalized": 0.05184733867645264,
      "daily_economic_return_raw_yuan": -3545028.0,
      "daily_economic_return_normalized": -1.124796986579895,
      "daily_economic_cost_raw_yuan": 3545028.0,
      "economic_reward_scale_yuan": 3151704.8194007874,
      "lagrange_multiplier": 0.0,
      "cost_budget": 1.0,
      "cost_budget_raw": 0.02,
      "cost_budget_normalized": 1.0,
      "algorithm_cost_mode": "fixed_penalty",
      "fixed_cost_penalty_coef": 10.0,
      "log_std_max": -2.3,
      "rollout_wall_seconds": 1.334806079044938,
      "update_wall_seconds": 0.4847739264369011,
      "total_wall_seconds": 1.8195818923413754
    },
    {
      "update": 708,
      "algorithm": "mappo_penalty",
      "actor_loss": 0.09178055077791214,
      "reward_critic_loss": 0.003509360831230879,
      "cost_critic_loss": 0.0005854238988831639,
      "reward_critic_loss_last": 0.003316673915833235,
      "cost_critic_loss_last": 0.0005701303598470986,
      "critic_epochs": 8,
      "daily_voltage_cost": 0.0,
      "daily_voltage_cost_raw": 0.0,
      "daily_voltage_cost_normalized": 0.0,
      "daily_economic_return_raw_yuan": -3379123.25,
      "daily_economic_return_normalized": -1.0721572637557983,
      "daily_economic_cost_raw_yuan": 3379123.25,
      "economic_reward_scale_yuan": 3151704.8194007874,
      "lagrange_multiplier": 0.0,
      "cost_budget": 1.0,
      "cost_budget_raw": 0.02,
      "cost_budget_normalized": 1.0,
      "algorithm_cost_mode": "fixed_penalty",
      "fixed_cost_penalty_coef": 10.0,
      "log_std_max": -2.3,
      "rollout_wall_seconds": 1.2655890546739101,
      "update_wall_seconds": 0.4681142959743738,
      "total_wall_seconds": 1.7337053325027227
    },
    {
      "update": 709,
      "algorithm": "mappo_penalty",
      "actor_loss": 0.09236064553260803,
      "reward_critic_loss": 0.0032541060354560614,
      "cost_critic_loss": 0.0022142017260193825,
      "reward_critic_loss_last": 0.003033312736079097,
      "cost_critic_loss_last": 0.002202012110501528,
      "critic_epochs": 8,
      "daily_voltage_cost": 0.0004771961539518088,
      "daily_voltage_cost_raw": 0.0004771961539518088,
      "daily_voltage_cost_normalized": 0.02385980822145939,
      "daily_economic_return_raw_yuan": -3389763.75,
      "daily_economic_return_normalized": -1.075533390045166,
      "daily_economic_cost_raw_yuan": 3389763.75,
      "economic_reward_scale_yuan": 3151704.8194007874,
      "lagrange_multiplier": 0.0,
      "cost_budget": 1.0,
      "cost_budget_raw": 0.02,
      "cost_budget_normalized": 1.0,
      "algorithm_cost_mode": "fixed_penalty",
      "fixed_cost_penalty_coef": 10.0,
      "log_std_max": -2.3,
      "rollout_wall_seconds": 1.2675627786666155,
      "update_wall_seconds": 0.4660129677504301,
      "total_wall_seconds": 1.7335775848478079
    },
    {
      "update": 710,
      "algorithm": "mappo_penalty",
      "actor_loss": 0.09157170355319977,
      "reward_critic_loss": 0.005196513142436743,
      "cost_critic_loss": 0.0007605522405356169,
      "reward_critic_loss_last": 0.0048589883372187614,
      "cost_critic_loss_last": 0.0007579622324556112,
      "critic_epochs": 8,
      "daily_voltage_cost": 5.700732072000392e-05,
      "daily_voltage_cost_raw": 5.700732072000392e-05,
      "daily_voltage_cost_normalized": 0.0028503660578280687,
      "daily_economic_return_raw_yuan": -3450948.5,
      "daily_economic_return_normalized": -1.0949466228485107,
      "daily_economic_cost_raw_yuan": 3450948.5,
      "economic_reward_scale_yuan": 3151704.8194007874,
      "lagrange_multiplier": 0.0,
      "cost_budget": 1.0,
      "cost_budget_raw": 0.02,
      "cost_budget_normalized": 1.0,
      "algorithm_cost_mode": "fixed_penalty",
      "fixed_cost_penalty_coef": 10.0,
      "log_std_max": -2.3,
      "rollout_wall_seconds": 1.4513605292886496,
      "update_wall_seconds": 0.46488845720887184,
      "total_wall_seconds": 1.9162508603185415
    },
    {
      "update": 711,
      "algorithm": "mappo_penalty",
      "actor_loss": 0.09136034548282623,
      "reward_critic_loss": 0.005174574442207813,
      "cost_critic_loss": 0.0009561236947774887,
      "reward_critic_loss_last": 0.004808561876416206,
      "cost_critic_loss_last": 0.000881943735294044,
      "critic_epochs": 8,
      "daily_voltage_cost": 1.3281400242703967e-05,
      "daily_voltage_cost_raw": 1.3281400242703967e-05,
      "daily_voltage_cost_normalized": 0.0006640700157731771,
      "daily_economic_return_raw_yuan": -3488314.5,
      "daily_economic_return_normalized": -1.1068024635314941,
      "daily_economic_cost_raw_yuan": 3488314.5,
      "economic_reward_scale_yuan": 3151704.8194007874,
      "lagrange_multiplier": 0.0,
      "cost_budget": 1.0,
      "cost_budget_raw": 0.02,
      "cost_budget_normalized": 1.0,
      "algorithm_cost_mode": "fixed_penalty",
      "fixed_cost_penalty_coef": 10.0,
      "log_std_max": -2.3,
      "rollout_wall_seconds": 1.3432454112917185,
      "update_wall_seconds": 0.45814018696546555,
      "total_wall_seconds": 1.8013873118907213
    },
    {
      "update": 712,
      "algorithm": "mappo_penalty",
      "actor_loss": 0.09197568148374557,
      "reward_critic_loss": 0.0046011097729206085,
      "cost_critic_loss": 0.0005864035338163376,
      "reward_critic_loss_last": 0.004384617321193218,
      "cost_critic_loss_last": 0.000585853704251349,
      "critic_epochs": 8,
      "daily_voltage_cost": 0.00010589206794975325,
      "daily_voltage_cost_raw": 0.00010589206794975325,
      "daily_voltage_cost_normalized": 0.0052946037612855434,
      "daily_economic_return_raw_yuan": -3448260.25,
      "daily_economic_return_normalized": -1.094093680381775,
      "daily_economic_cost_raw_yuan": 3448260.25,
      "economic_reward_scale_yuan": 3151704.8194007874,
      "lagrange_multiplier": 0.0,
      "cost_budget": 1.0,
      "cost_budget_raw": 0.02,
      "cost_budget_normalized": 1.0,
      "algorithm_cost_mode": "fixed_penalty",
      "fixed_cost_penalty_coef": 10.0,
      "log_std_max": -2.3,
      "rollout_wall_seconds": 1.245258403941989,
      "update_wall_seconds": 0.46055101975798607,
      "total_wall_seconds": 1.7058112677186728
    },
    {
      "update": 713,
      "algorithm": "mappo_penalty",
      "actor_loss": 0.09208489954471588,
      "reward_critic_loss": 0.003895515576004982,
      "cost_critic_loss": 0.0008075077785179019,
      "reward_critic_loss_last": 0.003564464394003153,
      "cost_critic_loss_last": 0.0007891954155638814,
      "critic_epochs": 8,
      "daily_voltage_cost": 0.00014005808043293655,
      "daily_voltage_cost_raw": 0.00014005808043293655,
      "daily_voltage_cost_normalized": 0.007002904079854488,
      "daily_economic_return_raw_yuan": -3451177.75,
      "daily_economic_return_normalized": -1.0950193405151367,
      "daily_economic_cost_raw_yuan": 3451177.75,
      "economic_reward_scale_yuan": 3151704.8194007874,
      "lagrange_multiplier": 0.0,
      "cost_budget": 1.0,
      "cost_budget_raw": 0.02,
      "cost_budget_normalized": 1.0,
      "algorithm_cost_mode": "fixed_penalty",
      "fixed_cost_penalty_coef": 10.0,
      "log_std_max": -2.3,
      "rollout_wall_seconds": 1.1910342909395695,
      "update_wall_seconds": 0.45683121494948864,
      "total_wall_seconds": 1.6478672865778208
    },
    {
      "update": 714,
      "algorithm": "mappo_penalty",
      "actor_loss": 0.09114494919776917,
      "reward_critic_loss": 0.00453933235257864,
      "cost_critic_loss": 0.0002515309024602175,
      "reward_critic_loss_last": 0.0044887433759868145,
      "cost_critic_loss_last": 0.00024864531587809324,
      "critic_epochs": 8,
      "daily_voltage_cost": 0.0,
      "daily_voltage_cost_raw": 0.0,
      "daily_voltage_cost_normalized": 0.0,
      "daily_economic_return_raw_yuan": -3346841.5,
      "daily_economic_return_normalized": -1.0619146823883057,
      "daily_economic_cost_raw_yuan": 3346841.5,
      "economic_reward_scale_yuan": 3151704.8194007874,
      "lagrange_multiplier": 0.0,
      "cost_budget": 1.0,
      "cost_budget_raw": 0.02,
      "cost_budget_normalized": 1.0,
      "algorithm_cost_mode": "fixed_penalty",
      "fixed_cost_penalty_coef": 10.0,
      "log_std_max": -2.3,
      "rollout_wall_seconds": 1.237689319998026,
      "update_wall_seconds": 0.4717296250164509,
      "total_wall_seconds": 1.7094207685440779
    },
    {
      "update": 715,
      "algorithm": "mappo_penalty",
      "actor_loss": 0.0923084020614624,
      "reward_critic_loss": 0.005422726273536682,
      "cost_critic_loss": 0.00038442827644757926,
      "reward_critic_loss_last": 0.004605018999427557,
      "cost_critic_loss_last": 0.0003772979835048318,
      "critic_epochs": 8,
      "daily_voltage_cost": 0.0,
      "daily_voltage_cost_raw": 0.0,
      "daily_voltage_cost_normalized": 0.0,
      "daily_economic_return_raw_yuan": -3584379.5,
      "daily_economic_return_normalized": -1.1372827291488647,
      "daily_economic_cost_raw_yuan": 3584379.5,
      "economic_reward_scale_yuan": 3151704.8194007874,
      "lagrange_multiplier": 0.0,
      "cost_budget": 1.0,
      "cost_budget_raw": 0.02,
      "cost_budget_normalized": 1.0,
      "algorithm_cost_mode": "fixed_penalty",
      "fixed_cost_penalty_coef": 10.0,
      "log_std_max": -2.3,
      "rollout_wall_seconds": 1.3036395963281393,
      "update_wall_seconds": 0.4664085377007723,
      "total_wall_seconds": 1.770049899816513
    },
    {
      "update": 716,
      "algorithm": "mappo_penalty",
      "actor_loss": 0.09285200387239456,
      "reward_critic_loss": 0.004306148737668991,
      "cost_critic_loss": 0.00040392886148765683,
      "reward_critic_loss_last": 0.0041032228618860245,
      "cost_critic_loss_last": 0.0003979100729338825,
      "critic_epochs": 8,
      "daily_voltage_cost": 0.0,
      "daily_voltage_cost_raw": 0.0,
      "daily_voltage_cost_normalized": 0.0,
      "daily_economic_return_raw_yuan": -3527345.75,
      "daily_economic_return_normalized": -1.1191866397857666,
      "daily_economic_cost_raw_yuan": 3527345.75,
      "economic_reward_scale_yuan": 3151704.8194007874,
      "lagrange_multiplier": 0.0,
      "cost_budget": 1.0,
      "cost_budget_raw": 0.02,
      "cost_budget_normalized": 1.0,
      "algorithm_cost_mode": "fixed_penalty",
      "fixed_cost_penalty_coef": 10.0,
      "log_std_max": -2.3,
      "rollout_wall_seconds": 1.3524123765528202,
      "update_wall_seconds": 0.47594610415399075,
      "total_wall_seconds": 1.8283603452146053
    },
    {
      "update": 717,
      "algorithm": "mappo_penalty",
      "actor_loss": 0.09281789511442184,
      "reward_critic_loss": 0.006810805760324001,
      "cost_critic_loss": 0.0003019230207428336,
      "reward_critic_loss_last": 0.005503277759999037,
      "cost_critic_loss_last": 0.0002941470593214035,
      "critic_epochs": 8,
      "daily_voltage_cost": 0.0,
      "daily_voltage_cost_raw": 0.0,
      "daily_voltage_cost_normalized": 0.0,
      "daily_economic_return_raw_yuan": -3343705.0,
      "daily_economic_return_normalized": -1.0609195232391357,
      "daily_economic_cost_raw_yuan": 3343705.0,
      "economic_reward_scale_yuan": 3151704.8194007874,
      "lagrange_multiplier": 0.0,
      "cost_budget": 1.0,
      "cost_budget_raw": 0.02,
      "cost_budget_normalized": 1.0,
      "algorithm_cost_mode": "fixed_penalty",
      "fixed_cost_penalty_coef": 10.0,
      "log_std_max": -2.3,
      "rollout_wall_seconds": 1.306017629802227,
      "update_wall_seconds": 0.4813273400068283,
      "total_wall_seconds": 1.7873468957841396
    },
    {
      "update": 718,
      "algorithm": "mappo_penalty",
      "actor_loss": 0.09279964864253998,
      "reward_critic_loss": 0.0046507432125508785,
      "cost_critic_loss": 0.0046814121305942535,
      "reward_critic_loss_last": 0.004642438143491745,
      "cost_critic_loss_last": 0.004653252195566893,
      "critic_epochs": 8,
      "daily_voltage_cost": 0.000980715616606176,
      "daily_voltage_cost_raw": 0.000980715616606176,
      "daily_voltage_cost_normalized": 0.049035780131816864,
      "daily_economic_return_raw_yuan": -3372227.25,
      "daily_economic_return_normalized": -1.0699692964553833,
      "daily_economic_cost_raw_yuan": 3372227.25,
      "economic_reward_scale_yuan": 3151704.8194007874,
      "lagrange_multiplier": 0.0,
      "cost_budget": 1.0,
      "cost_budget_raw": 0.02,
      "cost_budget_normalized": 1.0,
      "algorithm_cost_mode": "fixed_penalty",
      "fixed_cost_penalty_coef": 10.0,
      "log_std_max": -2.3,
      "rollout_wall_seconds": 1.3455776181071997,
      "update_wall_seconds": 0.4422772880643606,
      "total_wall_seconds": 1.7878573276102543
    },
    {
      "update": 719,
      "algorithm": "mappo_penalty",
      "actor_loss": 0.09166917949914932,
      "reward_critic_loss": 0.006251094397157431,
      "cost_critic_loss": 0.0005710574332624674,
      "reward_critic_loss_last": 0.005617560353130102,
      "cost_critic_loss_last": 0.0005711884587071836,
      "critic_epochs": 8,
      "daily_voltage_cost": 0.0001807327353162691,
      "daily_voltage_cost_raw": 0.0001807327353162691,
      "daily_voltage_cost_normalized": 0.009036636911332607,
      "daily_economic_return_raw_yuan": -3376484.5,
      "daily_economic_return_normalized": -1.0713200569152832,
      "daily_economic_cost_raw_yuan": 3376484.5,
      "economic_reward_scale_yuan": 3151704.8194007874,
      "lagrange_multiplier": 0.0,
      "cost_budget": 1.0,
      "cost_budget_raw": 0.02,
      "cost_budget_normalized": 1.0,
      "algorithm_cost_mode": "fixed_penalty",
      "fixed_cost_penalty_coef": 10.0,
      "log_std_max": -2.3,
      "rollout_wall_seconds": 1.3245394695550203,
      "update_wall_seconds": 0.4165660906583071,
      "total_wall_seconds": 1.7411071248352528
    },
    {
      "update": 720,
      "algorithm": "mappo_penalty",
      "actor_loss": 0.09309100359678268,
      "reward_critic_loss": 0.00476426025852561,
      "cost_critic_loss": 0.0011655292473733425,
      "reward_critic_loss_last": 0.004710647277534008,
      "cost_critic_loss_last": 0.0011599970748648047,
      "critic_epochs": 8,
      "daily_voltage_cost": 0.00025408423971384764,
      "daily_voltage_cost_raw": 0.00025408423971384764,
      "daily_voltage_cost_normalized": 0.012704212218523026,
      "daily_economic_return_raw_yuan": -3334569.25,
      "daily_economic_return_normalized": -1.058020830154419,
      "daily_economic_cost_raw_yuan": 3334569.25,
      "economic_reward_scale_yuan": 3151704.8194007874,
      "lagrange_multiplier": 0.0,
      "cost_budget": 1.0,
      "cost_budget_raw": 0.02,
      "cost_budget_normalized": 1.0,
      "algorithm_cost_mode": "fixed_penalty",
      "fixed_cost_penalty_coef": 10.0,
      "log_std_max": -2.3,
      "rollout_wall_seconds": 1.227572474628687,
      "update_wall_seconds": 0.44867582619190216,
      "total_wall_seconds": 1.676250133663416
    },
    {
      "update": 721,
      "algorithm": "mappo_penalty",
      "actor_loss": 0.09263886511325836,
      "reward_critic_loss": 0.0058139776811003685,
      "cost_critic_loss": 0.0005360007053241134,
      "reward_critic_loss_last": 0.0053735519759356976,
      "cost_critic_loss_last": 0.0005076228408142924,
      "critic_epochs": 8,
      "daily_voltage_cost": 0.0,
      "daily_voltage_cost_raw": 0.0,
      "daily_voltage_cost_normalized": 0.0,
      "daily_economic_return_raw_yuan": -3390132.75,
      "daily_economic_return_normalized": -1.0756504535675049,
      "daily_economic_cost_raw_yuan": 3390132.75,
      "economic_reward_scale_yuan": 3151704.8194007874,
      "lagrange_multiplier": 0.0,
      "cost_budget": 1.0,
      "cost_budget_raw": 0.02,
      "cost_budget_normalized": 1.0,
      "algorithm_cost_mode": "fixed_penalty",
      "fixed_cost_penalty_coef": 10.0,
      "log_std_max": -2.3,
      "rollout_wall_seconds": 1.314487036317587,
      "update_wall_seconds": 0.4548033941537142,
      "total_wall_seconds": 1.769292676821351
    },
    {
      "update": 722,
      "algorithm": "mappo_penalty",
      "actor_loss": 0.0928727462887764,
      "reward_critic_loss": 0.004995959810912609,
      "cost_critic_loss": 0.0008707956876605749,
      "reward_critic_loss_last": 0.004708526190370321,
      "cost_critic_loss_last": 0.0008499665418639779,
      "critic_epochs": 8,
      "daily_voltage_cost": 0.0001477245968999341,
      "daily_voltage_cost_raw": 0.0001477245968999341,
      "daily_voltage_cost_normalized": 0.007386229932308197,
      "daily_economic_return_raw_yuan": -3289771.5,
      "daily_economic_return_normalized": -1.043807029724121,
      "daily_economic_cost_raw_yuan": 3289771.5,
      "economic_reward_scale_yuan": 3151704.8194007874,
      "lagrange_multiplier": 0.0,
      "cost_budget": 1.0,
      "cost_budget_raw": 0.02,
      "cost_budget_normalized": 1.0,
      "algorithm_cost_mode": "fixed_penalty",
      "fixed_cost_penalty_coef": 10.0,
      "log_std_max": -2.3,
      "rollout_wall_seconds": 1.403578408062458,
      "update_wall_seconds": 0.45393543131649494,
      "total_wall_seconds": 1.85751579888165
    },
    {
      "update": 723,
      "algorithm": "mappo_penalty",
      "actor_loss": 0.09255532175302505,
      "reward_critic_loss": 0.004204615019261837,
      "cost_critic_loss": 0.00038848258554935455,
      "reward_critic_loss_last": 0.0033832318149507046,
      "cost_critic_loss_last": 0.00038387998938560486,
      "critic_epochs": 8,
      "daily_voltage_cost": 0.0,
      "daily_voltage_cost_raw": 0.0,
      "daily_voltage_cost_normalized": 0.0,
      "daily_economic_return_raw_yuan": -3199185.75,
      "daily_economic_return_normalized": -1.0150651931762695,
      "daily_economic_cost_raw_yuan": 3199185.75,
      "economic_reward_scale_yuan": 3151704.8194007874,
      "lagrange_multiplier": 0.0,
      "cost_budget": 1.0,
      "cost_budget_raw": 0.02,
      "cost_budget_normalized": 1.0,
      "algorithm_cost_mode": "fixed_penalty",
      "fixed_cost_penalty_coef": 10.0,
      "log_std_max": -2.3,
      "rollout_wall_seconds": 1.3371344078332186,
      "update_wall_seconds": 0.44960217736661434,
      "total_wall_seconds": 1.786738283932209
    },
    {
      "update": 724,
      "algorithm": "mappo_penalty",
      "actor_loss": 0.09338013082742691,
      "reward_critic_loss": 0.005783979780972004,
      "cost_critic_loss": 0.00046874347026459873,
      "reward_critic_loss_last": 0.00481684785336256,
      "cost_critic_loss_last": 0.0004620449326466769,
      "critic_epochs": 8,
      "daily_voltage_cost": 1.282523589907214e-05,
      "daily_voltage_cost_raw": 1.282523589907214e-05,
      "daily_voltage_cost_normalized": 0.0006412618095055223,
      "daily_economic_return_raw_yuan": -3382354.0,
      "daily_economic_return_normalized": -1.0731823444366455,
      "daily_economic_cost_raw_yuan": 3382354.0,
      "economic_reward_scale_yuan": 3151704.8194007874,
      "lagrange_multiplier": 0.0,
      "cost_budget": 1.0,
      "cost_budget_raw": 0.02,
      "cost_budget_normalized": 1.0,
      "algorithm_cost_mode": "fixed_penalty",
      "fixed_cost_penalty_coef": 10.0,
      "log_std_max": -2.3,
      "rollout_wall_seconds": 1.4080062117427588,
      "update_wall_seconds": 0.4638883415609598,
      "total_wall_seconds": 1.8718963265419006
    },
    {
      "update": 725,
      "algorithm": "mappo_penalty",
      "actor_loss": 0.09419651329517365,
      "reward_critic_loss": 0.006031970493495464,
      "cost_critic_loss": 0.00035136783844791353,
      "reward_critic_loss_last": 0.005881487391889095,
      "cost_critic_loss_last": 0.0003466654452495277,
      "critic_epochs": 8,
      "daily_voltage_cost": 0.0,
      "daily_voltage_cost_raw": 0.0,
      "daily_voltage_cost_normalized": 0.0,
      "daily_economic_return_raw_yuan": -3430868.5,
      "daily_economic_return_normalized": -1.0885754823684692,
      "daily_economic_cost_raw_yuan": 3430868.5,
      "economic_reward_scale_yuan": 3151704.8194007874,
      "lagrange_multiplier": 0.0,
      "cost_budget": 1.0,
      "cost_budget_raw": 0.02,
      "cost_budget_normalized": 1.0,
      "algorithm_cost_mode": "fixed_penalty",
      "fixed_cost_penalty_coef": 10.0,
      "log_std_max": -2.3,
      "rollout_wall_seconds": 1.3658290077000856,
      "update_wall_seconds": 0.458026509732008,
      "total_wall_seconds": 1.8238574713468552
    },
    {
      "update": 726,
      "algorithm": "mappo_penalty",
      "actor_loss": 0.09338141232728958,
      "reward_critic_loss": 0.004776972811669111,
      "cost_critic_loss": 0.0026279003359377384,
      "reward_critic_loss_last": 0.004540524445474148,
      "cost_critic_loss_last": 0.0025288150645792484,
      "critic_epochs": 8,
      "daily_voltage_cost": 0.0008167774649336934,
      "daily_voltage_cost_raw": 0.0008167774649336934,
      "daily_voltage_cost_normalized": 0.040838874876499176,
      "daily_economic_return_raw_yuan": -3476500.25,
      "daily_economic_return_normalized": -1.1030539274215698,
      "daily_economic_cost_raw_yuan": 3476500.25,
      "economic_reward_scale_yuan": 3151704.8194007874,
      "lagrange_multiplier": 0.0,
      "cost_budget": 1.0,
      "cost_budget_raw": 0.02,
      "cost_budget_normalized": 1.0,
      "algorithm_cost_mode": "fixed_penalty",
      "fixed_cost_penalty_coef": 10.0,
      "log_std_max": -2.3,
      "rollout_wall_seconds": 1.2441527415066957,
      "update_wall_seconds": 0.46302590891718864,
      "total_wall_seconds": 1.7071809340268373
    },
    {
      "update": 727,
      "algorithm": "mappo_penalty",
      "actor_loss": 0.09302841871976852,
      "reward_critic_loss": 0.005380322691053152,
      "cost_critic_loss": 0.0005918580573052168,
      "reward_critic_loss_last": 0.004626886919140816,
      "cost_critic_loss_last": 0.0006022839806973934,
      "critic_epochs": 8,
      "daily_voltage_cost": 2.888168864956242e-06,
      "daily_voltage_cost_raw": 2.888168864956242e-06,
      "daily_voltage_cost_normalized": 0.00014440844825003296,
      "daily_economic_return_raw_yuan": -3311934.0,
      "daily_economic_return_normalized": -1.0508389472961426,
      "daily_economic_cost_raw_yuan": 3311934.0,
      "economic_reward_scale_yuan": 3151704.8194007874,
      "lagrange_multiplier": 0.0,
      "cost_budget": 1.0,
      "cost_budget_raw": 0.02,
      "cost_budget_normalized": 1.0,
      "algorithm_cost_mode": "fixed_penalty",
      "fixed_cost_penalty_coef": 10.0,
      "log_std_max": -2.3,
      "rollout_wall_seconds": 1.2022850681096315,
      "update_wall_seconds": 0.48277402482926846,
      "total_wall_seconds": 1.6850608848035336
    },
    {
      "update": 728,
      "algorithm": "mappo_penalty",
      "actor_loss": 0.0932445153594017,
      "reward_critic_loss": 0.004509983584284782,
      "cost_critic_loss": 0.0014701341278851032,
      "reward_critic_loss_last": 0.004176772199571133,
      "cost_critic_loss_last": 0.0014318039175122976,
      "critic_epochs": 8,
      "daily_voltage_cost": 0.000389048655051738,
      "daily_voltage_cost_raw": 0.000389048655051738,
      "daily_voltage_cost_normalized": 0.01945243403315544,
      "daily_economic_return_raw_yuan": -3400053.0,
      "daily_economic_return_normalized": -1.0787980556488037,
      "daily_economic_cost_raw_yuan": 3400053.0,
      "economic_reward_scale_yuan": 3151704.8194007874,
      "lagrange_multiplier": 0.0,
      "cost_budget": 1.0,
      "cost_budget_raw": 0.02,
      "cost_budget_normalized": 1.0,
      "algorithm_cost_mode": "fixed_penalty",
      "fixed_cost_penalty_coef": 10.0,
      "log_std_max": -2.3,
      "rollout_wall_seconds": 1.3652046099305153,
      "update_wall_seconds": 0.4618677292019129,
      "total_wall_seconds": 1.8270739298313856
    },
    {
      "update": 729,
      "algorithm": "mappo_penalty",
      "actor_loss": 0.09306508302688599,
      "reward_critic_loss": 0.004653205629438162,
      "cost_critic_loss": 0.0003792204079218209,
      "reward_critic_loss_last": 0.003804149106144905,
      "cost_critic_loss_last": 0.0003645358083304018,
      "critic_epochs": 8,
      "daily_voltage_cost": 0.00012138899182900786,
      "daily_voltage_cost_raw": 0.00012138899182900786,
      "daily_voltage_cost_normalized": 0.006069449707865715,
      "daily_economic_return_raw_yuan": -3556706.25,
      "daily_economic_return_normalized": -1.128502368927002,
      "daily_economic_cost_raw_yuan": 3556706.25,
      "economic_reward_scale_yuan": 3151704.8194007874,
      "lagrange_multiplier": 0.0,
      "cost_budget": 1.0,
      "cost_budget_raw": 0.02,
      "cost_budget_normalized": 1.0,
      "algorithm_cost_mode": "fixed_penalty",
      "fixed_cost_penalty_coef": 10.0,
      "log_std_max": -2.3,
      "rollout_wall_seconds": 1.3344000857323408,
      "update_wall_seconds": 0.45861712470650673,
      "total_wall_seconds": 1.793019002303481
    },
    {
      "update": 730,
      "algorithm": "mappo_penalty",
      "actor_loss": 0.09417781978845596,
      "reward_critic_loss": 0.004598431289196014,
      "cost_critic_loss": 0.00026728835655376315,
      "reward_critic_loss_last": 0.0040067764930427074,
      "cost_critic_loss_last": 0.0002483070711605251,
      "critic_epochs": 8,
      "daily_voltage_cost": 0.0,
      "daily_voltage_cost_raw": 0.0,
      "daily_voltage_cost_normalized": 0.0,
      "daily_economic_return_raw_yuan": -3332994.0,
      "daily_economic_return_normalized": -1.0575209856033325,
      "daily_economic_cost_raw_yuan": 3332994.0,
      "economic_reward_scale_yuan": 3151704.8194007874,
      "lagrange_multiplier": 0.0,
      "cost_budget": 1.0,
      "cost_budget_raw": 0.02,
      "cost_budget_normalized": 1.0,
      "algorithm_cost_mode": "fixed_penalty",
      "fixed_cost_penalty_coef": 10.0,
      "log_std_max": -2.3,
      "rollout_wall_seconds": 1.3083053287118673,
      "update_wall_seconds": 0.44616508670151234,
      "total_wall_seconds": 1.7544722724705935
    },
    {
      "update": 731,
      "algorithm": "mappo_penalty",
      "actor_loss": 0.09343176335096359,
      "reward_critic_loss": 0.0064930240623652935,
      "cost_critic_loss": 0.008138534612953663,
      "reward_critic_loss_last": 0.0058460533618927,
      "cost_critic_loss_last": 0.008103210479021072,
      "critic_epochs": 8,
      "daily_voltage_cost": 0.001477317651733756,
      "daily_voltage_cost_raw": 0.001477317651733756,
      "daily_voltage_cost_normalized": 0.07386589050292969,
      "daily_economic_return_raw_yuan": -3233354.5,
      "daily_economic_return_normalized": -1.0259065628051758,
      "daily_economic_cost_raw_yuan": 3233354.5,
      "economic_reward_scale_yuan": 3151704.8194007874,
      "lagrange_multiplier": 0.0,
      "cost_budget": 1.0,
      "cost_budget_raw": 0.02,
      "cost_budget_normalized": 1.0,
      "algorithm_cost_mode": "fixed_penalty",
      "fixed_cost_penalty_coef": 10.0,
      "log_std_max": -2.3,
      "rollout_wall_seconds": 1.289367277175188,
      "update_wall_seconds": 0.4585342388600111,
      "total_wall_seconds": 1.7479031290858984
    },
    {
      "update": 732,
      "algorithm": "mappo_penalty",
      "actor_loss": 0.09319029748439789,
      "reward_critic_loss": 0.005451004020869732,
      "cost_critic_loss": 0.005080187227576971,
      "reward_critic_loss_last": 0.004850759636610746,
      "cost_critic_loss_last": 0.005034403409808874,
      "critic_epochs": 8,
      "daily_voltage_cost": 0.0011643014149740338,
      "daily_voltage_cost_raw": 0.0011643014149740338,
      "daily_voltage_cost_normalized": 0.05821507051587105,
      "daily_economic_return_raw_yuan": -3532437.5,
      "daily_economic_return_normalized": -1.1208021640777588,
      "daily_economic_cost_raw_yuan": 3532437.5,
      "economic_reward_scale_yuan": 3151704.8194007874,
      "lagrange_multiplier": 0.0,
      "cost_budget": 1.0,
      "cost_budget_raw": 0.02,
      "cost_budget_normalized": 1.0,
      "algorithm_cost_mode": "fixed_penalty",
      "fixed_cost_penalty_coef": 10.0,
      "log_std_max": -2.3,
      "rollout_wall_seconds": 1.4028177075088024,
      "update_wall_seconds": 0.45333955995738506,
      "total_wall_seconds": 1.8561590816825628
    },
    {
      "update": 733,
      "algorithm": "mappo_penalty",
      "actor_loss": 0.09345012158155441,
      "reward_critic_loss": 0.005413498263806105,
      "cost_critic_loss": 0.00074671272886917,
      "reward_critic_loss_last": 0.005365052260458469,
      "cost_critic_loss_last": 0.0006481341551989317,
      "critic_epochs": 8,
      "daily_voltage_cost": 7.268993613251951e-06,
      "daily_voltage_cost_raw": 7.268993613251951e-06,
      "daily_voltage_cost_normalized": 0.00036344968248158693,
      "daily_economic_return_raw_yuan": -3305890.5,
      "daily_economic_return_normalized": -1.0489213466644287,
      "daily_economic_cost_raw_yuan": 3305890.5,
      "economic_reward_scale_yuan": 3151704.8194007874,
      "lagrange_multiplier": 0.0,
      "cost_budget": 1.0,
      "cost_budget_raw": 0.02,
      "cost_budget_normalized": 1.0,
      "algorithm_cost_mode": "fixed_penalty",
      "fixed_cost_penalty_coef": 10.0,
      "log_std_max": -2.3,
      "rollout_wall_seconds": 1.2826262507587671,
      "update_wall_seconds": 0.4546465277671814,
      "total_wall_seconds": 1.737274520099163
    },
    {
      "update": 734,
      "algorithm": "mappo_penalty",
      "actor_loss": 0.09401478618383408,
      "reward_critic_loss": 0.0034654117189347744,
      "cost_critic_loss": 0.01650885120034218,
      "reward_critic_loss_last": 0.0032390840351581573,
      "cost_critic_loss_last": 0.015905769541859627,
      "critic_epochs": 8,
      "daily_voltage_cost": 0.0013619676465168595,
      "daily_voltage_cost_raw": 0.0013619676465168595,
      "daily_voltage_cost_normalized": 0.06809838116168976,
      "daily_economic_return_raw_yuan": -3460868.0,
      "daily_economic_return_normalized": -1.0980939865112305,
      "daily_economic_cost_raw_yuan": 3460868.0,
      "economic_reward_scale_yuan": 3151704.8194007874,
      "lagrange_multiplier": 0.0,
      "cost_budget": 1.0,
      "cost_budget_raw": 0.02,
      "cost_budget_normalized": 1.0,
      "algorithm_cost_mode": "fixed_penalty",
      "fixed_cost_penalty_coef": 10.0,
      "log_std_max": -2.3,
      "rollout_wall_seconds": 1.3810919728130102,
      "update_wall_seconds": 0.4598457142710686,
      "total_wall_seconds": 1.8409411255270243
    },
    {
      "update": 735,
      "algorithm": "mappo_penalty",
      "actor_loss": 0.09375673532485962,
      "reward_critic_loss": 0.0046998183242976665,
      "cost_critic_loss": 0.000359918805770576,
      "reward_critic_loss_last": 0.004570554010570049,
      "cost_critic_loss_last": 0.0005332799628376961,
      "critic_epochs": 8,
      "daily_voltage_cost": 0.0,
      "daily_voltage_cost_raw": 0.0,
      "daily_voltage_cost_normalized": 0.0,
      "daily_economic_return_raw_yuan": -3504901.5,
      "daily_economic_return_normalized": -1.112065315246582,
      "daily_economic_cost_raw_yuan": 3504901.5,
      "economic_reward_scale_yuan": 3151704.8194007874,
      "lagrange_multiplier": 0.0,
      "cost_budget": 1.0,
      "cost_budget_raw": 0.02,
      "cost_budget_normalized": 1.0,
      "algorithm_cost_mode": "fixed_penalty",
      "fixed_cost_penalty_coef": 10.0,
      "log_std_max": -2.3,
      "rollout_wall_seconds": 1.4360906351357698,
      "update_wall_seconds": 0.5422949828207493,
      "total_wall_seconds": 1.978387651965022
    },
    {
      "update": 736,
      "algorithm": "mappo_penalty",
      "actor_loss": 0.09300844371318817,
      "reward_critic_loss": 0.004837324842810631,
      "cost_critic_loss": 0.0008806960540823638,
      "reward_critic_loss_last": 0.004037451930344105,
      "cost_critic_loss_last": 0.0006223269156180322,
      "critic_epochs": 8,
      "daily_voltage_cost": 0.00020447389397304505,
      "daily_voltage_cost_raw": 0.00020447389397304505,
      "daily_voltage_cost_normalized": 0.010223695077002048,
      "daily_economic_return_raw_yuan": -3180833.0,
      "daily_economic_return_normalized": -1.009242057800293,
      "daily_economic_cost_raw_yuan": 3180833.0,
      "economic_reward_scale_yuan": 3151704.8194007874,
      "lagrange_multiplier": 0.0,
      "cost_budget": 1.0,
      "cost_budget_raw": 0.02,
      "cost_budget_normalized": 1.0,
      "algorithm_cost_mode": "fixed_penalty",
      "fixed_cost_penalty_coef": 10.0,
      "log_std_max": -2.3,
      "rollout_wall_seconds": 1.3909778948873281,
      "update_wall_seconds": 0.5038749929517508,
      "total_wall_seconds": 1.8948551248759031
    },
    {
      "update": 737,
      "algorithm": "mappo_penalty",
      "actor_loss": 0.09431245177984238,
      "reward_critic_loss": 0.004462599754333496,
      "cost_critic_loss": 0.0026556910015642643,
      "reward_critic_loss_last": 0.0043024942278862,
      "cost_critic_loss_last": 0.002697084564715624,
      "critic_epochs": 8,
      "daily_voltage_cost": 0.001021006260998547,
      "daily_voltage_cost_raw": 0.001021006260998547,
      "daily_voltage_cost_normalized": 0.05105031281709671,
      "daily_economic_return_raw_yuan": -3467860.75,
      "daily_economic_return_normalized": -1.1003127098083496,
      "daily_economic_cost_raw_yuan": 3467860.75,
      "economic_reward_scale_yuan": 3151704.8194007874,
      "lagrange_multiplier": 0.0,
      "cost_budget": 1.0,
      "cost_budget_raw": 0.02,
      "cost_budget_normalized": 1.0,
      "algorithm_cost_mode": "fixed_penalty",
      "fixed_cost_penalty_coef": 10.0,
      "log_std_max": -2.3,
      "rollout_wall_seconds": 1.4529899675399065,
      "update_wall_seconds": 0.5467648487538099,
      "total_wall_seconds": 1.9997571110725403
    },
    {
      "update": 738,
      "algorithm": "mappo_penalty",
      "actor_loss": 0.09312716871500015,
      "reward_critic_loss": 0.004373073112219572,
      "cost_critic_loss": 0.0003101506154052913,
      "reward_critic_loss_last": 0.004320208914577961,
      "cost_critic_loss_last": 0.00031006368226371706,
      "critic_epochs": 8,
      "daily_voltage_cost": 0.0,
      "daily_voltage_cost_raw": 0.0,
      "daily_voltage_cost_normalized": 0.0,
      "daily_economic_return_raw_yuan": -3450671.5,
      "daily_economic_return_normalized": -1.0948587656021118,
      "daily_economic_cost_raw_yuan": 3450671.5,
      "economic_reward_scale_yuan": 3151704.8194007874,
      "lagrange_multiplier": 0.0,
      "cost_budget": 1.0,
      "cost_budget_raw": 0.02,
      "cost_budget_normalized": 1.0,
      "algorithm_cost_mode": "fixed_penalty",
      "fixed_cost_penalty_coef": 10.0,
      "log_std_max": -2.3,
      "rollout_wall_seconds": 1.414575219154358,
      "update_wall_seconds": 0.4876834936439991,
      "total_wall_seconds": 1.9022606294602156
    },
    {
      "update": 739,
      "algorithm": "mappo_penalty",
      "actor_loss": 0.0931408479809761,
      "reward_critic_loss": 0.006082363426685333,
      "cost_critic_loss": 0.00041283544851467013,
      "reward_critic_loss_last": 0.005799159407615662,
      "cost_critic_loss_last": 0.0003924414049834013,
      "critic_epochs": 8,
      "daily_voltage_cost": 0.0,
      "daily_voltage_cost_raw": 0.0,
      "daily_voltage_cost_normalized": 0.0,
      "daily_economic_return_raw_yuan": -3281274.0,
      "daily_economic_return_normalized": -1.041110873222351,
      "daily_economic_cost_raw_yuan": 3281274.0,
      "economic_reward_scale_yuan": 3151704.8194007874,
      "lagrange_multiplier": 0.0,
      "cost_budget": 1.0,
      "cost_budget_raw": 0.02,
      "cost_budget_normalized": 1.0,
      "algorithm_cost_mode": "fixed_penalty",
      "fixed_cost_penalty_coef": 10.0,
      "log_std_max": -2.3,
      "rollout_wall_seconds": 0.9333152249455452,
      "update_wall_seconds": 0.4777309112250805,
      "total_wall_seconds": 1.4110481478273869
    },
    {
      "update": 740,
      "algorithm": "mappo_penalty",
      "actor_loss": 0.09302988648414612,
      "reward_critic_loss": 0.0041735973209142685,
      "cost_critic_loss": 0.0005472660413943231,
      "reward_critic_loss_last": 0.003764708526432514,
      "cost_critic_loss_last": 0.0005429026787169278,
      "critic_epochs": 8,
      "daily_voltage_cost": 0.00016412207332905382,
      "daily_voltage_cost_raw": 0.00016412207332905382,
      "daily_voltage_cost_normalized": 0.008206103928387165,
      "daily_economic_return_raw_yuan": -3425406.5,
      "daily_economic_return_normalized": -1.08684241771698,
      "daily_economic_cost_raw_yuan": 3425406.5,
      "economic_reward_scale_yuan": 3151704.8194007874,
      "lagrange_multiplier": 0.0,
      "cost_budget": 1.0,
      "cost_budget_raw": 0.02,
      "cost_budget_normalized": 1.0,
      "algorithm_cost_mode": "fixed_penalty",
      "fixed_cost_penalty_coef": 10.0,
      "log_std_max": -2.3,
      "rollout_wall_seconds": 0.872795021161437,
      "update_wall_seconds": 0.4848410226404667,
      "total_wall_seconds": 1.3576380833983421
    },
    {
      "update": 741,
      "algorithm": "mappo_penalty",
      "actor_loss": 0.0935276672244072,
      "reward_critic_loss": 0.004788397811353207,
      "cost_critic_loss": 0.0004900561179965734,
      "reward_critic_loss_last": 0.004165611229836941,
      "cost_critic_loss_last": 0.00047797331353649497,
      "critic_epochs": 8,
      "daily_voltage_cost": 0.0,
      "daily_voltage_cost_raw": 0.0,
      "daily_voltage_cost_normalized": 0.0,
      "daily_economic_return_raw_yuan": -3316755.25,
      "daily_economic_return_normalized": -1.0523686408996582,
      "daily_economic_cost_raw_yuan": 3316755.25,
      "economic_reward_scale_yuan": 3151704.8194007874,
      "lagrange_multiplier": 0.0,
      "cost_budget": 1.0,
      "cost_budget_raw": 0.02,
      "cost_budget_normalized": 1.0,
      "algorithm_cost_mode": "fixed_penalty",
      "fixed_cost_penalty_coef": 10.0,
      "log_std_max": -2.3,
      "rollout_wall_seconds": 1.3057074937969446,
      "update_wall_seconds": 0.4612578470259905,
      "total_wall_seconds": 1.7669673468917608
    },
    {
      "update": 742,
      "algorithm": "mappo_penalty",
      "actor_loss": 0.09271761029958725,
      "reward_critic_loss": 0.003965729381889105,
      "cost_critic_loss": 0.00018301582895219326,
      "reward_critic_loss_last": 0.004059262108057737,
      "cost_critic_loss_last": 0.00016683631110936403,
      "critic_epochs": 8,
      "daily_voltage_cost": 0.0,
      "daily_voltage_cost_raw": 0.0,
      "daily_voltage_cost_normalized": 0.0,
      "daily_economic_return_raw_yuan": -3390353.25,
      "daily_economic_return_normalized": -1.0757204294204712,
      "daily_economic_cost_raw_yuan": 3390353.25,
      "economic_reward_scale_yuan": 3151704.8194007874,
      "lagrange_multiplier": 0.0,
      "cost_budget": 1.0,
      "cost_budget_raw": 0.02,
      "cost_budget_normalized": 1.0,
      "algorithm_cost_mode": "fixed_penalty",
      "fixed_cost_penalty_coef": 10.0,
      "log_std_max": -2.3,
      "rollout_wall_seconds": 1.2915833313018084,
      "update_wall_seconds": 0.4542529247701168,
      "total_wall_seconds": 1.7458380181342363
    },
    {
      "update": 743,
      "algorithm": "mappo_penalty",
      "actor_loss": 0.09385275840759277,
      "reward_critic_loss": 0.006342964246869087,
      "cost_critic_loss": 0.00040549994446337223,
      "reward_critic_loss_last": 0.005132427904754877,
      "cost_critic_loss_last": 0.0004040105268359184,
      "critic_epochs": 8,
      "daily_voltage_cost": 0.00020607846090570092,
      "daily_voltage_cost_raw": 0.00020607846090570092,
      "daily_voltage_cost_normalized": 0.010303923860192299,
      "daily_economic_return_raw_yuan": -3522692.25,
      "daily_economic_return_normalized": -1.1177101135253906,
      "daily_economic_cost_raw_yuan": 3522692.25,
      "economic_reward_scale_yuan": 3151704.8194007874,
      "lagrange_multiplier": 0.0,
      "cost_budget": 1.0,
      "cost_budget_raw": 0.02,
      "cost_budget_normalized": 1.0,
      "algorithm_cost_mode": "fixed_penalty",
      "fixed_cost_penalty_coef": 10.0,
      "log_std_max": -2.3,
      "rollout_wall_seconds": 1.3811722304672003,
      "update_wall_seconds": 0.47170463018119335,
      "total_wall_seconds": 1.8528787828981876
    },
    {
      "update": 744,
      "algorithm": "mappo_penalty",
      "actor_loss": 0.09290359169244766,
      "reward_critic_loss": 0.005814629606902599,
      "cost_critic_loss": 0.00870243739336729,
      "reward_critic_loss_last": 0.005246661137789488,
      "cost_critic_loss_last": 0.008607784286141396,
      "critic_epochs": 8,
      "daily_voltage_cost": 0.0012482763268053532,
      "daily_voltage_cost_raw": 0.0012482763268053532,
      "daily_voltage_cost_normalized": 0.062413815408945084,
      "daily_economic_return_raw_yuan": -3346924.5,
      "daily_economic_return_normalized": -1.0619410276412964,
      "daily_economic_cost_raw_yuan": 3346924.5,
      "economic_reward_scale_yuan": 3151704.8194007874,
      "lagrange_multiplier": 0.0,
      "cost_budget": 1.0,
      "cost_budget_raw": 0.02,
      "cost_budget_normalized": 1.0,
      "algorithm_cost_mode": "fixed_penalty",
      "fixed_cost_penalty_coef": 10.0,
      "log_std_max": -2.3,
      "rollout_wall_seconds": 1.475768694654107,
      "update_wall_seconds": 0.472851125523448,
      "total_wall_seconds": 1.9486215822398663
    },
    {
      "update": 745,
      "algorithm": "mappo_penalty",
      "actor_loss": 0.09318497031927109,
      "reward_critic_loss": 0.004269444849342108,
      "cost_critic_loss": 0.0004047676920890808,
      "reward_critic_loss_last": 0.003941845148801804,
      "cost_critic_loss_last": 0.0004000642220489681,
      "critic_epochs": 8,
      "daily_voltage_cost": 0.0,
      "daily_voltage_cost_raw": 0.0,
      "daily_voltage_cost_normalized": 0.0,
      "daily_economic_return_raw_yuan": -3267585.0,
      "daily_economic_return_normalized": -1.0367674827575684,
      "daily_economic_cost_raw_yuan": 3267585.0,
      "economic_reward_scale_yuan": 3151704.8194007874,
      "lagrange_multiplier": 0.0,
      "cost_budget": 1.0,
      "cost_budget_raw": 0.02,
      "cost_budget_normalized": 1.0,
      "algorithm_cost_mode": "fixed_penalty",
      "fixed_cost_penalty_coef": 10.0,
      "log_std_max": -2.3,
      "rollout_wall_seconds": 1.306222202256322,
      "update_wall_seconds": 0.442360145971179,
      "total_wall_seconds": 1.748584097251296
    },
    {
      "update": 746,
      "algorithm": "mappo_penalty",
      "actor_loss": 0.09392150491476059,
      "reward_critic_loss": 0.00467224046587944,
      "cost_critic_loss": 0.0003882762393914163,
      "reward_critic_loss_last": 0.004531307145953178,
      "cost_critic_loss_last": 0.00036978907883167267,
      "critic_epochs": 8,
      "daily_voltage_cost": 0.0001289401698159054,
      "daily_voltage_cost_raw": 0.0001289401698159054,
      "daily_voltage_cost_normalized": 0.006447008345276117,
      "daily_economic_return_raw_yuan": -3396335.75,
      "daily_economic_return_normalized": -1.0776185989379883,
      "daily_economic_cost_raw_yuan": 3396335.75,
      "economic_reward_scale_yuan": 3151704.8194007874,
      "lagrange_multiplier": 0.0,
      "cost_budget": 1.0,
      "cost_budget_raw": 0.02,
      "cost_budget_normalized": 1.0,
      "algorithm_cost_mode": "fixed_penalty",
      "fixed_cost_penalty_coef": 10.0,
      "log_std_max": -2.3,
      "rollout_wall_seconds": 1.286240328103304,
      "update_wall_seconds": 0.47282678820192814,
      "total_wall_seconds": 1.7590689547359943
    },
    {
      "update": 747,
      "algorithm": "mappo_penalty",
      "actor_loss": 0.0937822163105011,
      "reward_critic_loss": 0.004176378715783358,
      "cost_critic_loss": 0.006811381317675114,
      "reward_critic_loss_last": 0.003948995377868414,
      "cost_critic_loss_last": 0.006763997953385115,
      "critic_epochs": 8,
      "daily_voltage_cost": 0.0012083069887012243,
      "daily_voltage_cost_raw": 0.0012083069887012243,
      "daily_voltage_cost_normalized": 0.060415349900722504,
      "daily_economic_return_raw_yuan": -3400396.25,
      "daily_economic_return_normalized": -1.0789070129394531,
      "daily_economic_cost_raw_yuan": 3400396.25,
      "economic_reward_scale_yuan": 3151704.8194007874,
      "lagrange_multiplier": 0.0,
      "cost_budget": 1.0,
      "cost_budget_raw": 0.02,
      "cost_budget_normalized": 1.0,
      "algorithm_cost_mode": "fixed_penalty",
      "fixed_cost_penalty_coef": 10.0,
      "log_std_max": -2.3,
      "rollout_wall_seconds": 1.3346263505518436,
      "update_wall_seconds": 0.4454597793519497,
      "total_wall_seconds": 1.7800877708941698
    },
    {
      "update": 748,
      "algorithm": "mappo_penalty",
      "actor_loss": 0.0937550887465477,
      "reward_critic_loss": 0.006433885544538498,
      "cost_critic_loss": 0.0006347723538056016,
      "reward_critic_loss_last": 0.0061379834078252316,
      "cost_critic_loss_last": 0.000617217505350709,
      "critic_epochs": 8,
      "daily_voltage_cost": 0.0,
      "daily_voltage_cost_raw": 0.0,
      "daily_voltage_cost_normalized": 0.0,
      "daily_economic_return_raw_yuan": -3222745.25,
      "daily_economic_return_normalized": -1.0225403308868408,
      "daily_economic_cost_raw_yuan": 3222745.25,
      "economic_reward_scale_yuan": 3151704.8194007874,
      "lagrange_multiplier": 0.0,
      "cost_budget": 1.0,
      "cost_budget_raw": 0.02,
      "cost_budget_normalized": 1.0,
      "algorithm_cost_mode": "fixed_penalty",
      "fixed_cost_penalty_coef": 10.0,
      "log_std_max": -2.3,
      "rollout_wall_seconds": 1.3236178755760193,
      "update_wall_seconds": 0.4546433240175247,
      "total_wall_seconds": 1.7782628685235977
    },
    {
      "update": 749,
      "algorithm": "mappo_penalty",
      "actor_loss": 0.09326118230819702,
      "reward_critic_loss": 0.004830881021916866,
      "cost_critic_loss": 0.000516118889208883,
      "reward_critic_loss_last": 0.004538977053016424,
      "cost_critic_loss_last": 0.0005015245405957103,
      "critic_epochs": 8,
      "daily_voltage_cost": 0.0,
      "daily_voltage_cost_raw": 0.0,
      "daily_voltage_cost_normalized": 0.0,
      "daily_economic_return_raw_yuan": -3214895.0,
      "daily_economic_return_normalized": -1.0200495719909668,
      "daily_economic_cost_raw_yuan": 3214895.0,
      "economic_reward_scale_yuan": 3151704.8194007874,
      "lagrange_multiplier": 0.0,
      "cost_budget": 1.0,
      "cost_budget_raw": 0.02,
      "cost_budget_normalized": 1.0,
      "algorithm_cost_mode": "fixed_penalty",
      "fixed_cost_penalty_coef": 10.0,
      "log_std_max": -2.3,
      "rollout_wall_seconds": 1.277723303064704,
      "update_wall_seconds": 0.4775948077440262,
      "total_wall_seconds": 1.7553197648376226
    },
    {
      "update": 750,
      "algorithm": "mappo_penalty",
      "actor_loss": 0.0940583199262619,
      "reward_critic_loss": 0.004004366230219603,
      "cost_critic_loss": 0.013096071779727936,
      "reward_critic_loss_last": 0.003817499615252018,
      "cost_critic_loss_last": 0.013018311932682991,
      "critic_epochs": 8,
      "daily_voltage_cost": 0.00168249337002635,
      "daily_voltage_cost_raw": 0.00168249337002635,
      "daily_voltage_cost_normalized": 0.08412466943264008,
      "daily_economic_return_raw_yuan": -3324628.75,
      "daily_economic_return_normalized": -1.0548667907714844,
      "daily_economic_cost_raw_yuan": 3324628.75,
      "economic_reward_scale_yuan": 3151704.8194007874,
      "lagrange_multiplier": 0.0,
      "cost_budget": 1.0,
      "cost_budget_raw": 0.02,
      "cost_budget_normalized": 1.0,
      "algorithm_cost_mode": "fixed_penalty",
      "fixed_cost_penalty_coef": 10.0,
      "log_std_max": -2.3,
      "rollout_wall_seconds": 1.3326127156615257,
      "update_wall_seconds": 0.4689564909785986,
      "total_wall_seconds": 1.8015707843005657
    },
    {
      "update": 751,
      "algorithm": "mappo_penalty",
      "actor_loss": 0.09335155785083771,
      "reward_critic_loss": 0.004847431089729071,
      "cost_critic_loss": 0.00028661859687417746,
      "reward_critic_loss_last": 0.003886911552399397,
      "cost_critic_loss_last": 0.00030106076155789196,
      "critic_epochs": 8,
      "daily_voltage_cost": 0.0,
      "daily_voltage_cost_raw": 0.0,
      "daily_voltage_cost_normalized": 0.0,
      "daily_economic_return_raw_yuan": -3523629.25,
      "daily_economic_return_normalized": -1.1180074214935303,
      "daily_economic_cost_raw_yuan": 3523629.25,
      "economic_reward_scale_yuan": 3151704.8194007874,
      "lagrange_multiplier": 0.0,
      "cost_budget": 1.0,
      "cost_budget_raw": 0.02,
      "cost_budget_normalized": 1.0,
      "algorithm_cost_mode": "fixed_penalty",
      "fixed_cost_penalty_coef": 10.0,
      "log_std_max": -2.3,
      "rollout_wall_seconds": 1.398720072582364,
      "update_wall_seconds": 0.48965527676045895,
      "total_wall_seconds": 1.8883773013949394
    },
    {
      "update": 752,
      "algorithm": "mappo_penalty",
      "actor_loss": 0.09352929890155792,
      "reward_critic_loss": 0.0033806764986366034,
      "cost_critic_loss": 0.0003541038022376597,
      "reward_critic_loss_last": 0.0030469808261841536,
      "cost_critic_loss_last": 0.0003443743335083127,
      "critic_epochs": 8,
      "daily_voltage_cost": 0.0,
      "daily_voltage_cost_raw": 0.0,
      "daily_voltage_cost_normalized": 0.0,
      "daily_economic_return_raw_yuan": -3380019.5,
      "daily_economic_return_normalized": -1.0724416971206665,
      "daily_economic_cost_raw_yuan": 3380019.5,
      "economic_reward_scale_yuan": 3151704.8194007874,
      "lagrange_multiplier": 0.0,
      "cost_budget": 1.0,
      "cost_budget_raw": 0.02,
      "cost_budget_normalized": 1.0,
      "algorithm_cost_mode": "fixed_penalty",
      "fixed_cost_penalty_coef": 10.0,
      "log_std_max": -2.3,
      "rollout_wall_seconds": 1.3328158650547266,
      "update_wall_seconds": 0.473374929279089,
      "total_wall_seconds": 1.8061927072703838
    },
    {
      "update": 753,
      "algorithm": "mappo_penalty",
      "actor_loss": 0.09279432892799377,
      "reward_critic_loss": 0.0060791149735450745,
      "cost_critic_loss": 0.00027698761550709605,
      "reward_critic_loss_last": 0.005601970013231039,
      "cost_critic_loss_last": 0.0002634724951349199,
      "critic_epochs": 8,
      "daily_voltage_cost": 8.110338967526332e-05,
      "daily_voltage_cost_raw": 8.110338967526332e-05,
      "daily_voltage_cost_normalized": 0.00405516941100359,
      "daily_economic_return_raw_yuan": -3328905.5,
      "daily_economic_return_normalized": -1.056223750114441,
      "daily_economic_cost_raw_yuan": 3328905.5,
      "economic_reward_scale_yuan": 3151704.8194007874,
      "lagrange_multiplier": 0.0,
      "cost_budget": 1.0,
      "cost_budget_raw": 0.02,
      "cost_budget_normalized": 1.0,
      "algorithm_cost_mode": "fixed_penalty",
      "fixed_cost_penalty_coef": 10.0,
      "log_std_max": -2.3,
      "rollout_wall_seconds": 1.3089918699115515,
      "update_wall_seconds": 0.46228753589093685,
      "total_wall_seconds": 1.7712810598313808
    },
    {
      "update": 754,
      "algorithm": "mappo_penalty",
      "actor_loss": 0.09381714463233948,
      "reward_critic_loss": 0.004692246206104755,
      "cost_critic_loss": 0.0004538882931228727,
      "reward_critic_loss_last": 0.003985214978456497,
      "cost_critic_loss_last": 0.0004499336937442422,
      "critic_epochs": 8,
      "daily_voltage_cost": 0.0,
      "daily_voltage_cost_raw": 0.0,
      "daily_voltage_cost_normalized": 0.0,
      "daily_economic_return_raw_yuan": -3083722.25,
      "daily_economic_return_normalized": -0.978429913520813,
      "daily_economic_cost_raw_yuan": 3083722.25,
      "economic_reward_scale_yuan": 3151704.8194007874,
      "lagrange_multiplier": 0.0,
      "cost_budget": 1.0,
      "cost_budget_raw": 0.02,
      "cost_budget_normalized": 1.0,
      "algorithm_cost_mode": "fixed_penalty",
      "fixed_cost_penalty_coef": 10.0,
      "log_std_max": -2.3,
      "rollout_wall_seconds": 1.3712542075663805,
      "update_wall_seconds": 0.4719821363687515,
      "total_wall_seconds": 1.8432383053004742
    },
    {
      "update": 755,
      "algorithm": "mappo_penalty",
      "actor_loss": 0.09461832791566849,
      "reward_critic_loss": 0.003355633234605193,
      "cost_critic_loss": 0.00040457755676470697,
      "reward_critic_loss_last": 0.0022921906784176826,
      "cost_critic_loss_last": 0.00039840140379965305,
      "critic_epochs": 8,
      "daily_voltage_cost": 0.0,
      "daily_voltage_cost_raw": 0.0,
      "daily_voltage_cost_normalized": 0.0,
      "daily_economic_return_raw_yuan": -3288576.75,
      "daily_economic_return_normalized": -1.0434279441833496,
      "daily_economic_cost_raw_yuan": 3288576.75,
      "economic_reward_scale_yuan": 3151704.8194007874,
      "lagrange_multiplier": 0.0,
      "cost_budget": 1.0,
      "cost_budget_raw": 0.02,
      "cost_budget_normalized": 1.0,
      "algorithm_cost_mode": "fixed_penalty",
      "fixed_cost_penalty_coef": 10.0,
      "log_std_max": -2.3,
      "rollout_wall_seconds": 1.224509859457612,
      "update_wall_seconds": 0.4666045568883419,
      "total_wall_seconds": 1.6911163106560707
    },
    {
      "update": 756,
      "algorithm": "mappo_penalty",
      "actor_loss": 0.09400811791419983,
      "reward_critic_loss": 0.005250049754977226,
      "cost_critic_loss": 0.0004697877448052168,
      "reward_critic_loss_last": 0.004855574108660221,
      "cost_critic_loss_last": 0.0004617509839590639,
      "critic_epochs": 8,
      "daily_voltage_cost": 0.0,
      "daily_voltage_cost_raw": 0.0,
      "daily_voltage_cost_normalized": 0.0,
      "daily_economic_return_raw_yuan": -3239078.25,
      "daily_economic_return_normalized": -1.0277225971221924,
      "daily_economic_cost_raw_yuan": 3239078.25,
      "economic_reward_scale_yuan": 3151704.8194007874,
      "lagrange_multiplier": 0.0,
      "cost_budget": 1.0,
      "cost_budget_raw": 0.02,
      "cost_budget_normalized": 1.0,
      "algorithm_cost_mode": "fixed_penalty",
      "fixed_cost_penalty_coef": 10.0,
      "log_std_max": -2.3,
      "rollout_wall_seconds": 1.280931318178773,
      "update_wall_seconds": 0.4621734097599983,
      "total_wall_seconds": 1.7431065030395985
    },
    {
      "update": 757,
      "algorithm": "mappo_penalty",
      "actor_loss": 0.09439294785261154,
      "reward_critic_loss": 0.004696769639849663,
      "cost_critic_loss": 0.0001358117733616382,
      "reward_critic_loss_last": 0.004452151246368885,
      "cost_critic_loss_last": 0.00013459398178383708,
      "critic_epochs": 8,
      "daily_voltage_cost": 0.0,
      "daily_voltage_cost_raw": 0.0,
      "daily_voltage_cost_normalized": 0.0,
      "daily_economic_return_raw_yuan": -3339083.5,
      "daily_economic_return_normalized": -1.0594531297683716,
      "daily_economic_cost_raw_yuan": 3339083.5,
      "economic_reward_scale_yuan": 3151704.8194007874,
      "lagrange_multiplier": 0.0,
      "cost_budget": 1.0,
      "cost_budget_raw": 0.02,
      "cost_budget_normalized": 1.0,
      "algorithm_cost_mode": "fixed_penalty",
      "fixed_cost_penalty_coef": 10.0,
      "log_std_max": -2.3,
      "rollout_wall_seconds": 1.4042825885117054,
      "update_wall_seconds": 0.46169595047831535,
      "total_wall_seconds": 1.8659803122282028
    },
    {
      "update": 758,
      "algorithm": "mappo_penalty",
      "actor_loss": 0.09394949674606323,
      "reward_critic_loss": 0.0035551011096686125,
      "cost_critic_loss": 0.0002587925991974771,
      "reward_critic_loss_last": 0.003047377336770296,
      "cost_critic_loss_last": 0.00025574766914360225,
      "critic_epochs": 8,
      "daily_voltage_cost": 0.00011154686944792047,
      "daily_voltage_cost_raw": 0.00011154686944792047,
      "daily_voltage_cost_normalized": 0.005577343516051769,
      "daily_economic_return_raw_yuan": -3281503.0,
      "daily_economic_return_normalized": -1.0411834716796875,
      "daily_economic_cost_raw_yuan": 3281503.0,
      "economic_reward_scale_yuan": 3151704.8194007874,
      "lagrange_multiplier": 0.0,
      "cost_budget": 1.0,
      "cost_budget_raw": 0.02,
      "cost_budget_normalized": 1.0,
      "algorithm_cost_mode": "fixed_penalty",
      "fixed_cost_penalty_coef": 10.0,
      "log_std_max": -2.3,
      "rollout_wall_seconds": 1.1573178581893444,
      "update_wall_seconds": 0.4603372011333704,
      "total_wall_seconds": 1.6176567785441875
    },
    {
      "update": 759,
      "algorithm": "mappo_penalty",
      "actor_loss": 0.09360450506210327,
      "reward_critic_loss": 0.004809340462088585,
      "cost_critic_loss": 0.0004903090884909034,
      "reward_critic_loss_last": 0.004700597375631332,
      "cost_critic_loss_last": 0.00048549892380833626,
      "critic_epochs": 8,
      "daily_voltage_cost": 0.00013219313404988497,
      "daily_voltage_cost_raw": 0.00013219313404988497,
      "daily_voltage_cost_normalized": 0.006609656848013401,
      "daily_economic_return_raw_yuan": -3068173.25,
      "daily_economic_return_normalized": -0.9734964370727539,
      "daily_economic_cost_raw_yuan": 3068173.25,
      "economic_reward_scale_yuan": 3151704.8194007874,
      "lagrange_multiplier": 0.0,
      "cost_budget": 1.0,
      "cost_budget_raw": 0.02,
      "cost_budget_normalized": 1.0,
      "algorithm_cost_mode": "fixed_penalty",
      "fixed_cost_penalty_coef": 10.0,
      "log_std_max": -2.3,
      "rollout_wall_seconds": 1.2700535356998444,
      "update_wall_seconds": 0.44465604424476624,
      "total_wall_seconds": 1.7147115040570498
    },
    {
      "update": 760,
      "algorithm": "mappo_penalty",
      "actor_loss": 0.09306985139846802,
      "reward_critic_loss": 0.006372455041855574,
      "cost_critic_loss": 0.0003920137824025005,
      "reward_critic_loss_last": 0.006239233072847128,
      "cost_critic_loss_last": 0.0003834920935332775,
      "critic_epochs": 8,
      "daily_voltage_cost": 0.0,
      "daily_voltage_cost_raw": 0.0,
      "daily_voltage_cost_normalized": 0.0,
      "daily_economic_return_raw_yuan": -3173378.0,
      "daily_economic_return_normalized": -1.0068767070770264,
      "daily_economic_cost_raw_yuan": 3173378.0,
      "economic_reward_scale_yuan": 3151704.8194007874,
      "lagrange_multiplier": 0.0,
      "cost_budget": 1.0,
      "cost_budget_raw": 0.02,
      "cost_budget_normalized": 1.0,
      "algorithm_cost_mode": "fixed_penalty",
      "fixed_cost_penalty_coef": 10.0,
      "log_std_max": -2.3,
      "rollout_wall_seconds": 1.4099615905433893,
      "update_wall_seconds": 0.4627284351736307,
      "total_wall_seconds": 1.872691798955202
    },
    {
      "update": 761,
      "algorithm": "mappo_penalty",
      "actor_loss": 0.09365954995155334,
      "reward_critic_loss": 0.003964066505432129,
      "cost_critic_loss": 0.0003418175911065191,
      "reward_critic_loss_last": 0.003284136299043894,
      "cost_critic_loss_last": 0.00032843020744621754,
      "critic_epochs": 8,
      "daily_voltage_cost": 0.0,
      "daily_voltage_cost_raw": 0.0,
      "daily_voltage_cost_normalized": 0.0,
      "daily_economic_return_raw_yuan": -3297183.75,
      "daily_economic_return_normalized": -1.046158790588379,
      "daily_economic_cost_raw_yuan": 3297183.75,
      "economic_reward_scale_yuan": 3151704.8194007874,
      "lagrange_multiplier": 0.0,
      "cost_budget": 1.0,
      "cost_budget_raw": 0.02,
      "cost_budget_normalized": 1.0,
      "algorithm_cost_mode": "fixed_penalty",
      "fixed_cost_penalty_coef": 10.0,
      "log_std_max": -2.3,
      "rollout_wall_seconds": 1.3323111347854137,
      "update_wall_seconds": 0.45194910280406475,
      "total_wall_seconds": 1.7842624243348837
    },
    {
      "update": 762,
      "algorithm": "mappo_penalty",
      "actor_loss": 0.09338822960853577,
      "reward_critic_loss": 0.002947624772787094,
      "cost_critic_loss": 0.0028403678443282843,
      "reward_critic_loss_last": 0.0029338300228118896,
      "cost_critic_loss_last": 0.0027431275229901075,
      "critic_epochs": 8,
      "daily_voltage_cost": 0.0005060175899416208,
      "daily_voltage_cost_raw": 0.0005060175899416208,
      "daily_voltage_cost_normalized": 0.025300880894064903,
      "daily_economic_return_raw_yuan": -3259210.25,
      "daily_economic_return_normalized": -1.0341103076934814,
      "daily_economic_cost_raw_yuan": 3259210.25,
      "economic_reward_scale_yuan": 3151704.8194007874,
      "lagrange_multiplier": 0.0,
      "cost_budget": 1.0,
      "cost_budget_raw": 0.02,
      "cost_budget_normalized": 1.0,
      "algorithm_cost_mode": "fixed_penalty",
      "fixed_cost_penalty_coef": 10.0,
      "log_std_max": -2.3,
      "rollout_wall_seconds": 1.361244361847639,
      "update_wall_seconds": 0.4498640038073063,
      "total_wall_seconds": 1.811109971255064
    },
    {
      "update": 763,
      "algorithm": "mappo_penalty",
      "actor_loss": 0.09378822892904282,
      "reward_critic_loss": 0.007169407792389393,
      "cost_critic_loss": 0.00034893941483460367,
      "reward_critic_loss_last": 0.005849937908351421,
      "cost_critic_loss_last": 0.0003666089614853263,
      "critic_epochs": 8,
      "daily_voltage_cost": 3.61982783942949e-05,
      "daily_voltage_cost_raw": 3.61982783942949e-05,
      "daily_voltage_cost_normalized": 0.0018099140143021941,
      "daily_economic_return_raw_yuan": -3318576.0,
      "daily_economic_return_normalized": -1.0529463291168213,
      "daily_economic_cost_raw_yuan": 3318576.0,
      "economic_reward_scale_yuan": 3151704.8194007874,
      "lagrange_multiplier": 0.0,
      "cost_budget": 1.0,
      "cost_budget_raw": 0.02,
      "cost_budget_normalized": 1.0,
      "algorithm_cost_mode": "fixed_penalty",
      "fixed_cost_penalty_coef": 10.0,
      "log_std_max": -2.3,
      "rollout_wall_seconds": 1.3983340375125408,
      "update_wall_seconds": 0.48122183978557587,
      "total_wall_seconds": 1.8795577250421047
    },
    {
      "update": 764,
      "algorithm": "mappo_penalty",
      "actor_loss": 0.09421516954898834,
      "reward_critic_loss": 0.003912352956831455,
      "cost_critic_loss": 0.0010166986612603068,
      "reward_critic_loss_last": 0.0034806958865374327,
      "cost_critic_loss_last": 0.0009897192940115929,
      "critic_epochs": 8,
      "daily_voltage_cost": 0.00027466510073281825,
      "daily_voltage_cost_raw": 0.00027466510073281825,
      "daily_voltage_cost_normalized": 0.013733255676925182,
      "daily_economic_return_raw_yuan": -3131503.25,
      "daily_economic_return_normalized": -0.9935902953147888,
      "daily_economic_cost_raw_yuan": 3131503.25,
      "economic_reward_scale_yuan": 3151704.8194007874,
      "lagrange_multiplier": 0.0,
      "cost_budget": 1.0,
      "cost_budget_raw": 0.02,
      "cost_budget_normalized": 1.0,
      "algorithm_cost_mode": "fixed_penalty",
      "fixed_cost_penalty_coef": 10.0,
      "log_std_max": -2.3,
      "rollout_wall_seconds": 1.3215467035770416,
      "update_wall_seconds": 0.48874117992818356,
      "total_wall_seconds": 1.81028962880373
    },
    {
      "update": 765,
      "algorithm": "mappo_penalty",
      "actor_loss": 0.09173604100942612,
      "reward_critic_loss": 0.004044358618557453,
      "cost_critic_loss": 0.00042186325299553573,
      "reward_critic_loss_last": 0.0038433277513831854,
      "cost_critic_loss_last": 0.0004161213291808963,
      "critic_epochs": 8,
      "daily_voltage_cost": 0.0,
      "daily_voltage_cost_raw": 0.0,
      "daily_voltage_cost_normalized": 0.0,
      "daily_economic_return_raw_yuan": -3002463.75,
      "daily_economic_return_normalized": -0.9526475667953491,
      "daily_economic_cost_raw_yuan": 3002463.75,
      "economic_reward_scale_yuan": 3151704.8194007874,
      "lagrange_multiplier": 0.0,
      "cost_budget": 1.0,
      "cost_budget_raw": 0.02,
      "cost_budget_normalized": 1.0,
      "algorithm_cost_mode": "fixed_penalty",
      "fixed_cost_penalty_coef": 10.0,
      "log_std_max": -2.3,
      "rollout_wall_seconds": 1.280553363263607,
      "update_wall_seconds": 0.47707217931747437,
      "total_wall_seconds": 1.7576273139566183
    },
    {
      "update": 766,
      "algorithm": "mappo_penalty",
      "actor_loss": 0.09434166550636292,
      "reward_critic_loss": 0.004164388403296471,
      "cost_critic_loss": 0.0006157084717415273,
      "reward_critic_loss_last": 0.003110632300376892,
      "cost_critic_loss_last": 0.0006082140607759356,
      "critic_epochs": 8,
      "daily_voltage_cost": 0.00026556896045804024,
      "daily_voltage_cost_raw": 0.00026556896045804024,
      "daily_voltage_cost_normalized": 0.013278448022902012,
      "daily_economic_return_raw_yuan": -3496040.75,
      "daily_economic_return_normalized": -1.1092538833618164,
      "daily_economic_cost_raw_yuan": 3496040.75,
      "economic_reward_scale_yuan": 3151704.8194007874,
      "lagrange_multiplier": 0.0,
      "cost_budget": 1.0,
      "cost_budget_raw": 0.02,
      "cost_budget_normalized": 1.0,
      "algorithm_cost_mode": "fixed_penalty",
      "fixed_cost_penalty_coef": 10.0,
      "log_std_max": -2.3,
      "rollout_wall_seconds": 1.446763090789318,
      "update_wall_seconds": 0.4642517678439617,
      "total_wall_seconds": 1.91101660951972
    },
    {
      "update": 767,
      "algorithm": "mappo_penalty",
      "actor_loss": 0.09420692175626755,
      "reward_critic_loss": 0.006545168813318014,
      "cost_critic_loss": 0.0003555738367140293,
      "reward_critic_loss_last": 0.00644594244658947,
      "cost_critic_loss_last": 0.0003545982181094587,
      "critic_epochs": 8,
      "daily_voltage_cost": 6.990946712903678e-05,
      "daily_voltage_cost_raw": 6.990946712903678e-05,
      "daily_voltage_cost_normalized": 0.0034954734146595,
      "daily_economic_return_raw_yuan": -3203898.75,
      "daily_economic_return_normalized": -1.0165605545043945,
      "daily_economic_cost_raw_yuan": 3203898.75,
      "economic_reward_scale_yuan": 3151704.8194007874,
      "lagrange_multiplier": 0.0,
      "cost_budget": 1.0,
      "cost_budget_raw": 0.02,
      "cost_budget_normalized": 1.0,
      "algorithm_cost_mode": "fixed_penalty",
      "fixed_cost_penalty_coef": 10.0,
      "log_std_max": -2.3,
      "rollout_wall_seconds": 1.335485067218542,
      "update_wall_seconds": 0.46318104304373264,
      "total_wall_seconds": 1.7986679822206497
    },
    {
      "update": 768,
      "algorithm": "mappo_penalty",
      "actor_loss": 0.09481465816497803,
      "reward_critic_loss": 0.004808451980352402,
      "cost_critic_loss": 0.0002788263373076916,
      "reward_critic_loss_last": 0.004266527947038412,
      "cost_critic_loss_last": 0.0002760041388683021,
      "critic_epochs": 8,
      "daily_voltage_cost": 0.0,
      "daily_voltage_cost_raw": 0.0,
      "daily_voltage_cost_normalized": 0.0,
      "daily_economic_return_raw_yuan": -3395823.25,
      "daily_economic_return_normalized": -1.077455997467041,
      "daily_economic_cost_raw_yuan": 3395823.25,
      "economic_reward_scale_yuan": 3151704.8194007874,
      "lagrange_multiplier": 0.0,
      "cost_budget": 1.0,
      "cost_budget_raw": 0.02,
      "cost_budget_normalized": 1.0,
      "algorithm_cost_mode": "fixed_penalty",
      "fixed_cost_penalty_coef": 10.0,
      "log_std_max": -2.3,
      "rollout_wall_seconds": 1.2817268185317516,
      "update_wall_seconds": 0.4589090012013912,
      "total_wall_seconds": 1.7406375594437122
    },
    {
      "update": 769,
      "algorithm": "mappo_penalty",
      "actor_loss": 0.09326526522636414,
      "reward_critic_loss": 0.00608621072024107,
      "cost_critic_loss": 0.00029788693063892424,
      "reward_critic_loss_last": 0.005765149369835854,
      "cost_critic_loss_last": 0.00028704150463454425,
      "critic_epochs": 8,
      "daily_voltage_cost": 0.0,
      "daily_voltage_cost_raw": 0.0,
      "daily_voltage_cost_normalized": 0.0,
      "daily_economic_return_raw_yuan": -3218289.75,
      "daily_economic_return_normalized": -1.021126627922058,
      "daily_economic_cost_raw_yuan": 3218289.75,
      "economic_reward_scale_yuan": 3151704.8194007874,
      "lagrange_multiplier": 0.0,
      "cost_budget": 1.0,
      "cost_budget_raw": 0.02,
      "cost_budget_normalized": 1.0,
      "algorithm_cost_mode": "fixed_penalty",
      "fixed_cost_penalty_coef": 10.0,
      "log_std_max": -2.3,
      "rollout_wall_seconds": 1.3588641583919525,
      "update_wall_seconds": 0.4714595824480057,
      "total_wall_seconds": 1.8303256407380104
    },
    {
      "update": 770,
      "algorithm": "mappo_penalty",
      "actor_loss": 0.0943484976887703,
      "reward_critic_loss": 0.00552736921235919,
      "cost_critic_loss": 0.00019341614097356796,
      "reward_critic_loss_last": 0.005333593115210533,
      "cost_critic_loss_last": 0.00019360982696525753,
      "critic_epochs": 8,
      "daily_voltage_cost": 0.0,
      "daily_voltage_cost_raw": 0.0,
      "daily_voltage_cost_normalized": 0.0,
      "daily_economic_return_raw_yuan": -3245131.75,
      "daily_economic_return_normalized": -1.0296432971954346,
      "daily_economic_cost_raw_yuan": 3245131.75,
      "economic_reward_scale_yuan": 3151704.8194007874,
      "lagrange_multiplier": 0.0,
      "cost_budget": 1.0,
      "cost_budget_raw": 0.02,
      "cost_budget_normalized": 1.0,
      "algorithm_cost_mode": "fixed_penalty",
      "fixed_cost_penalty_coef": 10.0,
      "log_std_max": -2.3,
      "rollout_wall_seconds": 1.392934212461114,
      "update_wall_seconds": 0.4708578400313854,
      "total_wall_seconds": 1.8637938909232616
    },
    {
      "update": 771,
      "algorithm": "mappo_penalty",
      "actor_loss": 0.094286248087883,
      "reward_critic_loss": 0.004801476374268532,
      "cost_critic_loss": 0.0004255297826603055,
      "reward_critic_loss_last": 0.004451886750757694,
      "cost_critic_loss_last": 0.0004165316349826753,
      "critic_epochs": 8,
      "daily_voltage_cost": 5.313376459525898e-05,
      "daily_voltage_cost_raw": 5.313376459525898e-05,
      "daily_voltage_cost_normalized": 0.002656688215211034,
      "daily_economic_return_raw_yuan": -3316054.5,
      "daily_economic_return_normalized": -1.052146315574646,
      "daily_economic_cost_raw_yuan": 3316054.5,
      "economic_reward_scale_yuan": 3151704.8194007874,
      "lagrange_multiplier": 0.0,
      "cost_budget": 1.0,
      "cost_budget_raw": 0.02,
      "cost_budget_normalized": 1.0,
      "algorithm_cost_mode": "fixed_penalty",
      "fixed_cost_penalty_coef": 10.0,
      "log_std_max": -2.3,
      "rollout_wall_seconds": 1.313084663823247,
      "update_wall_seconds": 0.49793343245983124,
      "total_wall_seconds": 1.8110199179500341
    },
    {
      "update": 772,
      "algorithm": "mappo_penalty",
      "actor_loss": 0.09512551873922348,
      "reward_critic_loss": 0.005012692417949438,
      "cost_critic_loss": 0.00014275260036811233,
      "reward_critic_loss_last": 0.004807961639016867,
      "cost_critic_loss_last": 0.0001408723182976246,
      "critic_epochs": 8,
      "daily_voltage_cost": 4.754989731736714e-06,
      "daily_voltage_cost_raw": 4.754989731736714e-06,
      "daily_voltage_cost_normalized": 0.00023774949659127742,
      "daily_economic_return_raw_yuan": -3396238.25,
      "daily_economic_return_normalized": -1.0775877237319946,
      "daily_economic_cost_raw_yuan": 3396238.25,
      "economic_reward_scale_yuan": 3151704.8194007874,
      "lagrange_multiplier": 0.0,
      "cost_budget": 1.0,
      "cost_budget_raw": 0.02,
      "cost_budget_normalized": 1.0,
      "algorithm_cost_mode": "fixed_penalty",
      "fixed_cost_penalty_coef": 10.0,
      "log_std_max": -2.3,
      "rollout_wall_seconds": 1.310707651078701,
      "update_wall_seconds": 0.5013476647436619,
      "total_wall_seconds": 1.8120571989566088
    },
    {
      "update": 773,
      "algorithm": "mappo_penalty",
      "actor_loss": 0.09344781935214996,
      "reward_critic_loss": 0.005746188573539257,
      "cost_critic_loss": 0.00027752056485041976,
      "reward_critic_loss_last": 0.004987963475286961,
      "cost_critic_loss_last": 0.0002756077446974814,
      "critic_epochs": 8,
      "daily_voltage_cost": 0.0,
      "daily_voltage_cost_raw": 0.0,
      "daily_voltage_cost_normalized": 0.0,
      "daily_economic_return_raw_yuan": -3174644.75,
      "daily_economic_return_normalized": -1.007278561592102,
      "daily_economic_cost_raw_yuan": 3174644.75,
      "economic_reward_scale_yuan": 3151704.8194007874,
      "lagrange_multiplier": 0.0,
      "cost_budget": 1.0,
      "cost_budget_raw": 0.02,
      "cost_budget_normalized": 1.0,
      "algorithm_cost_mode": "fixed_penalty",
      "fixed_cost_penalty_coef": 10.0,
      "log_std_max": -2.3,
      "rollout_wall_seconds": 1.4218351151794195,
      "update_wall_seconds": 0.4698781203478575,
      "total_wall_seconds": 1.891715070232749
    },
    {
      "update": 774,
      "algorithm": "mappo_penalty",
      "actor_loss": 0.09406948834657669,
      "reward_critic_loss": 0.007868431508541107,
      "cost_critic_loss": 0.00013590400340035558,
      "reward_critic_loss_last": 0.0062826573848724365,
      "cost_critic_loss_last": 0.00013417741865850985,
      "critic_epochs": 8,
      "daily_voltage_cost": 4.28610946983099e-05,
      "daily_voltage_cost_raw": 4.28610946983099e-05,
      "daily_voltage_cost_normalized": 0.002143054734915495,
      "daily_economic_return_raw_yuan": -3561822.0,
      "daily_economic_return_normalized": -1.1301255226135254,
      "daily_economic_cost_raw_yuan": 3561822.0,
      "economic_reward_scale_yuan": 3151704.8194007874,
      "lagrange_multiplier": 0.0,
      "cost_budget": 1.0,
      "cost_budget_raw": 0.02,
      "cost_budget_normalized": 1.0,
      "algorithm_cost_mode": "fixed_penalty",
      "fixed_cost_penalty_coef": 10.0,
      "log_std_max": -2.3,
      "rollout_wall_seconds": 1.332158813253045,
      "update_wall_seconds": 0.47999959625303745,
      "total_wall_seconds": 1.8121601324528456
    },
    {
      "update": 775,
      "algorithm": "mappo_penalty",
      "actor_loss": 0.09491927176713943,
      "reward_critic_loss": 0.00436193123459816,
      "cost_critic_loss": 0.00016267718456219882,
      "reward_critic_loss_last": 0.00397413969039917,
      "cost_critic_loss_last": 0.0001599911047378555,
      "critic_epochs": 8,
      "daily_voltage_cost": 0.0,
      "daily_voltage_cost_raw": 0.0,
      "daily_voltage_cost_normalized": 0.0,
      "daily_economic_return_raw_yuan": -3466794.25,
      "daily_economic_return_normalized": -1.099974274635315,
      "daily_economic_cost_raw_yuan": 3466794.25,
      "economic_reward_scale_yuan": 3151704.8194007874,
      "lagrange_multiplier": 0.0,
      "cost_budget": 1.0,
      "cost_budget_raw": 0.02,
      "cost_budget_normalized": 1.0,
      "algorithm_cost_mode": "fixed_penalty",
      "fixed_cost_penalty_coef": 10.0,
      "log_std_max": -2.3,
      "rollout_wall_seconds": 1.27345709502697,
      "update_wall_seconds": 0.5185504462569952,
      "total_wall_seconds": 1.792009262368083
    },
    {
      "update": 776,
      "algorithm": "mappo_penalty",
      "actor_loss": 0.0941733866930008,
      "reward_critic_loss": 0.0061027053743600845,
      "cost_critic_loss": 0.0005078210961073637,
      "reward_critic_loss_last": 0.005234528332948685,
      "cost_critic_loss_last": 0.0005020196549594402,
      "critic_epochs": 8,
      "daily_voltage_cost": 0.0,
      "daily_voltage_cost_raw": 0.0,
      "daily_voltage_cost_normalized": 0.0,
      "daily_economic_return_raw_yuan": -3279850.25,
      "daily_economic_return_normalized": -1.0406590700149536,
      "daily_economic_cost_raw_yuan": 3279850.25,
      "economic_reward_scale_yuan": 3151704.8194007874,
      "lagrange_multiplier": 0.0,
      "cost_budget": 1.0,
      "cost_budget_raw": 0.02,
      "cost_budget_normalized": 1.0,
      "algorithm_cost_mode": "fixed_penalty",
      "fixed_cost_penalty_coef": 10.0,
      "log_std_max": -2.3,
      "rollout_wall_seconds": 1.4142764881253242,
      "update_wall_seconds": 0.47155047208070755,
      "total_wall_seconds": 1.8858293294906616
    },
    {
      "update": 777,
      "algorithm": "mappo_penalty",
      "actor_loss": 0.09356845915317535,
      "reward_critic_loss": 0.004239795729517937,
      "cost_critic_loss": 0.00018862425349652767,
      "reward_critic_loss_last": 0.004007939249277115,
      "cost_critic_loss_last": 0.00018344350974075496,
      "critic_epochs": 8,
      "daily_voltage_cost": 0.0,
      "daily_voltage_cost_raw": 0.0,
      "daily_voltage_cost_normalized": 0.0,
      "daily_economic_return_raw_yuan": -3304530.25,
      "daily_economic_return_normalized": -1.0484898090362549,
      "daily_economic_cost_raw_yuan": 3304530.25,
      "economic_reward_scale_yuan": 3151704.8194007874,
      "lagrange_multiplier": 0.0,
      "cost_budget": 1.0,
      "cost_budget_raw": 0.02,
      "cost_budget_normalized": 1.0,
      "algorithm_cost_mode": "fixed_penalty",
      "fixed_cost_penalty_coef": 10.0,
      "log_std_max": -2.3,
      "rollout_wall_seconds": 1.278307132422924,
      "update_wall_seconds": 0.480642581358552,
      "total_wall_seconds": 1.7589513938874006
    },
    {
      "update": 778,
      "algorithm": "mappo_penalty",
      "actor_loss": 0.0936187356710434,
      "reward_critic_loss": 0.006827588193118572,
      "cost_critic_loss": 0.00035099993692710996,
      "reward_critic_loss_last": 0.005592084489762783,
      "cost_critic_loss_last": 0.00033696016180329025,
      "critic_epochs": 8,
      "daily_voltage_cost": 0.0,
      "daily_voltage_cost_raw": 0.0,
      "daily_voltage_cost_normalized": 0.0,
      "daily_economic_return_raw_yuan": -2940465.5,
      "daily_economic_return_normalized": -0.9329761862754822,
      "daily_economic_cost_raw_yuan": 2940465.5,
      "economic_reward_scale_yuan": 3151704.8194007874,
      "lagrange_multiplier": 0.0,
      "cost_budget": 1.0,
      "cost_budget_raw": 0.02,
      "cost_budget_normalized": 1.0,
      "algorithm_cost_mode": "fixed_penalty",
      "fixed_cost_penalty_coef": 10.0,
      "log_std_max": -2.3,
      "rollout_wall_seconds": 1.3125506862998009,
      "update_wall_seconds": 0.45181428268551826,
      "total_wall_seconds": 1.7643666602671146
    },
    {
      "update": 779,
      "algorithm": "mappo_penalty",
      "actor_loss": 0.0939960926771164,
      "reward_critic_loss": 0.004014939069747925,
      "cost_critic_loss": 0.00012752928887493908,
      "reward_critic_loss_last": 0.002856227569282055,
      "cost_critic_loss_last": 0.00012802249693777412,
      "critic_epochs": 8,
      "daily_voltage_cost": 6.308130105026066e-05,
      "daily_voltage_cost_raw": 6.308130105026066e-05,
      "daily_voltage_cost_normalized": 0.0031540649943053722,
      "daily_economic_return_raw_yuan": -3557573.5,
      "daily_economic_return_normalized": -1.1287775039672852,
      "daily_economic_cost_raw_yuan": 3557573.5,
      "economic_reward_scale_yuan": 3151704.8194007874,
      "lagrange_multiplier": 0.0,
      "cost_budget": 1.0,
      "cost_budget_raw": 0.02,
      "cost_budget_normalized": 1.0,
      "algorithm_cost_mode": "fixed_penalty",
      "fixed_cost_penalty_coef": 10.0,
      "log_std_max": -2.3,
      "rollout_wall_seconds": 1.1750367432832718,
      "update_wall_seconds": 0.4435838647186756,
      "total_wall_seconds": 1.6186224278062582
    },
    {
      "update": 780,
      "algorithm": "mappo_penalty",
      "actor_loss": 0.09408669918775558,
      "reward_critic_loss": 0.003803383558988571,
      "cost_critic_loss": 0.0003083031624555588,
      "reward_critic_loss_last": 0.003742257133126259,
      "cost_critic_loss_last": 0.0003025925252586603,
      "critic_epochs": 8,
      "daily_voltage_cost": 5.105167656438425e-05,
      "daily_voltage_cost_raw": 5.105167656438425e-05,
      "daily_voltage_cost_normalized": 0.0025525838136672974,
      "daily_economic_return_raw_yuan": -3356887.25,
      "daily_economic_return_normalized": -1.0651021003723145,
      "daily_economic_cost_raw_yuan": 3356887.25,
      "economic_reward_scale_yuan": 3151704.8194007874,
      "lagrange_multiplier": 0.0,
      "cost_budget": 1.0,
      "cost_budget_raw": 0.02,
      "cost_budget_normalized": 1.0,
      "algorithm_cost_mode": "fixed_penalty",
      "fixed_cost_penalty_coef": 10.0,
      "log_std_max": -2.3,
      "rollout_wall_seconds": 1.3095911089330912,
      "update_wall_seconds": 0.4819012638181448,
      "total_wall_seconds": 1.7914941627532244
    },
    {
      "update": 781,
      "algorithm": "mappo_penalty",
      "actor_loss": 0.093636155128479,
      "reward_critic_loss": 0.0025195148773491383,
      "cost_critic_loss": 0.00032135541550815105,
      "reward_critic_loss_last": 0.0024319307412952185,
      "cost_critic_loss_last": 0.0003184921224601567,
      "critic_epochs": 8,
      "daily_voltage_cost": 0.0,
      "daily_voltage_cost_raw": 0.0,
      "daily_voltage_cost_normalized": 0.0,
      "daily_economic_return_raw_yuan": -3223595.0,
      "daily_economic_return_normalized": -1.0228099822998047,
      "daily_economic_cost_raw_yuan": 3223595.0,
      "economic_reward_scale_yuan": 3151704.8194007874,
      "lagrange_multiplier": 0.0,
      "cost_budget": 1.0,
      "cost_budget_raw": 0.02,
      "cost_budget_normalized": 1.0,
      "algorithm_cost_mode": "fixed_penalty",
      "fixed_cost_penalty_coef": 10.0,
      "log_std_max": -2.3,
      "rollout_wall_seconds": 1.3273488115519285,
      "update_wall_seconds": 0.4731303062289953,
      "total_wall_seconds": 1.800480855628848
    },
    {
      "update": 782,
      "algorithm": "mappo_penalty",
      "actor_loss": 0.09395276010036469,
      "reward_critic_loss": 0.003869041334837675,
      "cost_critic_loss": 0.00024082150775939226,
      "reward_critic_loss_last": 0.0036959792487323284,
      "cost_critic_loss_last": 0.0002384122635703534,
      "critic_epochs": 8,
      "daily_voltage_cost": 0.0,
      "daily_voltage_cost_raw": 0.0,
      "daily_voltage_cost_normalized": 0.0,
      "daily_economic_return_raw_yuan": -3353243.0,
      "daily_economic_return_normalized": -1.0639457702636719,
      "daily_economic_cost_raw_yuan": 3353243.0,
      "economic_reward_scale_yuan": 3151704.8194007874,
      "lagrange_multiplier": 0.0,
      "cost_budget": 1.0,
      "cost_budget_raw": 0.02,
      "cost_budget_normalized": 1.0,
      "algorithm_cost_mode": "fixed_penalty",
      "fixed_cost_penalty_coef": 10.0,
      "log_std_max": -2.3,
      "rollout_wall_seconds": 1.3942959439009428,
      "update_wall_seconds": 0.47711312770843506,
      "total_wall_seconds": 1.8714108038693666
    },
    {
      "update": 783,
      "algorithm": "mappo_penalty",
      "actor_loss": 0.09360958635807037,
      "reward_critic_loss": 0.0057159229181706905,
      "cost_critic_loss": 0.00044078408973291516,
      "reward_critic_loss_last": 0.005289214663207531,
      "cost_critic_loss_last": 0.0004283715388737619,
      "critic_epochs": 8,
      "daily_voltage_cost": 0.0,
      "daily_voltage_cost_raw": 0.0,
      "daily_voltage_cost_normalized": 0.0,
      "daily_economic_return_raw_yuan": -3317723.0,
      "daily_economic_return_normalized": -1.052675724029541,
      "daily_economic_cost_raw_yuan": 3317723.0,
      "economic_reward_scale_yuan": 3151704.8194007874,
      "lagrange_multiplier": 0.0,
      "cost_budget": 1.0,
      "cost_budget_raw": 0.02,
      "cost_budget_normalized": 1.0,
      "algorithm_cost_mode": "fixed_penalty",
      "fixed_cost_penalty_coef": 10.0,
      "log_std_max": -2.3,
      "rollout_wall_seconds": 1.3191496077924967,
      "update_wall_seconds": 0.4701612126082182,
      "total_wall_seconds": 1.7893124856054783
    },
    {
      "update": 784,
      "algorithm": "mappo_penalty",
      "actor_loss": 0.09450019150972366,
      "reward_critic_loss": 0.005144784227013588,
      "cost_critic_loss": 0.00036953319795429707,
      "reward_critic_loss_last": 0.0035856084432452917,
      "cost_critic_loss_last": 0.0003639961942099035,
      "critic_epochs": 8,
      "daily_voltage_cost": 0.0,
      "daily_voltage_cost_raw": 0.0,
      "daily_voltage_cost_normalized": 0.0,
      "daily_economic_return_raw_yuan": -3144980.25,
      "daily_economic_return_normalized": -0.9978663921356201,
      "daily_economic_cost_raw_yuan": 3144980.25,
      "economic_reward_scale_yuan": 3151704.8194007874,
      "lagrange_multiplier": 0.0,
      "cost_budget": 1.0,
      "cost_budget_raw": 0.02,
      "cost_budget_normalized": 1.0,
      "algorithm_cost_mode": "fixed_penalty",
      "fixed_cost_penalty_coef": 10.0,
      "log_std_max": -2.3,
      "rollout_wall_seconds": 1.2266043238341808,
      "update_wall_seconds": 0.4425800424069166,
      "total_wall_seconds": 1.6691861525177956
    },
    {
      "update": 785,
      "algorithm": "mappo_penalty",
      "actor_loss": 0.09329800307750702,
      "reward_critic_loss": 0.005477660335600376,
      "cost_critic_loss": 0.0002304886293131858,
      "reward_critic_loss_last": 0.005079798400402069,
      "cost_critic_loss_last": 0.00022833317052572966,
      "critic_epochs": 8,
      "daily_voltage_cost": 0.0,
      "daily_voltage_cost_raw": 0.0,
      "daily_voltage_cost_normalized": 0.0,
      "daily_economic_return_raw_yuan": -3216829.25,
      "daily_economic_return_normalized": -1.0206632614135742,
      "daily_economic_cost_raw_yuan": 3216829.25,
      "economic_reward_scale_yuan": 3151704.8194007874,
      "lagrange_multiplier": 0.0,
      "cost_budget": 1.0,
      "cost_budget_raw": 0.02,
      "cost_budget_normalized": 1.0,
      "algorithm_cost_mode": "fixed_penalty",
      "fixed_cost_penalty_coef": 10.0,
      "log_std_max": -2.3,
      "rollout_wall_seconds": 1.2868126891553402,
      "update_wall_seconds": 0.46476966701447964,
      "total_wall_seconds": 1.7515841592103243
    },
    {
      "update": 786,
      "algorithm": "mappo_penalty",
      "actor_loss": 0.09369523078203201,
      "reward_critic_loss": 0.004711302928626537,
      "cost_critic_loss": 0.0003676143824122846,
      "reward_critic_loss_last": 0.003927535377442837,
      "cost_critic_loss_last": 0.0003630407154560089,
      "critic_epochs": 8,
      "daily_voltage_cost": 0.0,
      "daily_voltage_cost_raw": 0.0,
      "daily_voltage_cost_normalized": 0.0,
      "daily_economic_return_raw_yuan": -3199874.75,
      "daily_economic_return_normalized": -1.0152838230133057,
      "daily_economic_cost_raw_yuan": 3199874.75,
      "economic_reward_scale_yuan": 3151704.8194007874,
      "lagrange_multiplier": 0.0,
      "cost_budget": 1.0,
      "cost_budget_raw": 0.02,
      "cost_budget_normalized": 1.0,
      "algorithm_cost_mode": "fixed_penalty",
      "fixed_cost_penalty_coef": 10.0,
      "log_std_max": -2.3,
      "rollout_wall_seconds": 1.3346888106316328,
      "update_wall_seconds": 0.45077779702842236,
      "total_wall_seconds": 1.7854682877659798
    },
    {
      "update": 787,
      "algorithm": "mappo_penalty",
      "actor_loss": 0.0925472155213356,
      "reward_critic_loss": 0.004793480969965458,
      "cost_critic_loss": 0.00035650571226142347,
      "reward_critic_loss_last": 0.003842001548036933,
      "cost_critic_loss_last": 0.0003498258884064853,
      "critic_epochs": 8,
      "daily_voltage_cost": 0.0,
      "daily_voltage_cost_raw": 0.0,
      "daily_voltage_cost_normalized": 0.0,
      "daily_economic_return_raw_yuan": -2994394.25,
      "daily_economic_return_normalized": -0.9500871896743774,
      "daily_economic_cost_raw_yuan": 2994394.25,
      "economic_reward_scale_yuan": 3151704.8194007874,
      "lagrange_multiplier": 0.0,
      "cost_budget": 1.0,
      "cost_budget_raw": 0.02,
      "cost_budget_normalized": 1.0,
      "algorithm_cost_mode": "fixed_penalty",
      "fixed_cost_penalty_coef": 10.0,
      "log_std_max": -2.3,
      "rollout_wall_seconds": 1.236342128366232,
      "update_wall_seconds": 0.4738682322204113,
      "total_wall_seconds": 1.7102122381329536
    },
    {
      "update": 788,
      "algorithm": "mappo_penalty",
      "actor_loss": 0.09358569979667664,
      "reward_critic_loss": 0.005902804434299469,
      "cost_critic_loss": 0.0001701466680970043,
      "reward_critic_loss_last": 0.004829819779843092,
      "cost_critic_loss_last": 0.00016334920655936003,
      "critic_epochs": 8,
      "daily_voltage_cost": 0.0,
      "daily_voltage_cost_raw": 0.0,
      "daily_voltage_cost_normalized": 0.0,
      "daily_economic_return_raw_yuan": -3412259.0,
      "daily_economic_return_normalized": -1.0826709270477295,
      "daily_economic_cost_raw_yuan": 3412259.0,
      "economic_reward_scale_yuan": 3151704.8194007874,
      "lagrange_multiplier": 0.0,
      "cost_budget": 1.0,
      "cost_budget_raw": 0.02,
      "cost_budget_normalized": 1.0,
      "algorithm_cost_mode": "fixed_penalty",
      "fixed_cost_penalty_coef": 10.0,
      "log_std_max": -2.3,
      "rollout_wall_seconds": 1.2569415979087353,
      "update_wall_seconds": 0.45606885850429535,
      "total_wall_seconds": 1.713012270629406
    },
    {
      "update": 789,
      "algorithm": "mappo_penalty",
      "actor_loss": 0.09263046830892563,
      "reward_critic_loss": 0.006560373120009899,
      "cost_critic_loss": 0.00017966184532269835,
      "reward_critic_loss_last": 0.006362766958773136,
      "cost_critic_loss_last": 0.00017786648822948337,
      "critic_epochs": 8,
      "daily_voltage_cost": 0.0,
      "daily_voltage_cost_raw": 0.0,
      "daily_voltage_cost_normalized": 0.0,
      "daily_economic_return_raw_yuan": -3341816.5,
      "daily_economic_return_normalized": -1.060320258140564,
      "daily_economic_cost_raw_yuan": 3341816.5,
      "economic_reward_scale_yuan": 3151704.8194007874,
      "lagrange_multiplier": 0.0,
      "cost_budget": 1.0,
      "cost_budget_raw": 0.02,
      "cost_budget_normalized": 1.0,
      "algorithm_cost_mode": "fixed_penalty",
      "fixed_cost_penalty_coef": 10.0,
      "log_std_max": -2.3,
      "rollout_wall_seconds": 1.3599306251853704,
      "update_wall_seconds": 0.45995006896555424,
      "total_wall_seconds": 1.8198848031461239
    },
    {
      "update": 790,
      "algorithm": "mappo_penalty",
      "actor_loss": 0.09355316311120987,
      "reward_critic_loss": 0.004363734275102615,
      "cost_critic_loss": 0.0003181031788699329,
      "reward_critic_loss_last": 0.003977329935878515,
      "cost_critic_loss_last": 0.0003169134142808616,
      "critic_epochs": 8,
      "daily_voltage_cost": 0.0001301768352277577,
      "daily_voltage_cost_raw": 0.0001301768352277577,
      "daily_voltage_cost_normalized": 0.00650884211063385,
      "daily_economic_return_raw_yuan": -3249357.0,
      "daily_economic_return_normalized": -1.0309839248657227,
      "daily_economic_cost_raw_yuan": 3249357.0,
      "economic_reward_scale_yuan": 3151704.8194007874,
      "lagrange_multiplier": 0.0,
      "cost_budget": 1.0,
      "cost_budget_raw": 0.02,
      "cost_budget_normalized": 1.0,
      "algorithm_cost_mode": "fixed_penalty",
      "fixed_cost_penalty_coef": 10.0,
      "log_std_max": -2.3,
      "rollout_wall_seconds": 1.2038099206984043,
      "update_wall_seconds": 0.5006908550858498,
      "total_wall_seconds": 1.7045025285333395
    },
    {
      "update": 791,
      "algorithm": "mappo_penalty",
      "actor_loss": 0.09246620535850525,
      "reward_critic_loss": 0.004201613366603851,
      "cost_critic_loss": 0.00020569917978718877,
      "reward_critic_loss_last": 0.0041298940777778625,
      "cost_critic_loss_last": 0.00020380532077979296,
      "critic_epochs": 8,
      "daily_voltage_cost": 0.0,
      "daily_voltage_cost_raw": 0.0,
      "daily_voltage_cost_normalized": 0.0,
      "daily_economic_return_raw_yuan": -3275362.25,
      "daily_economic_return_normalized": -1.0392351150512695,
      "daily_economic_cost_raw_yuan": 3275362.25,
      "economic_reward_scale_yuan": 3151704.8194007874,
      "lagrange_multiplier": 0.0,
      "cost_budget": 1.0,
      "cost_budget_raw": 0.02,
      "cost_budget_normalized": 1.0,
      "algorithm_cost_mode": "fixed_penalty",
      "fixed_cost_penalty_coef": 10.0,
      "log_std_max": -2.3,
      "rollout_wall_seconds": 1.0463767796754837,
      "update_wall_seconds": 0.5085078198462725,
      "total_wall_seconds": 1.5548864882439375
    },
    {
      "update": 792,
      "algorithm": "mappo_penalty",
      "actor_loss": 0.09305372089147568,
      "reward_critic_loss": 0.0036394339986145496,
      "cost_critic_loss": 0.00029221957083791494,
      "reward_critic_loss_last": 0.0032243027817457914,
      "cost_critic_loss_last": 0.0002899310493376106,
      "critic_epochs": 8,
      "daily_voltage_cost": 0.00015908876957837492,
      "daily_voltage_cost_raw": 0.00015908876957837492,
      "daily_voltage_cost_normalized": 0.007954438216984272,
      "daily_economic_return_raw_yuan": -3148621.75,
      "daily_economic_return_normalized": -0.9990218281745911,
      "daily_economic_cost_raw_yuan": 3148621.75,
      "economic_reward_scale_yuan": 3151704.8194007874,
      "lagrange_multiplier": 0.0,
      "cost_budget": 1.0,
      "cost_budget_raw": 0.02,
      "cost_budget_normalized": 1.0,
      "algorithm_cost_mode": "fixed_penalty",
      "fixed_cost_penalty_coef": 10.0,
      "log_std_max": -2.3,
      "rollout_wall_seconds": 1.359440615400672,
      "update_wall_seconds": 0.5216879211366177,
      "total_wall_seconds": 1.8811304792761803
    },
    {
      "update": 793,
      "algorithm": "mappo_penalty",
      "actor_loss": 0.09403705596923828,
      "reward_critic_loss": 0.0054365480318665504,
      "cost_critic_loss": 0.00013283739099279046,
      "reward_critic_loss_last": 0.004880345892161131,
      "cost_critic_loss_last": 0.00012940280430484563,
      "critic_epochs": 8,
      "daily_voltage_cost": 0.0,
      "daily_voltage_cost_raw": 0.0,
      "daily_voltage_cost_normalized": 0.0,
      "daily_economic_return_raw_yuan": -3337914.5,
      "daily_economic_return_normalized": -1.059082269668579,
      "daily_economic_cost_raw_yuan": 3337914.5,
      "economic_reward_scale_yuan": 3151704.8194007874,
      "lagrange_multiplier": 0.0,
      "cost_budget": 1.0,
      "cost_budget_raw": 0.02,
      "cost_budget_normalized": 1.0,
      "algorithm_cost_mode": "fixed_penalty",
      "fixed_cost_penalty_coef": 10.0,
      "log_std_max": -2.3,
      "rollout_wall_seconds": 1.2969512175768614,
      "update_wall_seconds": 0.4681605100631714,
      "total_wall_seconds": 1.7651136964559555
    },
    {
      "update": 794,
      "algorithm": "mappo_penalty",
      "actor_loss": 0.09307581931352615,
      "reward_critic_loss": 0.006560327485203743,
      "cost_critic_loss": 0.0005974130472168326,
      "reward_critic_loss_last": 0.00580495223402977,
      "cost_critic_loss_last": 0.0005896451184526086,
      "critic_epochs": 8,
      "daily_voltage_cost": 0.0001679219421930611,
      "daily_voltage_cost_raw": 0.0001679219421930611,
      "daily_voltage_cost_normalized": 0.008396097458899021,
      "daily_economic_return_raw_yuan": -3283549.75,
      "daily_economic_return_normalized": -1.0418329238891602,
      "daily_economic_cost_raw_yuan": 3283549.75,
      "economic_reward_scale_yuan": 3151704.8194007874,
      "lagrange_multiplier": 0.0,
      "cost_budget": 1.0,
      "cost_budget_raw": 0.02,
      "cost_budget_normalized": 1.0,
      "algorithm_cost_mode": "fixed_penalty",
      "fixed_cost_penalty_coef": 10.0,
      "log_std_max": -2.3,
      "rollout_wall_seconds": 1.280152203515172,
      "update_wall_seconds": 0.532102394849062,
      "total_wall_seconds": 1.8122564870864153
    },
    {
      "update": 795,
      "algorithm": "mappo_penalty",
      "actor_loss": 0.0943547710776329,
      "reward_critic_loss": 0.004924057982861996,
      "cost_critic_loss": 0.00018933520186692476,
      "reward_critic_loss_last": 0.004797917790710926,
      "cost_critic_loss_last": 0.0001878195907920599,
      "critic_epochs": 8,
      "daily_voltage_cost": 0.0,
      "daily_voltage_cost_raw": 0.0,
      "daily_voltage_cost_normalized": 0.0,
      "daily_economic_return_raw_yuan": -3373325.5,
      "daily_economic_return_normalized": -1.0703177452087402,
      "daily_economic_cost_raw_yuan": 3373325.5,
      "economic_reward_scale_yuan": 3151704.8194007874,
      "lagrange_multiplier": 0.0,
      "cost_budget": 1.0,
      "cost_budget_raw": 0.02,
      "cost_budget_normalized": 1.0,
      "algorithm_cost_mode": "fixed_penalty",
      "fixed_cost_penalty_coef": 10.0,
      "log_std_max": -2.3,
      "rollout_wall_seconds": 1.3761550076305866,
      "update_wall_seconds": 0.4726363029330969,
      "total_wall_seconds": 1.8487933482974768
    },
    {
      "update": 796,
      "algorithm": "mappo_penalty",
      "actor_loss": 0.0925440639257431,
      "reward_critic_loss": 0.0054362257942557335,
      "cost_critic_loss": 0.000698824122082442,
      "reward_critic_loss_last": 0.005050458014011383,
      "cost_critic_loss_last": 0.0006385660381056368,
      "critic_epochs": 8,
      "daily_voltage_cost": 0.0,
      "daily_voltage_cost_raw": 0.0,
      "daily_voltage_cost_normalized": 0.0,
      "daily_economic_return_raw_yuan": -3121907.25,
      "daily_economic_return_normalized": -0.9905456304550171,
      "daily_economic_cost_raw_yuan": 3121907.25,
      "economic_reward_scale_yuan": 3151704.8194007874,
      "lagrange_multiplier": 0.0,
      "cost_budget": 1.0,
      "cost_budget_raw": 0.02,
      "cost_budget_normalized": 1.0,
      "algorithm_cost_mode": "fixed_penalty",
      "fixed_cost_penalty_coef": 10.0,
      "log_std_max": -2.3,
      "rollout_wall_seconds": 1.3089766390621662,
      "update_wall_seconds": 0.5019450709223747,
      "total_wall_seconds": 1.8109235521405935
    },
    {
      "update": 797,
      "algorithm": "mappo_penalty",
      "actor_loss": 0.09274475276470184,
      "reward_critic_loss": 0.005814818665385246,
      "cost_critic_loss": 0.009867222048342228,
      "reward_critic_loss_last": 0.005636642687022686,
      "cost_critic_loss_last": 0.009536193683743477,
      "critic_epochs": 8,
      "daily_voltage_cost": 0.0008661936735734344,
      "daily_voltage_cost_raw": 0.0008661936735734344,
      "daily_voltage_cost_normalized": 0.043309684842824936,
      "daily_economic_return_raw_yuan": -3225587.0,
      "daily_economic_return_normalized": -1.023442029953003,
      "daily_economic_cost_raw_yuan": 3225587.0,
      "economic_reward_scale_yuan": 3151704.8194007874,
      "lagrange_multiplier": 0.0,
      "cost_budget": 1.0,
      "cost_budget_raw": 0.02,
      "cost_budget_normalized": 1.0,
      "algorithm_cost_mode": "fixed_penalty",
      "fixed_cost_penalty_coef": 10.0,
      "log_std_max": -2.3,
      "rollout_wall_seconds": 1.0772822257131338,
      "update_wall_seconds": 0.46685555577278137,
      "total_wall_seconds": 1.5441397931426764
    },
    {
      "update": 798,
      "algorithm": "mappo_penalty",
      "actor_loss": 0.0928586944937706,
      "reward_critic_loss": 0.003043564036488533,
      "cost_critic_loss": 0.00041976565262302756,
      "reward_critic_loss_last": 0.002900640247389674,
      "cost_critic_loss_last": 0.0005105501622892916,
      "critic_epochs": 8,
      "daily_voltage_cost": 0.0,
      "daily_voltage_cost_raw": 0.0,
      "daily_voltage_cost_normalized": 0.0,
      "daily_economic_return_raw_yuan": -3176484.5,
      "daily_economic_return_normalized": -1.0078623294830322,
      "daily_economic_cost_raw_yuan": 3176484.5,
      "economic_reward_scale_yuan": 3151704.8194007874,
      "lagrange_multiplier": 0.0,
      "cost_budget": 1.0,
      "cost_budget_raw": 0.02,
      "cost_budget_normalized": 1.0,
      "algorithm_cost_mode": "fixed_penalty",
      "fixed_cost_penalty_coef": 10.0,
      "log_std_max": -2.3,
      "rollout_wall_seconds": 1.4425032436847687,
      "update_wall_seconds": 0.49590713903307915,
      "total_wall_seconds": 1.9384123738855124
    },
    {
      "update": 799,
      "algorithm": "mappo_penalty",
      "actor_loss": 0.09237618744373322,
      "reward_critic_loss": 0.005804409738630056,
      "cost_critic_loss": 0.0010770641965791583,
      "reward_critic_loss_last": 0.005720978602766991,
      "cost_critic_loss_last": 0.0010688822949305177,
      "critic_epochs": 8,
      "daily_voltage_cost": 0.0004241105925757438,
      "daily_voltage_cost_raw": 0.0004241105925757438,
      "daily_voltage_cost_normalized": 0.02120552957057953,
      "daily_economic_return_raw_yuan": -3189840.25,
      "daily_economic_return_normalized": -1.0120999813079834,
      "daily_economic_cost_raw_yuan": 3189840.25,
      "economic_reward_scale_yuan": 3151704.8194007874,
      "lagrange_multiplier": 0.0,
      "cost_budget": 1.0,
      "cost_budget_raw": 0.02,
      "cost_budget_normalized": 1.0,
      "algorithm_cost_mode": "fixed_penalty",
      "fixed_cost_penalty_coef": 10.0,
      "log_std_max": -2.3,
      "rollout_wall_seconds": 1.318903174251318,
      "update_wall_seconds": 0.4896100927144289,
      "total_wall_seconds": 1.8085151631385088
    },
    {
      "update": 800,
      "algorithm": "mappo_penalty",
      "actor_loss": 0.09243439882993698,
      "reward_critic_loss": 0.003382578957825899,
      "cost_critic_loss": 0.0005286887753754854,
      "reward_critic_loss_last": 0.0029943762347102165,
      "cost_critic_loss_last": 0.0005056053050793707,
      "critic_epochs": 8,
      "daily_voltage_cost": 0.0001639399997657165,
      "daily_voltage_cost_raw": 0.0001639399997657165,
      "daily_voltage_cost_normalized": 0.008197000250220299,
      "daily_economic_return_raw_yuan": -3111919.75,
      "daily_economic_return_normalized": -0.9873766899108887,
      "daily_economic_cost_raw_yuan": 3111919.75,
      "economic_reward_scale_yuan": 3151704.8194007874,
      "lagrange_multiplier": 0.0,
      "cost_budget": 1.0,
      "cost_budget_raw": 0.02,
      "cost_budget_normalized": 1.0,
      "algorithm_cost_mode": "fixed_penalty",
      "fixed_cost_penalty_coef": 10.0,
      "log_std_max": -2.3,
      "rollout_wall_seconds": 1.2435622923076153,
      "update_wall_seconds": 0.4746372923254967,
      "total_wall_seconds": 1.7182015106081963
    },
    {
      "update": 801,
      "algorithm": "mappo_penalty",
      "actor_loss": 0.09339813888072968,
      "reward_critic_loss": 0.004438749980181456,
      "cost_critic_loss": 0.0002898708335123956,
      "reward_critic_loss_last": 0.00388825754635036,
      "cost_critic_loss_last": 0.0002892720513045788,
      "critic_epochs": 8,
      "daily_voltage_cost": 0.0,
      "daily_voltage_cost_raw": 0.0,
      "daily_voltage_cost_normalized": 0.0,
      "daily_economic_return_raw_yuan": -3204550.25,
      "daily_economic_return_normalized": -1.0167672634124756,
      "daily_economic_cost_raw_yuan": 3204550.25,
      "economic_reward_scale_yuan": 3151704.8194007874,
      "lagrange_multiplier": 0.0,
      "cost_budget": 1.0,
      "cost_budget_raw": 0.02,
      "cost_budget_normalized": 1.0,
      "algorithm_cost_mode": "fixed_penalty",
      "fixed_cost_penalty_coef": 10.0,
      "log_std_max": -2.3,
      "rollout_wall_seconds": 1.2141984030604362,
      "update_wall_seconds": 0.4608622193336487,
      "total_wall_seconds": 1.6750624850392342
    },
    {
      "update": 802,
      "algorithm": "mappo_penalty",
      "actor_loss": 0.09267161041498184,
      "reward_critic_loss": 0.004908089991658926,
      "cost_critic_loss": 0.0003698394575621933,
      "reward_critic_loss_last": 0.004404755309224129,
      "cost_critic_loss_last": 0.00035273056710138917,
      "critic_epochs": 8,
      "daily_voltage_cost": 0.0,
      "daily_voltage_cost_raw": 0.0,
      "daily_voltage_cost_normalized": 0.0,
      "daily_economic_return_raw_yuan": -3022688.5,
      "daily_economic_return_normalized": -0.9590646028518677,
      "daily_economic_cost_raw_yuan": 3022688.5,
      "economic_reward_scale_yuan": 3151704.8194007874,
      "lagrange_multiplier": 0.0,
      "cost_budget": 1.0,
      "cost_budget_raw": 0.02,
      "cost_budget_normalized": 1.0,
      "algorithm_cost_mode": "fixed_penalty",
      "fixed_cost_penalty_coef": 10.0,
      "log_std_max": -2.3,
      "rollout_wall_seconds": 1.3301120642572641,
      "update_wall_seconds": 0.4661901779472828,
      "total_wall_seconds": 1.7963045239448547
    },
    {
      "update": 803,
      "algorithm": "mappo_penalty",
      "actor_loss": 0.09310261160135269,
      "reward_critic_loss": 0.005445889662951231,
      "cost_critic_loss": 0.0002510588092263788,
      "reward_critic_loss_last": 0.005309067666530609,
      "cost_critic_loss_last": 0.0002477014495525509,
      "critic_epochs": 8,
      "daily_voltage_cost": 0.0,
      "daily_voltage_cost_raw": 0.0,
      "daily_voltage_cost_normalized": 0.0,
      "daily_economic_return_raw_yuan": -3194067.0,
      "daily_economic_return_normalized": -1.0134410858154297,
      "daily_economic_cost_raw_yuan": 3194067.0,
      "economic_reward_scale_yuan": 3151704.8194007874,
      "lagrange_multiplier": 0.0,
      "cost_budget": 1.0,
      "cost_budget_raw": 0.02,
      "cost_budget_normalized": 1.0,
      "algorithm_cost_mode": "fixed_penalty",
      "fixed_cost_penalty_coef": 10.0,
      "log_std_max": -2.3,
      "rollout_wall_seconds": 1.3098202273249626,
      "update_wall_seconds": 0.47351016104221344,
      "total_wall_seconds": 1.7833322528749704
    },
    {
      "update": 804,
      "algorithm": "mappo_penalty",
      "actor_loss": 0.09328841418027878,
      "reward_critic_loss": 0.0048424419946968555,
      "cost_critic_loss": 0.00021576377912424505,
      "reward_critic_loss_last": 0.004423527047038078,
      "cost_critic_loss_last": 0.000208203709917143,
      "critic_epochs": 8,
      "daily_voltage_cost": 0.0,
      "daily_voltage_cost_raw": 0.0,
      "daily_voltage_cost_normalized": 0.0,
      "daily_economic_return_raw_yuan": -3280708.75,
      "daily_economic_return_normalized": -1.0409314632415771,
      "daily_economic_cost_raw_yuan": 3280708.75,
      "economic_reward_scale_yuan": 3151704.8194007874,
      "lagrange_multiplier": 0.0,
      "cost_budget": 1.0,
      "cost_budget_raw": 0.02,
      "cost_budget_normalized": 1.0,
      "algorithm_cost_mode": "fixed_penalty",
      "fixed_cost_penalty_coef": 10.0,
      "log_std_max": -2.3,
      "rollout_wall_seconds": 1.3313155863434076,
      "update_wall_seconds": 0.4717511832714081,
      "total_wall_seconds": 1.8030692376196384
    },
    {
      "update": 805,
      "algorithm": "mappo_penalty",
      "actor_loss": 0.09256044030189514,
      "reward_critic_loss": 0.0036838287487626076,
      "cost_critic_loss": 0.007807271089404821,
      "reward_critic_loss_last": 0.003162877168506384,
      "cost_critic_loss_last": 0.007470280863344669,
      "critic_epochs": 8,
      "daily_voltage_cost": 0.0007079210481606424,
      "daily_voltage_cost_raw": 0.0007079210481606424,
      "daily_voltage_cost_normalized": 0.03539605438709259,
      "daily_economic_return_raw_yuan": -3224226.75,
      "daily_economic_return_normalized": -1.0230103731155396,
      "daily_economic_cost_raw_yuan": 3224226.75,
      "economic_reward_scale_yuan": 3151704.8194007874,
      "lagrange_multiplier": 0.0,
      "cost_budget": 1.0,
      "cost_budget_raw": 0.02,
      "cost_budget_normalized": 1.0,
      "algorithm_cost_mode": "fixed_penalty",
      "fixed_cost_penalty_coef": 10.0,
      "log_std_max": -2.3,
      "rollout_wall_seconds": 1.2199841514229774,
      "update_wall_seconds": 0.4789949879050255,
      "total_wall_seconds": 1.6989815570414066
    },
    {
      "update": 806,
      "algorithm": "mappo_penalty",
      "actor_loss": 0.09344940632581711,
      "reward_critic_loss": 0.0038267557974904776,
      "cost_critic_loss": 0.00041231990326195955,
      "reward_critic_loss_last": 0.0031950927805155516,
      "cost_critic_loss_last": 0.00047582792467437685,
      "critic_epochs": 8,
      "daily_voltage_cost": 3.0876341043040156e-05,
      "daily_voltage_cost_raw": 3.0876341043040156e-05,
      "daily_voltage_cost_normalized": 0.0015438171103596687,
      "daily_economic_return_raw_yuan": -3284518.25,
      "daily_economic_return_normalized": -1.042140245437622,
      "daily_economic_cost_raw_yuan": 3284518.25,
      "economic_reward_scale_yuan": 3151704.8194007874,
      "lagrange_multiplier": 0.0,
      "cost_budget": 1.0,
      "cost_budget_raw": 0.02,
      "cost_budget_normalized": 1.0,
      "algorithm_cost_mode": "fixed_penalty",
      "fixed_cost_penalty_coef": 10.0,
      "log_std_max": -2.3,
      "rollout_wall_seconds": 1.4031827505677938,
      "update_wall_seconds": 0.4629267081618309,
      "total_wall_seconds": 1.866111632436514
    },
    {
      "update": 807,
      "algorithm": "mappo_penalty",
      "actor_loss": 0.09317781031131744,
      "reward_critic_loss": 0.004679832607507706,
      "cost_critic_loss": 0.00036451074993237853,
      "reward_critic_loss_last": 0.004498911090195179,
      "cost_critic_loss_last": 0.00026187533512711525,
      "critic_epochs": 8,
      "daily_voltage_cost": 0.0,
      "daily_voltage_cost_raw": 0.0,
      "daily_voltage_cost_normalized": 0.0,
      "daily_economic_return_raw_yuan": -3257004.5,
      "daily_economic_return_normalized": -1.0334104299545288,
      "daily_economic_cost_raw_yuan": 3257004.5,
      "economic_reward_scale_yuan": 3151704.8194007874,
      "lagrange_multiplier": 0.0,
      "cost_budget": 1.0,
      "cost_budget_raw": 0.02,
      "cost_budget_normalized": 1.0,
      "algorithm_cost_mode": "fixed_penalty",
      "fixed_cost_penalty_coef": 10.0,
      "log_std_max": -2.3,
      "rollout_wall_seconds": 1.3557727970182896,
      "update_wall_seconds": 0.47326596826314926,
      "total_wall_seconds": 1.8290407117456198
    },
    {
      "update": 808,
      "algorithm": "mappo_penalty",
      "actor_loss": 0.09423932433128357,
      "reward_critic_loss": 0.0057825050316751,
      "cost_critic_loss": 0.0013370856177061796,
      "reward_critic_loss_last": 0.0047955140471458435,
      "cost_critic_loss_last": 0.0013536126352846622,
      "critic_epochs": 8,
      "daily_voltage_cost": 0.0007405824726447463,
      "daily_voltage_cost_raw": 0.0007405824726447463,
      "daily_voltage_cost_normalized": 0.03702912479639053,
      "daily_economic_return_raw_yuan": -3348268.25,
      "daily_economic_return_normalized": -1.06236732006073,
      "daily_economic_cost_raw_yuan": 3348268.25,
      "economic_reward_scale_yuan": 3151704.8194007874,
      "lagrange_multiplier": 0.0,
      "cost_budget": 1.0,
      "cost_budget_raw": 0.02,
      "cost_budget_normalized": 1.0,
      "algorithm_cost_mode": "fixed_penalty",
      "fixed_cost_penalty_coef": 10.0,
      "log_std_max": -2.3,
      "rollout_wall_seconds": 1.4032561387866735,
      "update_wall_seconds": 0.47026550956070423,
      "total_wall_seconds": 1.8735235910862684
    },
    {
      "update": 809,
      "algorithm": "mappo_penalty",
      "actor_loss": 0.09250414371490479,
      "reward_critic_loss": 0.004438826814293861,
      "cost_critic_loss": 0.0005483612767420709,
      "reward_critic_loss_last": 0.0036663226783275604,
      "cost_critic_loss_last": 0.0005247448571026325,
      "critic_epochs": 8,
      "daily_voltage_cost": 0.00021890856442041695,
      "daily_voltage_cost_raw": 0.00021890856442041695,
      "daily_voltage_cost_normalized": 0.010945428162813187,
      "daily_economic_return_raw_yuan": -3040527.0,
      "daily_economic_return_normalized": -0.964724600315094,
      "daily_economic_cost_raw_yuan": 3040527.0,
      "economic_reward_scale_yuan": 3151704.8194007874,
      "lagrange_multiplier": 0.0,
      "cost_budget": 1.0,
      "cost_budget_raw": 0.02,
      "cost_budget_normalized": 1.0,
      "algorithm_cost_mode": "fixed_penalty",
      "fixed_cost_penalty_coef": 10.0,
      "log_std_max": -2.3,
      "rollout_wall_seconds": 1.3699645679444075,
      "update_wall_seconds": 0.4740109760314226,
      "total_wall_seconds": 1.8439773842692375
    },
    {
      "update": 810,
      "algorithm": "mappo_penalty",
      "actor_loss": 0.09241332858800888,
      "reward_critic_loss": 0.005338280461728573,
      "cost_critic_loss": 0.00022459255706053227,
      "reward_critic_loss_last": 0.004762608557939529,
      "cost_critic_loss_last": 0.00021690815628971905,
      "critic_epochs": 8,
      "daily_voltage_cost": 0.0,
      "daily_voltage_cost_raw": 0.0,
      "daily_voltage_cost_normalized": 0.0,
      "daily_economic_return_raw_yuan": -3234930.25,
      "daily_economic_return_normalized": -1.0264065265655518,
      "daily_economic_cost_raw_yuan": 3234930.25,
      "economic_reward_scale_yuan": 3151704.8194007874,
      "lagrange_multiplier": 0.0,
      "cost_budget": 1.0,
      "cost_budget_raw": 0.02,
      "cost_budget_normalized": 1.0,
      "algorithm_cost_mode": "fixed_penalty",
      "fixed_cost_penalty_coef": 10.0,
      "log_std_max": -2.3,
      "rollout_wall_seconds": 1.2992024086415768,
      "update_wall_seconds": 0.48149453289806843,
      "total_wall_seconds": 1.7806986924260855
    },
    {
      "update": 811,
      "algorithm": "mappo_penalty",
      "actor_loss": 0.09288058429956436,
      "reward_critic_loss": 0.004707152023911476,
      "cost_critic_loss": 0.00028792599914595485,
      "reward_critic_loss_last": 0.00440268823876977,
      "cost_critic_loss_last": 0.00027828081510961056,
      "critic_epochs": 8,
      "daily_voltage_cost": 0.0,
      "daily_voltage_cost_raw": 0.0,
      "daily_voltage_cost_normalized": 0.0,
      "daily_economic_return_raw_yuan": -3325397.5,
      "daily_economic_return_normalized": -1.0551106929779053,
      "daily_economic_cost_raw_yuan": 3325397.5,
      "economic_reward_scale_yuan": 3151704.8194007874,
      "lagrange_multiplier": 0.0,
      "cost_budget": 1.0,
      "cost_budget_raw": 0.02,
      "cost_budget_normalized": 1.0,
      "algorithm_cost_mode": "fixed_penalty",
      "fixed_cost_penalty_coef": 10.0,
      "log_std_max": -2.3,
      "rollout_wall_seconds": 1.4162907879799604,
      "update_wall_seconds": 0.4773044530302286,
      "total_wall_seconds": 1.8935970477759838
    },
    {
      "update": 812,
      "algorithm": "mappo_penalty",
      "actor_loss": 0.0931243747472763,
      "reward_critic_loss": 0.005996125750243664,
      "cost_critic_loss": 0.0003978677559643984,
      "reward_critic_loss_last": 0.005559633951634169,
      "cost_critic_loss_last": 0.00039422069676220417,
      "critic_epochs": 8,
      "daily_voltage_cost": 0.0,
      "daily_voltage_cost_raw": 0.0,
      "daily_voltage_cost_normalized": 0.0,
      "daily_economic_return_raw_yuan": -3092179.25,
      "daily_economic_return_normalized": -0.9811132550239563,
      "daily_economic_cost_raw_yuan": 3092179.25,
      "economic_reward_scale_yuan": 3151704.8194007874,
      "lagrange_multiplier": 0.0,
      "cost_budget": 1.0,
      "cost_budget_raw": 0.02,
      "cost_budget_normalized": 1.0,
      "algorithm_cost_mode": "fixed_penalty",
      "fixed_cost_penalty_coef": 10.0,
      "log_std_max": -2.3,
      "rollout_wall_seconds": 1.292686091735959,
      "update_wall_seconds": 0.4553196057677269,
      "total_wall_seconds": 1.7480076048523188
    },
    {
      "update": 813,
      "algorithm": "mappo_penalty",
      "actor_loss": 0.09168653190135956,
      "reward_critic_loss": 0.0053235264495015144,
      "cost_critic_loss": 0.00027182308258488774,
      "reward_critic_loss_last": 0.004505600314587355,
      "cost_critic_loss_last": 0.0002637563447933644,
      "critic_epochs": 8,
      "daily_voltage_cost": 5.355131361284293e-05,
      "daily_voltage_cost_raw": 5.355131361284293e-05,
      "daily_voltage_cost_normalized": 0.002677565673366189,
      "daily_economic_return_raw_yuan": -3289795.5,
      "daily_economic_return_normalized": -1.0438146591186523,
      "daily_economic_cost_raw_yuan": 3289795.5,
      "economic_reward_scale_yuan": 3151704.8194007874,
      "lagrange_multiplier": 0.0,
      "cost_budget": 1.0,
      "cost_budget_raw": 0.02,
      "cost_budget_normalized": 1.0,
      "algorithm_cost_mode": "fixed_penalty",
      "fixed_cost_penalty_coef": 10.0,
      "log_std_max": -2.3,
      "rollout_wall_seconds": 1.302614614367485,
      "update_wall_seconds": 0.46227432042360306,
      "total_wall_seconds": 1.7648906614631414
    },
    {
      "update": 814,
      "algorithm": "mappo_penalty",
      "actor_loss": 0.091954305768013,
      "reward_critic_loss": 0.004451426211744547,
      "cost_critic_loss": 0.0004108911380171776,
      "reward_critic_loss_last": 0.004030010662972927,
      "cost_critic_loss_last": 0.0004058603080920875,
      "critic_epochs": 8,
      "daily_voltage_cost": 5.128320844960399e-05,
      "daily_voltage_cost_raw": 5.128320844960399e-05,
      "daily_voltage_cost_normalized": 0.0025641603861004114,
      "daily_economic_return_raw_yuan": -3297185.25,
      "daily_economic_return_normalized": -1.046159267425537,
      "daily_economic_cost_raw_yuan": 3297185.25,
      "economic_reward_scale_yuan": 3151704.8194007874,
      "lagrange_multiplier": 0.0,
      "cost_budget": 1.0,
      "cost_budget_raw": 0.02,
      "cost_budget_normalized": 1.0,
      "algorithm_cost_mode": "fixed_penalty",
      "fixed_cost_penalty_coef": 10.0,
      "log_std_max": -2.3,
      "rollout_wall_seconds": 1.5280608888715506,
      "update_wall_seconds": 0.4718480408191681,
      "total_wall_seconds": 1.9999109003692865
    },
    {
      "update": 815,
      "algorithm": "mappo_penalty",
      "actor_loss": 0.09333731979131699,
      "reward_critic_loss": 0.003710381453856826,
      "cost_critic_loss": 0.00018354348139837384,
      "reward_critic_loss_last": 0.003664497286081314,
      "cost_critic_loss_last": 0.00018199681653641164,
      "critic_epochs": 8,
      "daily_voltage_cost": 0.0,
      "daily_voltage_cost_raw": 0.0,
      "daily_voltage_cost_normalized": 0.0,
      "daily_economic_return_raw_yuan": -3364373.5,
      "daily_economic_return_normalized": -1.0674773454666138,
      "daily_economic_cost_raw_yuan": 3364373.5,
      "economic_reward_scale_yuan": 3151704.8194007874,
      "lagrange_multiplier": 0.0,
      "cost_budget": 1.0,
      "cost_budget_raw": 0.02,
      "cost_budget_normalized": 1.0,
      "algorithm_cost_mode": "fixed_penalty",
      "fixed_cost_penalty_coef": 10.0,
      "log_std_max": -2.3,
      "rollout_wall_seconds": 1.3622166402637959,
      "update_wall_seconds": 0.4590691663324833,
      "total_wall_seconds": 1.8212875798344612
    },
    {
      "update": 816,
      "algorithm": "mappo_penalty",
      "actor_loss": 0.09351804107427597,
      "reward_critic_loss": 0.006948163267225027,
      "cost_critic_loss": 0.0051291706040501595,
      "reward_critic_loss_last": 0.006211304571479559,
      "cost_critic_loss_last": 0.004966259468346834,
      "critic_epochs": 8,
      "daily_voltage_cost": 0.0006886368501000106,
      "daily_voltage_cost_raw": 0.0006886368501000106,
      "daily_voltage_cost_normalized": 0.03443184494972229,
      "daily_economic_return_raw_yuan": -3217256.75,
      "daily_economic_return_normalized": -1.020798921585083,
      "daily_economic_cost_raw_yuan": 3217256.75,
      "economic_reward_scale_yuan": 3151704.8194007874,
      "lagrange_multiplier": 0.0,
      "cost_budget": 1.0,
      "cost_budget_raw": 0.02,
      "cost_budget_normalized": 1.0,
      "algorithm_cost_mode": "fixed_penalty",
      "fixed_cost_penalty_coef": 10.0,
      "log_std_max": -2.3,
      "rollout_wall_seconds": 1.2876023016870022,
      "update_wall_seconds": 0.4645163007080555,
      "total_wall_seconds": 1.7521211747080088
    },
    {
      "update": 817,
      "algorithm": "mappo_penalty",
      "actor_loss": 0.09139175713062286,
      "reward_critic_loss": 0.007598712109029293,
      "cost_critic_loss": 0.00017656250565778464,
      "reward_critic_loss_last": 0.006960785947740078,
      "cost_critic_loss_last": 0.00019281907589174807,
      "critic_epochs": 8,
      "daily_voltage_cost": 1.7501624824944884e-05,
      "daily_voltage_cost_raw": 1.7501624824944884e-05,
      "daily_voltage_cost_normalized": 0.0008750812849029899,
      "daily_economic_return_raw_yuan": -3203388.25,
      "daily_economic_return_normalized": -1.016398549079895,
      "daily_economic_cost_raw_yuan": 3203388.25,
      "economic_reward_scale_yuan": 3151704.8194007874,
      "lagrange_multiplier": 0.0,
      "cost_budget": 1.0,
      "cost_budget_raw": 0.02,
      "cost_budget_normalized": 1.0,
      "algorithm_cost_mode": "fixed_penalty",
      "fixed_cost_penalty_coef": 10.0,
      "log_std_max": -2.3,
      "rollout_wall_seconds": 1.592035423964262,
      "update_wall_seconds": 0.45590669848024845,
      "total_wall_seconds": 2.0479440800845623
    },
    {
      "update": 818,
      "algorithm": "mappo_penalty",
      "actor_loss": 0.09265363216400146,
      "reward_critic_loss": 0.004464735276997089,
      "cost_critic_loss": 0.00014724901120644063,
      "reward_critic_loss_last": 0.004058290272951126,
      "cost_critic_loss_last": 0.0001127372233895585,
      "critic_epochs": 8,
      "daily_voltage_cost": 0.0,
      "daily_voltage_cost_raw": 0.0,
      "daily_voltage_cost_normalized": 0.0,
      "daily_economic_return_raw_yuan": -3171046.75,
      "daily_economic_return_normalized": -1.0061370134353638,
      "daily_economic_cost_raw_yuan": 3171046.75,
      "economic_reward_scale_yuan": 3151704.8194007874,
      "lagrange_multiplier": 0.0,
      "cost_budget": 1.0,
      "cost_budget_raw": 0.02,
      "cost_budget_normalized": 1.0,
      "algorithm_cost_mode": "fixed_penalty",
      "fixed_cost_penalty_coef": 10.0,
      "log_std_max": -2.3,
      "rollout_wall_seconds": 1.3194239046424627,
      "update_wall_seconds": 0.46477336436510086,
      "total_wall_seconds": 1.7841992117464542
    },
    {
      "update": 819,
      "algorithm": "mappo_penalty",
      "actor_loss": 0.09254968166351318,
      "reward_critic_loss": 0.004070948343724012,
      "cost_critic_loss": 0.00026450713630765676,
      "reward_critic_loss_last": 0.003911189269274473,
      "cost_critic_loss_last": 0.000243574075284414,
      "critic_epochs": 8,
      "daily_voltage_cost": 7.564406587334815e-06,
      "daily_voltage_cost_raw": 7.564406587334815e-06,
      "daily_voltage_cost_normalized": 0.0003782203420996666,
      "daily_economic_return_raw_yuan": -3182077.25,
      "daily_economic_return_normalized": -1.0096368789672852,
      "daily_economic_cost_raw_yuan": 3182077.25,
      "economic_reward_scale_yuan": 3151704.8194007874,
      "lagrange_multiplier": 0.0,
      "cost_budget": 1.0,
      "cost_budget_raw": 0.02,
      "cost_budget_normalized": 1.0,
      "algorithm_cost_mode": "fixed_penalty",
      "fixed_cost_penalty_coef": 10.0,
      "log_std_max": -2.3,
      "rollout_wall_seconds": 1.368262054398656,
      "update_wall_seconds": 0.4862613994628191,
      "total_wall_seconds": 1.8545261900871992
    },
    {
      "update": 820,
      "algorithm": "mappo_penalty",
      "actor_loss": 0.09219123423099518,
      "reward_critic_loss": 0.006738430820405483,
      "cost_critic_loss": 0.000313226948492229,
      "reward_critic_loss_last": 0.006258777808398008,
      "cost_critic_loss_last": 0.0003045097691938281,
      "critic_epochs": 8,
      "daily_voltage_cost": 0.0,
      "daily_voltage_cost_raw": 0.0,
      "daily_voltage_cost_normalized": 0.0,
      "daily_economic_return_raw_yuan": -3042284.5,
      "daily_economic_return_normalized": -0.9652822017669678,
      "daily_economic_cost_raw_yuan": 3042284.5,
      "economic_reward_scale_yuan": 3151704.8194007874,
      "lagrange_multiplier": 0.0,
      "cost_budget": 1.0,
      "cost_budget_raw": 0.02,
      "cost_budget_normalized": 1.0,
      "algorithm_cost_mode": "fixed_penalty",
      "fixed_cost_penalty_coef": 10.0,
      "log_std_max": -2.3,
      "rollout_wall_seconds": 1.453250914812088,
      "update_wall_seconds": 0.4954347684979439,
      "total_wall_seconds": 1.9486876856535673
    },
    {
      "update": 821,
      "algorithm": "mappo_penalty",
      "actor_loss": 0.09214666485786438,
      "reward_critic_loss": 0.005238614045083523,
      "cost_critic_loss": 0.0003178404294885695,
      "reward_critic_loss_last": 0.004424217157065868,
      "cost_critic_loss_last": 0.00031529314583167434,
      "critic_epochs": 8,
      "daily_voltage_cost": 6.13503361819312e-05,
      "daily_voltage_cost_raw": 6.13503361819312e-05,
      "daily_voltage_cost_normalized": 0.003067516954615712,
      "daily_economic_return_raw_yuan": -3204929.0,
      "daily_economic_return_normalized": -1.0168874263763428,
      "daily_economic_cost_raw_yuan": 3204929.0,
      "economic_reward_scale_yuan": 3151704.8194007874,
      "lagrange_multiplier": 0.0,
      "cost_budget": 1.0,
      "cost_budget_raw": 0.02,
      "cost_budget_normalized": 1.0,
      "algorithm_cost_mode": "fixed_penalty",
      "fixed_cost_penalty_coef": 10.0,
      "log_std_max": -2.3,
      "rollout_wall_seconds": 1.4794312212616205,
      "update_wall_seconds": 0.49823447689414024,
      "total_wall_seconds": 1.9776677377521992
    },
    {
      "update": 822,
      "algorithm": "mappo_penalty",
      "actor_loss": 0.09184837341308594,
      "reward_critic_loss": 0.004459382966160774,
      "cost_critic_loss": 0.0002579860738478601,
      "reward_critic_loss_last": 0.004223932977765799,
      "cost_critic_loss_last": 0.00025240317336283624,
      "critic_epochs": 8,
      "daily_voltage_cost": 0.0001150558891822584,
      "daily_voltage_cost_raw": 0.0001150558891822584,
      "daily_voltage_cost_normalized": 0.005752794444561005,
      "daily_economic_return_raw_yuan": -3097428.75,
      "daily_economic_return_normalized": -0.9827788472175598,
      "daily_economic_cost_raw_yuan": 3097428.75,
      "economic_reward_scale_yuan": 3151704.8194007874,
      "lagrange_multiplier": 0.0,
      "cost_budget": 1.0,
      "cost_budget_raw": 0.02,
      "cost_budget_normalized": 1.0,
      "algorithm_cost_mode": "fixed_penalty",
      "fixed_cost_penalty_coef": 10.0,
      "log_std_max": -2.3,
      "rollout_wall_seconds": 1.0915530882775784,
      "update_wall_seconds": 0.5275140032172203,
      "total_wall_seconds": 1.6190690118819475
    },
    {
      "update": 823,
      "algorithm": "mappo_penalty",
      "actor_loss": 0.09349604696035385,
      "reward_critic_loss": 0.004352471325546503,
      "cost_critic_loss": 0.00025580415967851877,
      "reward_critic_loss_last": 0.0038935323245823383,
      "cost_critic_loss_last": 0.00025038907187990844,
      "critic_epochs": 8,
      "daily_voltage_cost": 0.0,
      "daily_voltage_cost_raw": 0.0,
      "daily_voltage_cost_normalized": 0.0,
      "daily_economic_return_raw_yuan": -3366252.25,
      "daily_economic_return_normalized": -1.0680735111236572,
      "daily_economic_cost_raw_yuan": 3366252.25,
      "economic_reward_scale_yuan": 3151704.8194007874,
      "lagrange_multiplier": 0.0,
      "cost_budget": 1.0,
      "cost_budget_raw": 0.02,
      "cost_budget_normalized": 1.0,
      "algorithm_cost_mode": "fixed_penalty",
      "fixed_cost_penalty_coef": 10.0,
      "log_std_max": -2.3,
      "rollout_wall_seconds": 1.4932889882475138,
      "update_wall_seconds": 0.4714310597628355,
      "total_wall_seconds": 1.9647218901664019
    },
    {
      "update": 824,
      "algorithm": "mappo_penalty",
      "actor_loss": 0.09144055843353271,
      "reward_critic_loss": 0.004660049453377724,
      "cost_critic_loss": 0.001208461239002645,
      "reward_critic_loss_last": 0.004412173759192228,
      "cost_critic_loss_last": 0.0011620637960731983,
      "critic_epochs": 8,
      "daily_voltage_cost": 0.0003735551727004349,
      "daily_voltage_cost_raw": 0.0003735551727004349,
      "daily_voltage_cost_normalized": 0.018677759915590286,
      "daily_economic_return_raw_yuan": -3158437.5,
      "daily_economic_return_normalized": -1.00213623046875,
      "daily_economic_cost_raw_yuan": 3158437.5,
      "economic_reward_scale_yuan": 3151704.8194007874,
      "lagrange_multiplier": 0.0,
      "cost_budget": 1.0,
      "cost_budget_raw": 0.02,
      "cost_budget_normalized": 1.0,
      "algorithm_cost_mode": "fixed_penalty",
      "fixed_cost_penalty_coef": 10.0,
      "log_std_max": -2.3,
      "rollout_wall_seconds": 1.3596436753869057,
      "update_wall_seconds": 0.501729529350996,
      "total_wall_seconds": 1.8613753002136946
    },
    {
      "update": 825,
      "algorithm": "mappo_penalty",
      "actor_loss": 0.09214217215776443,
      "reward_critic_loss": 0.0044395397417247295,
      "cost_critic_loss": 0.0002704616344999522,
      "reward_critic_loss_last": 0.004365436267107725,
      "cost_critic_loss_last": 0.0002807958226185292,
      "critic_epochs": 8,
      "daily_voltage_cost": 0.0,
      "daily_voltage_cost_raw": 0.0,
      "daily_voltage_cost_normalized": 0.0,
      "daily_economic_return_raw_yuan": -3239333.0,
      "daily_economic_return_normalized": -1.0278034210205078,
      "daily_economic_cost_raw_yuan": 3239333.0,
      "economic_reward_scale_yuan": 3151704.8194007874,
      "lagrange_multiplier": 0.0,
      "cost_budget": 1.0,
      "cost_budget_raw": 0.02,
      "cost_budget_normalized": 1.0,
      "algorithm_cost_mode": "fixed_penalty",
      "fixed_cost_penalty_coef": 10.0,
      "log_std_max": -2.3,
      "rollout_wall_seconds": 1.100047580897808,
      "update_wall_seconds": 0.4494573324918747,
      "total_wall_seconds": 1.5495066829025745
    },
    {
      "update": 826,
      "algorithm": "mappo_penalty",
      "actor_loss": 0.0926496833562851,
      "reward_critic_loss": 0.005277528893202543,
      "cost_critic_loss": 0.00179891602601856,
      "reward_critic_loss_last": 0.004755053203552961,
      "cost_critic_loss_last": 0.0017386844847351313,
      "critic_epochs": 8,
      "daily_voltage_cost": 0.0003389622434042394,
      "daily_voltage_cost_raw": 0.0003389622434042394,
      "daily_voltage_cost_normalized": 0.016948113217949867,
      "daily_economic_return_raw_yuan": -3043131.75,
      "daily_economic_return_normalized": -0.9655510187149048,
      "daily_economic_cost_raw_yuan": 3043131.75,
      "economic_reward_scale_yuan": 3151704.8194007874,
      "lagrange_multiplier": 0.0,
      "cost_budget": 1.0,
      "cost_budget_raw": 0.02,
      "cost_budget_normalized": 1.0,
      "algorithm_cost_mode": "fixed_penalty",
      "fixed_cost_penalty_coef": 10.0,
      "log_std_max": -2.3,
      "rollout_wall_seconds": 1.3289675395935774,
      "update_wall_seconds": 0.45098621770739555,
      "total_wall_seconds": 1.7799553479999304
    },
    {
      "update": 827,
      "algorithm": "mappo_penalty",
      "actor_loss": 0.0927562490105629,
      "reward_critic_loss": 0.0045449696481227875,
      "cost_critic_loss": 0.0009315581992268562,
      "reward_critic_loss_last": 0.004060064442455769,
      "cost_critic_loss_last": 0.0009428579360246658,
      "critic_epochs": 8,
      "daily_voltage_cost": 0.0003115012077614665,
      "daily_voltage_cost_raw": 0.0003115012077614665,
      "daily_voltage_cost_normalized": 0.015575060620903969,
      "daily_economic_return_raw_yuan": -3201769.25,
      "daily_economic_return_normalized": -1.0158848762512207,
      "daily_economic_cost_raw_yuan": 3201769.25,
      "economic_reward_scale_yuan": 3151704.8194007874,
      "lagrange_multiplier": 0.0,
      "cost_budget": 1.0,
      "cost_budget_raw": 0.02,
      "cost_budget_normalized": 1.0,
      "algorithm_cost_mode": "fixed_penalty",
      "fixed_cost_penalty_coef": 10.0,
      "log_std_max": -2.3,
      "rollout_wall_seconds": 1.2814668752253056,
      "update_wall_seconds": 0.476332513615489,
      "total_wall_seconds": 1.7578011620789766
    },
    {
      "update": 828,
      "algorithm": "mappo_penalty",
      "actor_loss": 0.09193369001150131,
      "reward_critic_loss": 0.007087459787726402,
      "cost_critic_loss": 0.0011556632816791534,
      "reward_critic_loss_last": 0.006729278713464737,
      "cost_critic_loss_last": 0.0011371381115168333,
      "critic_epochs": 8,
      "daily_voltage_cost": 0.000569750729482621,
      "daily_voltage_cost_raw": 0.000569750729482621,
      "daily_voltage_cost_normalized": 0.028487537056207657,
      "daily_economic_return_raw_yuan": -3247130.75,
      "daily_economic_return_normalized": -1.0302776098251343,
      "daily_economic_cost_raw_yuan": 3247130.75,
      "economic_reward_scale_yuan": 3151704.8194007874,
      "lagrange_multiplier": 0.0,
      "cost_budget": 1.0,
      "cost_budget_raw": 0.02,
      "cost_budget_normalized": 1.0,
      "algorithm_cost_mode": "fixed_penalty",
      "fixed_cost_penalty_coef": 10.0,
      "log_std_max": -2.3,
      "rollout_wall_seconds": 1.3293013721704483,
      "update_wall_seconds": 0.47575867362320423,
      "total_wall_seconds": 1.8050618637353182
    },
    {
      "update": 829,
      "algorithm": "mappo_penalty",
      "actor_loss": 0.09174864739179611,
      "reward_critic_loss": 0.00837785005569458,
      "cost_critic_loss": 0.00027094746474176645,
      "reward_critic_loss_last": 0.007136521395295858,
      "cost_critic_loss_last": 0.00024649029364809394,
      "critic_epochs": 8,
      "daily_voltage_cost": 0.0,
      "daily_voltage_cost_raw": 0.0,
      "daily_voltage_cost_normalized": 0.0,
      "daily_economic_return_raw_yuan": -2964359.75,
      "daily_economic_return_normalized": -0.940557599067688,
      "daily_economic_cost_raw_yuan": 2964359.75,
      "economic_reward_scale_yuan": 3151704.8194007874,
      "lagrange_multiplier": 0.0,
      "cost_budget": 1.0,
      "cost_budget_raw": 0.02,
      "cost_budget_normalized": 1.0,
      "algorithm_cost_mode": "fixed_penalty",
      "fixed_cost_penalty_coef": 10.0,
      "log_std_max": -2.3,
      "rollout_wall_seconds": 1.2662187833338976,
      "update_wall_seconds": 0.46141380444169044,
      "total_wall_seconds": 1.7276344932615757
    },
    {
      "update": 830,
      "algorithm": "mappo_penalty",
      "actor_loss": 0.09181229025125504,
      "reward_critic_loss": 0.007069699000567198,
      "cost_critic_loss": 0.00017159755225293338,
      "reward_critic_loss_last": 0.006593246012926102,
      "cost_critic_loss_last": 0.0001691810175543651,
      "critic_epochs": 8,
      "daily_voltage_cost": 3.4113902529497864e-06,
      "daily_voltage_cost_raw": 3.4113902529497864e-06,
      "daily_voltage_cost_normalized": 0.00017056951764971018,
      "daily_economic_return_raw_yuan": -3151248.75,
      "daily_economic_return_normalized": -0.9998553395271301,
      "daily_economic_cost_raw_yuan": 3151248.75,
      "economic_reward_scale_yuan": 3151704.8194007874,
      "lagrange_multiplier": 0.0,
      "cost_budget": 1.0,
      "cost_budget_raw": 0.02,
      "cost_budget_normalized": 1.0,
      "algorithm_cost_mode": "fixed_penalty",
      "fixed_cost_penalty_coef": 10.0,
      "log_std_max": -2.3,
      "rollout_wall_seconds": 1.4161578882485628,
      "update_wall_seconds": 0.4700194541364908,
      "total_wall_seconds": 1.8861789964139462
    },
    {
      "update": 831,
      "algorithm": "mappo_penalty",
      "actor_loss": 0.09158013761043549,
      "reward_critic_loss": 0.004461115226149559,
      "cost_critic_loss": 0.0005949200130999088,
      "reward_critic_loss_last": 0.004224769305437803,
      "cost_critic_loss_last": 0.000590835465118289,
      "critic_epochs": 8,
      "daily_voltage_cost": 0.0004243219445925206,
      "daily_voltage_cost_raw": 0.0004243219445925206,
      "daily_voltage_cost_normalized": 0.021216098219156265,
      "daily_economic_return_raw_yuan": -3158130.25,
      "daily_economic_return_normalized": -1.0020387172698975,
      "daily_economic_cost_raw_yuan": 3158130.25,
      "economic_reward_scale_yuan": 3151704.8194007874,
      "lagrange_multiplier": 0.0,
      "cost_budget": 1.0,
      "cost_budget_raw": 0.02,
      "cost_budget_normalized": 1.0,
      "algorithm_cost_mode": "fixed_penalty",
      "fixed_cost_penalty_coef": 10.0,
      "log_std_max": -2.3,
      "rollout_wall_seconds": 1.1882381942123175,
      "update_wall_seconds": 0.48839045502245426,
      "total_wall_seconds": 1.6766307521611452
    },
    {
      "update": 832,
      "algorithm": "mappo_penalty",
      "actor_loss": 0.09247872233390808,
      "reward_critic_loss": 0.0034393861424177885,
      "cost_critic_loss": 0.00020458025392144918,
      "reward_critic_loss_last": 0.0033196303993463516,
      "cost_critic_loss_last": 0.00020199354912620038,
      "critic_epochs": 8,
      "daily_voltage_cost": 0.0,
      "daily_voltage_cost_raw": 0.0,
      "daily_voltage_cost_normalized": 0.0,
      "daily_economic_return_raw_yuan": -2966451.75,
      "daily_economic_return_normalized": -0.9412213563919067,
      "daily_economic_cost_raw_yuan": 2966451.75,
      "economic_reward_scale_yuan": 3151704.8194007874,
      "lagrange_multiplier": 0.0,
      "cost_budget": 1.0,
      "cost_budget_raw": 0.02,
      "cost_budget_normalized": 1.0,
      "algorithm_cost_mode": "fixed_penalty",
      "fixed_cost_penalty_coef": 10.0,
      "log_std_max": -2.3,
      "rollout_wall_seconds": 1.2693726755678654,
      "update_wall_seconds": 0.48569689504802227,
      "total_wall_seconds": 1.7550715114921331
    },
    {
      "update": 833,
      "algorithm": "mappo_penalty",
      "actor_loss": 0.09187664091587067,
      "reward_critic_loss": 0.005465279333293438,
      "cost_critic_loss": 0.001467182650230825,
      "reward_critic_loss_last": 0.00531599298119545,
      "cost_critic_loss_last": 0.0014221075689420104,
      "critic_epochs": 8,
      "daily_voltage_cost": 0.0002949373738374561,
      "daily_voltage_cost_raw": 0.0002949373738374561,
      "daily_voltage_cost_normalized": 0.01474686898291111,
      "daily_economic_return_raw_yuan": -3084390.25,
      "daily_economic_return_normalized": -0.9786418676376343,
      "daily_economic_cost_raw_yuan": 3084390.25,
      "economic_reward_scale_yuan": 3151704.8194007874,
      "lagrange_multiplier": 0.0,
      "cost_budget": 1.0,
      "cost_budget_raw": 0.02,
      "cost_budget_normalized": 1.0,
      "algorithm_cost_mode": "fixed_penalty",
      "fixed_cost_penalty_coef": 10.0,
      "log_std_max": -2.3,
      "rollout_wall_seconds": 1.4265744090080261,
      "update_wall_seconds": 0.47111264802515507,
      "total_wall_seconds": 1.8976890332996845
    },
    {
      "update": 834,
      "algorithm": "mappo_penalty",
      "actor_loss": 0.09225914627313614,
      "reward_critic_loss": 0.00541996955871582,
      "cost_critic_loss": 0.001219748635776341,
      "reward_critic_loss_last": 0.004931649658828974,
      "cost_critic_loss_last": 0.00122056994587183,
      "critic_epochs": 8,
      "daily_voltage_cost": 0.0006452657980844378,
      "daily_voltage_cost_raw": 0.0006452657980844378,
      "daily_voltage_cost_normalized": 0.032263293862342834,
      "daily_economic_return_raw_yuan": -3299438.75,
      "daily_economic_return_normalized": -1.0468742847442627,
      "daily_economic_cost_raw_yuan": 3299438.75,
      "economic_reward_scale_yuan": 3151704.8194007874,
      "lagrange_multiplier": 0.0,
      "cost_budget": 1.0,
      "cost_budget_raw": 0.02,
      "cost_budget_normalized": 1.0,
      "algorithm_cost_mode": "fixed_penalty",
      "fixed_cost_penalty_coef": 10.0,
      "log_std_max": -2.3,
      "rollout_wall_seconds": 1.3185532186180353,
      "update_wall_seconds": 0.4645956438034773,
      "total_wall_seconds": 1.7831505611538887
    },
    {
      "update": 835,
      "algorithm": "mappo_penalty",
      "actor_loss": 0.09177066385746002,
      "reward_critic_loss": 0.005549794994294643,
      "cost_critic_loss": 0.00030782463727518916,
      "reward_critic_loss_last": 0.005028388928622007,
      "cost_critic_loss_last": 0.0003010741202160716,
      "critic_epochs": 8,
      "daily_voltage_cost": 0.0,
      "daily_voltage_cost_raw": 0.0,
      "daily_voltage_cost_normalized": 0.0,
      "daily_economic_return_raw_yuan": -3034172.75,
      "daily_economic_return_normalized": -0.9627084732055664,
      "daily_economic_cost_raw_yuan": 3034172.75,
      "economic_reward_scale_yuan": 3151704.8194007874,
      "lagrange_multiplier": 0.0,
      "cost_budget": 1.0,
      "cost_budget_raw": 0.02,
      "cost_budget_normalized": 1.0,
      "algorithm_cost_mode": "fixed_penalty",
      "fixed_cost_penalty_coef": 10.0,
      "log_std_max": -2.3,
      "rollout_wall_seconds": 1.2593256440013647,
      "update_wall_seconds": 0.47441986948251724,
      "total_wall_seconds": 1.7337472755461931
    },
    {
      "update": 836,
      "algorithm": "mappo_penalty",
      "actor_loss": 0.09144958108663559,
      "reward_critic_loss": 0.005912532564252615,
      "cost_critic_loss": 0.00012682015949394554,
      "reward_critic_loss_last": 0.005287969019263983,
      "cost_critic_loss_last": 0.00011871154856635258,
      "critic_epochs": 8,
      "daily_voltage_cost": 0.0,
      "daily_voltage_cost_raw": 0.0,
      "daily_voltage_cost_normalized": 0.0,
      "daily_economic_return_raw_yuan": -3010832.5,
      "daily_economic_return_normalized": -0.9553028345108032,
      "daily_economic_cost_raw_yuan": 3010832.5,
      "economic_reward_scale_yuan": 3151704.8194007874,
      "lagrange_multiplier": 0.0,
      "cost_budget": 1.0,
      "cost_budget_raw": 0.02,
      "cost_budget_normalized": 1.0,
      "algorithm_cost_mode": "fixed_penalty",
      "fixed_cost_penalty_coef": 10.0,
      "log_std_max": -2.3,
      "rollout_wall_seconds": 1.3964743483811617,
      "update_wall_seconds": 0.4776430930942297,
      "total_wall_seconds": 1.8741192873567343
    },
    {
      "update": 837,
      "algorithm": "mappo_penalty",
      "actor_loss": 0.09196344763040543,
      "reward_critic_loss": 0.004028188064694405,
      "cost_critic_loss": 0.00029480288503691554,
      "reward_critic_loss_last": 0.0038793664425611496,
      "cost_critic_loss_last": 0.0002744928642641753,
      "critic_epochs": 8,
      "daily_voltage_cost": 0.0,
      "daily_voltage_cost_raw": 0.0,
      "daily_voltage_cost_normalized": 0.0,
      "daily_economic_return_raw_yuan": -3075305.0,
      "daily_economic_return_normalized": -0.9757592082023621,
      "daily_economic_cost_raw_yuan": 3075305.0,
      "economic_reward_scale_yuan": 3151704.8194007874,
      "lagrange_multiplier": 0.0,
      "cost_budget": 1.0,
      "cost_budget_raw": 0.02,
      "cost_budget_normalized": 1.0,
      "algorithm_cost_mode": "fixed_penalty",
      "fixed_cost_penalty_coef": 10.0,
      "log_std_max": -2.3,
      "rollout_wall_seconds": 1.3135849218815565,
      "update_wall_seconds": 0.4789262693375349,
      "total_wall_seconds": 1.7925130520015955
    },
    {
      "update": 838,
      "algorithm": "mappo_penalty",
      "actor_loss": 0.0911470502614975,
      "reward_critic_loss": 0.0035237777046859264,
      "cost_critic_loss": 0.0009321487741544843,
      "reward_critic_loss_last": 0.0034005760680884123,
      "cost_critic_loss_last": 0.0009241142543032765,
      "critic_epochs": 8,
      "daily_voltage_cost": 0.0006883988389745355,
      "daily_voltage_cost_raw": 0.0006883988389745355,
      "daily_voltage_cost_normalized": 0.034419942647218704,
      "daily_economic_return_raw_yuan": -3082898.25,
      "daily_economic_return_normalized": -0.9781684875488281,
      "daily_economic_cost_raw_yuan": 3082898.25,
      "economic_reward_scale_yuan": 3151704.8194007874,
      "lagrange_multiplier": 0.0,
      "cost_budget": 1.0,
      "cost_budget_raw": 0.02,
      "cost_budget_normalized": 1.0,
      "algorithm_cost_mode": "fixed_penalty",
      "fixed_cost_penalty_coef": 10.0,
      "log_std_max": -2.3,
      "rollout_wall_seconds": 1.3373968824744225,
      "update_wall_seconds": 0.537724819034338,
      "total_wall_seconds": 1.875123718753457
    },
    {
      "update": 839,
      "algorithm": "mappo_penalty",
      "actor_loss": 0.0920393317937851,
      "reward_critic_loss": 0.004724293015897274,
      "cost_critic_loss": 0.00046404951717704535,
      "reward_critic_loss_last": 0.004513232968747616,
      "cost_critic_loss_last": 0.00045071367640048265,
      "critic_epochs": 8,
      "daily_voltage_cost": 0.0,
      "daily_voltage_cost_raw": 0.0,
      "daily_voltage_cost_normalized": 0.0,
      "daily_economic_return_raw_yuan": -3136313.0,
      "daily_economic_return_normalized": -0.9951164126396179,
      "daily_economic_cost_raw_yuan": 3136313.0,
      "economic_reward_scale_yuan": 3151704.8194007874,
      "lagrange_multiplier": 0.0,
      "cost_budget": 1.0,
      "cost_budget_raw": 0.02,
      "cost_budget_normalized": 1.0,
      "algorithm_cost_mode": "fixed_penalty",
      "fixed_cost_penalty_coef": 10.0,
      "log_std_max": -2.3,
      "rollout_wall_seconds": 1.574824195355177,
      "update_wall_seconds": 0.49297529086470604,
      "total_wall_seconds": 2.0678014159202576
    },
    {
      "update": 840,
      "algorithm": "mappo_penalty",
      "actor_loss": 0.09164154529571533,
      "reward_critic_loss": 0.0031328415498137474,
      "cost_critic_loss": 0.0379411056637764,
      "reward_critic_loss_last": 0.002785345306620002,
      "cost_critic_loss_last": 0.03773966431617737,
      "critic_epochs": 8,
      "daily_voltage_cost": 0.004763203673064709,
      "daily_voltage_cost_raw": 0.004763203673064709,
      "daily_voltage_cost_normalized": 0.23816019296646118,
      "daily_economic_return_raw_yuan": -3087654.0,
      "daily_economic_return_normalized": -0.9796774387359619,
      "daily_economic_cost_raw_yuan": 3087654.0,
      "economic_reward_scale_yuan": 3151704.8194007874,
      "lagrange_multiplier": 0.0,
      "cost_budget": 1.0,
      "cost_budget_raw": 0.02,
      "cost_budget_normalized": 1.0,
      "algorithm_cost_mode": "fixed_penalty",
      "fixed_cost_penalty_coef": 10.0,
      "log_std_max": -2.3,
      "rollout_wall_seconds": 1.3253438770771027,
      "update_wall_seconds": 0.4939892590045929,
      "total_wall_seconds": 1.819334862753749
    },
    {
      "update": 841,
      "algorithm": "mappo_penalty",
      "actor_loss": 0.09168263524770737,
      "reward_critic_loss": 0.005666909273713827,
      "cost_critic_loss": 0.005063651129603386,
      "reward_critic_loss_last": 0.005471359938383102,
      "cost_critic_loss_last": 0.004905767738819122,
      "critic_epochs": 8,
      "daily_voltage_cost": 0.0005784235545434058,
      "daily_voltage_cost_raw": 0.0005784235545434058,
      "daily_voltage_cost_normalized": 0.028921177610754967,
      "daily_economic_return_raw_yuan": -2957563.75,
      "daily_economic_return_normalized": -0.9384012818336487,
      "daily_economic_cost_raw_yuan": 2957563.75,
      "economic_reward_scale_yuan": 3151704.8194007874,
      "lagrange_multiplier": 0.0,
      "cost_budget": 1.0,
      "cost_budget_raw": 0.02,
      "cost_budget_normalized": 1.0,
      "algorithm_cost_mode": "fixed_penalty",
      "fixed_cost_penalty_coef": 10.0,
      "log_std_max": -2.3,
      "rollout_wall_seconds": 1.3268654737621546,
      "update_wall_seconds": 0.5069431476294994,
      "total_wall_seconds": 1.8338105343282223
    },
    {
      "update": 842,
      "algorithm": "mappo_penalty",
      "actor_loss": 0.09101830422878265,
      "reward_critic_loss": 0.00742290448397398,
      "cost_critic_loss": 0.0006166287930682302,
      "reward_critic_loss_last": 0.007239231374114752,
      "cost_critic_loss_last": 0.0005687031080015004,
      "critic_epochs": 8,
      "daily_voltage_cost": 0.0,
      "daily_voltage_cost_raw": 0.0,
      "daily_voltage_cost_normalized": 0.0,
      "daily_economic_return_raw_yuan": -2902370.0,
      "daily_economic_return_normalized": -0.9208889603614807,
      "daily_economic_cost_raw_yuan": 2902370.0,
      "economic_reward_scale_yuan": 3151704.8194007874,
      "lagrange_multiplier": 0.0,
      "cost_budget": 1.0,
      "cost_budget_raw": 0.02,
      "cost_budget_normalized": 1.0,
      "algorithm_cost_mode": "fixed_penalty",
      "fixed_cost_penalty_coef": 10.0,
      "log_std_max": -2.3,
      "rollout_wall_seconds": 1.2958204615861177,
      "update_wall_seconds": 0.5029697772115469,
      "total_wall_seconds": 1.7987920809537172
    },
    {
      "update": 843,
      "algorithm": "mappo_penalty",
      "actor_loss": 0.0923057347536087,
      "reward_critic_loss": 0.00358695350587368,
      "cost_critic_loss": 0.000355896248947829,
      "reward_critic_loss_last": 0.003346199169754982,
      "cost_critic_loss_last": 0.00025689753238111734,
      "critic_epochs": 8,
      "daily_voltage_cost": 0.0,
      "daily_voltage_cost_raw": 0.0,
      "daily_voltage_cost_normalized": 0.0,
      "daily_economic_return_raw_yuan": -3016530.5,
      "daily_economic_return_normalized": -0.9571107625961304,
      "daily_economic_cost_raw_yuan": 3016530.5,
      "economic_reward_scale_yuan": 3151704.8194007874,
      "lagrange_multiplier": 0.0,
      "cost_budget": 1.0,
      "cost_budget_raw": 0.02,
      "cost_budget_normalized": 1.0,
      "algorithm_cost_mode": "fixed_penalty",
      "fixed_cost_penalty_coef": 10.0,
      "log_std_max": -2.3,
      "rollout_wall_seconds": 1.1521594319492579,
      "update_wall_seconds": 0.5333214979618788,
      "total_wall_seconds": 1.6854830421507359
    },
    {
      "update": 844,
      "algorithm": "mappo_penalty",
      "actor_loss": 0.0932035818696022,
      "reward_critic_loss": 0.00621271226555109,
      "cost_critic_loss": 0.00028521823696792126,
      "reward_critic_loss_last": 0.00589120713993907,
      "cost_critic_loss_last": 0.0002761443902272731,
      "critic_epochs": 8,
      "daily_voltage_cost": 0.0,
      "daily_voltage_cost_raw": 0.0,
      "daily_voltage_cost_normalized": 0.0,
      "daily_economic_return_raw_yuan": -3157260.0,
      "daily_economic_return_normalized": -1.0017626285552979,
      "daily_economic_cost_raw_yuan": 3157260.0,
      "economic_reward_scale_yuan": 3151704.8194007874,
      "lagrange_multiplier": 0.0,
      "cost_budget": 1.0,
      "cost_budget_raw": 0.02,
      "cost_budget_normalized": 1.0,
      "algorithm_cost_mode": "fixed_penalty",
      "fixed_cost_penalty_coef": 10.0,
      "log_std_max": -2.3,
      "rollout_wall_seconds": 1.3719928730279207,
      "update_wall_seconds": 0.462960721924901,
      "total_wall_seconds": 1.8349554780870676
    },
    {
      "update": 845,
      "algorithm": "mappo_penalty",
      "actor_loss": 0.09209326654672623,
      "reward_critic_loss": 0.004864347632974386,
      "cost_critic_loss": 0.0002641360042616725,
      "reward_critic_loss_last": 0.004549811594188213,
      "cost_critic_loss_last": 0.0002480045077390969,
      "critic_epochs": 8,
      "daily_voltage_cost": 0.0,
      "daily_voltage_cost_raw": 0.0,
      "daily_voltage_cost_normalized": 0.0,
      "daily_economic_return_raw_yuan": -3120906.0,
      "daily_economic_return_normalized": -0.9902279376983643,
      "daily_economic_cost_raw_yuan": 3120906.0,
      "economic_reward_scale_yuan": 3151704.8194007874,
      "lagrange_multiplier": 0.0,
      "cost_budget": 1.0,
      "cost_budget_raw": 0.02,
      "cost_budget_normalized": 1.0,
      "algorithm_cost_mode": "fixed_penalty",
      "fixed_cost_penalty_coef": 10.0,
      "log_std_max": -2.3,
      "rollout_wall_seconds": 1.427601283416152,
      "update_wall_seconds": 0.47056281194090843,
      "total_wall_seconds": 1.8981665205210447
    },
    {
      "update": 846,
      "algorithm": "mappo_penalty",
      "actor_loss": 0.0917496532201767,
      "reward_critic_loss": 0.005736990831792355,
      "cost_critic_loss": 0.00032043858664110303,
      "reward_critic_loss_last": 0.005636400543153286,
      "cost_critic_loss_last": 0.0003046285710297525,
      "critic_epochs": 8,
      "daily_voltage_cost": 0.00012347204028628767,
      "daily_voltage_cost_raw": 0.00012347204028628767,
      "daily_voltage_cost_normalized": 0.006173602305352688,
      "daily_economic_return_raw_yuan": -3143919.25,
      "daily_economic_return_normalized": -0.9975297451019287,
      "daily_economic_cost_raw_yuan": 3143919.25,
      "economic_reward_scale_yuan": 3151704.8194007874,
      "lagrange_multiplier": 0.0,
      "cost_budget": 1.0,
      "cost_budget_raw": 0.02,
      "cost_budget_normalized": 1.0,
      "algorithm_cost_mode": "fixed_penalty",
      "fixed_cost_penalty_coef": 10.0,
      "log_std_max": -2.3,
      "rollout_wall_seconds": 1.3817377239465714,
      "update_wall_seconds": 0.4756039921194315,
      "total_wall_seconds": 1.8573436308652163
    },
    {
      "update": 847,
      "algorithm": "mappo_penalty",
      "actor_loss": 0.09199218451976776,
      "reward_critic_loss": 0.004224679432809353,
      "cost_critic_loss": 0.00037674137274734676,
      "reward_critic_loss_last": 0.004015350714325905,
      "cost_critic_loss_last": 0.00035733444383367896,
      "critic_epochs": 8,
      "daily_voltage_cost": 0.00013051934365648776,
      "daily_voltage_cost_raw": 0.00013051934365648776,
      "daily_voltage_cost_normalized": 0.0065259672701358795,
      "daily_economic_return_raw_yuan": -3164475.25,
      "daily_economic_return_normalized": -1.004051923751831,
      "daily_economic_cost_raw_yuan": 3164475.25,
      "economic_reward_scale_yuan": 3151704.8194007874,
      "lagrange_multiplier": 0.0,
      "cost_budget": 1.0,
      "cost_budget_raw": 0.02,
      "cost_budget_normalized": 1.0,
      "algorithm_cost_mode": "fixed_penalty",
      "fixed_cost_penalty_coef": 10.0,
      "log_std_max": -2.3,
      "rollout_wall_seconds": 1.4010068271309137,
      "update_wall_seconds": 0.47446318343281746,
      "total_wall_seconds": 1.8754717539995909
    },
    {
      "update": 848,
      "algorithm": "mappo_penalty",
      "actor_loss": 0.09237853437662125,
      "reward_critic_loss": 0.00426975404843688,
      "cost_critic_loss": 0.0018869320629164577,
      "reward_critic_loss_last": 0.00391617976129055,
      "cost_critic_loss_last": 0.0018371454207226634,
      "critic_epochs": 8,
      "daily_voltage_cost": 0.0003216001787222922,
      "daily_voltage_cost_raw": 0.0003216001787222922,
      "daily_voltage_cost_normalized": 0.016080008819699287,
      "daily_economic_return_raw_yuan": -3046846.5,
      "daily_economic_return_normalized": -0.9667297005653381,
      "daily_economic_cost_raw_yuan": 3046846.5,
      "economic_reward_scale_yuan": 3151704.8194007874,
      "lagrange_multiplier": 0.0,
      "cost_budget": 1.0,
      "cost_budget_raw": 0.02,
      "cost_budget_normalized": 1.0,
      "algorithm_cost_mode": "fixed_penalty",
      "fixed_cost_penalty_coef": 10.0,
      "log_std_max": -2.3,
      "rollout_wall_seconds": 1.3397538252174854,
      "update_wall_seconds": 0.47491645999252796,
      "total_wall_seconds": 1.8146724570542574
    },
    {
      "update": 849,
      "algorithm": "mappo_penalty",
      "actor_loss": 0.0918613001704216,
      "reward_critic_loss": 0.003296117065474391,
      "cost_critic_loss": 0.0003724986454471946,
      "reward_critic_loss_last": 0.0031045321375131607,
      "cost_critic_loss_last": 0.0003567851090338081,
      "critic_epochs": 8,
      "daily_voltage_cost": 0.0,
      "daily_voltage_cost_raw": 0.0,
      "daily_voltage_cost_normalized": 0.0,
      "daily_economic_return_raw_yuan": -3162117.25,
      "daily_economic_return_normalized": -1.0033037662506104,
      "daily_economic_cost_raw_yuan": 3162117.25,
      "economic_reward_scale_yuan": 3151704.8194007874,
      "lagrange_multiplier": 0.0,
      "cost_budget": 1.0,
      "cost_budget_raw": 0.02,
      "cost_budget_normalized": 1.0,
      "algorithm_cost_mode": "fixed_penalty",
      "fixed_cost_penalty_coef": 10.0,
      "log_std_max": -2.3,
      "rollout_wall_seconds": 1.4389869775623083,
      "update_wall_seconds": 0.47767116874456406,
      "total_wall_seconds": 1.9166601598262787
    },
    {
      "update": 850,
      "algorithm": "mappo_penalty",
      "actor_loss": 0.09167428314685822,
      "reward_critic_loss": 0.004280892666429281,
      "cost_critic_loss": 0.00023246053024195135,
      "reward_critic_loss_last": 0.0037132306024432182,
      "cost_critic_loss_last": 0.00023072252224665135,
      "critic_epochs": 8,
      "daily_voltage_cost": 0.0,
      "daily_voltage_cost_raw": 0.0,
      "daily_voltage_cost_normalized": 0.0,
      "daily_economic_return_raw_yuan": -3058674.5,
      "daily_economic_return_normalized": -0.970482587814331,
      "daily_economic_cost_raw_yuan": 3058674.5,
      "economic_reward_scale_yuan": 3151704.8194007874,
      "lagrange_multiplier": 0.0,
      "cost_budget": 1.0,
      "cost_budget_raw": 0.02,
      "cost_budget_normalized": 1.0,
      "algorithm_cost_mode": "fixed_penalty",
      "fixed_cost_penalty_coef": 10.0,
      "log_std_max": -2.3,
      "rollout_wall_seconds": 1.4875900112092495,
      "update_wall_seconds": 0.46045048348605633,
      "total_wall_seconds": 1.9480425287038088
    },
    {
      "update": 851,
      "algorithm": "mappo_penalty",
      "actor_loss": 0.09222643822431564,
      "reward_critic_loss": 0.0028897556476294994,
      "cost_critic_loss": 0.00041152670746669173,
      "reward_critic_loss_last": 0.002609686926007271,
      "cost_critic_loss_last": 0.0004104666877537966,
      "critic_epochs": 8,
      "daily_voltage_cost": 0.00022090281709097326,
      "daily_voltage_cost_raw": 0.00022090281709097326,
      "daily_voltage_cost_normalized": 0.011045141145586967,
      "daily_economic_return_raw_yuan": -3270525.25,
      "daily_economic_return_normalized": -1.0377004146575928,
      "daily_economic_cost_raw_yuan": 3270525.25,
      "economic_reward_scale_yuan": 3151704.8194007874,
      "lagrange_multiplier": 0.0,
      "cost_budget": 1.0,
      "cost_budget_raw": 0.02,
      "cost_budget_normalized": 1.0,
      "algorithm_cost_mode": "fixed_penalty",
      "fixed_cost_penalty_coef": 10.0,
      "log_std_max": -2.3,
      "rollout_wall_seconds": 1.3586922474205494,
      "update_wall_seconds": 0.48854534327983856,
      "total_wall_seconds": 1.8472397439181805
    },
    {
      "update": 852,
      "algorithm": "mappo_penalty",
      "actor_loss": 0.09195073693990707,
      "reward_critic_loss": 0.0041250549256801605,
      "cost_critic_loss": 0.0002551974030211568,
      "reward_critic_loss_last": 0.003992620389908552,
      "cost_critic_loss_last": 0.0002483248827047646,
      "critic_epochs": 8,
      "daily_voltage_cost": 0.0,
      "daily_voltage_cost_raw": 0.0,
      "daily_voltage_cost_normalized": 0.0,
      "daily_economic_return_raw_yuan": -3160383.0,
      "daily_economic_return_normalized": -1.002753496170044,
      "daily_economic_cost_raw_yuan": 3160383.0,
      "economic_reward_scale_yuan": 3151704.8194007874,
      "lagrange_multiplier": 0.0,
      "cost_budget": 1.0,
      "cost_budget_raw": 0.02,
      "cost_budget_normalized": 1.0,
      "algorithm_cost_mode": "fixed_penalty",
      "fixed_cost_penalty_coef": 10.0,
      "log_std_max": -2.3,
      "rollout_wall_seconds": 1.4238817282021046,
      "update_wall_seconds": 0.4634026736021042,
      "total_wall_seconds": 1.887286476790905
    },
    {
      "update": 853,
      "algorithm": "mappo_penalty",
      "actor_loss": 0.09196171164512634,
      "reward_critic_loss": 0.005097771994769573,
      "cost_critic_loss": 0.002679290948435664,
      "reward_critic_loss_last": 0.004792650695890188,
      "cost_critic_loss_last": 0.0026575052179396152,
      "critic_epochs": 8,
      "daily_voltage_cost": 0.0007412355043925345,
      "daily_voltage_cost_raw": 0.0007412355043925345,
      "daily_voltage_cost_normalized": 0.03706177696585655,
      "daily_economic_return_raw_yuan": -3018909.5,
      "daily_economic_return_normalized": -0.9578655958175659,
      "daily_economic_cost_raw_yuan": 3018909.5,
      "economic_reward_scale_yuan": 3151704.8194007874,
      "lagrange_multiplier": 0.0,
      "cost_budget": 1.0,
      "cost_budget_raw": 0.02,
      "cost_budget_normalized": 1.0,
      "algorithm_cost_mode": "fixed_penalty",
      "fixed_cost_penalty_coef": 10.0,
      "log_std_max": -2.3,
      "rollout_wall_seconds": 1.354721374809742,
      "update_wall_seconds": 0.48179688677191734,
      "total_wall_seconds": 1.83652001619339
    },
    {
      "update": 854,
      "algorithm": "mappo_penalty",
      "actor_loss": 0.09209561347961426,
      "reward_critic_loss": 0.0028691072948276997,
      "cost_critic_loss": 0.0001508479326730594,
      "reward_critic_loss_last": 0.0026544230058789253,
      "cost_critic_loss_last": 0.00015270101721398532,
      "critic_epochs": 8,
      "daily_voltage_cost": 4.424763756105676e-05,
      "daily_voltage_cost_raw": 4.424763756105676e-05,
      "daily_voltage_cost_normalized": 0.002212381921708584,
      "daily_economic_return_raw_yuan": -3069242.25,
      "daily_economic_return_normalized": -0.9738355875015259,
      "daily_economic_cost_raw_yuan": 3069242.25,
      "economic_reward_scale_yuan": 3151704.8194007874,
      "lagrange_multiplier": 0.0,
      "cost_budget": 1.0,
      "cost_budget_raw": 0.02,
      "cost_budget_normalized": 1.0,
      "algorithm_cost_mode": "fixed_penalty",
      "fixed_cost_penalty_coef": 10.0,
      "log_std_max": -2.3,
      "rollout_wall_seconds": 1.2592713814228773,
      "update_wall_seconds": 0.45982799865305424,
      "total_wall_seconds": 1.7191013135015965
    },
    {
      "update": 855,
      "algorithm": "mappo_penalty",
      "actor_loss": 0.09120909124612808,
      "reward_critic_loss": 0.002649990376085043,
      "cost_critic_loss": 0.0034759179688990116,
      "reward_critic_loss_last": 0.002413173671811819,
      "cost_critic_loss_last": 0.003464910201728344,
      "critic_epochs": 8,
      "daily_voltage_cost": 0.0013622138649225235,
      "daily_voltage_cost_raw": 0.0013622138649225235,
      "daily_voltage_cost_normalized": 0.06811069697141647,
      "daily_economic_return_raw_yuan": -2960078.25,
      "daily_economic_return_normalized": -0.9391990900039673,
      "daily_economic_cost_raw_yuan": 2960078.25,
      "economic_reward_scale_yuan": 3151704.8194007874,
      "lagrange_multiplier": 0.0,
      "cost_budget": 1.0,
      "cost_budget_raw": 0.02,
      "cost_budget_normalized": 1.0,
      "algorithm_cost_mode": "fixed_penalty",
      "fixed_cost_penalty_coef": 10.0,
      "log_std_max": -2.3,
      "rollout_wall_seconds": 1.4630111753940582,
      "update_wall_seconds": 0.4804495293647051,
      "total_wall_seconds": 1.9434624519199133
    },
    {
      "update": 856,
      "algorithm": "mappo_penalty",
      "actor_loss": 0.09132064878940582,
      "reward_critic_loss": 0.003470572642982006,
      "cost_critic_loss": 0.0002138494746759534,
      "reward_critic_loss_last": 0.0032815784215927124,
      "cost_critic_loss_last": 0.00020657596178352833,
      "critic_epochs": 8,
      "daily_voltage_cost": 0.0,
      "daily_voltage_cost_raw": 0.0,
      "daily_voltage_cost_normalized": 0.0,
      "daily_economic_return_raw_yuan": -3031542.5,
      "daily_economic_return_normalized": -0.9618738889694214,
      "daily_economic_cost_raw_yuan": 3031542.5,
      "economic_reward_scale_yuan": 3151704.8194007874,
      "lagrange_multiplier": 0.0,
      "cost_budget": 1.0,
      "cost_budget_raw": 0.02,
      "cost_budget_normalized": 1.0,
      "algorithm_cost_mode": "fixed_penalty",
      "fixed_cost_penalty_coef": 10.0,
      "log_std_max": -2.3,
      "rollout_wall_seconds": 1.3298604041337967,
      "update_wall_seconds": 0.4740328751504421,
      "total_wall_seconds": 1.8038952723145485
    },
    {
      "update": 857,
      "algorithm": "mappo_penalty",
      "actor_loss": 0.09104391187429428,
      "reward_critic_loss": 0.0037490027025341988,
      "cost_critic_loss": 0.00027417775709182024,
      "reward_critic_loss_last": 0.0036392216570675373,
      "cost_critic_loss_last": 0.00027161382604390383,
      "critic_epochs": 8,
      "daily_voltage_cost": 0.0,
      "daily_voltage_cost_raw": 0.0,
      "daily_voltage_cost_normalized": 0.0,
      "daily_economic_return_raw_yuan": -3042976.5,
      "daily_economic_return_normalized": -0.9655017852783203,
      "daily_economic_cost_raw_yuan": 3042976.5,
      "economic_reward_scale_yuan": 3151704.8194007874,
      "lagrange_multiplier": 0.0,
      "cost_budget": 1.0,
      "cost_budget_raw": 0.02,
      "cost_budget_normalized": 1.0,
      "algorithm_cost_mode": "fixed_penalty",
      "fixed_cost_penalty_coef": 10.0,
      "log_std_max": -2.3,
      "rollout_wall_seconds": 1.3323771003633738,
      "update_wall_seconds": 0.4662185087800026,
      "total_wall_seconds": 1.7985973879694939
    },
    {
      "update": 858,
      "algorithm": "mappo_penalty",
      "actor_loss": 0.09210524708032608,
      "reward_critic_loss": 0.0035489497240632772,
      "cost_critic_loss": 0.0006095449789427221,
      "reward_critic_loss_last": 0.0031163590028882027,
      "cost_critic_loss_last": 0.0006049999501556158,
      "critic_epochs": 8,
      "daily_voltage_cost": 0.00042387269786559045,
      "daily_voltage_cost_raw": 0.00042387269786559045,
      "daily_voltage_cost_normalized": 0.02119363658130169,
      "daily_economic_return_raw_yuan": -3025734.75,
      "daily_economic_return_normalized": -0.9600311517715454,
      "daily_economic_cost_raw_yuan": 3025734.75,
      "economic_reward_scale_yuan": 3151704.8194007874,
      "lagrange_multiplier": 0.0,
      "cost_budget": 1.0,
      "cost_budget_raw": 0.02,
      "cost_budget_normalized": 1.0,
      "algorithm_cost_mode": "fixed_penalty",
      "fixed_cost_penalty_coef": 10.0,
      "log_std_max": -2.3,
      "rollout_wall_seconds": 1.5196669604629278,
      "update_wall_seconds": 0.4534040968865156,
      "total_wall_seconds": 1.9730726778507233
    },
    {
      "update": 859,
      "algorithm": "mappo_penalty",
      "actor_loss": 0.09134385734796524,
      "reward_critic_loss": 0.004936430137604475,
      "cost_critic_loss": 0.0003161751665174961,
      "reward_critic_loss_last": 0.004001263529062271,
      "cost_critic_loss_last": 0.00031078828033059835,
      "critic_epochs": 8,
      "daily_voltage_cost": 0.0,
      "daily_voltage_cost_raw": 0.0,
      "daily_voltage_cost_normalized": 0.0,
      "daily_economic_return_raw_yuan": -2793279.25,
      "daily_economic_return_normalized": -0.8862756490707397,
      "daily_economic_cost_raw_yuan": 2793279.25,
      "economic_reward_scale_yuan": 3151704.8194007874,
      "lagrange_multiplier": 0.0,
      "cost_budget": 1.0,
      "cost_budget_raw": 0.02,
      "cost_budget_normalized": 1.0,
      "algorithm_cost_mode": "fixed_penalty",
      "fixed_cost_penalty_coef": 10.0,
      "log_std_max": -2.3,
      "rollout_wall_seconds": 1.317046195268631,
      "update_wall_seconds": 0.48142690025269985,
      "total_wall_seconds": 1.7984748780727386
    },
    {
      "update": 860,
      "algorithm": "mappo_penalty",
      "actor_loss": 0.0932253748178482,
      "reward_critic_loss": 0.005561444442719221,
      "cost_critic_loss": 0.00015856322715990245,
      "reward_critic_loss_last": 0.005315275397151709,
      "cost_critic_loss_last": 0.0001576064678374678,
      "critic_epochs": 8,
      "daily_voltage_cost": 0.0,
      "daily_voltage_cost_raw": 0.0,
      "daily_voltage_cost_normalized": 0.0,
      "daily_economic_return_raw_yuan": -3053037.5,
      "daily_economic_return_normalized": -0.9686939716339111,
      "daily_economic_cost_raw_yuan": 3053037.5,
      "economic_reward_scale_yuan": 3151704.8194007874,
      "lagrange_multiplier": 0.0,
      "cost_budget": 1.0,
      "cost_budget_raw": 0.02,
      "cost_budget_normalized": 1.0,
      "algorithm_cost_mode": "fixed_penalty",
      "fixed_cost_penalty_coef": 10.0,
      "log_std_max": -2.3,
      "rollout_wall_seconds": 1.3007843643426895,
      "update_wall_seconds": 0.4667845815420151,
      "total_wall_seconds": 1.7675706278532743
    },
    {
      "update": 861,
      "algorithm": "mappo_penalty",
      "actor_loss": 0.09207721799612045,
      "reward_critic_loss": 0.006735342554748058,
      "cost_critic_loss": 0.0003755886573344469,
      "reward_critic_loss_last": 0.005935516208410263,
      "cost_critic_loss_last": 0.00037180533399805427,
      "critic_epochs": 8,
      "daily_voltage_cost": 2.3296459403354675e-05,
      "daily_voltage_cost_raw": 2.3296459403354675e-05,
      "daily_voltage_cost_normalized": 0.0011648229556158185,
      "daily_economic_return_raw_yuan": -2995735.25,
      "daily_economic_return_normalized": -0.9505126476287842,
      "daily_economic_cost_raw_yuan": 2995735.25,
      "economic_reward_scale_yuan": 3151704.8194007874,
      "lagrange_multiplier": 0.0,
      "cost_budget": 1.0,
      "cost_budget_raw": 0.02,
      "cost_budget_normalized": 1.0,
      "algorithm_cost_mode": "fixed_penalty",
      "fixed_cost_penalty_coef": 10.0,
      "log_std_max": -2.3,
      "rollout_wall_seconds": 1.4233038481324911,
      "update_wall_seconds": 0.45398844592273235,
      "total_wall_seconds": 1.8772939499467611
    },
    {
      "update": 862,
      "algorithm": "mappo_penalty",
      "actor_loss": 0.09229914098978043,
      "reward_critic_loss": 0.003887276630848646,
      "cost_critic_loss": 0.00017009400471579283,
      "reward_critic_loss_last": 0.0037513375282287598,
      "cost_critic_loss_last": 0.00016828060324769467,
      "critic_epochs": 8,
      "daily_voltage_cost": 0.0,
      "daily_voltage_cost_raw": 0.0,
      "daily_voltage_cost_normalized": 0.0,
      "daily_economic_return_raw_yuan": -3190536.25,
      "daily_economic_return_normalized": -1.0123207569122314,
      "daily_economic_cost_raw_yuan": 3190536.25,
      "economic_reward_scale_yuan": 3151704.8194007874,
      "lagrange_multiplier": 0.0,
      "cost_budget": 1.0,
      "cost_budget_raw": 0.02,
      "cost_budget_normalized": 1.0,
      "algorithm_cost_mode": "fixed_penalty",
      "fixed_cost_penalty_coef": 10.0,
      "log_std_max": -2.3,
      "rollout_wall_seconds": 1.3184858858585358,
      "update_wall_seconds": 0.4711872562766075,
      "total_wall_seconds": 1.7896750010550022
    },
    {
      "update": 863,
      "algorithm": "mappo_penalty",
      "actor_loss": 0.09173902869224548,
      "reward_critic_loss": 0.004204720724374056,
      "cost_critic_loss": 0.0003223592066206038,
      "reward_critic_loss_last": 0.003748617833480239,
      "cost_critic_loss_last": 0.00032134586945176125,
      "critic_epochs": 8,
      "daily_voltage_cost": 0.0001855021546361968,
      "daily_voltage_cost_raw": 0.0001855021546361968,
      "daily_voltage_cost_normalized": 0.009275107644498348,
      "daily_economic_return_raw_yuan": -3099719.25,
      "daily_economic_return_normalized": -0.9835056066513062,
      "daily_economic_cost_raw_yuan": 3099719.25,
      "economic_reward_scale_yuan": 3151704.8194007874,
      "lagrange_multiplier": 0.0,
      "cost_budget": 1.0,
      "cost_budget_raw": 0.02,
      "cost_budget_normalized": 1.0,
      "algorithm_cost_mode": "fixed_penalty",
      "fixed_cost_penalty_coef": 10.0,
      "log_std_max": -2.3,
      "rollout_wall_seconds": 1.3001772183924913,
      "update_wall_seconds": 0.4653305169194937,
      "total_wall_seconds": 1.7655094359070063
    },
    {
      "update": 864,
      "algorithm": "mappo_penalty",
      "actor_loss": 0.09144110232591629,
      "reward_critic_loss": 0.004264709539711475,
      "cost_critic_loss": 0.00038614807999692857,
      "reward_critic_loss_last": 0.0038283232133835554,
      "cost_critic_loss_last": 0.0003764436114579439,
      "critic_epochs": 8,
      "daily_voltage_cost": 0.0,
      "daily_voltage_cost_raw": 0.0,
      "daily_voltage_cost_normalized": 0.0,
      "daily_economic_return_raw_yuan": -3024733.0,
      "daily_economic_return_normalized": -0.9597132802009583,
      "daily_economic_cost_raw_yuan": 3024733.0,
      "economic_reward_scale_yuan": 3151704.8194007874,
      "lagrange_multiplier": 0.0,
      "cost_budget": 1.0,
      "cost_budget_raw": 0.02,
      "cost_budget_normalized": 1.0,
      "algorithm_cost_mode": "fixed_penalty",
      "fixed_cost_penalty_coef": 10.0,
      "log_std_max": -2.3,
      "rollout_wall_seconds": 1.319661607965827,
      "update_wall_seconds": 0.44960279762744904,
      "total_wall_seconds": 1.76926613971591
    },
    {
      "update": 865,
      "algorithm": "mappo_penalty",
      "actor_loss": 0.09263761341571808,
      "reward_critic_loss": 0.0035227311309427023,
      "cost_critic_loss": 0.0005976867396384478,
      "reward_critic_loss_last": 0.003538610180839896,
      "cost_critic_loss_last": 0.0005862743128091097,
      "critic_epochs": 8,
      "daily_voltage_cost": 0.0003589390544220805,
      "daily_voltage_cost_raw": 0.0003589390544220805,
      "daily_voltage_cost_normalized": 0.01794695109128952,
      "daily_economic_return_raw_yuan": -3181590.0,
      "daily_economic_return_normalized": -1.0094822645187378,
      "daily_economic_cost_raw_yuan": 3181590.0,
      "economic_reward_scale_yuan": 3151704.8194007874,
      "lagrange_multiplier": 0.0,
      "cost_budget": 1.0,
      "cost_budget_raw": 0.02,
      "cost_budget_normalized": 1.0,
      "algorithm_cost_mode": "fixed_penalty",
      "fixed_cost_penalty_coef": 10.0,
      "log_std_max": -2.3,
      "rollout_wall_seconds": 1.4872382190078497,
      "update_wall_seconds": 0.46164373867213726,
      "total_wall_seconds": 1.9488838203251362
    },
    {
      "update": 866,
      "algorithm": "mappo_penalty",
      "actor_loss": 0.09230901300907135,
      "reward_critic_loss": 0.0038127785082906485,
      "cost_critic_loss": 0.0002375103358644992,
      "reward_critic_loss_last": 0.003731408854946494,
      "cost_critic_loss_last": 0.00023854986648075283,
      "critic_epochs": 8,
      "daily_voltage_cost": 4.960970545653254e-05,
      "daily_voltage_cost_raw": 4.960970545653254e-05,
      "daily_voltage_cost_normalized": 0.0024804852437227964,
      "daily_economic_return_raw_yuan": -3132489.25,
      "daily_economic_return_normalized": -0.9939031600952148,
      "daily_economic_cost_raw_yuan": 3132489.25,
      "economic_reward_scale_yuan": 3151704.8194007874,
      "lagrange_multiplier": 0.0,
      "cost_budget": 1.0,
      "cost_budget_raw": 0.02,
      "cost_budget_normalized": 1.0,
      "algorithm_cost_mode": "fixed_penalty",
      "fixed_cost_penalty_coef": 10.0,
      "log_std_max": -2.3,
      "rollout_wall_seconds": 1.37761396355927,
      "update_wall_seconds": 0.4717236664146185,
      "total_wall_seconds": 1.8493395000696182
    },
    {
      "update": 867,
      "algorithm": "mappo_penalty",
      "actor_loss": 0.09226465970277786,
      "reward_critic_loss": 0.00459370668977499,
      "cost_critic_loss": 0.000229141311137937,
      "reward_critic_loss_last": 0.004535446874797344,
      "cost_critic_loss_last": 0.00022757051920052618,
      "critic_epochs": 8,
      "daily_voltage_cost": 0.0,
      "daily_voltage_cost_raw": 0.0,
      "daily_voltage_cost_normalized": 0.0,
      "daily_economic_return_raw_yuan": -2973138.0,
      "daily_economic_return_normalized": -0.9433428049087524,
      "daily_economic_cost_raw_yuan": 2973138.0,
      "economic_reward_scale_yuan": 3151704.8194007874,
      "lagrange_multiplier": 0.0,
      "cost_budget": 1.0,
      "cost_budget_raw": 0.02,
      "cost_budget_normalized": 1.0,
      "algorithm_cost_mode": "fixed_penalty",
      "fixed_cost_penalty_coef": 10.0,
      "log_std_max": -2.3,
      "rollout_wall_seconds": 1.3211956694722176,
      "update_wall_seconds": 0.463289275765419,
      "total_wall_seconds": 1.7844865210354328
    },
    {
      "update": 868,
      "algorithm": "mappo_penalty",
      "actor_loss": 0.09175753593444824,
      "reward_critic_loss": 0.0036742440424859524,
      "cost_critic_loss": 0.0002182529860874638,
      "reward_critic_loss_last": 0.003264703555032611,
      "cost_critic_loss_last": 0.00021031747746746987,
      "critic_epochs": 8,
      "daily_voltage_cost": 3.234915129723959e-05,
      "daily_voltage_cost_raw": 3.234915129723959e-05,
      "daily_voltage_cost_normalized": 0.0016174576012417674,
      "daily_economic_return_raw_yuan": -3057686.75,
      "daily_economic_return_normalized": -0.970169186592102,
      "daily_economic_cost_raw_yuan": 3057686.75,
      "economic_reward_scale_yuan": 3151704.8194007874,
      "lagrange_multiplier": 0.0,
      "cost_budget": 1.0,
      "cost_budget_raw": 0.02,
      "cost_budget_normalized": 1.0,
      "algorithm_cost_mode": "fixed_penalty",
      "fixed_cost_penalty_coef": 10.0,
      "log_std_max": -2.3,
      "rollout_wall_seconds": 1.49407291226089,
      "update_wall_seconds": 0.46052876114845276,
      "total_wall_seconds": 1.9546036254614592
    },
    {
      "update": 869,
      "algorithm": "mappo_penalty",
      "actor_loss": 0.09199220687150955,
      "reward_critic_loss": 0.0031438185833394527,
      "cost_critic_loss": 0.0007040341733954847,
      "reward_critic_loss_last": 0.0030462020076811314,
      "cost_critic_loss_last": 0.0006931162788532674,
      "critic_epochs": 8,
      "daily_voltage_cost": 0.0001992642501136288,
      "daily_voltage_cost_raw": 0.0001992642501136288,
      "daily_voltage_cost_normalized": 0.00996321253478527,
      "daily_economic_return_raw_yuan": -2991758.75,
      "daily_economic_return_normalized": -0.9492509961128235,
      "daily_economic_cost_raw_yuan": 2991758.75,
      "economic_reward_scale_yuan": 3151704.8194007874,
      "lagrange_multiplier": 0.0,
      "cost_budget": 1.0,
      "cost_budget_raw": 0.02,
      "cost_budget_normalized": 1.0,
      "algorithm_cost_mode": "fixed_penalty",
      "fixed_cost_penalty_coef": 10.0,
      "log_std_max": -2.3,
      "rollout_wall_seconds": 1.2258997280150652,
      "update_wall_seconds": 0.4432679992169142,
      "total_wall_seconds": 1.6691694017499685
    },
    {
      "update": 870,
      "algorithm": "mappo_penalty",
      "actor_loss": 0.09164465963840485,
      "reward_critic_loss": 0.004784334450960159,
      "cost_critic_loss": 0.00021080602891743183,
      "reward_critic_loss_last": 0.004094919189810753,
      "cost_critic_loss_last": 0.00021266545809339732,
      "critic_epochs": 8,
      "daily_voltage_cost": 0.0,
      "daily_voltage_cost_raw": 0.0,
      "daily_voltage_cost_normalized": 0.0,
      "daily_economic_return_raw_yuan": -3163263.25,
      "daily_economic_return_normalized": -1.0036673545837402,
      "daily_economic_cost_raw_yuan": 3163263.25,
      "economic_reward_scale_yuan": 3151704.8194007874,
      "lagrange_multiplier": 0.0,
      "cost_budget": 1.0,
      "cost_budget_raw": 0.02,
      "cost_budget_normalized": 1.0,
      "algorithm_cost_mode": "fixed_penalty",
      "fixed_cost_penalty_coef": 10.0,
      "log_std_max": -2.3,
      "rollout_wall_seconds": 1.3805519510060549,
      "update_wall_seconds": 0.4671050328761339,
      "total_wall_seconds": 1.8476587980985641
    },
    {
      "update": 871,
      "algorithm": "mappo_penalty",
      "actor_loss": 0.09209562838077545,
      "reward_critic_loss": 0.003847206709906459,
      "cost_critic_loss": 0.00018472017836757004,
      "reward_critic_loss_last": 0.003615013090893626,
      "cost_critic_loss_last": 0.00017923768609762192,
      "critic_epochs": 8,
      "daily_voltage_cost": 6.312216555670602e-06,
      "daily_voltage_cost_raw": 6.312216555670602e-06,
      "daily_voltage_cost_normalized": 0.00031561084324494004,
      "daily_economic_return_raw_yuan": -3169352.75,
      "daily_economic_return_normalized": -1.0055994987487793,
      "daily_economic_cost_raw_yuan": 3169352.75,
      "economic_reward_scale_yuan": 3151704.8194007874,
      "lagrange_multiplier": 0.0,
      "cost_budget": 1.0,
      "cost_budget_raw": 0.02,
      "cost_budget_normalized": 1.0,
      "algorithm_cost_mode": "fixed_penalty",
      "fixed_cost_penalty_coef": 10.0,
      "log_std_max": -2.3,
      "rollout_wall_seconds": 1.3763151783496141,
      "update_wall_seconds": 0.46043064445257187,
      "total_wall_seconds": 1.836747445166111
    },
    {
      "update": 872,
      "algorithm": "mappo_penalty",
      "actor_loss": 0.09238514304161072,
      "reward_critic_loss": 0.0029774836730211973,
      "cost_critic_loss": 0.00034559605410322547,
      "reward_critic_loss_last": 0.002858869731426239,
      "cost_critic_loss_last": 0.0003225503605790436,
      "critic_epochs": 8,
      "daily_voltage_cost": 0.0,
      "daily_voltage_cost_raw": 0.0,
      "daily_voltage_cost_normalized": 0.0,
      "daily_economic_return_raw_yuan": -3148431.75,
      "daily_economic_return_normalized": -0.9989615082740784,
      "daily_economic_cost_raw_yuan": 3148431.75,
      "economic_reward_scale_yuan": 3151704.8194007874,
      "lagrange_multiplier": 0.0,
      "cost_budget": 1.0,
      "cost_budget_raw": 0.02,
      "cost_budget_normalized": 1.0,
      "algorithm_cost_mode": "fixed_penalty",
      "fixed_cost_penalty_coef": 10.0,
      "log_std_max": -2.3,
      "rollout_wall_seconds": 1.2644115574657917,
      "update_wall_seconds": 0.47296300530433655,
      "total_wall_seconds": 1.7373763211071491
    },
    {
      "update": 873,
      "algorithm": "mappo_penalty",
      "actor_loss": 0.09223180264234543,
      "reward_critic_loss": 0.003085907083004713,
      "cost_critic_loss": 0.002119569107890129,
      "reward_critic_loss_last": 0.0028403622563928366,
      "cost_critic_loss_last": 0.0020772095303982496,
      "critic_epochs": 8,
      "daily_voltage_cost": 0.0004566983843687922,
      "daily_voltage_cost_raw": 0.0004566983843687922,
      "daily_voltage_cost_normalized": 0.02283491939306259,
      "daily_economic_return_raw_yuan": -3309109.5,
      "daily_economic_return_normalized": -1.0499427318572998,
      "daily_economic_cost_raw_yuan": 3309109.5,
      "economic_reward_scale_yuan": 3151704.8194007874,
      "lagrange_multiplier": 0.0,
      "cost_budget": 1.0,
      "cost_budget_raw": 0.02,
      "cost_budget_normalized": 1.0,
      "algorithm_cost_mode": "fixed_penalty",
      "fixed_cost_penalty_coef": 10.0,
      "log_std_max": -2.3,
      "rollout_wall_seconds": 1.3012477289885283,
      "update_wall_seconds": 0.4547967445105314,
      "total_wall_seconds": 1.7560463044792414
    },
    {
      "update": 874,
      "algorithm": "mappo_penalty",
      "actor_loss": 0.09157907217741013,
      "reward_critic_loss": 0.0041269659996032715,
      "cost_critic_loss": 0.00036929905763827264,
      "reward_critic_loss_last": 0.0040326775051653385,
      "cost_critic_loss_last": 0.00037929936661385,
      "critic_epochs": 8,
      "daily_voltage_cost": 0.0,
      "daily_voltage_cost_raw": 0.0,
      "daily_voltage_cost_normalized": 0.0,
      "daily_economic_return_raw_yuan": -3003909.5,
      "daily_economic_return_normalized": -0.9531062841415405,
      "daily_economic_cost_raw_yuan": 3003909.5,
      "economic_reward_scale_yuan": 3151704.8194007874,
      "lagrange_multiplier": 0.0,
      "cost_budget": 1.0,
      "cost_budget_raw": 0.02,
      "cost_budget_normalized": 1.0,
      "algorithm_cost_mode": "fixed_penalty",
      "fixed_cost_penalty_coef": 10.0,
      "log_std_max": -2.3,
      "rollout_wall_seconds": 1.4305589236319065,
      "update_wall_seconds": 0.48158932477235794,
      "total_wall_seconds": 1.9121500458568335
    },
    {
      "update": 875,
      "algorithm": "mappo_penalty",
      "actor_loss": 0.0924123227596283,
      "reward_critic_loss": 0.0042699649930000305,
      "cost_critic_loss": 0.00025460118195042014,
      "reward_critic_loss_last": 0.003445616690441966,
      "cost_critic_loss_last": 0.0002409640874247998,
      "critic_epochs": 8,
      "daily_voltage_cost": 0.0,
      "daily_voltage_cost_raw": 0.0,
      "daily_voltage_cost_normalized": 0.0,
      "daily_economic_return_raw_yuan": -2960127.5,
      "daily_economic_return_normalized": -0.9392147064208984,
      "daily_economic_cost_raw_yuan": 2960127.5,
      "economic_reward_scale_yuan": 3151704.8194007874,
      "lagrange_multiplier": 0.0,
      "cost_budget": 1.0,
      "cost_budget_raw": 0.02,
      "cost_budget_normalized": 1.0,
      "algorithm_cost_mode": "fixed_penalty",
      "fixed_cost_penalty_coef": 10.0,
      "log_std_max": -2.3,
      "rollout_wall_seconds": 1.4521925877779722,
      "update_wall_seconds": 0.4693700410425663,
      "total_wall_seconds": 1.9215644672513008
    },
    {
      "update": 876,
      "algorithm": "mappo_penalty",
      "actor_loss": 0.09170526266098022,
      "reward_critic_loss": 0.004222779534757137,
      "cost_critic_loss": 0.0003045760386157781,
      "reward_critic_loss_last": 0.0036211914848536253,
      "cost_critic_loss_last": 0.00027748927823267877,
      "critic_epochs": 8,
      "daily_voltage_cost": 0.0,
      "daily_voltage_cost_raw": 0.0,
      "daily_voltage_cost_normalized": 0.0,
      "daily_economic_return_raw_yuan": -2986083.5,
      "daily_economic_return_normalized": -0.9474502801895142,
      "daily_economic_cost_raw_yuan": 2986083.5,
      "economic_reward_scale_yuan": 3151704.8194007874,
      "lagrange_multiplier": 0.0,
      "cost_budget": 1.0,
      "cost_budget_raw": 0.02,
      "cost_budget_normalized": 1.0,
      "algorithm_cost_mode": "fixed_penalty",
      "fixed_cost_penalty_coef": 10.0,
      "log_std_max": -2.3,
      "rollout_wall_seconds": 1.3555240333080292,
      "update_wall_seconds": 0.4776682499796152,
      "total_wall_seconds": 1.8331942800432444
    },
    {
      "update": 877,
      "algorithm": "mappo_penalty",
      "actor_loss": 0.09234936535358429,
      "reward_critic_loss": 0.004023348912596703,
      "cost_critic_loss": 0.00030388645245693624,
      "reward_critic_loss_last": 0.00396767957136035,
      "cost_critic_loss_last": 0.00030392775079235435,
      "critic_epochs": 8,
      "daily_voltage_cost": 0.0,
      "daily_voltage_cost_raw": 0.0,
      "daily_voltage_cost_normalized": 0.0,
      "daily_economic_return_raw_yuan": -2922770.5,
      "daily_economic_return_normalized": -0.927361786365509,
      "daily_economic_cost_raw_yuan": 2922770.5,
      "economic_reward_scale_yuan": 3151704.8194007874,
      "lagrange_multiplier": 0.0,
      "cost_budget": 1.0,
      "cost_budget_raw": 0.02,
      "cost_budget_normalized": 1.0,
      "algorithm_cost_mode": "fixed_penalty",
      "fixed_cost_penalty_coef": 10.0,
      "log_std_max": -2.3,
      "rollout_wall_seconds": 1.37583595700562,
      "update_wall_seconds": 0.4696747921407223,
      "total_wall_seconds": 1.8455124963074923
    },
    {
      "update": 878,
      "algorithm": "mappo_penalty",
      "actor_loss": 0.09202788025140762,
      "reward_critic_loss": 0.005118319299072027,
      "cost_critic_loss": 0.00030878401594236493,
      "reward_critic_loss_last": 0.004300271160900593,
      "cost_critic_loss_last": 0.00030551827512681484,
      "critic_epochs": 8,
      "daily_voltage_cost": 0.0,
      "daily_voltage_cost_raw": 0.0,
      "daily_voltage_cost_normalized": 0.0,
      "daily_economic_return_raw_yuan": -3109701.25,
      "daily_economic_return_normalized": -0.9866727590560913,
      "daily_economic_cost_raw_yuan": 3109701.25,
      "economic_reward_scale_yuan": 3151704.8194007874,
      "lagrange_multiplier": 0.0,
      "cost_budget": 1.0,
      "cost_budget_raw": 0.02,
      "cost_budget_normalized": 1.0,
      "algorithm_cost_mode": "fixed_penalty",
      "fixed_cost_penalty_coef": 10.0,
      "log_std_max": -2.3,
      "rollout_wall_seconds": 1.282196244224906,
      "update_wall_seconds": 0.4656036365777254,
      "total_wall_seconds": 1.747801799327135
    },
    {
      "update": 879,
      "algorithm": "mappo_penalty",
      "actor_loss": 0.09182524681091309,
      "reward_critic_loss": 0.003917766734957695,
      "cost_critic_loss": 0.00020181015133857727,
      "reward_critic_loss_last": 0.0036081564612686634,
      "cost_critic_loss_last": 0.00019300822168588638,
      "critic_epochs": 8,
      "daily_voltage_cost": 0.0,
      "daily_voltage_cost_raw": 0.0,
      "daily_voltage_cost_normalized": 0.0,
      "daily_economic_return_raw_yuan": -3165722.25,
      "daily_economic_return_normalized": -1.00444757938385,
      "daily_economic_cost_raw_yuan": 3165722.25,
      "economic_reward_scale_yuan": 3151704.8194007874,
      "lagrange_multiplier": 0.0,
      "cost_budget": 1.0,
      "cost_budget_raw": 0.02,
      "cost_budget_normalized": 1.0,
      "algorithm_cost_mode": "fixed_penalty",
      "fixed_cost_penalty_coef": 10.0,
      "log_std_max": -2.3,
      "rollout_wall_seconds": 1.41635287925601,
      "update_wall_seconds": 0.48410955257713795,
      "total_wall_seconds": 1.900464728474617
    },
    {
      "update": 880,
      "algorithm": "mappo_penalty",
      "actor_loss": 0.09127654880285263,
      "reward_critic_loss": 0.006128042470663786,
      "cost_critic_loss": 0.00011548161273822188,
      "reward_critic_loss_last": 0.005175936967134476,
      "cost_critic_loss_last": 0.000115402668598108,
      "critic_epochs": 8,
      "daily_voltage_cost": 0.0,
      "daily_voltage_cost_raw": 0.0,
      "daily_voltage_cost_normalized": 0.0,
      "daily_economic_return_raw_yuan": -2952268.75,
      "daily_economic_return_normalized": -0.9367212057113647,
      "daily_economic_cost_raw_yuan": 2952268.75,
      "economic_reward_scale_yuan": 3151704.8194007874,
      "lagrange_multiplier": 0.0,
      "cost_budget": 1.0,
      "cost_budget_raw": 0.02,
      "cost_budget_normalized": 1.0,
      "algorithm_cost_mode": "fixed_penalty",
      "fixed_cost_penalty_coef": 10.0,
      "log_std_max": -2.3,
      "rollout_wall_seconds": 1.4416993241757154,
      "update_wall_seconds": 0.45814975164830685,
      "total_wall_seconds": 1.8998506981879473
    },
    {
      "update": 881,
      "algorithm": "mappo_penalty",
      "actor_loss": 0.09178884327411652,
      "reward_critic_loss": 0.007364005781710148,
      "cost_critic_loss": 0.017906855791807175,
      "reward_critic_loss_last": 0.006475215312093496,
      "cost_critic_loss_last": 0.017750350758433342,
      "critic_epochs": 8,
      "daily_voltage_cost": 0.001972776837646961,
      "daily_voltage_cost_raw": 0.001972776837646961,
      "daily_voltage_cost_normalized": 0.09863884747028351,
      "daily_economic_return_raw_yuan": -3166816.75,
      "daily_economic_return_normalized": -1.0047948360443115,
      "daily_economic_cost_raw_yuan": 3166816.75,
      "economic_reward_scale_yuan": 3151704.8194007874,
      "lagrange_multiplier": 0.0,
      "cost_budget": 1.0,
      "cost_budget_raw": 0.02,
      "cost_budget_normalized": 1.0,
      "algorithm_cost_mode": "fixed_penalty",
      "fixed_cost_penalty_coef": 10.0,
      "log_std_max": -2.3,
      "rollout_wall_seconds": 1.2964753210544586,
      "update_wall_seconds": 0.4591776393353939,
      "total_wall_seconds": 1.7556546702980995
    },
    {
      "update": 882,
      "algorithm": "mappo_penalty",
      "actor_loss": 0.09180602431297302,
      "reward_critic_loss": 0.004098201636224985,
      "cost_critic_loss": 0.00021501744049601257,
      "reward_critic_loss_last": 0.003782085608690977,
      "cost_critic_loss_last": 0.00024926054175011814,
      "critic_epochs": 8,
      "daily_voltage_cost": 0.0,
      "daily_voltage_cost_raw": 0.0,
      "daily_voltage_cost_normalized": 0.0,
      "daily_economic_return_raw_yuan": -2908086.75,
      "daily_economic_return_normalized": -0.9227027893066406,
      "daily_economic_cost_raw_yuan": 2908086.75,
      "economic_reward_scale_yuan": 3151704.8194007874,
      "lagrange_multiplier": 0.0,
      "cost_budget": 1.0,
      "cost_budget_raw": 0.02,
      "cost_budget_normalized": 1.0,
      "algorithm_cost_mode": "fixed_penalty",
      "fixed_cost_penalty_coef": 10.0,
      "log_std_max": -2.3,
      "rollout_wall_seconds": 1.304129108786583,
      "update_wall_seconds": 0.47128978930413723,
      "total_wall_seconds": 1.7754206396639347
    },
    {
      "update": 883,
      "algorithm": "mappo_penalty",
      "actor_loss": 0.0916200503706932,
      "reward_critic_loss": 0.0036854464560747147,
      "cost_critic_loss": 0.0003164829686284065,
      "reward_critic_loss_last": 0.003486157162114978,
      "cost_critic_loss_last": 0.00027597014559432864,
      "critic_epochs": 8,
      "daily_voltage_cost": 0.0,
      "daily_voltage_cost_raw": 0.0,
      "daily_voltage_cost_normalized": 0.0,
      "daily_economic_return_raw_yuan": -3061903.0,
      "daily_economic_return_normalized": -0.9715069532394409,
      "daily_economic_cost_raw_yuan": 3061903.0,
      "economic_reward_scale_yuan": 3151704.8194007874,
      "lagrange_multiplier": 0.0,
      "cost_budget": 1.0,
      "cost_budget_raw": 0.02,
      "cost_budget_normalized": 1.0,
      "algorithm_cost_mode": "fixed_penalty",
      "fixed_cost_penalty_coef": 10.0,
      "log_std_max": -2.3,
      "rollout_wall_seconds": 1.2807603124529123,
      "update_wall_seconds": 0.474664606153965,
      "total_wall_seconds": 1.7554269134998322
    },
    {
      "update": 884,
      "algorithm": "mappo_penalty",
      "actor_loss": 0.09186149388551712,
      "reward_critic_loss": 0.003991469740867615,
      "cost_critic_loss": 0.00015121427713893354,
      "reward_critic_loss_last": 0.0032197777181863785,
      "cost_critic_loss_last": 0.00014643078611698002,
      "critic_epochs": 8,
      "daily_voltage_cost": 0.0,
      "daily_voltage_cost_raw": 0.0,
      "daily_voltage_cost_normalized": 0.0,
      "daily_economic_return_raw_yuan": -3225402.75,
      "daily_economic_return_normalized": -1.0233834981918335,
      "daily_economic_cost_raw_yuan": 3225402.75,
      "economic_reward_scale_yuan": 3151704.8194007874,
      "lagrange_multiplier": 0.0,
      "cost_budget": 1.0,
      "cost_budget_raw": 0.02,
      "cost_budget_normalized": 1.0,
      "algorithm_cost_mode": "fixed_penalty",
      "fixed_cost_penalty_coef": 10.0,
      "log_std_max": -2.3,
      "rollout_wall_seconds": 1.3660418093204498,
      "update_wall_seconds": 0.48370106890797615,
      "total_wall_seconds": 1.8497448321431875
    },
    {
      "update": 885,
      "algorithm": "mappo_penalty",
      "actor_loss": 0.09123452752828598,
      "reward_critic_loss": 0.003670231904834509,
      "cost_critic_loss": 0.0001642513379920274,
      "reward_critic_loss_last": 0.0034896237775683403,
      "cost_critic_loss_last": 0.0001625775039428845,
      "critic_epochs": 8,
      "daily_voltage_cost": 0.0,
      "daily_voltage_cost_raw": 0.0,
      "daily_voltage_cost_normalized": 0.0,
      "daily_economic_return_raw_yuan": -3128252.5,
      "daily_economic_return_normalized": -0.9925588369369507,
      "daily_economic_cost_raw_yuan": 3128252.5,
      "economic_reward_scale_yuan": 3151704.8194007874,
      "lagrange_multiplier": 0.0,
      "cost_budget": 1.0,
      "cost_budget_raw": 0.02,
      "cost_budget_normalized": 1.0,
      "algorithm_cost_mode": "fixed_penalty",
      "fixed_cost_penalty_coef": 10.0,
      "log_std_max": -2.3,
      "rollout_wall_seconds": 1.374600226059556,
      "update_wall_seconds": 0.5031215604394674,
      "total_wall_seconds": 1.8777239006012678
    },
    {
      "update": 886,
      "algorithm": "mappo_penalty",
      "actor_loss": 0.09264445304870605,
      "reward_critic_loss": 0.005580163560807705,
      "cost_critic_loss": 0.00018250051653012633,
      "reward_critic_loss_last": 0.005363584496080875,
      "cost_critic_loss_last": 0.0001801124308258295,
      "critic_epochs": 8,
      "daily_voltage_cost": 0.0,
      "daily_voltage_cost_raw": 0.0,
      "daily_voltage_cost_normalized": 0.0,
      "daily_economic_return_raw_yuan": -2993904.75,
      "daily_economic_return_normalized": -0.9499318599700928,
      "daily_economic_cost_raw_yuan": 2993904.75,
      "economic_reward_scale_yuan": 3151704.8194007874,
      "lagrange_multiplier": 0.0,
      "cost_budget": 1.0,
      "cost_budget_raw": 0.02,
      "cost_budget_normalized": 1.0,
      "algorithm_cost_mode": "fixed_penalty",
      "fixed_cost_penalty_coef": 10.0,
      "log_std_max": -2.3,
      "rollout_wall_seconds": 1.5672282595187426,
      "update_wall_seconds": 0.47722726687788963,
      "total_wall_seconds": 2.0444575622677803
    },
    {
      "update": 887,
      "algorithm": "mappo_penalty",
      "actor_loss": 0.09123176336288452,
      "reward_critic_loss": 0.005843923427164555,
      "cost_critic_loss": 0.0003095386491622776,
      "reward_critic_loss_last": 0.005510737653821707,
      "cost_critic_loss_last": 0.00030764329130761325,
      "critic_epochs": 8,
      "daily_voltage_cost": 0.0,
      "daily_voltage_cost_raw": 0.0,
      "daily_voltage_cost_normalized": 0.0,
      "daily_economic_return_raw_yuan": -3134489.25,
      "daily_economic_return_normalized": -0.9945377111434937,
      "daily_economic_cost_raw_yuan": 3134489.25,
      "economic_reward_scale_yuan": 3151704.8194007874,
      "lagrange_multiplier": 0.0,
      "cost_budget": 1.0,
      "cost_budget_raw": 0.02,
      "cost_budget_normalized": 1.0,
      "algorithm_cost_mode": "fixed_penalty",
      "fixed_cost_penalty_coef": 10.0,
      "log_std_max": -2.3,
      "rollout_wall_seconds": 1.3322186041623354,
      "update_wall_seconds": 0.4904730059206486,
      "total_wall_seconds": 1.8226935379207134
    },
    {
      "update": 888,
      "algorithm": "mappo_penalty",
      "actor_loss": 0.091740183532238,
      "reward_critic_loss": 0.0033047478646039963,
      "cost_critic_loss": 0.00021504194592125714,
      "reward_critic_loss_last": 0.00316229066811502,
      "cost_critic_loss_last": 0.00020970802870579064,
      "critic_epochs": 8,
      "daily_voltage_cost": 0.0,
      "daily_voltage_cost_raw": 0.0,
      "daily_voltage_cost_normalized": 0.0,
      "daily_economic_return_raw_yuan": -3096087.0,
      "daily_economic_return_normalized": -0.9823530912399292,
      "daily_economic_cost_raw_yuan": 3096087.0,
      "economic_reward_scale_yuan": 3151704.8194007874,
      "lagrange_multiplier": 0.0,
      "cost_budget": 1.0,
      "cost_budget_raw": 0.02,
      "cost_budget_normalized": 1.0,
      "algorithm_cost_mode": "fixed_penalty",
      "fixed_cost_penalty_coef": 10.0,
      "log_std_max": -2.3,
      "rollout_wall_seconds": 1.149105368182063,
      "update_wall_seconds": 0.47914351895451546,
      "total_wall_seconds": 1.6282507330179214
    },
    {
      "update": 889,
      "algorithm": "mappo_penalty",
      "actor_loss": 0.09176754951477051,
      "reward_critic_loss": 0.00576971098780632,
      "cost_critic_loss": 0.06092264503240585,
      "reward_critic_loss_last": 0.005614406429231167,
      "cost_critic_loss_last": 0.05855299532413483,
      "critic_epochs": 8,
      "daily_voltage_cost": 0.0020209497306495905,
      "daily_voltage_cost_raw": 0.0020209497306495905,
      "daily_voltage_cost_normalized": 0.10104748606681824,
      "daily_economic_return_raw_yuan": -3073963.0,
      "daily_economic_return_normalized": -0.9753334522247314,
      "daily_economic_cost_raw_yuan": 3073963.0,
      "economic_reward_scale_yuan": 3151704.8194007874,
      "lagrange_multiplier": 0.0,
      "cost_budget": 1.0,
      "cost_budget_raw": 0.02,
      "cost_budget_normalized": 1.0,
      "algorithm_cost_mode": "fixed_penalty",
      "fixed_cost_penalty_coef": 10.0,
      "log_std_max": -2.3,
      "rollout_wall_seconds": 1.2738116886466742,
      "update_wall_seconds": 0.47292379289865494,
      "total_wall_seconds": 1.7467376664280891
    },
    {
      "update": 890,
      "algorithm": "mappo_penalty",
      "actor_loss": 0.09265892952680588,
      "reward_critic_loss": 0.004117535427212715,
      "cost_critic_loss": 0.0006168552208691835,
      "reward_critic_loss_last": 0.003876808565109968,
      "cost_critic_loss_last": 0.0012575953733175993,
      "critic_epochs": 8,
      "daily_voltage_cost": 0.0,
      "daily_voltage_cost_raw": 0.0,
      "daily_voltage_cost_normalized": 0.0,
      "daily_economic_return_raw_yuan": -3072324.25,
      "daily_economic_return_normalized": -0.9748134613037109,
      "daily_economic_cost_raw_yuan": 3072324.25,
      "economic_reward_scale_yuan": 3151704.8194007874,
      "lagrange_multiplier": 0.0,
      "cost_budget": 1.0,
      "cost_budget_raw": 0.02,
      "cost_budget_normalized": 1.0,
      "algorithm_cost_mode": "fixed_penalty",
      "fixed_cost_penalty_coef": 10.0,
      "log_std_max": -2.3,
      "rollout_wall_seconds": 1.4250716790556908,
      "update_wall_seconds": 0.4773379787802696,
      "total_wall_seconds": 1.902411935850978
    },
    {
      "update": 891,
      "algorithm": "mappo_penalty",
      "actor_loss": 0.0907755047082901,
      "reward_critic_loss": 0.006398065015673637,
      "cost_critic_loss": 0.0008335489546880126,
      "reward_critic_loss_last": 0.005873582325875759,
      "cost_critic_loss_last": 0.0003491597599349916,
      "critic_epochs": 8,
      "daily_voltage_cost": 0.0,
      "daily_voltage_cost_raw": 0.0,
      "daily_voltage_cost_normalized": 0.0,
      "daily_economic_return_raw_yuan": -3205960.75,
      "daily_economic_return_normalized": -1.0172147750854492,
      "daily_economic_cost_raw_yuan": 3205960.75,
      "economic_reward_scale_yuan": 3151704.8194007874,
      "lagrange_multiplier": 0.0,
      "cost_budget": 1.0,
      "cost_budget_raw": 0.02,
      "cost_budget_normalized": 1.0,
      "algorithm_cost_mode": "fixed_penalty",
      "fixed_cost_penalty_coef": 10.0,
      "log_std_max": -2.3,
      "rollout_wall_seconds": 1.3535620979964733,
      "update_wall_seconds": 0.47125780768692493,
      "total_wall_seconds": 1.8248220402747393
    },
    {
      "update": 892,
      "algorithm": "mappo_penalty",
      "actor_loss": 0.09194935858249664,
      "reward_critic_loss": 0.005067315883934498,
      "cost_critic_loss": 0.00042035241494886577,
      "reward_critic_loss_last": 0.003923669457435608,
      "cost_critic_loss_last": 0.0002013678604271263,
      "critic_epochs": 8,
      "daily_voltage_cost": 0.0,
      "daily_voltage_cost_raw": 0.0,
      "daily_voltage_cost_normalized": 0.0,
      "daily_economic_return_raw_yuan": -2980927.0,
      "daily_economic_return_normalized": -0.9458141922950745,
      "daily_economic_cost_raw_yuan": 2980927.0,
      "economic_reward_scale_yuan": 3151704.8194007874,
      "lagrange_multiplier": 0.0,
      "cost_budget": 1.0,
      "cost_budget_raw": 0.02,
      "cost_budget_normalized": 1.0,
      "algorithm_cost_mode": "fixed_penalty",
      "fixed_cost_penalty_coef": 10.0,
      "log_std_max": -2.3,
      "rollout_wall_seconds": 1.3481483682990074,
      "update_wall_seconds": 0.47707138024270535,
      "total_wall_seconds": 1.8252215012907982
    },
    {
      "update": 893,
      "algorithm": "mappo_penalty",
      "actor_loss": 0.09205735474824905,
      "reward_critic_loss": 0.0052988044917583466,
      "cost_critic_loss": 0.0002523469738662243,
      "reward_critic_loss_last": 0.005112945102155209,
      "cost_critic_loss_last": 0.00025390792870894074,
      "critic_epochs": 8,
      "daily_voltage_cost": 0.0,
      "daily_voltage_cost_raw": 0.0,
      "daily_voltage_cost_normalized": 0.0,
      "daily_economic_return_raw_yuan": -2994691.75,
      "daily_economic_return_normalized": -0.9501815438270569,
      "daily_economic_cost_raw_yuan": 2994691.75,
      "economic_reward_scale_yuan": 3151704.8194007874,
      "lagrange_multiplier": 0.0,
      "cost_budget": 1.0,
      "cost_budget_raw": 0.02,
      "cost_budget_normalized": 1.0,
      "algorithm_cost_mode": "fixed_penalty",
      "fixed_cost_penalty_coef": 10.0,
      "log_std_max": -2.3,
      "rollout_wall_seconds": 1.5118864551186562,
      "update_wall_seconds": 0.4799135606735945,
      "total_wall_seconds": 1.9918018952012062
    },
    {
      "update": 894,
      "algorithm": "mappo_penalty",
      "actor_loss": 0.09157592058181763,
      "reward_critic_loss": 0.00566122867166996,
      "cost_critic_loss": 0.00016568202408961952,
      "reward_critic_loss_last": 0.005474809557199478,
      "cost_critic_loss_last": 0.00016863559721969068,
      "critic_epochs": 8,
      "daily_voltage_cost": 0.0,
      "daily_voltage_cost_raw": 0.0,
      "daily_voltage_cost_normalized": 0.0,
      "daily_economic_return_raw_yuan": -3032660.75,
      "daily_economic_return_normalized": -0.9622286558151245,
      "daily_economic_cost_raw_yuan": 3032660.75,
      "economic_reward_scale_yuan": 3151704.8194007874,
      "lagrange_multiplier": 0.0,
      "cost_budget": 1.0,
      "cost_budget_raw": 0.02,
      "cost_budget_normalized": 1.0,
      "algorithm_cost_mode": "fixed_penalty",
      "fixed_cost_penalty_coef": 10.0,
      "log_std_max": -2.3,
      "rollout_wall_seconds": 1.3238737490028143,
      "update_wall_seconds": 0.4753275718539953,
      "total_wall_seconds": 1.7992032766342163
    },
    {
      "update": 895,
      "algorithm": "mappo_penalty",
      "actor_loss": 0.0911836326122284,
      "reward_critic_loss": 0.005217684432864189,
      "cost_critic_loss": 0.00025882391491904855,
      "reward_critic_loss_last": 0.004865339491516352,
      "cost_critic_loss_last": 0.0002516322711016983,
      "critic_epochs": 8,
      "daily_voltage_cost": 6.762675184290856e-05,
      "daily_voltage_cost_raw": 6.762675184290856e-05,
      "daily_voltage_cost_normalized": 0.0033813375048339367,
      "daily_economic_return_raw_yuan": -2962730.0,
      "daily_economic_return_normalized": -0.9400404691696167,
      "daily_economic_cost_raw_yuan": 2962730.0,
      "economic_reward_scale_yuan": 3151704.8194007874,
      "lagrange_multiplier": 0.0,
      "cost_budget": 1.0,
      "cost_budget_raw": 0.02,
      "cost_budget_normalized": 1.0,
      "algorithm_cost_mode": "fixed_penalty",
      "fixed_cost_penalty_coef": 10.0,
      "log_std_max": -2.3,
      "rollout_wall_seconds": 1.2817637603729963,
      "update_wall_seconds": 0.45286592468619347,
      "total_wall_seconds": 1.7346315737813711
    },
    {
      "update": 896,
      "algorithm": "mappo_penalty",
      "actor_loss": 0.09222505986690521,
      "reward_critic_loss": 0.006682214792817831,
      "cost_critic_loss": 0.00015429998165927827,
      "reward_critic_loss_last": 0.00618696166202426,
      "cost_critic_loss_last": 0.0001538038777653128,
      "critic_epochs": 8,
      "daily_voltage_cost": 0.0,
      "daily_voltage_cost_raw": 0.0,
      "daily_voltage_cost_normalized": 0.0,
      "daily_economic_return_raw_yuan": -3151485.75,
      "daily_economic_return_normalized": -0.9999305009841919,
      "daily_economic_cost_raw_yuan": 3151485.75,
      "economic_reward_scale_yuan": 3151704.8194007874,
      "lagrange_multiplier": 0.0,
      "cost_budget": 1.0,
      "cost_budget_raw": 0.02,
      "cost_budget_normalized": 1.0,
      "algorithm_cost_mode": "fixed_penalty",
      "fixed_cost_penalty_coef": 10.0,
      "log_std_max": -2.3,
      "rollout_wall_seconds": 1.3873513918370008,
      "update_wall_seconds": 0.4559325408190489,
      "total_wall_seconds": 1.8432862609624863
    },
    {
      "update": 897,
      "algorithm": "mappo_penalty",
      "actor_loss": 0.09195056557655334,
      "reward_critic_loss": 0.004702554550021887,
      "cost_critic_loss": 0.00024388247402384877,
      "reward_critic_loss_last": 0.004574608989059925,
      "cost_critic_loss_last": 0.00023991474881768227,
      "critic_epochs": 8,
      "daily_voltage_cost": 0.0,
      "daily_voltage_cost_raw": 0.0,
      "daily_voltage_cost_normalized": 0.0,
      "daily_economic_return_raw_yuan": -3162462.5,
      "daily_economic_return_normalized": -1.0034133195877075,
      "daily_economic_cost_raw_yuan": 3162462.5,
      "economic_reward_scale_yuan": 3151704.8194007874,
      "lagrange_multiplier": 0.0,
      "cost_budget": 1.0,
      "cost_budget_raw": 0.02,
      "cost_budget_normalized": 1.0,
      "algorithm_cost_mode": "fixed_penalty",
      "fixed_cost_penalty_coef": 10.0,
      "log_std_max": -2.3,
      "rollout_wall_seconds": 1.3007343355566263,
      "update_wall_seconds": 0.4762923028320074,
      "total_wall_seconds": 1.777028752490878
    },
    {
      "update": 898,
      "algorithm": "mappo_penalty",
      "actor_loss": 0.09267336875200272,
      "reward_critic_loss": 0.0036936437245458364,
      "cost_critic_loss": 0.00018027829355560243,
      "reward_critic_loss_last": 0.003432036144658923,
      "cost_critic_loss_last": 0.00017421148368157446,
      "critic_epochs": 8,
      "daily_voltage_cost": 0.0,
      "daily_voltage_cost_raw": 0.0,
      "daily_voltage_cost_normalized": 0.0,
      "daily_economic_return_raw_yuan": -3030433.25,
      "daily_economic_return_normalized": -0.9615219235420227,
      "daily_economic_cost_raw_yuan": 3030433.25,
      "economic_reward_scale_yuan": 3151704.8194007874,
      "lagrange_multiplier": 0.0,
      "cost_budget": 1.0,
      "cost_budget_raw": 0.02,
      "cost_budget_normalized": 1.0,
      "algorithm_cost_mode": "fixed_penalty",
      "fixed_cost_penalty_coef": 10.0,
      "log_std_max": -2.3,
      "rollout_wall_seconds": 1.3006983511149883,
      "update_wall_seconds": 0.47668576426804066,
      "total_wall_seconds": 1.77738618850708
    },
    {
      "update": 899,
      "algorithm": "mappo_penalty",
      "actor_loss": 0.0924193486571312,
      "reward_critic_loss": 0.004536665976047516,
      "cost_critic_loss": 0.0009103058255277574,
      "reward_critic_loss_last": 0.004232936538755894,
      "cost_critic_loss_last": 0.0008660645107738674,
      "critic_epochs": 8,
      "daily_voltage_cost": 0.00028641638346016407,
      "daily_voltage_cost_raw": 0.00028641638346016407,
      "daily_voltage_cost_normalized": 0.01432081963866949,
      "daily_economic_return_raw_yuan": -3237757.25,
      "daily_economic_return_normalized": -1.0273034572601318,
      "daily_economic_cost_raw_yuan": 3237757.25,
      "economic_reward_scale_yuan": 3151704.8194007874,
      "lagrange_multiplier": 0.0,
      "cost_budget": 1.0,
      "cost_budget_raw": 0.02,
      "cost_budget_normalized": 1.0,
      "algorithm_cost_mode": "fixed_penalty",
      "fixed_cost_penalty_coef": 10.0,
      "log_std_max": -2.3,
      "rollout_wall_seconds": 1.412647319957614,
      "update_wall_seconds": 0.4728249628096819,
      "total_wall_seconds": 1.8854740858078003
    },
    {
      "update": 900,
      "algorithm": "mappo_penalty",
      "actor_loss": 0.09233526885509491,
      "reward_critic_loss": 0.005580275319516659,
      "cost_critic_loss": 0.0001925836259033531,
      "reward_critic_loss_last": 0.004833194427192211,
      "cost_critic_loss_last": 0.00020331371342763305,
      "critic_epochs": 8,
      "daily_voltage_cost": 6.68529264657991e-06,
      "daily_voltage_cost_raw": 6.68529264657991e-06,
      "daily_voltage_cost_normalized": 0.00033426465233787894,
      "daily_economic_return_raw_yuan": -3379847.5,
      "daily_economic_return_normalized": -1.0723870992660522,
      "daily_economic_cost_raw_yuan": 3379847.5,
      "economic_reward_scale_yuan": 3151704.8194007874,
      "lagrange_multiplier": 0.0,
      "cost_budget": 1.0,
      "cost_budget_raw": 0.02,
      "cost_budget_normalized": 1.0,
      "algorithm_cost_mode": "fixed_penalty",
      "fixed_cost_penalty_coef": 10.0,
      "log_std_max": -2.3,
      "rollout_wall_seconds": 1.3552853222936392,
      "update_wall_seconds": 0.5677186157554388,
      "total_wall_seconds": 1.9230061881244183
    },
    {
      "update": 901,
      "algorithm": "mappo_penalty",
      "actor_loss": 0.09150020778179169,
      "reward_critic_loss": 0.009919578209519386,
      "cost_critic_loss": 0.0002458483213558793,
      "reward_critic_loss_last": 0.006144271232187748,
      "cost_critic_loss_last": 0.0002216125576524064,
      "critic_epochs": 8,
      "daily_voltage_cost": 0.0,
      "daily_voltage_cost_raw": 0.0,
      "daily_voltage_cost_normalized": 0.0,
      "daily_economic_return_raw_yuan": -2880097.0,
      "daily_economic_return_normalized": -0.9138219952583313,
      "daily_economic_cost_raw_yuan": 2880097.0,
      "economic_reward_scale_yuan": 3151704.8194007874,
      "lagrange_multiplier": 0.0,
      "cost_budget": 1.0,
      "cost_budget_raw": 0.02,
      "cost_budget_normalized": 1.0,
      "algorithm_cost_mode": "fixed_penalty",
      "fixed_cost_penalty_coef": 10.0,
      "log_std_max": -2.3,
      "rollout_wall_seconds": 1.4381432440131903,
      "update_wall_seconds": 0.48812228813767433,
      "total_wall_seconds": 1.9262675885111094
    },
    {
      "update": 902,
      "algorithm": "mappo_penalty",
      "actor_loss": 0.0916864424943924,
      "reward_critic_loss": 0.005681823007762432,
      "cost_critic_loss": 0.00016878993483260274,
      "reward_critic_loss_last": 0.004928799346089363,
      "cost_critic_loss_last": 0.00017063475388567895,
      "critic_epochs": 8,
      "daily_voltage_cost": 0.0,
      "daily_voltage_cost_raw": 0.0,
      "daily_voltage_cost_normalized": 0.0,
      "daily_economic_return_raw_yuan": -2944046.25,
      "daily_economic_return_normalized": -0.9341123104095459,
      "daily_economic_cost_raw_yuan": 2944046.25,
      "economic_reward_scale_yuan": 3151704.8194007874,
      "lagrange_multiplier": 0.0,
      "cost_budget": 1.0,
      "cost_budget_raw": 0.02,
      "cost_budget_normalized": 1.0,
      "algorithm_cost_mode": "fixed_penalty",
      "fixed_cost_penalty_coef": 10.0,
      "log_std_max": -2.3,
      "rollout_wall_seconds": 1.4716891087591648,
      "update_wall_seconds": 0.4544963091611862,
      "total_wall_seconds": 1.926187176257372
    },
    {
      "update": 903,
      "algorithm": "mappo_penalty",
      "actor_loss": 0.09184927493333817,
      "reward_critic_loss": 0.004953100346028805,
      "cost_critic_loss": 0.008090371266007423,
      "reward_critic_loss_last": 0.004847309086471796,
      "cost_critic_loss_last": 0.007913435809314251,
      "critic_epochs": 8,
      "daily_voltage_cost": 0.0015219058841466904,
      "daily_voltage_cost_raw": 0.0015219058841466904,
      "daily_voltage_cost_normalized": 0.07609529793262482,
      "daily_economic_return_raw_yuan": -3063629.75,
      "daily_economic_return_normalized": -0.9720548391342163,
      "daily_economic_cost_raw_yuan": 3063629.75,
      "economic_reward_scale_yuan": 3151704.8194007874,
      "lagrange_multiplier": 0.0,
      "cost_budget": 1.0,
      "cost_budget_raw": 0.02,
      "cost_budget_normalized": 1.0,
      "algorithm_cost_mode": "fixed_penalty",
      "fixed_cost_penalty_coef": 10.0,
      "log_std_max": -2.3,
      "rollout_wall_seconds": 1.2457606364041567,
      "update_wall_seconds": 0.4564832951873541,
      "total_wall_seconds": 1.702245894819498
    },
    {
      "update": 904,
      "algorithm": "mappo_penalty",
      "actor_loss": 0.09344927966594696,
      "reward_critic_loss": 0.004761502146720886,
      "cost_critic_loss": 0.00013361124729271978,
      "reward_critic_loss_last": 0.004274460021406412,
      "cost_critic_loss_last": 0.0001790764508768916,
      "critic_epochs": 8,
      "daily_voltage_cost": 0.0,
      "daily_voltage_cost_raw": 0.0,
      "daily_voltage_cost_normalized": 0.0,
      "daily_economic_return_raw_yuan": -3029072.5,
      "daily_economic_return_normalized": -0.9610901474952698,
      "daily_economic_cost_raw_yuan": 3029072.5,
      "economic_reward_scale_yuan": 3151704.8194007874,
      "lagrange_multiplier": 0.0,
      "cost_budget": 1.0,
      "cost_budget_raw": 0.02,
      "cost_budget_normalized": 1.0,
      "algorithm_cost_mode": "fixed_penalty",
      "fixed_cost_penalty_coef": 10.0,
      "log_std_max": -2.3,
      "rollout_wall_seconds": 1.274938302114606,
      "update_wall_seconds": 0.471021868288517,
      "total_wall_seconds": 1.7459623962640762
    },
    {
      "update": 905,
      "algorithm": "mappo_penalty",
      "actor_loss": 0.09119982272386551,
      "reward_critic_loss": 0.006589067634195089,
      "cost_critic_loss": 0.000192963911104016,
      "reward_critic_loss_last": 0.0058213649317622185,
      "cost_critic_loss_last": 0.00015699559298809618,
      "critic_epochs": 8,
      "daily_voltage_cost": 0.0,
      "daily_voltage_cost_raw": 0.0,
      "daily_voltage_cost_normalized": 0.0,
      "daily_economic_return_raw_yuan": -3039377.5,
      "daily_economic_return_normalized": -0.9643598198890686,
      "daily_economic_cost_raw_yuan": 3039377.5,
      "economic_reward_scale_yuan": 3151704.8194007874,
      "lagrange_multiplier": 0.0,
      "cost_budget": 1.0,
      "cost_budget_raw": 0.02,
      "cost_budget_normalized": 1.0,
      "algorithm_cost_mode": "fixed_penalty",
      "fixed_cost_penalty_coef": 10.0,
      "log_std_max": -2.3,
      "rollout_wall_seconds": 1.5075428374111652,
      "update_wall_seconds": 0.48857569321990013,
      "total_wall_seconds": 1.9961205031722784
    },
    {
      "update": 906,
      "algorithm": "mappo_penalty",
      "actor_loss": 0.09254319965839386,
      "reward_critic_loss": 0.004091812297701836,
      "cost_critic_loss": 0.0006559690227732062,
      "reward_critic_loss_last": 0.003567385021597147,
      "cost_critic_loss_last": 0.0006632516160607338,
      "critic_epochs": 8,
      "daily_voltage_cost": 0.00020637917623389512,
      "daily_voltage_cost_raw": 0.00020637917623389512,
      "daily_voltage_cost_normalized": 0.010318959131836891,
      "daily_economic_return_raw_yuan": -3297412.75,
      "daily_economic_return_normalized": -1.0462315082550049,
      "daily_economic_cost_raw_yuan": 3297412.75,
      "economic_reward_scale_yuan": 3151704.8194007874,
      "lagrange_multiplier": 0.0,
      "cost_budget": 1.0,
      "cost_budget_raw": 0.02,
      "cost_budget_normalized": 1.0,
      "algorithm_cost_mode": "fixed_penalty",
      "fixed_cost_penalty_coef": 10.0,
      "log_std_max": -2.3,
      "rollout_wall_seconds": 1.3871726728975773,
      "update_wall_seconds": 0.4766163267195225,
      "total_wall_seconds": 1.8637908790260553
    },
    {
      "update": 907,
      "algorithm": "mappo_penalty",
      "actor_loss": 0.09088727086782455,
      "reward_critic_loss": 0.006544673349708319,
      "cost_critic_loss": 0.00042348605347797275,
      "reward_critic_loss_last": 0.006161138415336609,
      "cost_critic_loss_last": 0.00041411234997212887,
      "critic_epochs": 8,
      "daily_voltage_cost": 0.0,
      "daily_voltage_cost_raw": 0.0,
      "daily_voltage_cost_normalized": 0.0,
      "daily_economic_return_raw_yuan": -2973488.25,
      "daily_economic_return_normalized": -0.9434539079666138,
      "daily_economic_cost_raw_yuan": 2973488.25,
      "economic_reward_scale_yuan": 3151704.8194007874,
      "lagrange_multiplier": 0.0,
      "cost_budget": 1.0,
      "cost_budget_raw": 0.02,
      "cost_budget_normalized": 1.0,
      "algorithm_cost_mode": "fixed_penalty",
      "fixed_cost_penalty_coef": 10.0,
      "log_std_max": -2.3,
      "rollout_wall_seconds": 1.3491564989089966,
      "update_wall_seconds": 0.4856374468654394,
      "total_wall_seconds": 1.8347958382219076
    },
    {
      "update": 908,
      "algorithm": "mappo_penalty",
      "actor_loss": 0.09244129061698914,
      "reward_critic_loss": 0.0035319095477461815,
      "cost_critic_loss": 0.000295834441203624,
      "reward_critic_loss_last": 0.0035013537853956223,
      "cost_critic_loss_last": 0.0002906752051785588,
      "critic_epochs": 8,
      "daily_voltage_cost": 0.0,
      "daily_voltage_cost_raw": 0.0,
      "daily_voltage_cost_normalized": 0.0,
      "daily_economic_return_raw_yuan": -3115764.5,
      "daily_economic_return_normalized": -0.9885965585708618,
      "daily_economic_cost_raw_yuan": 3115764.5,
      "economic_reward_scale_yuan": 3151704.8194007874,
      "lagrange_multiplier": 0.0,
      "cost_budget": 1.0,
      "cost_budget_raw": 0.02,
      "cost_budget_normalized": 1.0,
      "algorithm_cost_mode": "fixed_penalty",
      "fixed_cost_penalty_coef": 10.0,
      "log_std_max": -2.3,
      "rollout_wall_seconds": 1.3843226004391909,
      "update_wall_seconds": 0.47985304705798626,
      "total_wall_seconds": 1.8641780000180006
    },
    {
      "update": 909,
      "algorithm": "mappo_penalty",
      "actor_loss": 0.09178069233894348,
      "reward_critic_loss": 0.005198655650019646,
      "cost_critic_loss": 0.00016073533333837986,
      "reward_critic_loss_last": 0.004748504143208265,
      "cost_critic_loss_last": 0.00016115803737193346,
      "critic_epochs": 8,
      "daily_voltage_cost": 0.0,
      "daily_voltage_cost_raw": 0.0,
      "daily_voltage_cost_normalized": 0.0,
      "daily_economic_return_raw_yuan": -3092046.25,
      "daily_economic_return_normalized": -0.9810710549354553,
      "daily_economic_cost_raw_yuan": 3092046.25,
      "economic_reward_scale_yuan": 3151704.8194007874,
      "lagrange_multiplier": 0.0,
      "cost_budget": 1.0,
      "cost_budget_raw": 0.02,
      "cost_budget_normalized": 1.0,
      "algorithm_cost_mode": "fixed_penalty",
      "fixed_cost_penalty_coef": 10.0,
      "log_std_max": -2.3,
      "rollout_wall_seconds": 1.3024336602538824,
      "update_wall_seconds": 0.5112128295004368,
      "total_wall_seconds": 1.8136484436690807
    },
    {
      "update": 910,
      "algorithm": "mappo_penalty",
      "actor_loss": 0.09148654341697693,
      "reward_critic_loss": 0.005074286833405495,
      "cost_critic_loss": 0.0002578542334958911,
      "reward_critic_loss_last": 0.0049635134637355804,
      "cost_critic_loss_last": 0.0002502892748452723,
      "critic_epochs": 8,
      "daily_voltage_cost": 0.0,
      "daily_voltage_cost_raw": 0.0,
      "daily_voltage_cost_normalized": 0.0,
      "daily_economic_return_raw_yuan": -2887473.75,
      "daily_economic_return_normalized": -0.9161624908447266,
      "daily_economic_cost_raw_yuan": 2887473.75,
      "economic_reward_scale_yuan": 3151704.8194007874,
      "lagrange_multiplier": 0.0,
      "cost_budget": 1.0,
      "cost_budget_raw": 0.02,
      "cost_budget_normalized": 1.0,
      "algorithm_cost_mode": "fixed_penalty",
      "fixed_cost_penalty_coef": 10.0,
      "log_std_max": -2.3,
      "rollout_wall_seconds": 1.3492047637701035,
      "update_wall_seconds": 0.4853601362556219,
      "total_wall_seconds": 1.8345668222755194
    },
    {
      "update": 911,
      "algorithm": "mappo_penalty",
      "actor_loss": 0.09364397823810577,
      "reward_critic_loss": 0.005152775906026363,
      "cost_critic_loss": 0.00018027877376880497,
      "reward_critic_loss_last": 0.004527616314589977,
      "cost_critic_loss_last": 0.00017798185581341386,
      "critic_epochs": 8,
      "daily_voltage_cost": 0.0,
      "daily_voltage_cost_raw": 0.0,
      "daily_voltage_cost_normalized": 0.0,
      "daily_economic_return_raw_yuan": -3247972.75,
      "daily_economic_return_normalized": -1.0305447578430176,
      "daily_economic_cost_raw_yuan": 3247972.75,
      "economic_reward_scale_yuan": 3151704.8194007874,
      "lagrange_multiplier": 0.0,
      "cost_budget": 1.0,
      "cost_budget_raw": 0.02,
      "cost_budget_normalized": 1.0,
      "algorithm_cost_mode": "fixed_penalty",
      "fixed_cost_penalty_coef": 10.0,
      "log_std_max": -2.3,
      "rollout_wall_seconds": 1.3411278314888477,
      "update_wall_seconds": 0.48063258081674576,
      "total_wall_seconds": 1.8217625133693218
    },
    {
      "update": 912,
      "algorithm": "mappo_penalty",
      "actor_loss": 0.09240733087062836,
      "reward_critic_loss": 0.003044832032173872,
      "cost_critic_loss": 0.005640498828142881,
      "reward_critic_loss_last": 0.0024722893722355366,
      "cost_critic_loss_last": 0.005451996810734272,
      "critic_epochs": 8,
      "daily_voltage_cost": 0.0006206421530805528,
      "daily_voltage_cost_raw": 0.0006206421530805528,
      "daily_voltage_cost_normalized": 0.031032107770442963,
      "daily_economic_return_raw_yuan": -3061038.25,
      "daily_economic_return_normalized": -0.971232533454895,
      "daily_economic_cost_raw_yuan": 3061038.25,
      "economic_reward_scale_yuan": 3151704.8194007874,
      "lagrange_multiplier": 0.0,
      "cost_budget": 1.0,
      "cost_budget_raw": 0.02,
      "cost_budget_normalized": 1.0,
      "algorithm_cost_mode": "fixed_penalty",
      "fixed_cost_penalty_coef": 10.0,
      "log_std_max": -2.3,
      "rollout_wall_seconds": 1.4559689573943615,
      "update_wall_seconds": 0.46467408537864685,
      "total_wall_seconds": 1.920645022764802
    },
    {
      "update": 913,
      "algorithm": "mappo_penalty",
      "actor_loss": 0.09197711944580078,
      "reward_critic_loss": 0.005581207107752562,
      "cost_critic_loss": 0.00023325180518440902,
      "reward_critic_loss_last": 0.004695194307714701,
      "cost_critic_loss_last": 0.000285772024653852,
      "critic_epochs": 8,
      "daily_voltage_cost": 2.0675086489063688e-05,
      "daily_voltage_cost_raw": 2.0675086489063688e-05,
      "daily_voltage_cost_normalized": 0.0010337543208152056,
      "daily_economic_return_raw_yuan": -2889634.75,
      "daily_economic_return_normalized": -0.9168481826782227,
      "daily_economic_cost_raw_yuan": 2889634.75,
      "economic_reward_scale_yuan": 3151704.8194007874,
      "lagrange_multiplier": 0.0,
      "cost_budget": 1.0,
      "cost_budget_raw": 0.02,
      "cost_budget_normalized": 1.0,
      "algorithm_cost_mode": "fixed_penalty",
      "fixed_cost_penalty_coef": 10.0,
      "log_std_max": -2.3,
      "rollout_wall_seconds": 1.4204754140228033,
      "update_wall_seconds": 0.46868711709976196,
      "total_wall_seconds": 1.889164611697197
    },
    {
      "update": 914,
      "algorithm": "mappo_penalty",
      "actor_loss": 0.09231790900230408,
      "reward_critic_loss": 0.004136289469897747,
      "cost_critic_loss": 0.009223073720932007,
      "reward_critic_loss_last": 0.0037374822422862053,
      "cost_critic_loss_last": 0.009080152958631516,
      "critic_epochs": 8,
      "daily_voltage_cost": 0.0007817469886504114,
      "daily_voltage_cost_raw": 0.0007817469886504114,
      "daily_voltage_cost_normalized": 0.03908735141158104,
      "daily_economic_return_raw_yuan": -2885361.5,
      "daily_economic_return_normalized": -0.9154922962188721,
      "daily_economic_cost_raw_yuan": 2885361.5,
      "economic_reward_scale_yuan": 3151704.8194007874,
      "lagrange_multiplier": 0.0,
      "cost_budget": 1.0,
      "cost_budget_raw": 0.02,
      "cost_budget_normalized": 1.0,
      "algorithm_cost_mode": "fixed_penalty",
      "fixed_cost_penalty_coef": 10.0,
      "log_std_max": -2.3,
      "rollout_wall_seconds": 1.3856248948723078,
      "update_wall_seconds": 0.4664301183074713,
      "total_wall_seconds": 1.8520568162202835
    },
    {
      "update": 915,
      "algorithm": "mappo_penalty",
      "actor_loss": 0.09191565960645676,
      "reward_critic_loss": 0.003979756962507963,
      "cost_critic_loss": 0.0003341948031447828,
      "reward_critic_loss_last": 0.0038925751578062773,
      "cost_critic_loss_last": 0.0003615773457568139,
      "critic_epochs": 8,
      "daily_voltage_cost": 1.7420774383936077e-05,
      "daily_voltage_cost_raw": 1.7420774383936077e-05,
      "daily_voltage_cost_normalized": 0.0008710387628525496,
      "daily_economic_return_raw_yuan": -2928029.5,
      "daily_economic_return_normalized": -0.9290304183959961,
      "daily_economic_cost_raw_yuan": 2928029.5,
      "economic_reward_scale_yuan": 3151704.8194007874,
      "lagrange_multiplier": 0.0,
      "cost_budget": 1.0,
      "cost_budget_raw": 0.02,
      "cost_budget_normalized": 1.0,
      "algorithm_cost_mode": "fixed_penalty",
      "fixed_cost_penalty_coef": 10.0,
      "log_std_max": -2.3,
      "rollout_wall_seconds": 1.4462218154221773,
      "update_wall_seconds": 0.4732765965163708,
      "total_wall_seconds": 1.919500170275569
    },
    {
      "update": 916,
      "algorithm": "mappo_penalty",
      "actor_loss": 0.0919453576207161,
      "reward_critic_loss": 0.004608895163983107,
      "cost_critic_loss": 0.0003957877343054861,
      "reward_critic_loss_last": 0.004096766002476215,
      "cost_critic_loss_last": 0.0003066966310143471,
      "critic_epochs": 8,
      "daily_voltage_cost": 0.0,
      "daily_voltage_cost_raw": 0.0,
      "daily_voltage_cost_normalized": 0.0,
      "daily_economic_return_raw_yuan": -2745809.0,
      "daily_economic_return_normalized": -0.8712139129638672,
      "daily_economic_cost_raw_yuan": 2745809.0,
      "economic_reward_scale_yuan": 3151704.8194007874,
      "lagrange_multiplier": 0.0,
      "cost_budget": 1.0,
      "cost_budget_raw": 0.02,
      "cost_budget_normalized": 1.0,
      "algorithm_cost_mode": "fixed_penalty",
      "fixed_cost_penalty_coef": 10.0,
      "log_std_max": -2.3,
      "rollout_wall_seconds": 1.0286203119903803,
      "update_wall_seconds": 0.46629018522799015,
      "total_wall_seconds": 1.494912315160036
    },
    {
      "update": 917,
      "algorithm": "mappo_penalty",
      "actor_loss": 0.09202896058559418,
      "reward_critic_loss": 0.006805106997489929,
      "cost_critic_loss": 0.0002189107472077012,
      "reward_critic_loss_last": 0.005514852236956358,
      "cost_critic_loss_last": 0.00017642925377003849,
      "critic_epochs": 8,
      "daily_voltage_cost": 0.0,
      "daily_voltage_cost_raw": 0.0,
      "daily_voltage_cost_normalized": 0.0,
      "daily_economic_return_raw_yuan": -3106832.75,
      "daily_economic_return_normalized": -0.9857625961303711,
      "daily_economic_cost_raw_yuan": 3106832.75,
      "economic_reward_scale_yuan": 3151704.8194007874,
      "lagrange_multiplier": 0.0,
      "cost_budget": 1.0,
      "cost_budget_raw": 0.02,
      "cost_budget_normalized": 1.0,
      "algorithm_cost_mode": "fixed_penalty",
      "fixed_cost_penalty_coef": 10.0,
      "log_std_max": -2.3,
      "rollout_wall_seconds": 1.1988014038652182,
      "update_wall_seconds": 0.46462404541671276,
      "total_wall_seconds": 1.6634271405637264
    },
    {
      "update": 918,
      "algorithm": "mappo_penalty",
      "actor_loss": 0.0921783447265625,
      "reward_critic_loss": 0.004566873889416456,
      "cost_critic_loss": 0.0012614559382200241,
      "reward_critic_loss_last": 0.00431369012221694,
      "cost_critic_loss_last": 0.0012593994615599513,
      "critic_epochs": 8,
      "daily_voltage_cost": 0.00030738781788386405,
      "daily_voltage_cost_raw": 0.00030738781788386405,
      "daily_voltage_cost_normalized": 0.01536939013749361,
      "daily_economic_return_raw_yuan": -3060313.5,
      "daily_economic_return_normalized": -0.9710025787353516,
      "daily_economic_cost_raw_yuan": 3060313.5,
      "economic_reward_scale_yuan": 3151704.8194007874,
      "lagrange_multiplier": 0.0,
      "cost_budget": 1.0,
      "cost_budget_raw": 0.02,
      "cost_budget_normalized": 1.0,
      "algorithm_cost_mode": "fixed_penalty",
      "fixed_cost_penalty_coef": 10.0,
      "log_std_max": -2.3,
      "rollout_wall_seconds": 1.4856435135006905,
      "update_wall_seconds": 0.47312038764357567,
      "total_wall_seconds": 1.958765896037221
    },
    {
      "update": 919,
      "algorithm": "mappo_penalty",
      "actor_loss": 0.09194990992546082,
      "reward_critic_loss": 0.005523808300495148,
      "cost_critic_loss": 0.00017534503422211856,
      "reward_critic_loss_last": 0.00511162867769599,
      "cost_critic_loss_last": 0.00018133886624127626,
      "critic_epochs": 8,
      "daily_voltage_cost": 0.0,
      "daily_voltage_cost_raw": 0.0,
      "daily_voltage_cost_normalized": 0.0,
      "daily_economic_return_raw_yuan": -3084862.0,
      "daily_economic_return_normalized": -0.9787915945053101,
      "daily_economic_cost_raw_yuan": 3084862.0,
      "economic_reward_scale_yuan": 3151704.8194007874,
      "lagrange_multiplier": 0.0,
      "cost_budget": 1.0,
      "cost_budget_raw": 0.02,
      "cost_budget_normalized": 1.0,
      "algorithm_cost_mode": "fixed_penalty",
      "fixed_cost_penalty_coef": 10.0,
      "log_std_max": -2.3,
      "rollout_wall_seconds": 1.2982989847660065,
      "update_wall_seconds": 0.4762027971446514,
      "total_wall_seconds": 1.7745036613196135
    },
    {
      "update": 920,
      "algorithm": "mappo_penalty",
      "actor_loss": 0.09094572067260742,
      "reward_critic_loss": 0.006022288464009762,
      "cost_critic_loss": 0.00023143533326219767,
      "reward_critic_loss_last": 0.005663324147462845,
      "cost_critic_loss_last": 0.00022646637808065861,
      "critic_epochs": 8,
      "daily_voltage_cost": 2.0986772142350674e-05,
      "daily_voltage_cost_raw": 2.0986772142350674e-05,
      "daily_voltage_cost_normalized": 0.0010493386071175337,
      "daily_economic_return_raw_yuan": -2984022.5,
      "daily_economic_return_normalized": -0.9467962980270386,
      "daily_economic_cost_raw_yuan": 2984022.5,
      "economic_reward_scale_yuan": 3151704.8194007874,
      "lagrange_multiplier": 0.0,
      "cost_budget": 1.0,
      "cost_budget_raw": 0.02,
      "cost_budget_normalized": 1.0,
      "algorithm_cost_mode": "fixed_penalty",
      "fixed_cost_penalty_coef": 10.0,
      "log_std_max": -2.3,
      "rollout_wall_seconds": 1.340300526469946,
      "update_wall_seconds": 0.4766610115766525,
      "total_wall_seconds": 1.8169632721692324
    },
    {
      "update": 921,
      "algorithm": "mappo_penalty",
      "actor_loss": 0.0921863242983818,
      "reward_critic_loss": 0.0030053097289055586,
      "cost_critic_loss": 0.0002044421125901863,
      "reward_critic_loss_last": 0.0030200518667697906,
      "cost_critic_loss_last": 0.00020156180835328996,
      "critic_epochs": 8,
      "daily_voltage_cost": 0.0,
      "daily_voltage_cost_raw": 0.0,
      "daily_voltage_cost_normalized": 0.0,
      "daily_economic_return_raw_yuan": -3029906.0,
      "daily_economic_return_normalized": -0.9613546133041382,
      "daily_economic_cost_raw_yuan": 3029906.0,
      "economic_reward_scale_yuan": 3151704.8194007874,
      "lagrange_multiplier": 0.0,
      "cost_budget": 1.0,
      "cost_budget_raw": 0.02,
      "cost_budget_normalized": 1.0,
      "algorithm_cost_mode": "fixed_penalty",
      "fixed_cost_penalty_coef": 10.0,
      "log_std_max": -2.3,
      "rollout_wall_seconds": 1.4274848271161318,
      "update_wall_seconds": 0.4631014112383127,
      "total_wall_seconds": 1.8905880190432072
    },
    {
      "update": 922,
      "algorithm": "mappo_penalty",
      "actor_loss": 0.09256584197282791,
      "reward_critic_loss": 0.00452956510707736,
      "cost_critic_loss": 0.0002352334267925471,
      "reward_critic_loss_last": 0.003930509090423584,
      "cost_critic_loss_last": 0.00023289074306376278,
      "critic_epochs": 8,
      "daily_voltage_cost": 0.00017076067160815,
      "daily_voltage_cost_raw": 0.00017076067160815,
      "daily_voltage_cost_normalized": 0.008538033813238144,
      "daily_economic_return_raw_yuan": -2919853.25,
      "daily_economic_return_normalized": -0.9264361262321472,
      "daily_economic_cost_raw_yuan": 2919853.25,
      "economic_reward_scale_yuan": 3151704.8194007874,
      "lagrange_multiplier": 0.0,
      "cost_budget": 1.0,
      "cost_budget_raw": 0.02,
      "cost_budget_normalized": 1.0,
      "algorithm_cost_mode": "fixed_penalty",
      "fixed_cost_penalty_coef": 10.0,
      "log_std_max": -2.3,
      "rollout_wall_seconds": 1.3061735425144434,
      "update_wall_seconds": 0.460364380851388,
      "total_wall_seconds": 1.7665396612137556
    },
    {
      "update": 923,
      "algorithm": "mappo_penalty",
      "actor_loss": 0.09153303503990173,
      "reward_critic_loss": 0.0034642431419342756,
      "cost_critic_loss": 0.00019142583187203854,
      "reward_critic_loss_last": 0.003244062652811408,
      "cost_critic_loss_last": 0.00019089877605438232,
      "critic_epochs": 8,
      "daily_voltage_cost": 0.0,
      "daily_voltage_cost_raw": 0.0,
      "daily_voltage_cost_normalized": 0.0,
      "daily_economic_return_raw_yuan": -3019791.25,
      "daily_economic_return_normalized": -0.9581453204154968,
      "daily_economic_cost_raw_yuan": 3019791.25,
      "economic_reward_scale_yuan": 3151704.8194007874,
      "lagrange_multiplier": 0.0,
      "cost_budget": 1.0,
      "cost_budget_raw": 0.02,
      "cost_budget_normalized": 1.0,
      "algorithm_cost_mode": "fixed_penalty",
      "fixed_cost_penalty_coef": 10.0,
      "log_std_max": -2.3,
      "rollout_wall_seconds": 1.3173031657934189,
      "update_wall_seconds": 0.4804766159504652,
      "total_wall_seconds": 1.7977817468345165
    },
    {
      "update": 924,
      "algorithm": "mappo_penalty",
      "actor_loss": 0.09242215007543564,
      "reward_critic_loss": 0.0048057278618216515,
      "cost_critic_loss": 0.0002618185244500637,
      "reward_critic_loss_last": 0.0046539464965462685,
      "cost_critic_loss_last": 0.00026009956491179764,
      "critic_epochs": 8,
      "daily_voltage_cost": 0.0,
      "daily_voltage_cost_raw": 0.0,
      "daily_voltage_cost_normalized": 0.0,
      "daily_economic_return_raw_yuan": -3069240.25,
      "daily_economic_return_normalized": -0.9738349318504333,
      "daily_economic_cost_raw_yuan": 3069240.25,
      "economic_reward_scale_yuan": 3151704.8194007874,
      "lagrange_multiplier": 0.0,
      "cost_budget": 1.0,
      "cost_budget_raw": 0.02,
      "cost_budget_normalized": 1.0,
      "algorithm_cost_mode": "fixed_penalty",
      "fixed_cost_penalty_coef": 10.0,
      "log_std_max": -2.3,
      "rollout_wall_seconds": 1.4495159815996885,
      "update_wall_seconds": 0.44526671059429646,
      "total_wall_seconds": 1.8947845716029406
    },
    {
      "update": 925,
      "algorithm": "mappo_penalty",
      "actor_loss": 0.09263012558221817,
      "reward_critic_loss": 0.005105140618979931,
      "cost_critic_loss": 0.00018794425704982132,
      "reward_critic_loss_last": 0.004253884311765432,
      "cost_critic_loss_last": 0.0001867706305347383,
      "critic_epochs": 8,
      "daily_voltage_cost": 0.0,
      "daily_voltage_cost_raw": 0.0,
      "daily_voltage_cost_normalized": 0.0,
      "daily_economic_return_raw_yuan": -2893368.75,
      "daily_economic_return_normalized": -0.9180329442024231,
      "daily_economic_cost_raw_yuan": 2893368.75,
      "economic_reward_scale_yuan": 3151704.8194007874,
      "lagrange_multiplier": 0.0,
      "cost_budget": 1.0,
      "cost_budget_raw": 0.02,
      "cost_budget_normalized": 1.0,
      "algorithm_cost_mode": "fixed_penalty",
      "fixed_cost_penalty_coef": 10.0,
      "log_std_max": -2.3,
      "rollout_wall_seconds": 1.2886506039649248,
      "update_wall_seconds": 0.47112971544265747,
      "total_wall_seconds": 1.7597819864749908
    },
    {
      "update": 926,
      "algorithm": "mappo_penalty",
      "actor_loss": 0.09300132095813751,
      "reward_critic_loss": 0.005227711051702499,
      "cost_critic_loss": 0.0002109162596752867,
      "reward_critic_loss_last": 0.003804759820923209,
      "cost_critic_loss_last": 0.00020787240646313876,
      "critic_epochs": 8,
      "daily_voltage_cost": 0.0,
      "daily_voltage_cost_raw": 0.0,
      "daily_voltage_cost_normalized": 0.0,
      "daily_economic_return_raw_yuan": -3050405.75,
      "daily_economic_return_normalized": -0.9678589701652527,
      "daily_economic_cost_raw_yuan": 3050405.75,
      "economic_reward_scale_yuan": 3151704.8194007874,
      "lagrange_multiplier": 0.0,
      "cost_budget": 1.0,
      "cost_budget_raw": 0.02,
      "cost_budget_normalized": 1.0,
      "algorithm_cost_mode": "fixed_penalty",
      "fixed_cost_penalty_coef": 10.0,
      "log_std_max": -2.3,
      "rollout_wall_seconds": 1.4195445850491524,
      "update_wall_seconds": 0.4568250384181738,
      "total_wall_seconds": 1.8763716779649258
    },
    {
      "update": 927,
      "algorithm": "mappo_penalty",
      "actor_loss": 0.09237688034772873,
      "reward_critic_loss": 0.0041819545440375805,
      "cost_critic_loss": 0.0001546512939967215,
      "reward_critic_loss_last": 0.004183873534202576,
      "cost_critic_loss_last": 0.0001547800493426621,
      "critic_epochs": 8,
      "daily_voltage_cost": 1.0933155863313004e-05,
      "daily_voltage_cost_raw": 1.0933155863313004e-05,
      "daily_voltage_cost_normalized": 0.0005466578295454383,
      "daily_economic_return_raw_yuan": -3173623.75,
      "daily_economic_return_normalized": -1.0069546699523926,
      "daily_economic_cost_raw_yuan": 3173623.75,
      "economic_reward_scale_yuan": 3151704.8194007874,
      "lagrange_multiplier": 0.0,
      "cost_budget": 1.0,
      "cost_budget_raw": 0.02,
      "cost_budget_normalized": 1.0,
      "algorithm_cost_mode": "fixed_penalty",
      "fixed_cost_penalty_coef": 10.0,
      "log_std_max": -2.3,
      "rollout_wall_seconds": 1.3777482844889164,
      "update_wall_seconds": 0.4691362474113703,
      "total_wall_seconds": 1.846886619925499
    },
    {
      "update": 928,
      "algorithm": "mappo_penalty",
      "actor_loss": 0.09202872216701508,
      "reward_critic_loss": 0.003515728283673525,
      "cost_critic_loss": 0.000164403798407875,
      "reward_critic_loss_last": 0.002826953772455454,
      "cost_critic_loss_last": 0.00016273875371553004,
      "critic_epochs": 8,
      "daily_voltage_cost": 7.586828724015504e-05,
      "daily_voltage_cost_raw": 7.586828724015504e-05,
      "daily_voltage_cost_normalized": 0.0037934144493192434,
      "daily_economic_return_raw_yuan": -2978337.75,
      "daily_economic_return_normalized": -0.9449926614761353,
      "daily_economic_cost_raw_yuan": 2978337.75,
      "economic_reward_scale_yuan": 3151704.8194007874,
      "lagrange_multiplier": 0.0,
      "cost_budget": 1.0,
      "cost_budget_raw": 0.02,
      "cost_budget_normalized": 1.0,
      "algorithm_cost_mode": "fixed_penalty",
      "fixed_cost_penalty_coef": 10.0,
      "log_std_max": -2.3,
      "rollout_wall_seconds": 1.3418061081320047,
      "update_wall_seconds": 0.47717016376554966,
      "total_wall_seconds": 1.8189780917018652
    },
    {
      "update": 929,
      "algorithm": "mappo_penalty",
      "actor_loss": 0.09217130392789841,
      "reward_critic_loss": 0.004280955530703068,
      "cost_critic_loss": 0.00014064273273106664,
      "reward_critic_loss_last": 0.0037551536224782467,
      "cost_critic_loss_last": 0.00014066121366340667,
      "critic_epochs": 8,
      "daily_voltage_cost": 0.0,
      "daily_voltage_cost_raw": 0.0,
      "daily_voltage_cost_normalized": 0.0,
      "daily_economic_return_raw_yuan": -3034069.25,
      "daily_economic_return_normalized": -0.9626756310462952,
      "daily_economic_cost_raw_yuan": 3034069.25,
      "economic_reward_scale_yuan": 3151704.8194007874,
      "lagrange_multiplier": 0.0,
      "cost_budget": 1.0,
      "cost_budget_raw": 0.02,
      "cost_budget_normalized": 1.0,
      "algorithm_cost_mode": "fixed_penalty",
      "fixed_cost_penalty_coef": 10.0,
      "log_std_max": -2.3,
      "rollout_wall_seconds": 1.286928791552782,
      "update_wall_seconds": 0.48021925054490566,
      "total_wall_seconds": 1.767149917781353
    },
    {
      "update": 930,
      "algorithm": "mappo_penalty",
      "actor_loss": 0.0922086089849472,
      "reward_critic_loss": 0.005094058346003294,
      "cost_critic_loss": 0.0002474233042448759,
      "reward_critic_loss_last": 0.004967422690242529,
      "cost_critic_loss_last": 0.00024468492483720183,
      "critic_epochs": 8,
      "daily_voltage_cost": 0.0,
      "daily_voltage_cost_raw": 0.0,
      "daily_voltage_cost_normalized": 0.0,
      "daily_economic_return_raw_yuan": -3008193.75,
      "daily_economic_return_normalized": -0.9544655680656433,
      "daily_economic_cost_raw_yuan": 3008193.75,
      "economic_reward_scale_yuan": 3151704.8194007874,
      "lagrange_multiplier": 0.0,
      "cost_budget": 1.0,
      "cost_budget_raw": 0.02,
      "cost_budget_normalized": 1.0,
      "algorithm_cost_mode": "fixed_penalty",
      "fixed_cost_penalty_coef": 10.0,
      "log_std_max": -2.3,
      "rollout_wall_seconds": 1.2942879926413298,
      "update_wall_seconds": 0.4751085825264454,
      "total_wall_seconds": 1.7693984471261501
    },
    {
      "update": 931,
      "algorithm": "mappo_penalty",
      "actor_loss": 0.0917396992444992,
      "reward_critic_loss": 0.0033283671364188194,
      "cost_critic_loss": 0.0004512894374784082,
      "reward_critic_loss_last": 0.003265771549195051,
      "cost_critic_loss_last": 0.0004468586703296751,
      "critic_epochs": 8,
      "daily_voltage_cost": 0.00021941809973213822,
      "daily_voltage_cost_raw": 0.00021941809973213822,
      "daily_voltage_cost_normalized": 0.010970905423164368,
      "daily_economic_return_raw_yuan": -3079658.0,
      "daily_economic_return_normalized": -0.9771403670310974,
      "daily_economic_cost_raw_yuan": 3079658.0,
      "economic_reward_scale_yuan": 3151704.8194007874,
      "lagrange_multiplier": 0.0,
      "cost_budget": 1.0,
      "cost_budget_raw": 0.02,
      "cost_budget_normalized": 1.0,
      "algorithm_cost_mode": "fixed_penalty",
      "fixed_cost_penalty_coef": 10.0,
      "log_std_max": -2.3,
      "rollout_wall_seconds": 1.3020883351564407,
      "update_wall_seconds": 0.4331344421952963,
      "total_wall_seconds": 1.7352245561778545
    },
    {
      "update": 932,
      "algorithm": "mappo_penalty",
      "actor_loss": 0.09338794648647308,
      "reward_critic_loss": 0.0050352150574326515,
      "cost_critic_loss": 0.004747691564261913,
      "reward_critic_loss_last": 0.004707672633230686,
      "cost_critic_loss_last": 0.004552809055894613,
      "critic_epochs": 8,
      "daily_voltage_cost": 0.0008519227849319577,
      "daily_voltage_cost_raw": 0.0008519227849319577,
      "daily_voltage_cost_normalized": 0.04259613901376724,
      "daily_economic_return_raw_yuan": -3062419.75,
      "daily_economic_return_normalized": -0.971670925617218,
      "daily_economic_cost_raw_yuan": 3062419.75,
      "economic_reward_scale_yuan": 3151704.8194007874,
      "lagrange_multiplier": 0.0,
      "cost_budget": 1.0,
      "cost_budget_raw": 0.02,
      "cost_budget_normalized": 1.0,
      "algorithm_cost_mode": "fixed_penalty",
      "fixed_cost_penalty_coef": 10.0,
      "log_std_max": -2.3,
      "rollout_wall_seconds": 1.2385908272117376,
      "update_wall_seconds": 0.4561524000018835,
      "total_wall_seconds": 1.6947451904416084
    },
    {
      "update": 933,
      "algorithm": "mappo_penalty",
      "actor_loss": 0.09279640018939972,
      "reward_critic_loss": 0.002852248726412654,
      "cost_critic_loss": 0.0018232932779937983,
      "reward_critic_loss_last": 0.0028866182547062635,
      "cost_critic_loss_last": 0.0018673035083338618,
      "critic_epochs": 8,
      "daily_voltage_cost": 0.0009245493565686047,
      "daily_voltage_cost_raw": 0.0009245493565686047,
      "daily_voltage_cost_normalized": 0.04622747004032135,
      "daily_economic_return_raw_yuan": -3033787.0,
      "daily_economic_return_normalized": -0.9625860452651978,
      "daily_economic_cost_raw_yuan": 3033787.0,
      "economic_reward_scale_yuan": 3151704.8194007874,
      "lagrange_multiplier": 0.0,
      "cost_budget": 1.0,
      "cost_budget_raw": 0.02,
      "cost_budget_normalized": 1.0,
      "algorithm_cost_mode": "fixed_penalty",
      "fixed_cost_penalty_coef": 10.0,
      "log_std_max": -2.3,
      "rollout_wall_seconds": 1.3280097022652626,
      "update_wall_seconds": 0.4694803934544325,
      "total_wall_seconds": 1.7974919360131025
    },
    {
      "update": 934,
      "algorithm": "mappo_penalty",
      "actor_loss": 0.09252768754959106,
      "reward_critic_loss": 0.007135397754609585,
      "cost_critic_loss": 0.0001719267456792295,
      "reward_critic_loss_last": 0.006795600987970829,
      "cost_critic_loss_last": 0.00014687239308841527,
      "critic_epochs": 8,
      "daily_voltage_cost": 6.137348100310192e-05,
      "daily_voltage_cost_raw": 6.137348100310192e-05,
      "daily_voltage_cost_normalized": 0.003068674122914672,
      "daily_economic_return_raw_yuan": -2988583.25,
      "daily_economic_return_normalized": -0.9482434391975403,
      "daily_economic_cost_raw_yuan": 2988583.25,
      "economic_reward_scale_yuan": 3151704.8194007874,
      "lagrange_multiplier": 0.0,
      "cost_budget": 1.0,
      "cost_budget_raw": 0.02,
      "cost_budget_normalized": 1.0,
      "algorithm_cost_mode": "fixed_penalty",
      "fixed_cost_penalty_coef": 10.0,
      "log_std_max": -2.3,
      "rollout_wall_seconds": 1.4192359782755375,
      "update_wall_seconds": 0.4751855283975601,
      "total_wall_seconds": 1.8944230359047651
    },
    {
      "update": 935,
      "algorithm": "mappo_penalty",
      "actor_loss": 0.09140384942293167,
      "reward_critic_loss": 0.0034265308640897274,
      "cost_critic_loss": 0.000157979826326482,
      "reward_critic_loss_last": 0.003142213448882103,
      "cost_critic_loss_last": 0.00014309445396065712,
      "critic_epochs": 8,
      "daily_voltage_cost": 0.0,
      "daily_voltage_cost_raw": 0.0,
      "daily_voltage_cost_normalized": 0.0,
      "daily_economic_return_raw_yuan": -2918644.75,
      "daily_economic_return_normalized": -0.9260526895523071,
      "daily_economic_cost_raw_yuan": 2918644.75,
      "economic_reward_scale_yuan": 3151704.8194007874,
      "lagrange_multiplier": 0.0,
      "cost_budget": 1.0,
      "cost_budget_raw": 0.02,
      "cost_budget_normalized": 1.0,
      "algorithm_cost_mode": "fixed_penalty",
      "fixed_cost_penalty_coef": 10.0,
      "log_std_max": -2.3,
      "rollout_wall_seconds": 1.3768628612160683,
      "update_wall_seconds": 0.516475860029459,
      "total_wall_seconds": 1.8933406826108694
    },
    {
      "update": 936,
      "algorithm": "mappo_penalty",
      "actor_loss": 0.09168846905231476,
      "reward_critic_loss": 0.005982186645269394,
      "cost_critic_loss": 0.0071211811155080795,
      "reward_critic_loss_last": 0.005829444155097008,
      "cost_critic_loss_last": 0.00698051368817687,
      "critic_epochs": 8,
      "daily_voltage_cost": 0.0009453276870772243,
      "daily_voltage_cost_raw": 0.0009453276870772243,
      "daily_voltage_cost_normalized": 0.047266386449337006,
      "daily_economic_return_raw_yuan": -2960950.75,
      "daily_economic_return_normalized": -0.9394758939743042,
      "daily_economic_cost_raw_yuan": 2960950.75,
      "economic_reward_scale_yuan": 3151704.8194007874,
      "lagrange_multiplier": 0.0,
      "cost_budget": 1.0,
      "cost_budget_raw": 0.02,
      "cost_budget_normalized": 1.0,
      "algorithm_cost_mode": "fixed_penalty",
      "fixed_cost_penalty_coef": 10.0,
      "log_std_max": -2.3,
      "rollout_wall_seconds": 1.40163947455585,
      "update_wall_seconds": 0.5237311441451311,
      "total_wall_seconds": 1.9253730159252882
    },
    {
      "update": 937,
      "algorithm": "mappo_penalty",
      "actor_loss": 0.09297629445791245,
      "reward_critic_loss": 0.004896940663456917,
      "cost_critic_loss": 0.0028051070403307676,
      "reward_critic_loss_last": 0.004573940299451351,
      "cost_critic_loss_last": 0.002832203172147274,
      "critic_epochs": 8,
      "daily_voltage_cost": 0.0008288219105452299,
      "daily_voltage_cost_raw": 0.0008288219105452299,
      "daily_voltage_cost_normalized": 0.04144109785556793,
      "daily_economic_return_raw_yuan": -3100746.5,
      "daily_economic_return_normalized": -0.983831524848938,
      "daily_economic_cost_raw_yuan": 3100746.5,
      "economic_reward_scale_yuan": 3151704.8194007874,
      "lagrange_multiplier": 0.0,
      "cost_budget": 1.0,
      "cost_budget_raw": 0.02,
      "cost_budget_normalized": 1.0,
      "algorithm_cost_mode": "fixed_penalty",
      "fixed_cost_penalty_coef": 10.0,
      "log_std_max": -2.3,
      "rollout_wall_seconds": 1.4248002767562866,
      "update_wall_seconds": 0.47424053214490414,
      "total_wall_seconds": 1.8990425392985344
    },
    {
      "update": 938,
      "algorithm": "mappo_penalty",
      "actor_loss": 0.09177221357822418,
      "reward_critic_loss": 0.003116379491984844,
      "cost_critic_loss": 0.0002747627440840006,
      "reward_critic_loss_last": 0.002891998505219817,
      "cost_critic_loss_last": 0.0002472334308549762,
      "critic_epochs": 8,
      "daily_voltage_cost": 0.0,
      "daily_voltage_cost_raw": 0.0,
      "daily_voltage_cost_normalized": 0.0,
      "daily_economic_return_raw_yuan": -2963295.0,
      "daily_economic_return_normalized": -0.9402197599411011,
      "daily_economic_cost_raw_yuan": 2963295.0,
      "economic_reward_scale_yuan": 3151704.8194007874,
      "lagrange_multiplier": 0.0,
      "cost_budget": 1.0,
      "cost_budget_raw": 0.02,
      "cost_budget_normalized": 1.0,
      "algorithm_cost_mode": "fixed_penalty",
      "fixed_cost_penalty_coef": 10.0,
      "log_std_max": -2.3,
      "rollout_wall_seconds": 1.2623782884329557,
      "update_wall_seconds": 0.43226075544953346,
      "total_wall_seconds": 1.6946410425007343
    },
    {
      "update": 939,
      "algorithm": "mappo_penalty",
      "actor_loss": 0.09180106967687607,
      "reward_critic_loss": 0.004451034590601921,
      "cost_critic_loss": 0.008115332573652267,
      "reward_critic_loss_last": 0.003991266712546349,
      "cost_critic_loss_last": 0.008091812953352928,
      "critic_epochs": 8,
      "daily_voltage_cost": 0.0021578341256827116,
      "daily_voltage_cost_raw": 0.0021578341256827116,
      "daily_voltage_cost_normalized": 0.10789170861244202,
      "daily_economic_return_raw_yuan": -2986022.5,
      "daily_economic_return_normalized": -0.9474309086799622,
      "daily_economic_cost_raw_yuan": 2986022.5,
      "economic_reward_scale_yuan": 3151704.8194007874,
      "lagrange_multiplier": 0.0,
      "cost_budget": 1.0,
      "cost_budget_raw": 0.02,
      "cost_budget_normalized": 1.0,
      "algorithm_cost_mode": "fixed_penalty",
      "fixed_cost_penalty_coef": 10.0,
      "log_std_max": -2.3,
      "rollout_wall_seconds": 1.30715467967093,
      "update_wall_seconds": 0.4410773664712906,
      "total_wall_seconds": 1.7482338808476925
    },
    {
      "update": 940,
      "algorithm": "mappo_penalty",
      "actor_loss": 0.09157650172710419,
      "reward_critic_loss": 0.004392122849822044,
      "cost_critic_loss": 0.013647787272930145,
      "reward_critic_loss_last": 0.004172167740762234,
      "cost_critic_loss_last": 0.013483477756381035,
      "critic_epochs": 8,
      "daily_voltage_cost": 0.0009627756080590189,
      "daily_voltage_cost_raw": 0.0009627756080590189,
      "daily_voltage_cost_normalized": 0.048138782382011414,
      "daily_economic_return_raw_yuan": -2856702.5,
      "daily_economic_return_normalized": -0.906399130821228,
      "daily_economic_cost_raw_yuan": 2856702.5,
      "economic_reward_scale_yuan": 3151704.8194007874,
      "lagrange_multiplier": 0.0,
      "cost_budget": 1.0,
      "cost_budget_raw": 0.02,
      "cost_budget_normalized": 1.0,
      "algorithm_cost_mode": "fixed_penalty",
      "fixed_cost_penalty_coef": 10.0,
      "log_std_max": -2.3,
      "rollout_wall_seconds": 1.4291571900248528,
      "update_wall_seconds": 0.4545408356934786,
      "total_wall_seconds": 1.883699992671609
    },
    {
      "update": 941,
      "algorithm": "mappo_penalty",
      "actor_loss": 0.09192272275686264,
      "reward_critic_loss": 0.005762496497482061,
      "cost_critic_loss": 0.0019111469155177474,
      "reward_critic_loss_last": 0.0045738378539681435,
      "cost_critic_loss_last": 0.0019470085389912128,
      "critic_epochs": 8,
      "daily_voltage_cost": 0.0007131239399313927,
      "daily_voltage_cost_raw": 0.0007131239399313927,
      "daily_voltage_cost_normalized": 0.03565619885921478,
      "daily_economic_return_raw_yuan": -3157955.0,
      "daily_economic_return_normalized": -1.0019831657409668,
      "daily_economic_cost_raw_yuan": 3157955.0,
      "economic_reward_scale_yuan": 3151704.8194007874,
      "lagrange_multiplier": 0.0,
      "cost_budget": 1.0,
      "cost_budget_raw": 0.02,
      "cost_budget_normalized": 1.0,
      "algorithm_cost_mode": "fixed_penalty",
      "fixed_cost_penalty_coef": 10.0,
      "log_std_max": -2.3,
      "rollout_wall_seconds": 1.3020892404019833,
      "update_wall_seconds": 0.44639006443321705,
      "total_wall_seconds": 1.748481361195445
    },
    {
      "update": 942,
      "algorithm": "mappo_penalty",
      "actor_loss": 0.09188900887966156,
      "reward_critic_loss": 0.0054750810377299786,
      "cost_critic_loss": 0.0003483941254671663,
      "reward_critic_loss_last": 0.004698339384049177,
      "cost_critic_loss_last": 0.0002821675152517855,
      "critic_epochs": 8,
      "daily_voltage_cost": 0.0,
      "daily_voltage_cost_raw": 0.0,
      "daily_voltage_cost_normalized": 0.0,
      "daily_economic_return_raw_yuan": -2896366.5,
      "daily_economic_return_normalized": -0.918984055519104,
      "daily_economic_cost_raw_yuan": 2896366.5,
      "economic_reward_scale_yuan": 3151704.8194007874,
      "lagrange_multiplier": 0.0,
      "cost_budget": 1.0,
      "cost_budget_raw": 0.02,
      "cost_budget_normalized": 1.0,
      "algorithm_cost_mode": "fixed_penalty",
      "fixed_cost_penalty_coef": 10.0,
      "log_std_max": -2.3,
      "rollout_wall_seconds": 1.284068925306201,
      "update_wall_seconds": 0.46730296313762665,
      "total_wall_seconds": 1.7513738553971052
    },
    {
      "update": 943,
      "algorithm": "mappo_penalty",
      "actor_loss": 0.09186077117919922,
      "reward_critic_loss": 0.005147939082235098,
      "cost_critic_loss": 0.010826397687196732,
      "reward_critic_loss_last": 0.005369172897189856,
      "cost_critic_loss_last": 0.01081022433936596,
      "critic_epochs": 8,
      "daily_voltage_cost": 0.0009343447745777667,
      "daily_voltage_cost_raw": 0.0009343447745777667,
      "daily_voltage_cost_normalized": 0.046717241406440735,
      "daily_economic_return_raw_yuan": -2980274.75,
      "daily_economic_return_normalized": -0.9456071853637695,
      "daily_economic_cost_raw_yuan": 2980274.75,
      "economic_reward_scale_yuan": 3151704.8194007874,
      "lagrange_multiplier": 0.0,
      "cost_budget": 1.0,
      "cost_budget_raw": 0.02,
      "cost_budget_normalized": 1.0,
      "algorithm_cost_mode": "fixed_penalty",
      "fixed_cost_penalty_coef": 10.0,
      "log_std_max": -2.3,
      "rollout_wall_seconds": 1.4063071850687265,
      "update_wall_seconds": 0.4702535904943943,
      "total_wall_seconds": 1.8765627201646566
    },
    {
      "update": 944,
      "algorithm": "mappo_penalty",
      "actor_loss": 0.09063070267438889,
      "reward_critic_loss": 0.004605918191373348,
      "cost_critic_loss": 0.0003145997761748731,
      "reward_critic_loss_last": 0.004512493964284658,
      "cost_critic_loss_last": 0.00031963898800313473,
      "critic_epochs": 8,
      "daily_voltage_cost": 0.0,
      "daily_voltage_cost_raw": 0.0,
      "daily_voltage_cost_normalized": 0.0,
      "daily_economic_return_raw_yuan": -2887156.75,
      "daily_economic_return_normalized": -0.9160619378089905,
      "daily_economic_cost_raw_yuan": 2887156.75,
      "economic_reward_scale_yuan": 3151704.8194007874,
      "lagrange_multiplier": 0.0,
      "cost_budget": 1.0,
      "cost_budget_raw": 0.02,
      "cost_budget_normalized": 1.0,
      "algorithm_cost_mode": "fixed_penalty",
      "fixed_cost_penalty_coef": 10.0,
      "log_std_max": -2.3,
      "rollout_wall_seconds": 1.3188264071941376,
      "update_wall_seconds": 0.46847218833863735,
      "total_wall_seconds": 1.787300692871213
    },
    {
      "update": 945,
      "algorithm": "mappo_penalty",
      "actor_loss": 0.09213407337665558,
      "reward_critic_loss": 0.003917083144187927,
      "cost_critic_loss": 0.00028681743424385786,
      "reward_critic_loss_last": 0.0038377377204596996,
      "cost_critic_loss_last": 0.00019880282343365252,
      "critic_epochs": 8,
      "daily_voltage_cost": 5.44355361853377e-06,
      "daily_voltage_cost_raw": 5.44355361853377e-06,
      "daily_voltage_cost_normalized": 0.0002721776836551726,
      "daily_economic_return_raw_yuan": -2925821.25,
      "daily_economic_return_normalized": -0.9283297061920166,
      "daily_economic_cost_raw_yuan": 2925821.25,
      "economic_reward_scale_yuan": 3151704.8194007874,
      "lagrange_multiplier": 0.0,
      "cost_budget": 1.0,
      "cost_budget_raw": 0.02,
      "cost_budget_normalized": 1.0,
      "algorithm_cost_mode": "fixed_penalty",
      "fixed_cost_penalty_coef": 10.0,
      "log_std_max": -2.3,
      "rollout_wall_seconds": 1.2060774583369493,
      "update_wall_seconds": 0.5168829336762428,
      "total_wall_seconds": 1.722962299361825
    },
    {
      "update": 946,
      "algorithm": "mappo_penalty",
      "actor_loss": 0.09191758185625076,
      "reward_critic_loss": 0.004625624977052212,
      "cost_critic_loss": 0.0002900590770877898,
      "reward_critic_loss_last": 0.004617543891072273,
      "cost_critic_loss_last": 0.00019767647609114647,
      "critic_epochs": 8,
      "daily_voltage_cost": 3.5060718801105395e-05,
      "daily_voltage_cost_raw": 3.5060718801105395e-05,
      "daily_voltage_cost_normalized": 0.0017530359327793121,
      "daily_economic_return_raw_yuan": -2975913.25,
      "daily_economic_return_normalized": -0.9442233443260193,
      "daily_economic_cost_raw_yuan": 2975913.25,
      "economic_reward_scale_yuan": 3151704.8194007874,
      "lagrange_multiplier": 0.0,
      "cost_budget": 1.0,
      "cost_budget_raw": 0.02,
      "cost_budget_normalized": 1.0,
      "algorithm_cost_mode": "fixed_penalty",
      "fixed_cost_penalty_coef": 10.0,
      "log_std_max": -2.3,
      "rollout_wall_seconds": 1.312411617487669,
      "update_wall_seconds": 0.4686188865453005,
      "total_wall_seconds": 1.7810375355184078
    },
    {
      "update": 947,
      "algorithm": "mappo_penalty",
      "actor_loss": 0.09240688383579254,
      "reward_critic_loss": 0.004324442707002163,
      "cost_critic_loss": 0.00018684854148887098,
      "reward_critic_loss_last": 0.003976631443947554,
      "cost_critic_loss_last": 0.00015797439846210182,
      "critic_epochs": 8,
      "daily_voltage_cost": 1.828900713007897e-05,
      "daily_voltage_cost_raw": 1.828900713007897e-05,
      "daily_voltage_cost_normalized": 0.000914450385607779,
      "daily_economic_return_raw_yuan": -3078180.75,
      "daily_economic_return_normalized": -0.9766716957092285,
      "daily_economic_cost_raw_yuan": 3078180.75,
      "economic_reward_scale_yuan": 3151704.8194007874,
      "lagrange_multiplier": 0.0,
      "cost_budget": 1.0,
      "cost_budget_raw": 0.02,
      "cost_budget_normalized": 1.0,
      "algorithm_cost_mode": "fixed_penalty",
      "fixed_cost_penalty_coef": 10.0,
      "log_std_max": -2.3,
      "rollout_wall_seconds": 1.4183356184512377,
      "update_wall_seconds": 0.4643755070865154,
      "total_wall_seconds": 1.882712921127677
    },
    {
      "update": 948,
      "algorithm": "mappo_penalty",
      "actor_loss": 0.09232034534215927,
      "reward_critic_loss": 0.0036589731462299824,
      "cost_critic_loss": 0.00035878876224160194,
      "reward_critic_loss_last": 0.003634211141616106,
      "cost_critic_loss_last": 0.00036842419649474323,
      "critic_epochs": 8,
      "daily_voltage_cost": 0.00014170946087688208,
      "daily_voltage_cost_raw": 0.00014170946087688208,
      "daily_voltage_cost_normalized": 0.007085473742336035,
      "daily_economic_return_raw_yuan": -3038914.0,
      "daily_economic_return_normalized": -0.9642127752304077,
      "daily_economic_cost_raw_yuan": 3038914.0,
      "economic_reward_scale_yuan": 3151704.8194007874,
      "lagrange_multiplier": 0.0,
      "cost_budget": 1.0,
      "cost_budget_raw": 0.02,
      "cost_budget_normalized": 1.0,
      "algorithm_cost_mode": "fixed_penalty",
      "fixed_cost_penalty_coef": 10.0,
      "log_std_max": -2.3,
      "rollout_wall_seconds": 1.32123320735991,
      "update_wall_seconds": 0.47424628771841526,
      "total_wall_seconds": 1.7954813949763775
    },
    {
      "update": 949,
      "algorithm": "mappo_penalty",
      "actor_loss": 0.09125074744224548,
      "reward_critic_loss": 0.004305530339479446,
      "cost_critic_loss": 0.00037491507828235626,
      "reward_critic_loss_last": 0.0038724010810256004,
      "cost_critic_loss_last": 0.00037304050056263804,
      "critic_epochs": 8,
      "daily_voltage_cost": 0.0,
      "daily_voltage_cost_raw": 0.0,
      "daily_voltage_cost_normalized": 0.0,
      "daily_economic_return_raw_yuan": -2696354.0,
      "daily_economic_return_normalized": -0.8555223941802979,
      "daily_economic_cost_raw_yuan": 2696354.0,
      "economic_reward_scale_yuan": 3151704.8194007874,
      "lagrange_multiplier": 0.0,
      "cost_budget": 1.0,
      "cost_budget_raw": 0.02,
      "cost_budget_normalized": 1.0,
      "algorithm_cost_mode": "fixed_penalty",
      "fixed_cost_penalty_coef": 10.0,
      "log_std_max": -2.3,
      "rollout_wall_seconds": 1.315334090963006,
      "update_wall_seconds": 0.46699032559990883,
      "total_wall_seconds": 1.7823263797909021
    },
    {
      "update": 950,
      "algorithm": "mappo_penalty",
      "actor_loss": 0.09303233027458191,
      "reward_critic_loss": 0.006394680589437485,
      "cost_critic_loss": 0.00039062369614839554,
      "reward_critic_loss_last": 0.005917149595916271,
      "cost_critic_loss_last": 0.0003906133060809225,
      "critic_epochs": 8,
      "daily_voltage_cost": 0.00024275742180179805,
      "daily_voltage_cost_raw": 0.00024275742180179805,
      "daily_voltage_cost_normalized": 0.012137871235609055,
      "daily_economic_return_raw_yuan": -3173529.5,
      "daily_economic_return_normalized": -1.0069247484207153,
      "daily_economic_cost_raw_yuan": 3173529.5,
      "economic_reward_scale_yuan": 3151704.8194007874,
      "lagrange_multiplier": 0.0,
      "cost_budget": 1.0,
      "cost_budget_raw": 0.02,
      "cost_budget_normalized": 1.0,
      "algorithm_cost_mode": "fixed_penalty",
      "fixed_cost_penalty_coef": 10.0,
      "log_std_max": -2.3,
      "rollout_wall_seconds": 1.4255299400538206,
      "update_wall_seconds": 0.4711163006722927,
      "total_wall_seconds": 1.8966480307281017
    },
    {
      "update": 951,
      "algorithm": "mappo_penalty",
      "actor_loss": 0.09184696525335312,
      "reward_critic_loss": 0.004325678572058678,
      "cost_critic_loss": 0.00014615905820392072,
      "reward_critic_loss_last": 0.003681555390357971,
      "cost_critic_loss_last": 0.00014455386553891003,
      "critic_epochs": 8,
      "daily_voltage_cost": 4.735496622743085e-05,
      "daily_voltage_cost_raw": 4.735496622743085e-05,
      "daily_voltage_cost_normalized": 0.002367748413234949,
      "daily_economic_return_raw_yuan": -2846940.0,
      "daily_economic_return_normalized": -0.9033015966415405,
      "daily_economic_cost_raw_yuan": 2846940.0,
      "economic_reward_scale_yuan": 3151704.8194007874,
      "lagrange_multiplier": 0.0,
      "cost_budget": 1.0,
      "cost_budget_raw": 0.02,
      "cost_budget_normalized": 1.0,
      "algorithm_cost_mode": "fixed_penalty",
      "fixed_cost_penalty_coef": 10.0,
      "log_std_max": -2.3,
      "rollout_wall_seconds": 1.3540762308984995,
      "update_wall_seconds": 0.4684157520532608,
      "total_wall_seconds": 1.8224939927458763
    },
    {
      "update": 952,
      "algorithm": "mappo_penalty",
      "actor_loss": 0.09097429364919662,
      "reward_critic_loss": 0.003237517550587654,
      "cost_critic_loss": 0.0002559676649980247,
      "reward_critic_loss_last": 0.003313580062240362,
      "cost_critic_loss_last": 0.00025480642216280103,
      "critic_epochs": 8,
      "daily_voltage_cost": 0.0,
      "daily_voltage_cost_raw": 0.0,
      "daily_voltage_cost_normalized": 0.0,
      "daily_economic_return_raw_yuan": -3018681.75,
      "daily_economic_return_normalized": -0.9577932953834534,
      "daily_economic_cost_raw_yuan": 3018681.75,
      "economic_reward_scale_yuan": 3151704.8194007874,
      "lagrange_multiplier": 0.0,
      "cost_budget": 1.0,
      "cost_budget_raw": 0.02,
      "cost_budget_normalized": 1.0,
      "algorithm_cost_mode": "fixed_penalty",
      "fixed_cost_penalty_coef": 10.0,
      "log_std_max": -2.3,
      "rollout_wall_seconds": 1.3150704875588417,
      "update_wall_seconds": 0.4621901363134384,
      "total_wall_seconds": 1.777262594550848
    },
    {
      "update": 953,
      "algorithm": "mappo_penalty",
      "actor_loss": 0.09125445783138275,
      "reward_critic_loss": 0.004468511790037155,
      "cost_critic_loss": 0.011628558859229088,
      "reward_critic_loss_last": 0.004486848600208759,
      "cost_critic_loss_last": 0.011432895436882973,
      "critic_epochs": 8,
      "daily_voltage_cost": 0.0008825536351650953,
      "daily_voltage_cost_raw": 0.0008825536351650953,
      "daily_voltage_cost_normalized": 0.0441276840865612,
      "daily_economic_return_raw_yuan": -2907542.25,
      "daily_economic_return_normalized": -0.9225299954414368,
      "daily_economic_cost_raw_yuan": 2907542.25,
      "economic_reward_scale_yuan": 3151704.8194007874,
      "lagrange_multiplier": 0.0,
      "cost_budget": 1.0,
      "cost_budget_raw": 0.02,
      "cost_budget_normalized": 1.0,
      "algorithm_cost_mode": "fixed_penalty",
      "fixed_cost_penalty_coef": 10.0,
      "log_std_max": -2.3,
      "rollout_wall_seconds": 1.493183471262455,
      "update_wall_seconds": 0.47134060598909855,
      "total_wall_seconds": 1.9645259156823158
    },
    {
      "update": 954,
      "algorithm": "mappo_penalty",
      "actor_loss": 0.09213237464427948,
      "reward_critic_loss": 0.0028357189148664474,
      "cost_critic_loss": 0.00015007508045528084,
      "reward_critic_loss_last": 0.0025759441778063774,
      "cost_critic_loss_last": 0.00020349593251012266,
      "critic_epochs": 8,
      "daily_voltage_cost": 0.0,
      "daily_voltage_cost_raw": 0.0,
      "daily_voltage_cost_normalized": 0.0,
      "daily_economic_return_raw_yuan": -3104224.75,
      "daily_economic_return_normalized": -0.9849351644515991,
      "daily_economic_cost_raw_yuan": 3104224.75,
      "economic_reward_scale_yuan": 3151704.8194007874,
      "lagrange_multiplier": 0.0,
      "cost_budget": 1.0,
      "cost_budget_raw": 0.02,
      "cost_budget_normalized": 1.0,
      "algorithm_cost_mode": "fixed_penalty",
      "fixed_cost_penalty_coef": 10.0,
      "log_std_max": -2.3,
      "rollout_wall_seconds": 1.4257574491202831,
      "update_wall_seconds": 0.47540770657360554,
      "total_wall_seconds": 1.9011670369654894
    },
    {
      "update": 955,
      "algorithm": "mappo_penalty",
      "actor_loss": 0.09229320287704468,
      "reward_critic_loss": 0.005374308675527573,
      "cost_critic_loss": 0.00029540160903707147,
      "reward_critic_loss_last": 0.0026988214813172817,
      "cost_critic_loss_last": 0.0002695188159123063,
      "critic_epochs": 8,
      "daily_voltage_cost": 0.0,
      "daily_voltage_cost_raw": 0.0,
      "daily_voltage_cost_normalized": 0.0,
      "daily_economic_return_raw_yuan": -2752014.25,
      "daily_economic_return_normalized": -0.8731827735900879,
      "daily_economic_cost_raw_yuan": 2752014.25,
      "economic_reward_scale_yuan": 3151704.8194007874,
      "lagrange_multiplier": 0.0,
      "cost_budget": 1.0,
      "cost_budget_raw": 0.02,
      "cost_budget_normalized": 1.0,
      "algorithm_cost_mode": "fixed_penalty",
      "fixed_cost_penalty_coef": 10.0,
      "log_std_max": -2.3,
      "rollout_wall_seconds": 1.439355542883277,
      "update_wall_seconds": 0.46405811235308647,
      "total_wall_seconds": 1.9034156315028667
    },
    {
      "update": 956,
      "algorithm": "mappo_penalty",
      "actor_loss": 0.09191489219665527,
      "reward_critic_loss": 0.005659710615873337,
      "cost_critic_loss": 0.00531939510256052,
      "reward_critic_loss_last": 0.0060395896434783936,
      "cost_critic_loss_last": 0.005322441458702087,
      "critic_epochs": 8,
      "daily_voltage_cost": 0.0011720951879397035,
      "daily_voltage_cost_raw": 0.0011720951879397035,
      "daily_voltage_cost_normalized": 0.05860476195812225,
      "daily_economic_return_raw_yuan": -3055603.75,
      "daily_economic_return_normalized": -0.9695082306861877,
      "daily_economic_cost_raw_yuan": 3055603.75,
      "economic_reward_scale_yuan": 3151704.8194007874,
      "lagrange_multiplier": 0.0,
      "cost_budget": 1.0,
      "cost_budget_raw": 0.02,
      "cost_budget_normalized": 1.0,
      "algorithm_cost_mode": "fixed_penalty",
      "fixed_cost_penalty_coef": 10.0,
      "log_std_max": -2.3,
      "rollout_wall_seconds": 1.4074484966695309,
      "update_wall_seconds": 0.46814405359327793,
      "total_wall_seconds": 1.875594263896346
    },
    {
      "update": 957,
      "algorithm": "mappo_penalty",
      "actor_loss": 0.09244196116924286,
      "reward_critic_loss": 0.004430915229022503,
      "cost_critic_loss": 0.0075364625081419945,
      "reward_critic_loss_last": 0.0044659459963440895,
      "cost_critic_loss_last": 0.007521068211644888,
      "critic_epochs": 8,
      "daily_voltage_cost": 0.002115965122357011,
      "daily_voltage_cost_raw": 0.002115965122357011,
      "daily_voltage_cost_normalized": 0.10579825937747955,
      "daily_economic_return_raw_yuan": -2935443.0,
      "daily_economic_return_normalized": -0.9313825964927673,
      "daily_economic_cost_raw_yuan": 2935443.0,
      "economic_reward_scale_yuan": 3151704.8194007874,
      "lagrange_multiplier": 0.0,
      "cost_budget": 1.0,
      "cost_budget_raw": 0.02,
      "cost_budget_normalized": 1.0,
      "algorithm_cost_mode": "fixed_penalty",
      "fixed_cost_penalty_coef": 10.0,
      "log_std_max": -2.3,
      "rollout_wall_seconds": 1.3039803318679333,
      "update_wall_seconds": 0.47359346225857735,
      "total_wall_seconds": 1.7775755934417248
    },
    {
      "update": 958,
      "algorithm": "mappo_penalty",
      "actor_loss": 0.09191926568746567,
      "reward_critic_loss": 0.00571887381374836,
      "cost_critic_loss": 0.00012895655527245253,
      "reward_critic_loss_last": 0.005161752458661795,
      "cost_critic_loss_last": 0.00012025431351503357,
      "critic_epochs": 8,
      "daily_voltage_cost": 1.5103962141438387e-05,
      "daily_voltage_cost_raw": 1.5103962141438387e-05,
      "daily_voltage_cost_normalized": 0.0007551981252618134,
      "daily_economic_return_raw_yuan": -2965600.0,
      "daily_economic_return_normalized": -0.9409510493278503,
      "daily_economic_cost_raw_yuan": 2965600.0,
      "economic_reward_scale_yuan": 3151704.8194007874,
      "lagrange_multiplier": 0.0,
      "cost_budget": 1.0,
      "cost_budget_raw": 0.02,
      "cost_budget_normalized": 1.0,
      "algorithm_cost_mode": "fixed_penalty",
      "fixed_cost_penalty_coef": 10.0,
      "log_std_max": -2.3,
      "rollout_wall_seconds": 1.3212573248893023,
      "update_wall_seconds": 0.4727870374917984,
      "total_wall_seconds": 1.7940461467951536
    },
    {
      "update": 959,
      "algorithm": "mappo_penalty",
      "actor_loss": 0.09172038733959198,
      "reward_critic_loss": 0.004348145332187414,
      "cost_critic_loss": 0.016217393800616264,
      "reward_critic_loss_last": 0.004459058865904808,
      "cost_critic_loss_last": 0.015759583562612534,
      "critic_epochs": 8,
      "daily_voltage_cost": 0.0015002775471657515,
      "daily_voltage_cost_raw": 0.0015002775471657515,
      "daily_voltage_cost_normalized": 0.07501387596130371,
      "daily_economic_return_raw_yuan": -3014386.0,
      "daily_economic_return_normalized": -0.9564303159713745,
      "daily_economic_cost_raw_yuan": 3014386.0,
      "economic_reward_scale_yuan": 3151704.8194007874,
      "lagrange_multiplier": 0.0,
      "cost_budget": 1.0,
      "cost_budget_raw": 0.02,
      "cost_budget_normalized": 1.0,
      "algorithm_cost_mode": "fixed_penalty",
      "fixed_cost_penalty_coef": 10.0,
      "log_std_max": -2.3,
      "rollout_wall_seconds": 1.4146297704428434,
      "update_wall_seconds": 0.4593276362866163,
      "total_wall_seconds": 1.8739592898637056
    },
    {
      "update": 960,
      "algorithm": "mappo_penalty",
      "actor_loss": 0.091677725315094,
      "reward_critic_loss": 0.003139335196465254,
      "cost_critic_loss": 0.0003355465014465153,
      "reward_critic_loss_last": 0.0029587182216346264,
      "cost_critic_loss_last": 0.0004690607311204076,
      "critic_epochs": 8,
      "daily_voltage_cost": 0.0,
      "daily_voltage_cost_raw": 0.0,
      "daily_voltage_cost_normalized": 0.0,
      "daily_economic_return_raw_yuan": -2789050.25,
      "daily_economic_return_normalized": -0.8849338889122009,
      "daily_economic_cost_raw_yuan": 2789050.25,
      "economic_reward_scale_yuan": 3151704.8194007874,
      "lagrange_multiplier": 0.0,
      "cost_budget": 1.0,
      "cost_budget_raw": 0.02,
      "cost_budget_normalized": 1.0,
      "algorithm_cost_mode": "fixed_penalty",
      "fixed_cost_penalty_coef": 10.0,
      "log_std_max": -2.3,
      "rollout_wall_seconds": 1.3038387540727854,
      "update_wall_seconds": 0.4696877505630255,
      "total_wall_seconds": 1.7735283393412828
    },
    {
      "update": 961,
      "algorithm": "mappo_penalty",
      "actor_loss": 0.0925556868314743,
      "reward_critic_loss": 0.004802443087100983,
      "cost_critic_loss": 0.0002817658241838217,
      "reward_critic_loss_last": 0.004723023157566786,
      "cost_critic_loss_last": 0.00023173126101028174,
      "critic_epochs": 8,
      "daily_voltage_cost": 2.2799538783147e-05,
      "daily_voltage_cost_raw": 2.2799538783147e-05,
      "daily_voltage_cost_normalized": 0.001139977015554905,
      "daily_economic_return_raw_yuan": -3069793.5,
      "daily_economic_return_normalized": -0.9740104675292969,
      "daily_economic_cost_raw_yuan": 3069793.5,
      "economic_reward_scale_yuan": 3151704.8194007874,
      "lagrange_multiplier": 0.0,
      "cost_budget": 1.0,
      "cost_budget_raw": 0.02,
      "cost_budget_normalized": 1.0,
      "algorithm_cost_mode": "fixed_penalty",
      "fixed_cost_penalty_coef": 10.0,
      "log_std_max": -2.3,
      "rollout_wall_seconds": 1.3053750712424517,
      "update_wall_seconds": 0.46071111783385277,
      "total_wall_seconds": 1.7660884149372578
    },
    {
      "update": 962,
      "algorithm": "mappo_penalty",
      "actor_loss": 0.09222296625375748,
      "reward_critic_loss": 0.005208246409893036,
      "cost_critic_loss": 0.006519633810967207,
      "reward_critic_loss_last": 0.005104944109916687,
      "cost_critic_loss_last": 0.006533031817525625,
      "critic_epochs": 8,
      "daily_voltage_cost": 0.0006676098564639688,
      "daily_voltage_cost_raw": 0.0006676098564639688,
      "daily_voltage_cost_normalized": 0.03338049352169037,
      "daily_economic_return_raw_yuan": -2867850.0,
      "daily_economic_return_normalized": -0.9099361300468445,
      "daily_economic_cost_raw_yuan": 2867850.0,
      "economic_reward_scale_yuan": 3151704.8194007874,
      "lagrange_multiplier": 0.0,
      "cost_budget": 1.0,
      "cost_budget_raw": 0.02,
      "cost_budget_normalized": 1.0,
      "algorithm_cost_mode": "fixed_penalty",
      "fixed_cost_penalty_coef": 10.0,
      "log_std_max": -2.3,
      "rollout_wall_seconds": 1.3787014093250036,
      "update_wall_seconds": 0.44403074495494366,
      "total_wall_seconds": 1.82273387350142
    },
    {
      "update": 963,
      "algorithm": "mappo_penalty",
      "actor_loss": 0.0926768109202385,
      "reward_critic_loss": 0.004217310808598995,
      "cost_critic_loss": 0.00033929827623069286,
      "reward_critic_loss_last": 0.00404320377856493,
      "cost_critic_loss_last": 0.00031426825444214046,
      "critic_epochs": 8,
      "daily_voltage_cost": 0.0,
      "daily_voltage_cost_raw": 0.0,
      "daily_voltage_cost_normalized": 0.0,
      "daily_economic_return_raw_yuan": -2765209.25,
      "daily_economic_return_normalized": -0.8773693442344666,
      "daily_economic_cost_raw_yuan": 2765209.25,
      "economic_reward_scale_yuan": 3151704.8194007874,
      "lagrange_multiplier": 0.0,
      "cost_budget": 1.0,
      "cost_budget_raw": 0.02,
      "cost_budget_normalized": 1.0,
      "algorithm_cost_mode": "fixed_penalty",
      "fixed_cost_penalty_coef": 10.0,
      "log_std_max": -2.3,
      "rollout_wall_seconds": 1.325920769944787,
      "update_wall_seconds": 0.48030184768140316,
      "total_wall_seconds": 1.8062245287001133
    },
    {
      "update": 964,
      "algorithm": "mappo_penalty",
      "actor_loss": 0.09193330258131027,
      "reward_critic_loss": 0.004644270520657301,
      "cost_critic_loss": 0.0002722282661125064,
      "reward_critic_loss_last": 0.004070967435836792,
      "cost_critic_loss_last": 0.00022190569143276662,
      "critic_epochs": 8,
      "daily_voltage_cost": 0.0,
      "daily_voltage_cost_raw": 0.0,
      "daily_voltage_cost_normalized": 0.0,
      "daily_economic_return_raw_yuan": -3129652.0,
      "daily_economic_return_normalized": -0.9930028915405273,
      "daily_economic_cost_raw_yuan": 3129652.0,
      "economic_reward_scale_yuan": 3151704.8194007874,
      "lagrange_multiplier": 0.0,
      "cost_budget": 1.0,
      "cost_budget_raw": 0.02,
      "cost_budget_normalized": 1.0,
      "algorithm_cost_mode": "fixed_penalty",
      "fixed_cost_penalty_coef": 10.0,
      "log_std_max": -2.3,
      "rollout_wall_seconds": 1.2611207328736782,
      "update_wall_seconds": 0.48990887217223644,
      "total_wall_seconds": 1.751031257212162
    },
    {
      "update": 965,
      "algorithm": "mappo_penalty",
      "actor_loss": 0.093255415558815,
      "reward_critic_loss": 0.0022475430741906166,
      "cost_critic_loss": 0.0001754541735863313,
      "reward_critic_loss_last": 0.002319370862096548,
      "cost_critic_loss_last": 0.00015294078912120312,
      "critic_epochs": 8,
      "daily_voltage_cost": 0.0,
      "daily_voltage_cost_raw": 0.0,
      "daily_voltage_cost_normalized": 0.0,
      "daily_economic_return_raw_yuan": -3037589.75,
      "daily_economic_return_normalized": -0.963792622089386,
      "daily_economic_cost_raw_yuan": 3037589.75,
      "economic_reward_scale_yuan": 3151704.8194007874,
      "lagrange_multiplier": 0.0,
      "cost_budget": 1.0,
      "cost_budget_raw": 0.02,
      "cost_budget_normalized": 1.0,
      "algorithm_cost_mode": "fixed_penalty",
      "fixed_cost_penalty_coef": 10.0,
      "log_std_max": -2.3,
      "rollout_wall_seconds": 1.2906944993883371,
      "update_wall_seconds": 0.4725445844233036,
      "total_wall_seconds": 1.763240722939372
    },
    {
      "update": 966,
      "algorithm": "mappo_penalty",
      "actor_loss": 0.09179374575614929,
      "reward_critic_loss": 0.00499227037653327,
      "cost_critic_loss": 0.00019178327056579292,
      "reward_critic_loss_last": 0.004701350349932909,
      "cost_critic_loss_last": 0.0001823932834668085,
      "critic_epochs": 8,
      "daily_voltage_cost": 0.0,
      "daily_voltage_cost_raw": 0.0,
      "daily_voltage_cost_normalized": 0.0,
      "daily_economic_return_raw_yuan": -3022808.0,
      "daily_economic_return_normalized": -0.9591025114059448,
      "daily_economic_cost_raw_yuan": 3022808.0,
      "economic_reward_scale_yuan": 3151704.8194007874,
      "lagrange_multiplier": 0.0,
      "cost_budget": 1.0,
      "cost_budget_raw": 0.02,
      "cost_budget_normalized": 1.0,
      "algorithm_cost_mode": "fixed_penalty",
      "fixed_cost_penalty_coef": 10.0,
      "log_std_max": -2.3,
      "rollout_wall_seconds": 1.4111613724380732,
      "update_wall_seconds": 0.4570749197155237,
      "total_wall_seconds": 1.8682380616664886
    },
    {
      "update": 967,
      "algorithm": "mappo_penalty",
      "actor_loss": 0.09235528111457825,
      "reward_critic_loss": 0.003138985252007842,
      "cost_critic_loss": 0.00027058247360400856,
      "reward_critic_loss_last": 0.0028989375568926334,
      "cost_critic_loss_last": 0.00025580415967851877,
      "critic_epochs": 8,
      "daily_voltage_cost": 0.0,
      "daily_voltage_cost_raw": 0.0,
      "daily_voltage_cost_normalized": 0.0,
      "daily_economic_return_raw_yuan": -3062911.5,
      "daily_economic_return_normalized": -0.9718269109725952,
      "daily_economic_cost_raw_yuan": 3062911.5,
      "economic_reward_scale_yuan": 3151704.8194007874,
      "lagrange_multiplier": 0.0,
      "cost_budget": 1.0,
      "cost_budget_raw": 0.02,
      "cost_budget_normalized": 1.0,
      "algorithm_cost_mode": "fixed_penalty",
      "fixed_cost_penalty_coef": 10.0,
      "log_std_max": -2.3,
      "rollout_wall_seconds": 1.1309276968240738,
      "update_wall_seconds": 0.3902650587260723,
      "total_wall_seconds": 1.5211945287883282
    },
    {
      "update": 968,
      "algorithm": "mappo_penalty",
      "actor_loss": 0.09173863381147385,
      "reward_critic_loss": 0.0065111625008285046,
      "cost_critic_loss": 0.04752484709024429,
      "reward_critic_loss_last": 0.005196620710194111,
      "cost_critic_loss_last": 0.04630913585424423,
      "critic_epochs": 8,
      "daily_voltage_cost": 0.0024440656416118145,
      "daily_voltage_cost_raw": 0.0024440656416118145,
      "daily_voltage_cost_normalized": 0.1222032904624939,
      "daily_economic_return_raw_yuan": -2786585.75,
      "daily_economic_return_normalized": -0.8841518759727478,
      "daily_economic_cost_raw_yuan": 2786585.75,
      "economic_reward_scale_yuan": 3151704.8194007874,
      "lagrange_multiplier": 0.0,
      "cost_budget": 1.0,
      "cost_budget_raw": 0.02,
      "cost_budget_normalized": 1.0,
      "algorithm_cost_mode": "fixed_penalty",
      "fixed_cost_penalty_coef": 10.0,
      "log_std_max": -2.3,
      "rollout_wall_seconds": 1.1604945044964552,
      "update_wall_seconds": 0.4644334726035595,
      "total_wall_seconds": 1.6249301638454199
    },
    {
      "update": 969,
      "algorithm": "mappo_penalty",
      "actor_loss": 0.09208944439888,
      "reward_critic_loss": 0.003972920589148998,
      "cost_critic_loss": 0.01664586365222931,
      "reward_critic_loss_last": 0.0042619588784873486,
      "cost_critic_loss_last": 0.016330571845173836,
      "critic_epochs": 8,
      "daily_voltage_cost": 0.0010824182536453009,
      "daily_voltage_cost_raw": 0.0010824182536453009,
      "daily_voltage_cost_normalized": 0.05412091314792633,
      "daily_economic_return_raw_yuan": -2946888.5,
      "daily_economic_return_normalized": -0.9350141286849976,
      "daily_economic_cost_raw_yuan": 2946888.5,
      "economic_reward_scale_yuan": 3151704.8194007874,
      "lagrange_multiplier": 0.0,
      "cost_budget": 1.0,
      "cost_budget_raw": 0.02,
      "cost_budget_normalized": 1.0,
      "algorithm_cost_mode": "fixed_penalty",
      "fixed_cost_penalty_coef": 10.0,
      "log_std_max": -2.3,
      "rollout_wall_seconds": 1.4130632523447275,
      "update_wall_seconds": 0.4650441072881222,
      "total_wall_seconds": 1.8781094867736101
    },
    {
      "update": 970,
      "algorithm": "mappo_penalty",
      "actor_loss": 0.0930866226553917,
      "reward_critic_loss": 0.005019601434469223,
      "cost_critic_loss": 0.0004504602402448654,
      "reward_critic_loss_last": 0.003929609898477793,
      "cost_critic_loss_last": 0.0005842552054673433,
      "critic_epochs": 8,
      "daily_voltage_cost": 0.0,
      "daily_voltage_cost_raw": 0.0,
      "daily_voltage_cost_normalized": 0.0,
      "daily_economic_return_raw_yuan": -3221990.75,
      "daily_economic_return_normalized": -1.0223009586334229,
      "daily_economic_cost_raw_yuan": 3221990.75,
      "economic_reward_scale_yuan": 3151704.8194007874,
      "lagrange_multiplier": 0.0,
      "cost_budget": 1.0,
      "cost_budget_raw": 0.02,
      "cost_budget_normalized": 1.0,
      "algorithm_cost_mode": "fixed_penalty",
      "fixed_cost_penalty_coef": 10.0,
      "log_std_max": -2.3,
      "rollout_wall_seconds": 1.3866463396698236,
      "update_wall_seconds": 0.4799393955618143,
      "total_wall_seconds": 1.8665879163891077
    },
    {
      "update": 971,
      "algorithm": "mappo_penalty",
      "actor_loss": 0.09215359389781952,
      "reward_critic_loss": 0.00433239946141839,
      "cost_critic_loss": 0.000583091052249074,
      "reward_critic_loss_last": 0.004378735553473234,
      "cost_critic_loss_last": 0.0004518664791248739,
      "critic_epochs": 8,
      "daily_voltage_cost": 0.0,
      "daily_voltage_cost_raw": 0.0,
      "daily_voltage_cost_normalized": 0.0,
      "daily_economic_return_raw_yuan": -3041008.75,
      "daily_economic_return_normalized": -0.9648774266242981,
      "daily_economic_cost_raw_yuan": 3041008.75,
      "economic_reward_scale_yuan": 3151704.8194007874,
      "lagrange_multiplier": 0.0,
      "cost_budget": 1.0,
      "cost_budget_raw": 0.02,
      "cost_budget_normalized": 1.0,
      "algorithm_cost_mode": "fixed_penalty",
      "fixed_cost_penalty_coef": 10.0,
      "log_std_max": -2.3,
      "rollout_wall_seconds": 1.3846352342516184,
      "update_wall_seconds": 0.45321971364319324,
      "total_wall_seconds": 1.8378569092601538
    },
    {
      "update": 972,
      "algorithm": "mappo_penalty",
      "actor_loss": 0.09221065044403076,
      "reward_critic_loss": 0.003942170646041632,
      "cost_critic_loss": 0.0006323743145912886,
      "reward_critic_loss_last": 0.003496946534141898,
      "cost_critic_loss_last": 0.00043863547034561634,
      "critic_epochs": 8,
      "daily_voltage_cost": 0.0,
      "daily_voltage_cost_raw": 0.0,
      "daily_voltage_cost_normalized": 0.0,
      "daily_economic_return_raw_yuan": -2783408.75,
      "daily_economic_return_normalized": -0.8831439018249512,
      "daily_economic_cost_raw_yuan": 2783408.75,
      "economic_reward_scale_yuan": 3151704.8194007874,
      "lagrange_multiplier": 0.0,
      "cost_budget": 1.0,
      "cost_budget_raw": 0.02,
      "cost_budget_normalized": 1.0,
      "algorithm_cost_mode": "fixed_penalty",
      "fixed_cost_penalty_coef": 10.0,
      "log_std_max": -2.3,
      "rollout_wall_seconds": 1.5200850311666727,
      "update_wall_seconds": 0.44507890939712524,
      "total_wall_seconds": 1.9651658665388823
    },
    {
      "update": 973,
      "algorithm": "mappo_penalty",
      "actor_loss": 0.0914929211139679,
      "reward_critic_loss": 0.005762903951108456,
      "cost_critic_loss": 0.00037451833486557007,
      "reward_critic_loss_last": 0.005208370741456747,
      "cost_critic_loss_last": 0.00027985358610749245,
      "critic_epochs": 8,
      "daily_voltage_cost": 2.1429395928862505e-05,
      "daily_voltage_cost_raw": 2.1429395928862505e-05,
      "daily_voltage_cost_normalized": 0.001071469858288765,
      "daily_economic_return_raw_yuan": -2753050.25,
      "daily_economic_return_normalized": -0.8735114336013794,
      "daily_economic_cost_raw_yuan": 2753050.25,
      "economic_reward_scale_yuan": 3151704.8194007874,
      "lagrange_multiplier": 0.0,
      "cost_budget": 1.0,
      "cost_budget_raw": 0.02,
      "cost_budget_normalized": 1.0,
      "algorithm_cost_mode": "fixed_penalty",
      "fixed_cost_penalty_coef": 10.0,
      "log_std_max": -2.3,
      "rollout_wall_seconds": 1.527835227549076,
      "update_wall_seconds": 0.47384832240641117,
      "total_wall_seconds": 2.0016854647547007
    },
    {
      "update": 974,
      "algorithm": "mappo_penalty",
      "actor_loss": 0.0915776938199997,
      "reward_critic_loss": 0.0035554920323193073,
      "cost_critic_loss": 0.00024303227837663144,
      "reward_critic_loss_last": 0.0035747289657592773,
      "cost_critic_loss_last": 0.00018187510431744158,
      "critic_epochs": 8,
      "daily_voltage_cost": 0.0,
      "daily_voltage_cost_raw": 0.0,
      "daily_voltage_cost_normalized": 0.0,
      "daily_economic_return_raw_yuan": -2962149.5,
      "daily_economic_return_normalized": -0.9398562908172607,
      "daily_economic_cost_raw_yuan": 2962149.5,
      "economic_reward_scale_yuan": 3151704.8194007874,
      "lagrange_multiplier": 0.0,
      "cost_budget": 1.0,
      "cost_budget_raw": 0.02,
      "cost_budget_normalized": 1.0,
      "algorithm_cost_mode": "fixed_penalty",
      "fixed_cost_penalty_coef": 10.0,
      "log_std_max": -2.3,
      "rollout_wall_seconds": 1.3204962480813265,
      "update_wall_seconds": 0.4472499620169401,
      "total_wall_seconds": 1.7677483279258013
    },
    {
      "update": 975,
      "algorithm": "mappo_penalty",
      "actor_loss": 0.09174953401088715,
      "reward_critic_loss": 0.005551645066589117,
      "cost_critic_loss": 0.0015971374232321978,
      "reward_critic_loss_last": 0.00522337481379509,
      "cost_critic_loss_last": 0.001607647049240768,
      "critic_epochs": 8,
      "daily_voltage_cost": 0.00032769489916972816,
      "daily_voltage_cost_raw": 0.00032769489916972816,
      "daily_voltage_cost_normalized": 0.01638474501669407,
      "daily_economic_return_raw_yuan": -2991230.75,
      "daily_economic_return_normalized": -0.9490834474563599,
      "daily_economic_cost_raw_yuan": 2991230.75,
      "economic_reward_scale_yuan": 3151704.8194007874,
      "lagrange_multiplier": 0.0,
      "cost_budget": 1.0,
      "cost_budget_raw": 0.02,
      "cost_budget_normalized": 1.0,
      "algorithm_cost_mode": "fixed_penalty",
      "fixed_cost_penalty_coef": 10.0,
      "log_std_max": -2.3,
      "rollout_wall_seconds": 1.5025302078574896,
      "update_wall_seconds": 0.46927928179502487,
      "total_wall_seconds": 1.9718113970011473
    },
    {
      "update": 976,
      "algorithm": "mappo_penalty",
      "actor_loss": 0.09229625016450882,
      "reward_critic_loss": 0.005556848831474781,
      "cost_critic_loss": 0.00024868588661774993,
      "reward_critic_loss_last": 0.0048692855052649975,
      "cost_critic_loss_last": 0.00023166651953943074,
      "critic_epochs": 8,
      "daily_voltage_cost": 0.0,
      "daily_voltage_cost_raw": 0.0,
      "daily_voltage_cost_normalized": 0.0,
      "daily_economic_return_raw_yuan": -2989230.25,
      "daily_economic_return_normalized": -0.948448657989502,
      "daily_economic_cost_raw_yuan": 2989230.25,
      "economic_reward_scale_yuan": 3151704.8194007874,
      "lagrange_multiplier": 0.0,
      "cost_budget": 1.0,
      "cost_budget_raw": 0.02,
      "cost_budget_normalized": 1.0,
      "algorithm_cost_mode": "fixed_penalty",
      "fixed_cost_penalty_coef": 10.0,
      "log_std_max": -2.3,
      "rollout_wall_seconds": 1.2556276805698872,
      "update_wall_seconds": 0.5077664442360401,
      "total_wall_seconds": 1.7633965574204922
    },
    {
      "update": 977,
      "algorithm": "mappo_penalty",
      "actor_loss": 0.09255515784025192,
      "reward_critic_loss": 0.005914110690355301,
      "cost_critic_loss": 0.0001380413305014372,
      "reward_critic_loss_last": 0.005440832581371069,
      "cost_critic_loss_last": 0.00012142518971813843,
      "critic_epochs": 8,
      "daily_voltage_cost": 0.0,
      "daily_voltage_cost_raw": 0.0,
      "daily_voltage_cost_normalized": 0.0,
      "daily_economic_return_raw_yuan": -3210840.75,
      "daily_economic_return_normalized": -1.0187631845474243,
      "daily_economic_cost_raw_yuan": 3210840.75,
      "economic_reward_scale_yuan": 3151704.8194007874,
      "lagrange_multiplier": 0.0,
      "cost_budget": 1.0,
      "cost_budget_raw": 0.02,
      "cost_budget_normalized": 1.0,
      "algorithm_cost_mode": "fixed_penalty",
      "fixed_cost_penalty_coef": 10.0,
      "log_std_max": -2.3,
      "rollout_wall_seconds": 1.450608167797327,
      "update_wall_seconds": 0.46812552213668823,
      "total_wall_seconds": 1.9187355358153582
    },
    {
      "update": 978,
      "algorithm": "mappo_penalty",
      "actor_loss": 0.09156402200460434,
      "reward_critic_loss": 0.0032560378313064575,
      "cost_critic_loss": 0.0003163062210660428,
      "reward_critic_loss_last": 0.003290132386609912,
      "cost_critic_loss_last": 0.00031108956318348646,
      "critic_epochs": 8,
      "daily_voltage_cost": 0.0,
      "daily_voltage_cost_raw": 0.0,
      "daily_voltage_cost_normalized": 0.0,
      "daily_economic_return_raw_yuan": -2876294.0,
      "daily_economic_return_normalized": -0.9126152992248535,
      "daily_economic_cost_raw_yuan": 2876294.0,
      "economic_reward_scale_yuan": 3151704.8194007874,
      "lagrange_multiplier": 0.0,
      "cost_budget": 1.0,
      "cost_budget_raw": 0.02,
      "cost_budget_normalized": 1.0,
      "algorithm_cost_mode": "fixed_penalty",
      "fixed_cost_penalty_coef": 10.0,
      "log_std_max": -2.3,
      "rollout_wall_seconds": 1.468352559953928,
      "update_wall_seconds": 0.4736837949603796,
      "total_wall_seconds": 1.9420382604002953
    },
    {
      "update": 979,
      "algorithm": "mappo_penalty",
      "actor_loss": 0.09157336503267288,
      "reward_critic_loss": 0.003499395912513137,
      "cost_critic_loss": 0.0030510155484080315,
      "reward_critic_loss_last": 0.0030929390341043472,
      "cost_critic_loss_last": 0.0029978302773088217,
      "critic_epochs": 8,
      "daily_voltage_cost": 0.0007458450272679329,
      "daily_voltage_cost_raw": 0.0007458450272679329,
      "daily_voltage_cost_normalized": 0.037292253226041794,
      "daily_economic_return_raw_yuan": -2897641.75,
      "daily_economic_return_normalized": -0.9193887114524841,
      "daily_economic_cost_raw_yuan": 2897641.75,
      "economic_reward_scale_yuan": 3151704.8194007874,
      "lagrange_multiplier": 0.0,
      "cost_budget": 1.0,
      "cost_budget_raw": 0.02,
      "cost_budget_normalized": 1.0,
      "algorithm_cost_mode": "fixed_penalty",
      "fixed_cost_penalty_coef": 10.0,
      "log_std_max": -2.3,
      "rollout_wall_seconds": 1.3830052968114614,
      "update_wall_seconds": 0.47406165301799774,
      "total_wall_seconds": 1.8570689000189304
    },
    {
      "update": 980,
      "algorithm": "mappo_penalty",
      "actor_loss": 0.09267807751893997,
      "reward_critic_loss": 0.0028173886239528656,
      "cost_critic_loss": 0.00019494123989716172,
      "reward_critic_loss_last": 0.0025290490593761206,
      "cost_critic_loss_last": 0.00021138318697921932,
      "critic_epochs": 8,
      "daily_voltage_cost": 0.0,
      "daily_voltage_cost_raw": 0.0,
      "daily_voltage_cost_normalized": 0.0,
      "daily_economic_return_raw_yuan": -2858540.5,
      "daily_economic_return_normalized": -0.9069823622703552,
      "daily_economic_cost_raw_yuan": 2858540.5,
      "economic_reward_scale_yuan": 3151704.8194007874,
      "lagrange_multiplier": 0.0,
      "cost_budget": 1.0,
      "cost_budget_raw": 0.02,
      "cost_budget_normalized": 1.0,
      "algorithm_cost_mode": "fixed_penalty",
      "fixed_cost_penalty_coef": 10.0,
      "log_std_max": -2.3,
      "rollout_wall_seconds": 1.4034715630114079,
      "update_wall_seconds": 0.47355459071695805,
      "total_wall_seconds": 1.8770281076431274
    },
    {
      "update": 981,
      "algorithm": "mappo_penalty",
      "actor_loss": 0.09167437255382538,
      "reward_critic_loss": 0.005180295556783676,
      "cost_critic_loss": 0.00014381774235516787,
      "reward_critic_loss_last": 0.005186775233596563,
      "cost_critic_loss_last": 0.00014091088087297976,
      "critic_epochs": 8,
      "daily_voltage_cost": 0.0,
      "daily_voltage_cost_raw": 0.0,
      "daily_voltage_cost_normalized": 0.0,
      "daily_economic_return_raw_yuan": -3114746.0,
      "daily_economic_return_normalized": -0.9882734417915344,
      "daily_economic_cost_raw_yuan": 3114746.0,
      "economic_reward_scale_yuan": 3151704.8194007874,
      "lagrange_multiplier": 0.0,
      "cost_budget": 1.0,
      "cost_budget_raw": 0.02,
      "cost_budget_normalized": 1.0,
      "algorithm_cost_mode": "fixed_penalty",
      "fixed_cost_penalty_coef": 10.0,
      "log_std_max": -2.3,
      "rollout_wall_seconds": 1.4667304176837206,
      "update_wall_seconds": 0.4712755084037781,
      "total_wall_seconds": 1.9380077365785837
    },
    {
      "update": 982,
      "algorithm": "mappo_penalty",
      "actor_loss": 0.09257904440164566,
      "reward_critic_loss": 0.004050041548907757,
      "cost_critic_loss": 0.0001700190914561972,
      "reward_critic_loss_last": 0.003958432003855705,
      "cost_critic_loss_last": 0.00016176064673345536,
      "critic_epochs": 8,
      "daily_voltage_cost": 0.0,
      "daily_voltage_cost_raw": 0.0,
      "daily_voltage_cost_normalized": 0.0,
      "daily_economic_return_raw_yuan": -2919278.75,
      "daily_economic_return_normalized": -0.9262539148330688,
      "daily_economic_cost_raw_yuan": 2919278.75,
      "economic_reward_scale_yuan": 3151704.8194007874,
      "lagrange_multiplier": 0.0,
      "cost_budget": 1.0,
      "cost_budget_raw": 0.02,
      "cost_budget_normalized": 1.0,
      "algorithm_cost_mode": "fixed_penalty",
      "fixed_cost_penalty_coef": 10.0,
      "log_std_max": -2.3,
      "rollout_wall_seconds": 1.2885001562535763,
      "update_wall_seconds": 0.4756941869854927,
      "total_wall_seconds": 1.7641961704939604
    },
    {
      "update": 983,
      "algorithm": "mappo_penalty",
      "actor_loss": 0.09215471148490906,
      "reward_critic_loss": 0.003819796722382307,
      "cost_critic_loss": 0.004626448731869459,
      "reward_critic_loss_last": 0.003815682604908943,
      "cost_critic_loss_last": 0.004610334988683462,
      "critic_epochs": 8,
      "daily_voltage_cost": 0.0006585101364180446,
      "daily_voltage_cost_raw": 0.0006585101364180446,
      "daily_voltage_cost_normalized": 0.03292550891637802,
      "daily_economic_return_raw_yuan": -3009285.75,
      "daily_economic_return_normalized": -0.9548120498657227,
      "daily_economic_cost_raw_yuan": 3009285.75,
      "economic_reward_scale_yuan": 3151704.8194007874,
      "lagrange_multiplier": 0.0,
      "cost_budget": 1.0,
      "cost_budget_raw": 0.02,
      "cost_budget_normalized": 1.0,
      "algorithm_cost_mode": "fixed_penalty",
      "fixed_cost_penalty_coef": 10.0,
      "log_std_max": -2.3,
      "rollout_wall_seconds": 1.423992846161127,
      "update_wall_seconds": 0.5013700649142265,
      "total_wall_seconds": 1.9253648687154055
    },
    {
      "update": 984,
      "algorithm": "mappo_penalty",
      "actor_loss": 0.09168209135532379,
      "reward_critic_loss": 0.004835325293242931,
      "cost_critic_loss": 0.0003799473342951387,
      "reward_critic_loss_last": 0.004700555466115475,
      "cost_critic_loss_last": 0.0003867618215736002,
      "critic_epochs": 8,
      "daily_voltage_cost": 0.0003583188517950475,
      "daily_voltage_cost_raw": 0.0003583188517950475,
      "daily_voltage_cost_normalized": 0.017915941774845123,
      "daily_economic_return_raw_yuan": -2973866.0,
      "daily_economic_return_normalized": -0.9435737729072571,
      "daily_economic_cost_raw_yuan": 2973866.0,
      "economic_reward_scale_yuan": 3151704.8194007874,
      "lagrange_multiplier": 0.0,
      "cost_budget": 1.0,
      "cost_budget_raw": 0.02,
      "cost_budget_normalized": 1.0,
      "algorithm_cost_mode": "fixed_penalty",
      "fixed_cost_penalty_coef": 10.0,
      "log_std_max": -2.3,
      "rollout_wall_seconds": 1.4009959883987904,
      "update_wall_seconds": 0.45553435385227203,
      "total_wall_seconds": 1.856532385572791
    },
    {
      "update": 985,
      "algorithm": "mappo_penalty",
      "actor_loss": 0.09239693731069565,
      "reward_critic_loss": 0.003855651244521141,
      "cost_critic_loss": 0.000168419792316854,
      "reward_critic_loss_last": 0.0038783811032772064,
      "cost_critic_loss_last": 0.00016625998250674456,
      "critic_epochs": 8,
      "daily_voltage_cost": 0.0,
      "daily_voltage_cost_raw": 0.0,
      "daily_voltage_cost_normalized": 0.0,
      "daily_economic_return_raw_yuan": -2926161.75,
      "daily_economic_return_normalized": -0.9284377694129944,
      "daily_economic_cost_raw_yuan": 2926161.75,
      "economic_reward_scale_yuan": 3151704.8194007874,
      "lagrange_multiplier": 0.0,
      "cost_budget": 1.0,
      "cost_budget_raw": 0.02,
      "cost_budget_normalized": 1.0,
      "algorithm_cost_mode": "fixed_penalty",
      "fixed_cost_penalty_coef": 10.0,
      "log_std_max": -2.3,
      "rollout_wall_seconds": 1.3032328803092241,
      "update_wall_seconds": 0.4571542404592037,
      "total_wall_seconds": 1.7603888995945454
    },
    {
      "update": 986,
      "algorithm": "mappo_penalty",
      "actor_loss": 0.09299270063638687,
      "reward_critic_loss": 0.002974097151309252,
      "cost_critic_loss": 0.00020281504839658737,
      "reward_critic_loss_last": 0.0029219582211226225,
      "cost_critic_loss_last": 0.00019203833653591573,
      "critic_epochs": 8,
      "daily_voltage_cost": 0.0,
      "daily_voltage_cost_raw": 0.0,
      "daily_voltage_cost_normalized": 0.0,
      "daily_economic_return_raw_yuan": -3131304.75,
      "daily_economic_return_normalized": -0.9935272932052612,
      "daily_economic_cost_raw_yuan": 3131304.75,
      "economic_reward_scale_yuan": 3151704.8194007874,
      "lagrange_multiplier": 0.0,
      "cost_budget": 1.0,
      "cost_budget_raw": 0.02,
      "cost_budget_normalized": 1.0,
      "algorithm_cost_mode": "fixed_penalty",
      "fixed_cost_penalty_coef": 10.0,
      "log_std_max": -2.3,
      "rollout_wall_seconds": 1.3953412268310785,
      "update_wall_seconds": 0.5067124348133802,
      "total_wall_seconds": 1.9020555783063173
    },
    {
      "update": 987,
      "algorithm": "mappo_penalty",
      "actor_loss": 0.09194868803024292,
      "reward_critic_loss": 0.004171666223555803,
      "cost_critic_loss": 0.00015163965872488916,
      "reward_critic_loss_last": 0.003946554847061634,
      "cost_critic_loss_last": 0.00014176135300658643,
      "critic_epochs": 8,
      "daily_voltage_cost": 0.0,
      "daily_voltage_cost_raw": 0.0,
      "daily_voltage_cost_normalized": 0.0,
      "daily_economic_return_raw_yuan": -3085964.25,
      "daily_economic_return_normalized": -0.9791412949562073,
      "daily_economic_cost_raw_yuan": 3085964.25,
      "economic_reward_scale_yuan": 3151704.8194007874,
      "lagrange_multiplier": 0.0,
      "cost_budget": 1.0,
      "cost_budget_raw": 0.02,
      "cost_budget_normalized": 1.0,
      "algorithm_cost_mode": "fixed_penalty",
      "fixed_cost_penalty_coef": 10.0,
      "log_std_max": -2.3,
      "rollout_wall_seconds": 1.3575922846794128,
      "update_wall_seconds": 0.4710099995136261,
      "total_wall_seconds": 1.8286043126136065
    },
    {
      "update": 988,
      "algorithm": "mappo_penalty",
      "actor_loss": 0.09183374047279358,
      "reward_critic_loss": 0.005205410998314619,
      "cost_critic_loss": 0.00014843346434645355,
      "reward_critic_loss_last": 0.005207476206123829,
      "cost_critic_loss_last": 0.00014513629139401019,
      "critic_epochs": 8,
      "daily_voltage_cost": 0.0,
      "daily_voltage_cost_raw": 0.0,
      "daily_voltage_cost_normalized": 0.0,
      "daily_economic_return_raw_yuan": -2989075.25,
      "daily_economic_return_normalized": -0.948399543762207,
      "daily_economic_cost_raw_yuan": 2989075.25,
      "economic_reward_scale_yuan": 3151704.8194007874,
      "lagrange_multiplier": 0.0,
      "cost_budget": 1.0,
      "cost_budget_raw": 0.02,
      "cost_budget_normalized": 1.0,
      "algorithm_cost_mode": "fixed_penalty",
      "fixed_cost_penalty_coef": 10.0,
      "log_std_max": -2.3,
      "rollout_wall_seconds": 1.4290871117264032,
      "update_wall_seconds": 0.4752699378877878,
      "total_wall_seconds": 1.90435897000134
    },
    {
      "update": 989,
      "algorithm": "mappo_penalty",
      "actor_loss": 0.0913538858294487,
      "reward_critic_loss": 0.0029276362620294094,
      "cost_critic_loss": 0.0024842433631420135,
      "reward_critic_loss_last": 0.002906937152147293,
      "cost_critic_loss_last": 0.0024832538329064846,
      "critic_epochs": 8,
      "daily_voltage_cost": 0.0008381189545616508,
      "daily_voltage_cost_raw": 0.0008381189545616508,
      "daily_voltage_cost_normalized": 0.04190594702959061,
      "daily_economic_return_raw_yuan": -3010464.5,
      "daily_economic_return_normalized": -0.9551860690116882,
      "daily_economic_cost_raw_yuan": 3010464.5,
      "economic_reward_scale_yuan": 3151704.8194007874,
      "lagrange_multiplier": 0.0,
      "cost_budget": 1.0,
      "cost_budget_raw": 0.02,
      "cost_budget_normalized": 1.0,
      "algorithm_cost_mode": "fixed_penalty",
      "fixed_cost_penalty_coef": 10.0,
      "log_std_max": -2.3,
      "rollout_wall_seconds": 1.3887776043266058,
      "update_wall_seconds": 0.4572825599461794,
      "total_wall_seconds": 1.846061896532774
    },
    {
      "update": 990,
      "algorithm": "mappo_penalty",
      "actor_loss": 0.09163302928209305,
      "reward_critic_loss": 0.004955783020704985,
      "cost_critic_loss": 0.00029888268909417093,
      "reward_critic_loss_last": 0.004687253385782242,
      "cost_critic_loss_last": 0.000298693950753659,
      "critic_epochs": 8,
      "daily_voltage_cost": 0.00011953494686167687,
      "daily_voltage_cost_raw": 0.00011953494686167687,
      "daily_voltage_cost_normalized": 0.0059767477214336395,
      "daily_economic_return_raw_yuan": -3186005.0,
      "daily_economic_return_normalized": -1.010883092880249,
      "daily_economic_cost_raw_yuan": 3186005.0,
      "economic_reward_scale_yuan": 3151704.8194007874,
      "lagrange_multiplier": 0.0,
      "cost_budget": 1.0,
      "cost_budget_raw": 0.02,
      "cost_budget_normalized": 1.0,
      "algorithm_cost_mode": "fixed_penalty",
      "fixed_cost_penalty_coef": 10.0,
      "log_std_max": -2.3,
      "rollout_wall_seconds": 1.3390172738581896,
      "update_wall_seconds": 0.48409567028284073,
      "total_wall_seconds": 1.8231147024780512
    },
    {
      "update": 991,
      "algorithm": "mappo_penalty",
      "actor_loss": 0.09172233939170837,
      "reward_critic_loss": 0.004344530403614044,
      "cost_critic_loss": 0.0011433097533881664,
      "reward_critic_loss_last": 0.004414297640323639,
      "cost_critic_loss_last": 0.0011403763201087713,
      "critic_epochs": 8,
      "daily_voltage_cost": 0.0002617152058519423,
      "daily_voltage_cost_raw": 0.0002617152058519423,
      "daily_voltage_cost_normalized": 0.013085760176181793,
      "daily_economic_return_raw_yuan": -2896427.25,
      "daily_economic_return_normalized": -0.9190033674240112,
      "daily_economic_cost_raw_yuan": 2896427.25,
      "economic_reward_scale_yuan": 3151704.8194007874,
      "lagrange_multiplier": 0.0,
      "cost_budget": 1.0,
      "cost_budget_raw": 0.02,
      "cost_budget_normalized": 1.0,
      "algorithm_cost_mode": "fixed_penalty",
      "fixed_cost_penalty_coef": 10.0,
      "log_std_max": -2.3,
      "rollout_wall_seconds": 1.449727464467287,
      "update_wall_seconds": 0.454979857429862,
      "total_wall_seconds": 1.904709629714489
    },
    {
      "update": 992,
      "algorithm": "mappo_penalty",
      "actor_loss": 0.09281068295240402,
      "reward_critic_loss": 0.003260457655414939,
      "cost_critic_loss": 0.0001861328346421942,
      "reward_critic_loss_last": 0.0032039168290793896,
      "cost_critic_loss_last": 0.00018685711256694049,
      "critic_epochs": 8,
      "daily_voltage_cost": 6.918086910445709e-06,
      "daily_voltage_cost_raw": 6.918086910445709e-06,
      "daily_voltage_cost_normalized": 0.00034590435097925365,
      "daily_economic_return_raw_yuan": -3056775.75,
      "daily_economic_return_normalized": -0.9698801040649414,
      "daily_economic_cost_raw_yuan": 3056775.75,
      "economic_reward_scale_yuan": 3151704.8194007874,
      "lagrange_multiplier": 0.0,
      "cost_budget": 1.0,
      "cost_budget_raw": 0.02,
      "cost_budget_normalized": 1.0,
      "algorithm_cost_mode": "fixed_penalty",
      "fixed_cost_penalty_coef": 10.0,
      "log_std_max": -2.3,
      "rollout_wall_seconds": 1.393332201987505,
      "update_wall_seconds": 0.47575906850397587,
      "total_wall_seconds": 1.8690931480377913
    },
    {
      "update": 993,
      "algorithm": "mappo_penalty",
      "actor_loss": 0.092728391289711,
      "reward_critic_loss": 0.003250274807214737,
      "cost_critic_loss": 0.0005547358887270093,
      "reward_critic_loss_last": 0.003247735556215048,
      "cost_critic_loss_last": 0.0005547576583921909,
      "critic_epochs": 8,
      "daily_voltage_cost": 0.00016874763241503388,
      "daily_voltage_cost_raw": 0.00016874763241503388,
      "daily_voltage_cost_normalized": 0.00843738205730915,
      "daily_economic_return_raw_yuan": -3003481.75,
      "daily_economic_return_normalized": -0.952970564365387,
      "daily_economic_cost_raw_yuan": 3003481.75,
      "economic_reward_scale_yuan": 3151704.8194007874,
      "lagrange_multiplier": 0.0,
      "cost_budget": 1.0,
      "cost_budget_raw": 0.02,
      "cost_budget_normalized": 1.0,
      "algorithm_cost_mode": "fixed_penalty",
      "fixed_cost_penalty_coef": 10.0,
      "log_std_max": -2.3,
      "rollout_wall_seconds": 1.3565143309533596,
      "update_wall_seconds": 0.4679754953831434,
      "total_wall_seconds": 1.8244916927069426
    },
    {
      "update": 994,
      "algorithm": "mappo_penalty",
      "actor_loss": 0.09151268750429153,
      "reward_critic_loss": 0.005720837973058224,
      "cost_critic_loss": 0.00020696244610007852,
      "reward_critic_loss_last": 0.005646232049912214,
      "cost_critic_loss_last": 0.00020566133025567979,
      "critic_epochs": 8,
      "daily_voltage_cost": 0.0,
      "daily_voltage_cost_raw": 0.0,
      "daily_voltage_cost_normalized": 0.0,
      "daily_economic_return_raw_yuan": -3111180.5,
      "daily_economic_return_normalized": -0.9871420860290527,
      "daily_economic_cost_raw_yuan": 3111180.5,
      "economic_reward_scale_yuan": 3151704.8194007874,
      "lagrange_multiplier": 0.0,
      "cost_budget": 1.0,
      "cost_budget_raw": 0.02,
      "cost_budget_normalized": 1.0,
      "algorithm_cost_mode": "fixed_penalty",
      "fixed_cost_penalty_coef": 10.0,
      "log_std_max": -2.3,
      "rollout_wall_seconds": 1.3016906958073378,
      "update_wall_seconds": 0.466994808986783,
      "total_wall_seconds": 1.768687181174755
    },
    {
      "update": 995,
      "algorithm": "mappo_penalty",
      "actor_loss": 0.09157424420118332,
      "reward_critic_loss": 0.004110069014132023,
      "cost_critic_loss": 0.0002843167749233544,
      "reward_critic_loss_last": 0.004036397207528353,
      "cost_critic_loss_last": 0.0002831139136105776,
      "critic_epochs": 8,
      "daily_voltage_cost": 0.0,
      "daily_voltage_cost_raw": 0.0,
      "daily_voltage_cost_normalized": 0.0,
      "daily_economic_return_raw_yuan": -2947031.25,
      "daily_economic_return_normalized": -0.9350594282150269,
      "daily_economic_cost_raw_yuan": 2947031.25,
      "economic_reward_scale_yuan": 3151704.8194007874,
      "lagrange_multiplier": 0.0,
      "cost_budget": 1.0,
      "cost_budget_raw": 0.02,
      "cost_budget_normalized": 1.0,
      "algorithm_cost_mode": "fixed_penalty",
      "fixed_cost_penalty_coef": 10.0,
      "log_std_max": -2.3,
      "rollout_wall_seconds": 1.291969122365117,
      "update_wall_seconds": 0.4786432646214962,
      "total_wall_seconds": 1.7706142198294401
    },
    {
      "update": 996,
      "algorithm": "mappo_penalty",
      "actor_loss": 0.09231436252593994,
      "reward_critic_loss": 0.004285903647542,
      "cost_critic_loss": 0.00016234081704169512,
      "reward_critic_loss_last": 0.004191928543150425,
      "cost_critic_loss_last": 0.000161960837431252,
      "critic_epochs": 8,
      "daily_voltage_cost": 0.0,
      "daily_voltage_cost_raw": 0.0,
      "daily_voltage_cost_normalized": 0.0,
      "daily_economic_return_raw_yuan": -2866068.25,
      "daily_economic_return_normalized": -0.9093707799911499,
      "daily_economic_cost_raw_yuan": 2866068.25,
      "economic_reward_scale_yuan": 3151704.8194007874,
      "lagrange_multiplier": 0.0,
      "cost_budget": 1.0,
      "cost_budget_raw": 0.02,
      "cost_budget_normalized": 1.0,
      "algorithm_cost_mode": "fixed_penalty",
      "fixed_cost_penalty_coef": 10.0,
      "log_std_max": -2.3,
      "rollout_wall_seconds": 1.3436971623450518,
      "update_wall_seconds": 0.4490069057792425,
      "total_wall_seconds": 1.7927058413624763
    },
    {
      "update": 997,
      "algorithm": "mappo_penalty",
      "actor_loss": 0.09192325919866562,
      "reward_critic_loss": 0.004742917604744434,
      "cost_critic_loss": 0.00027230355772189796,
      "reward_critic_loss_last": 0.004625739064067602,
      "cost_critic_loss_last": 0.0002717799216043204,
      "critic_epochs": 8,
      "daily_voltage_cost": 0.0,
      "daily_voltage_cost_raw": 0.0,
      "daily_voltage_cost_normalized": 0.0,
      "daily_economic_return_raw_yuan": -2885336.25,
      "daily_economic_return_normalized": -0.9154843091964722,
      "daily_economic_cost_raw_yuan": 2885336.25,
      "economic_reward_scale_yuan": 3151704.8194007874,
      "lagrange_multiplier": 0.0,
      "cost_budget": 1.0,
      "cost_budget_raw": 0.02,
      "cost_budget_normalized": 1.0,
      "algorithm_cost_mode": "fixed_penalty",
      "fixed_cost_penalty_coef": 10.0,
      "log_std_max": -2.3,
      "rollout_wall_seconds": 1.1226375587284565,
      "update_wall_seconds": 0.4510155003517866,
      "total_wall_seconds": 1.573654767125845
    },
    {
      "update": 998,
      "algorithm": "mappo_penalty",
      "actor_loss": 0.09189501404762268,
      "reward_critic_loss": 0.0031048087403178215,
      "cost_critic_loss": 0.00018847742467187345,
      "reward_critic_loss_last": 0.003124939976260066,
      "cost_critic_loss_last": 0.00018812142661772668,
      "critic_epochs": 8,
      "daily_voltage_cost": 0.0,
      "daily_voltage_cost_raw": 0.0,
      "daily_voltage_cost_normalized": 0.0,
      "daily_economic_return_raw_yuan": -3010258.0,
      "daily_economic_return_normalized": -0.9551205635070801,
      "daily_economic_cost_raw_yuan": 3010258.0,
      "economic_reward_scale_yuan": 3151704.8194007874,
      "lagrange_multiplier": 0.0,
      "cost_budget": 1.0,
      "cost_budget_raw": 0.02,
      "cost_budget_normalized": 1.0,
      "algorithm_cost_mode": "fixed_penalty",
      "fixed_cost_penalty_coef": 10.0,
      "log_std_max": -2.3,
      "rollout_wall_seconds": 0.940409479662776,
      "update_wall_seconds": 0.4537943620234728,
      "total_wall_seconds": 1.3942059017717838
    },
    {
      "update": 999,
      "algorithm": "mappo_penalty",
      "actor_loss": 0.09225159138441086,
      "reward_critic_loss": 0.0030865222215652466,
      "cost_critic_loss": 0.00022517552133649588,
      "reward_critic_loss_last": 0.003069927915930748,
      "cost_critic_loss_last": 0.0002251099213026464,
      "critic_epochs": 8,
      "daily_voltage_cost": 0.00015276685007847846,
      "daily_voltage_cost_raw": 0.00015276685007847846,
      "daily_voltage_cost_normalized": 0.007638343144208193,
      "daily_economic_return_raw_yuan": -2943252.0,
      "daily_economic_return_normalized": -0.9338603019714355,
      "daily_economic_cost_raw_yuan": 2943252.0,
      "economic_reward_scale_yuan": 3151704.8194007874,
      "lagrange_multiplier": 0.0,
      "cost_budget": 1.0,
      "cost_budget_raw": 0.02,
      "cost_budget_normalized": 1.0,
      "algorithm_cost_mode": "fixed_penalty",
      "fixed_cost_penalty_coef": 10.0,
      "log_std_max": -2.3,
      "rollout_wall_seconds": 1.0405638962984085,
      "update_wall_seconds": 0.4701380133628845,
      "total_wall_seconds": 1.5107035785913467
    },
    {
      "update": 1000,
      "algorithm": "mappo_penalty",
      "actor_loss": 0.09259042143821716,
      "reward_critic_loss": 0.002419345546513796,
      "cost_critic_loss": 0.000284190580714494,
      "reward_critic_loss_last": 0.00241806055419147,
      "cost_critic_loss_last": 0.0002841763198375702,
      "critic_epochs": 8,
      "daily_voltage_cost": 0.00019544331007637084,
      "daily_voltage_cost_raw": 0.00019544331007637084,
      "daily_voltage_cost_normalized": 0.009772165678441525,
      "daily_economic_return_raw_yuan": -3089545.25,
      "daily_economic_return_normalized": -0.9802775382995605,
      "daily_economic_cost_raw_yuan": 3089545.25,
      "economic_reward_scale_yuan": 3151704.8194007874,
      "lagrange_multiplier": 0.0,
      "cost_budget": 1.0,
      "cost_budget_raw": 0.02,
      "cost_budget_normalized": 1.0,
      "algorithm_cost_mode": "fixed_penalty",
      "fixed_cost_penalty_coef": 10.0,
      "log_std_max": -2.3,
      "rollout_wall_seconds": 1.3174103703349829,
      "update_wall_seconds": 0.462981715798378,
      "total_wall_seconds": 1.7803938034921885
    }
  ],
  "deterministic_rollout": {
    "summary": {
      "seed": 30,
      "steps": 24,
      "economic_cost": 3005642.647444304,
      "total_cost": 2668392.783556099,
      "terminal_settlement_cost": -337249.86388820515,
      "terminal_battery_asset_value": 2208.9264549623476,
      "terminal_h2_asset_value": 896664.9609375,
      "terminal_undelivered_h2_energy": 15092.422146240235,
      "daily_voltage_cost": 0.0,
      "voltage_violation_area": 0.0,
      "voltage_min_pu": 0.9980788730241692,
      "voltage_max_pu": 1.0244546534122612,
      "pf_failure_rate": 0.0,
      "safe_step_rate": 1.0,
      "emergency_h2_buy": 473.1043243408203,
      "planned_h2_order": 105607.4375,
      "late_h2_order": 51263.04650878906,
      "pending_h2_energy": 15092.421875,
      "history_off": false,
      "gru_hidden_off": false,
      "previous_action_off": false,
      "cross_agent_off": false,
      "eta_delay_hours": 0,
      "intent_action_mae": null,
      "intent_action_correlation": null,
      "intent_residual_max": null,
      "intent_residual_utilization_mean": null
    },
    "steps": [
      {
        "step": 0,
        "actions": [
          [
            -0.09986915439367294,
            0.04148148372769356,
            -0.2113621085882187,
            -0.07625448703765869,
            -0.24673865735530853,
            0.19955459237098694,
            0.05997471138834953,
            0.5402712821960449
          ],
          [
            -0.026203252375125885,
            -0.03607571870088577,
            -0.06041489541530609,
            0.006795037072151899,
            -0.04636428877711296,
            0.048801325261592865,
            0.06617168337106705,
            0.24008430540561676
          ],
          [
            -0.08301747590303421,
            -0.3911783695220947,
            -0.1731472760438919,
            0.15247595310211182,
            -0.3339139521121979,
            0.3588199317455292,
            -0.15767601132392883,
            0.4262434244155884
          ],
          [
            0.1692374348640442,
            -0.3068329691886902,
            0.11473340541124344,
            0.0678638145327568,
            -0.14437907934188843,
            -0.17456181347370148,
            -0.19049113988876343,
            0.35041746497154236
          ]
        ],
        "intents": [
          [
            0.0,
            0.0,
            0.0
          ],
          [
            0.0,
            0.0,
            0.0
          ],
          [
            0.0,
            0.0,
            0.0
          ],
          [
            0.0,
            0.0,
            0.0
          ]
        ],
        "economic_cost": 222132.6134185791,
        "step_total_cost": 222132.6134185791,
        "terminal_settlement_cost": 0.0,
        "terminal_battery_asset_value": 1557.869886122935,
        "terminal_h2_asset_value": 518116.7578125,
        "terminal_undelivered_h2_energy": 7405.4788962402345,
        "voltage_cost": 0.0,
        "voltage_violation_area": 0.0,
        "voltage_min_pu": 0.9991320663347039,
        "voltage_max_pu": 1.007022136225142,
        "pf_converged": true,
        "pcc_p_kw": [
          1295.8902587890625,
          -1969.563232421875,
          0.0,
          491.4656982421875
        ],
        "pcc_q_kvar": [
          -2424.729620430782,
          -1051.6417951583862,
          -1872.272081592361,
          -1515.064388763058
        ],
        "p_el": [
          900.130859375,
          1460.695068359375,
          229.24563598632812,
          467.6949768066406
        ],
        "p_bat": [
          82.96296691894531,
          -0.0,
          -216.15325927734375,
          -245.46636962890625
        ],
        "soc": [
          0.515762984752655,
          0.5,
          0.44311755895614624,
          0.3708071708679199
        ],
        "p_ht": [
          -0.0,
          -0.0,
          -787.850341796875,
          -606.3921508789062
        ],
        "h2_emergency_buy_energy": [
          0.0,
          0.0,
          3.0517578125e-05,
          371.38824462890625
        ],
        "h2_planned_external_order_energy": [
          0.0,
          0.0,
          3302.732666015625,
          3353.3427734375
        ],
        "h2_late_order_energy": [
          0.0,
          0.0,
          0.0,
          0.0
        ],
        "h2_level": [
          200.0,
          200.0,
          96.36212921142578,
          101.8064193725586
        ],
        "e_h2_load": [
          271.5590515136719,
          194.55198669433594,
          925.3977661132812,
          1281.7821044921875
        ],
        "pending_h2_energy_total": 7405.47900390625,
        "pending_h2_energy_agent": [
          0.0,
          0.0,
          4213.0966796875,
          3192.38232421875
        ],
        "external_min_eta": [
          0.0,
          0.0,
          0.0,
          0.0
        ]
      },
      {
        "step": 1,
        "actions": [
          [
            -0.13041657209396362,
            0.08758552372455597,
            -0.29765206575393677,
            -0.11088696122169495,
            -0.33515724539756775,
            0.28486692905426025,
            0.07669912278652191,
            0.6896567940711975
          ],
          [
            0.01678512804210186,
            0.030414573848247528,
            -0.09796470403671265,
            0.011686926707625389,
            -0.03942231833934784,
            0.08228970319032669,
            0.0771145299077034,
            0.23750640451908112
          ],
          [
            -0.14492082595825195,
            -0.5172271132469177,
            -0.2584196925163269,
            0.22802899777889252,
            -0.45564234256744385,
            0.48282837867736816,
            -0.22702567279338837,
            0.5650351643562317
          ],
          [
            0.2770754098892212,
            -0.443383127450943,
            0.163125142455101,
            0.11798041313886642,
            -0.24202340841293335,
            -0.2907240390777588,
            -0.3134450912475586,
            0.4795011579990387
          ]
        ],
        "intents": [
          [
            0.0,
            0.0,
            0.0
          ],
          [
            0.0,
            0.0,
            0.0
          ],
          [
            0.0,
            0.0,
            0.0
          ],
          [
            0.0,
            0.0,
            0.0
          ]
        ],
        "economic_cost": 193794.58728027344,
        "step_total_cost": 193794.58728027344,
        "terminal_settlement_cost": 0.0,
        "terminal_battery_asset_value": 1474.580771485198,
        "terminal_h2_asset_value": 482040.29296875,
        "terminal_undelivered_h2_energy": 14746.443757080078,
        "voltage_cost": 0.0,
        "voltage_violation_area": 0.0,
        "voltage_min_pu": 0.9996389418721836,
        "voltage_max_pu": 1.0135475632020445,
        "pf_converged": true,
        "pcc_p_kw": [
          1267.0992431640625,
          -1785.8216552734375,
          0.0,
          313.61572265625
        ],
        "pcc_q_kvar": [
          -3173.3842067173405,
          -1059.7427882962597,
          -2581.8956547549424,
          -2159.7395987714835
        ],
        "p_el": [
          869.5834350585938,
          1525.177734375,
          213.76979064941406,
          510.8301696777344
        ],
        "p_bat": [
          175.17105102539062,
          36.49748992919922,
          -100.07366943359375,
          -354.7065124511719
        ],
        "soc": [
          0.5490455031394958,
          0.5115575194358826,
          0.4167823791503906,
          0.18411953747272491
        ],
        "p_ht": [
          -0.0,
          -0.0,
          -545.697509765625,
          -656.851318359375
        ],
        "h2_emergency_buy_energy": [
          0.0,
          0.0,
          1.52587890625e-05,
          0.0
        ],
        "h2_planned_external_order_energy": [
          0.0,
          0.0,
          3573.075927734375,
          2881.43359375
        ],
        "h2_late_order_energy": [
          0.0,
          0.0,
          0.0,
          0.0
        ],
        "h2_level": [
          200.0,
          200.0,
          79.98956298828125,
          82.09890747070312
        ],
        "e_h2_load": [
          204.53912353515625,
          149.4183349609375,
          673.9594116210938,
          988.8909301757812
        ],
        "pending_h2_energy_total": 14746.443359375,
        "pending_h2_energy_agent": [
          0.0,
          0.0,
          8810.9365234375,
          5935.50732421875
        ],
        "external_min_eta": [
          0.0,
          0.0,
          0.0,
          0.0
        ]
      },
      {
        "step": 2,
        "actions": [
          [
            -0.14244882762432098,
            0.13183161616325378,
            -0.34998106956481934,
            -0.13819167017936707,
            -0.3775396943092346,
            0.3375924825668335,
            0.07910925894975662,
            0.7591184973716736
          ],
          [
            0.06561795622110367,
            0.10272981226444244,
            -0.1300201267004013,
            0.010091591626405716,
            -0.02279699593782425,
            0.10885918140411377,
            0.06987608224153519,
            0.1859002709388733
          ],
          [
            -0.1990872174501419,
            -0.5968980193138123,
            -0.33148834109306335,
            0.2820890247821808,
            -0.5455111861228943,
            0.5718653798103333,
            -0.29686450958251953,
            0.6506957411766052
          ],
          [
            0.3388921022415161,
            -0.5019366145133972,
            0.18141083419322968,
            0.14931760728359222,
            -0.30406129360198975,
            -0.36741435527801514,
            -0.3869810104370117,
            0.5241791009902954
          ]
        ],
        "intents": [
          [
            0.0,
            0.0,
            0.0
          ],
          [
            0.0,
            0.0,
            0.0
          ],
          [
            0.0,
            0.0,
            0.0
          ],
          [
            0.0,
            0.0,
            0.0
          ]
        ],
        "economic_cost": 190305.80647277832,
        "step_total_cost": 190305.80647277832,
        "terminal_settlement_cost": 0.0,
        "terminal_battery_asset_value": 1521.6437128084362,
        "terminal_h2_asset_value": 456123.076171875,
        "terminal_undelivered_h2_energy": 22138.306774658202,
        "voltage_cost": 0.0,
        "voltage_violation_area": 0.0,
        "voltage_min_pu": 0.9996717510585102,
        "voltage_max_pu": 1.0137415041327842,
        "pf_converged": true,
        "pcc_p_kw": [
          1282.023193359375,
          -1592.649658203125,
          0.0,
          475.4195556640625
        ],
        "pcc_q_kvar": [
          -3523.901961248669,
          -820.5941998139717,
          -3011.6780314293837,
          -2401.3602152999515
        ],
        "p_el": [
          857.5511474609375,
          1598.4268798828125,
          200.2281951904297,
          535.5568237304688
        ],
        "p_bat": [
          263.6632385253906,
          123.27577209472656,
          -40.352508544921875,
          -159.82711791992188
        ],
        "soc": [
          0.599141538143158,
          0.5505948662757874,
          0.4061633050441742,
          0.10000000149011612
        ],
        "p_ht": [
          -0.0,
          -0.0,
          -436.1221008300781,
          -427.7851257324219
        ],
        "h2_emergency_buy_energy": [
          0.0,
          0.0,
          7.62939453125e-06,
          0.0
        ],
        "h2_planned_external_order_energy": [
          0.0,
          0.0,
          3766.41357421875,
          2569.879150390625
        ],
        "h2_late_order_energy": [
          0.0,
          0.0,
          0.0,
          0.0
        ],
        "h2_level": [
          200.0,
          200.0,
          66.90459442138672,
          69.26406860351562
        ],
        "e_h2_load": [
          169.27647399902344,
          127.83780670166016,
          556.259033203125,
          775.8970336914062
        ],
        "pending_h2_energy_total": 22138.306640625,
        "pending_h2_energy_agent": [
          0.0,
          0.0,
          13715.15625,
          8423.150390625
        ],
        "external_min_eta": [
          0.0,
          0.0,
          0.0,
          0.0
        ]
      },
      {
        "step": 3,
        "actions": [
          [
            -0.14574958384037018,
            0.16916999220848083,
            -0.3849572241306305,
            -0.1617761254310608,
            -0.39871811866760254,
            0.3720400631427765,
            0.07360135763883591,
            0.7979953289031982
          ],
          [
            0.11202368885278702,
            0.1663825511932373,
            -0.15551528334617615,
            0.0046669174917042255,
            -0.0047909882850945,
            0.12975700199604034,
            0.0544990636408329,
            0.11549950391054153
          ],
          [
            -0.2376966029405594,
            -0.6450337171554565,
            -0.385522723197937,
            0.3156489133834839,
            -0.6072624921798706,
            0.6307665705680847,
            -0.3578726053237915,
            0.702738344669342
          ],
          [
            0.3652336001396179,
            -0.5272195339202881,
            0.18821778893470764,
            0.16737781465053558,
            -0.343789279460907,
            -0.4146369397640228,
            -0.42613908648490906,
            0.5438310503959656
          ]
        ],
        "intents": [
          [
            0.0,
            0.0,
            0.0
          ],
          [
            0.0,
            0.0,
            0.0
          ],
          [
            0.0,
            0.0,
            0.0
          ],
          [
            0.0,
            0.0,
            0.0
          ]
        ],
        "economic_cost": 188122.42108154297,
        "step_total_cost": 188122.42108154297,
        "terminal_settlement_cost": 0.0,
        "terminal_battery_asset_value": 1672.4372246598068,
        "terminal_h2_asset_value": 436456.93359375,
        "terminal_undelivered_h2_energy": 29508.489042236328,
        "voltage_cost": 0.0,
        "voltage_violation_area": 0.0,
        "voltage_min_pu": 0.9996520175248479,
        "voltage_max_pu": 1.0133176004339592,
        "pf_converged": true,
        "pcc_p_kw": [
          1324.3624267578125,
          -1604.107177734375,
          0.0,
          624.1890258789062
        ],
        "pcc_q_kvar": [
          -3717.9176582448395,
          -488.41018081816003,
          -3270.518200953708,
          -2513.176700592041
        ],
        "p_el": [
          854.2504272460938,
          1668.0355224609375,
          190.5758514404297,
          546.0934448242188
        ],
        "p_bat": [
          338.3399963378906,
          199.6590576171875,
          -8.031219482421875,
          -2.8312206268310547e-06
        ],
        "soc": [
          0.6634261608123779,
          0.6138202548027039,
          0.404049813747406,
          0.10000000149011612
        ],
        "p_ht": [
          -0.0,
          -0.0,
          -379.27142333984375,
          -276.2666931152344
        ],
        "h2_emergency_buy_energy": [
          0.0,
          0.0,
          7.62939453125e-06,
          0.0
        ],
        "h2_planned_external_order_energy": [
          0.0,
          0.0,
          3884.365966796875,
          2378.037353515625
        ],
        "h2_late_order_energy": [
          0.0,
          0.0,
          0.0,
          0.0
        ],
        "h2_level": [
          200.0,
          200.0,
          55.52531433105469,
          60.97523880004883
        ],
        "e_h2_load": [
          152.0926513671875,
          114.47989654541016,
          493.616943359375,
          631.2274169921875
        ],
        "pending_h2_energy_total": 29508.48828125,
        "pending_h2_energy_agent": [
          0.0,
          0.0,
          18783.3984375,
          10725.0908203125
        ],
        "external_min_eta": [
          0.0,
          0.0,
          0.0,
          0.0
        ]
      },
      {
        "step": 4,
        "actions": [
          [
            -0.1442534476518631,
            0.19880032539367676,
            -0.4091366231441498,
            -0.18218089640140533,
            -0.40851083397865295,
            0.3944770395755768,
            0.06368979811668396,
            0.8218746781349182
          ],
          [
            0.14844579994678497,
            0.2115081399679184,
            -0.17335601150989532,
            -0.002505433512851596,
            0.011690796352922916,
            0.1441490203142166,
            0.03658866509795189,
            0.05002301558852196
          ],
          [
            -0.2613386809825897,
            -0.6909589767456055,
            -0.4331471621990204,
            0.3419278860092163,
            -0.6665892601013184,
            0.6871109008789062,
            -0.42172348499298096,
            0.7464154958724976
          ],
          [
            0.3702413737773895,
            -0.5378572344779968,
            0.18056347966194153,
            0.1781386286020279,
            -0.3907772898674011,
            -0.4568837285041809,
            -0.45085692405700684,
            0.5214389562606812
          ]
        ],
        "intents": [
          [
            0.0,
            0.0,
            0.0
          ],
          [
            0.0,
            0.0,
            0.0
          ],
          [
            0.0,
            0.0,
            0.0
          ],
          [
            0.0,
            0.0,
            0.0
          ]
        ],
        "economic_cost": 22921.888427734375,
        "step_total_cost": 22921.888427734375,
        "terminal_settlement_cost": 0.0,
        "terminal_battery_asset_value": 1837.477953874186,
        "terminal_h2_asset_value": 446288.84765625,
        "terminal_undelivered_h2_energy": 30571.72506567383,
        "voltage_cost": 0.0,
        "voltage_violation_area": 0.0,
        "voltage_min_pu": 0.9991937246820843,
        "voltage_max_pu": 1.0094701520681497,
        "pf_converged": true,
        "pcc_p_kw": [
          1383.37255859375,
          -1092.276611328125,
          0.0,
          662.583984375
        ],
        "pcc_q_kvar": [
          -3833.7492600386036,
          -178.88866912882344,
          -3484.218048882648,
          -2399.4561462402344
        ],
        "p_el": [
          855.74658203125,
          1722.668701171875,
          184.6653289794922,
          548.0965576171875
        ],
        "p_bat": [
          397.60064697265625,
          253.8097686767578,
          -65.2694091796875,
          -2.8312206268310547e-06
        ],
        "soc": [
          0.7389702796936035,
          0.6941933631896973,
          0.38687366247177124,
          0.10000000149011612
        ],
        "p_ht": [
          -0.0,
          23.381591796875,
          -377.73431396484375,
          -386.8114013671875
        ],
        "h2_emergency_buy_energy": [
          0.0,
          0.0,
          0.0,
          0.0
        ],
        "h2_planned_external_order_energy": [
          0.0,
          0.0,
          0.0,
          752.377685546875
        ],
        "h2_late_order_energy": [
          0.0,
          0.0,
          0.0,
          0.0
        ],
        "h2_level": [
          200.0,
          200.70152282714844,
          76.26220703125,
          49.36973571777344
        ],
        "e_h2_load": [
          139.80723571777344,
          101.53614807128906,
          488.53350830078125,
          743.0741577148438
        ],
        "pending_h2_energy_total": 30571.7265625,
        "pending_h2_energy_agent": [
          0.0,
          0.0,
          17714.50390625,
          12857.2216796875
        ],
        "external_min_eta": [
          0.0,
          0.0,
          0.16666666666666666,
          0.0
        ]
      },
      {
        "step": 5,
        "actions": [
          [
            -0.14001250267028809,
            0.22096189856529236,
            -0.4249848425388336,
            -0.1987866759300232,
            -0.41078609228134155,
            0.40750107169151306,
            0.05194912850856781,
            0.8362171649932861
          ],
          [
            0.1804167628288269,
            0.2408164143562317,
            -0.1832079291343689,
            -0.011310671456158161,
            0.024615556001663208,
            0.1542958915233612,
            0.016655031591653824,
            -0.014302056282758713
          ],
          [
            -0.26782771944999695,
            -0.7239117622375488,
            -0.46686333417892456,
            0.36043158173561096,
            -0.7063329815864563,
            0.7297226190567017,
            -0.4724205732345581,
            0.7741533517837524
          ],
          [
            0.3653758466243744,
            -0.5306403040885925,
            0.16767054796218872,
            0.17690514028072357,
            -0.42110663652420044,
            -0.4782388508319855,
            -0.45706573128700256,
            0.478096604347229
          ]
        ],
        "intents": [
          [
            0.0,
            0.0,
            0.0
          ],
          [
            0.0,
            0.0,
            0.0
          ],
          [
            0.0,
            0.0,
            0.0
          ],
          [
            0.0,
            0.0,
            0.0
          ]
        ],
        "economic_cost": 189034.30311250687,
        "step_total_cost": 189034.30311250687,
        "terminal_settlement_cost": 0.0,
        "terminal_battery_asset_value": 2000.4788880856358,
        "terminal_h2_asset_value": 723690.5859375,
        "terminal_undelivered_h2_energy": 27844.737113281248,
        "voltage_cost": 0.0,
        "voltage_violation_area": 0.0,
        "voltage_min_pu": 0.9984540124307584,
        "voltage_max_pu": 1.0057497829683615,
        "pf_converged": true,
        "pcc_p_kw": [
          1456.354248046875,
          -723.4560546875,
          0.0,
          680.7313232421875
        ],
        "pcc_q_kvar": [
          -3897.2879672047748,
          129.72724055498696,
          -3611.9719640303147,
          -2188.1729408853225
        ],
        "p_el": [
          859.9874877929688,
          1770.6251220703125,
          183.04307556152344,
          546.1503295898438
        ],
        "p_bat": [
          441.9237976074219,
          288.9797058105469,
          -143.47088623046875,
          -2.8312206268310547e-06
        ],
        "soc": [
          0.8229358196258545,
          0.7857035994529724,
          0.349118173122406,
          0.10000000149011612
        ],
        "p_ht": [
          -0.0,
          49.23111343383789,
          -425.0184326171875,
          -397.9877014160156
        ],
        "h2_emergency_buy_energy": [
          0.0,
          0.0,
          1.52587890625e-05,
          0.0
        ],
        "h2_planned_external_order_energy": [
          0.0,
          0.0,
          4167.138671875,
          2119.65478515625
        ],
        "h2_late_order_energy": [
          0.0,
          0.0,
          0.0,
          0.0
        ],
        "h2_level": [
          200.0,
          202.17860412597656,
          193.7375946044922,
          207.84671020507812
        ],
        "e_h2_load": [
          148.28335571289062,
          100.92308044433594,
          534.8442993164062,
          752.9854125976562
        ],
        "pending_h2_energy_total": 27844.73828125,
        "pending_h2_energy_agent": [
          0.0,
          0.0,
          18615.71484375,
          9229.0224609375
        ],
        "external_min_eta": [
          0.0,
          0.0,
          0.16666666666666666,
          0.0
        ]
      },
      {
        "step": 6,
        "actions": [
          [
            -0.13341207802295685,
            0.2367912232875824,
            -0.43430593609809875,
            -0.21175269782543182,
            -0.40711694955825806,
            0.41271886229515076,
            0.03881548345088959,
            0.8434805274009705
          ],
          [
            0.21955320239067078,
            0.26215019822120667,
            -0.18225228786468506,
            -0.022421661764383316,
            0.03196372464299202,
            0.16314390301704407,
            -0.008277715183794498,
            -0.09816820919513702
          ],
          [
            -0.2723100781440735,
            -0.7323494553565979,
            -0.48206284642219543,
            0.36906135082244873,
            -0.7205690741539001,
            0.74363774061203,
            -0.49764037132263184,
            0.7784620523452759
          ],
          [
            0.3574525713920593,
            -0.5171675682067871,
            0.15525154769420624,
            0.16859330236911774,
            -0.4348094165325165,
            -0.47924214601516724,
            -0.450702041387558,
            0.4364664554595947
          ]
        ],
        "intents": [
          [
            0.0,
            0.0,
            0.0
          ],
          [
            0.0,
            0.0,
            0.0
          ],
          [
            0.0,
            0.0,
            0.0
          ],
          [
            0.0,
            0.0,
            0.0
          ]
        ],
        "economic_cost": 163381.13074515725,
        "step_total_cost": 163381.13074515725,
        "terminal_settlement_cost": 0.0,
        "terminal_battery_asset_value": 2195.7150286561227,
        "terminal_h2_asset_value": 894007.265625,
        "terminal_undelivered_h2_energy": 20486.64277685547,
        "voltage_cost": 0.0,
        "voltage_violation_area": 0.0,
        "voltage_min_pu": 0.9986134813912385,
        "voltage_max_pu": 1.0062265997224744,
        "pf_converged": true,
        "pcc_p_kw": [
          1296.3426513671875,
          -709.524658203125,
          -9.5367431640625e-07,
          522.7821655273438
        ],
        "pcc_q_kvar": [
          -3939.597809390398,
          531.2783685381462,
          -3630.952221499975,
          -2002.4755485111455
        ],
        "p_el": [
          866.5879516601562,
          1829.329833984375,
          181.9224853515625,
          542.9810180664062
        ],
        "p_bat": [
          405.6009521484375,
          314.5802307128906,
          -31.71533203125,
          -2.8312206268310547e-06
        ],
        "soc": [
          0.8999999761581421,
          0.8853206634521484,
          0.34077203273773193,
          0.10000000149011612
        ],
        "p_ht": [
          -0.0,
          63.92744827270508,
          -446.79901123046875,
          -240.86508178710938
        ],
        "h2_emergency_buy_energy": [
          0.0,
          0.0,
          7.62939453125e-06,
          0.0
        ],
        "h2_planned_external_order_energy": [
          0.0,
          0.0,
          4160.451171875,
          2115.578857421875
        ],
        "h2_late_order_energy": [
          0.0,
          0.0,
          0.0,
          0.0
        ],
        "h2_level": [
          200.0,
          204.09661865234375,
          285.0,
          285.0
        ],
        "e_h2_load": [
          123.8542709350586,
          101.52264404296875,
          555.9525146484375,
          593.802734375
        ],
        "pending_h2_energy_total": 20486.642578125,
        "pending_h2_energy_agent": [
          0.0,
          0.0,
          14254.8056640625,
          6231.83740234375
        ],
        "external_min_eta": [
          0.0,
          0.0,
          0.16666666666666666,
          0.0
        ]
      },
      {
        "step": 7,
        "actions": [
          [
            -0.12530764937400818,
            0.24861204624176025,
            -0.446638822555542,
            -0.22788690030574799,
            -0.4065658450126648,
            0.4184136390686035,
            0.022375037893652916,
            0.8536946177482605
          ],
          [
            0.2832406163215637,
            0.2793194353580475,
            -0.1627558469772339,
            -0.039616793394088745,
            0.03054056689143181,
            0.17518669366836548,
            -0.04384157434105873,
            -0.22837212681770325
          ],
          [
            -0.2735665738582611,
            -0.7416297197341919,
            -0.4910886585712433,
            0.3735344707965851,
            -0.7341832518577576,
            0.7585696578025818,
            -0.5204162001609802,
            0.7845014929771423
          ],
          [
            0.32261186838150024,
            -0.4732345640659332,
            0.12359943240880966,
            0.14897827804088593,
            -0.4426392912864685,
            -0.4638122022151947,
            -0.41782814264297485,
            0.3127269744873047
          ]
        ],
        "intents": [
          [
            0.0,
            0.0,
            0.0
          ],
          [
            0.0,
            0.0,
            0.0
          ],
          [
            0.0,
            0.0,
            0.0
          ],
          [
            0.0,
            0.0,
            0.0
          ]
        ],
        "economic_cost": 121514.7738916626,
        "step_total_cost": 121514.7738916626,
        "terminal_settlement_cost": 0.0,
        "terminal_battery_asset_value": 2208.9264549623476,
        "terminal_h2_asset_value": 884820.8203125,
        "terminal_undelivered_h2_energy": 24220.506463378908,
        "voltage_cost": 0.0,
        "voltage_violation_area": 0.0,
        "voltage_min_pu": 0.9993776044891576,
        "voltage_max_pu": 1.0111975998169622,
        "pf_converged": true,
        "pcc_p_kw": [
          293.96002197265625,
          -707.4964599609375,
          -46.27613830566406,
          226.60284423828125
        ],
        "pcc_q_kvar": [
          -3942.8686464315088,
          1153.1415918060673,
          -3667.9621787035235,
          -1370.488169889712
        ],
        "p_el": [
          874.6923217773438,
          1924.8609619140625,
          181.6083526611328,
          529.0447387695312
        ],
        "p_bat": [
          0.00012548346421681345,
          46.35580062866211,
          -0.0,
          -2.8312206268310547e-06
        ],
        "soc": [
          0.8999999761581421,
          0.8999999761581421,
          0.34077203273773193,
          0.10000000149011612
        ],
        "p_ht": [
          -0.0,
          61.08113479614258,
          -367.2975769042969,
          -565.3359375
        ],
        "h2_emergency_buy_energy": [
          0.0,
          0.0,
          7.62939453125e-06,
          0.0
        ],
        "h2_planned_external_order_energy": [
          0.0,
          0.0,
          4163.744140625,
          0.0
        ],
        "h2_late_order_energy": [
          0.0,
          0.0,
          0.0,
          0.0
        ],
        "h2_level": [
          200.0,
          205.92922973632812,
          273.97998046875,
          285.0
        ],
        "e_h2_load": [
          150.88369750976562,
          99.87191009521484,
          476.2626037597656,
          909.2149658203125
        ],
        "pending_h2_energy_total": 24220.5078125,
        "pending_h2_energy_agent": [
          0.0,
          0.0,
          19679.955078125,
          4540.552734375
        ],
        "external_min_eta": [
          0.0,
          0.16666666666666666,
          0.16666666666666666,
          0.0
        ]
      },
      {
        "step": 8,
        "actions": [
          [
            -0.11912494152784348,
            0.258464515209198,
            -0.462979257106781,
            -0.24561402201652527,
            -0.4129362404346466,
            0.42738813161849976,
            0.007456737104803324,
            0.8675132989883423
          ],
          [
            0.34525182843208313,
            0.27550241351127625,
            -0.1256054937839508,
            -0.060509663075208664,
            0.013754031620919704,
            0.1826646476984024,
            -0.08322307467460632,
            -0.36502495408058167
          ],
          [
            -0.2602846622467041,
            -0.7591714262962341,
            -0.497355192899704,
            0.374686062335968,
            -0.7528427839279175,
            0.7815086841583252,
            -0.5512308478355408,
            0.7859534025192261
          ],
          [
            0.25901898741722107,
            -0.40327903628349304,
            0.07712595164775848,
            0.12006423622369766,
            -0.44552427530288696,
            -0.43666112422943115,
            -0.36149173974990845,
            0.0969143807888031
          ]
        ],
        "intents": [
          [
            0.0,
            0.0,
            0.0
          ],
          [
            0.0,
            0.0,
            0.0
          ],
          [
            0.0,
            0.0,
            0.0
          ],
          [
            0.0,
            0.0,
            0.0
          ]
        ],
        "economic_cost": 178415.9308399048,
        "step_total_cost": 178415.9308399048,
        "terminal_settlement_cost": 0.0,
        "terminal_battery_asset_value": 2208.9264549623476,
        "terminal_h2_asset_value": 896664.9609375,
        "terminal_undelivered_h2_energy": 24401.55397094727,
        "voltage_cost": 0.0,
        "voltage_violation_area": 0.0,
        "voltage_min_pu": 0.9993727832639999,
        "voltage_max_pu": 1.012974126256342,
        "pf_converged": true,
        "pcc_p_kw": [
          -586.5277099609375,
          -710.84765625,
          -66.98867797851562,
          -134.33531188964844
        ],
        "pcc_q_kvar": [
          -3733.668920911626,
          1811.1680309367016,
          -3635.788407254445,
          -276.1188535854193
        ],
        "p_el": [
          880.8750610351562,
          2017.877685546875,
          184.9288330078125,
          503.60760498046875
        ],
        "p_bat": [
          0.00012548346421681345,
          7.52900741645135e-05,
          -0.0,
          -0.0
        ],
        "soc": [
          0.8999999761581421,
          0.8999999761581421,
          0.34077203273773193,
          0.10000000149011612
        ],
        "p_ht": [
          -0.0,
          27.5080623626709,
          -593.490966796875,
          -1024.210205078125
        ],
        "h2_emergency_buy_energy": [
          0.0,
          0.0,
          3.0517578125e-05,
          3.0517578125e-05
        ],
        "h2_planned_external_order_energy": [
          0.0,
          0.0,
          4237.46875,
          2288.564208984375
        ],
        "h2_late_order_energy": [
          0.0,
          0.0,
          0.0,
          0.0
        ],
        "h2_level": [
          200.0,
          206.75454711914062,
          285.0,
          285.0
        ],
        "e_h2_load": [
          210.1659698486328,
          138.1246337890625,
          704.4483032226562,
          1351.55517578125
        ],
        "pending_h2_energy_total": 24401.5546875,
        "pending_h2_energy_agent": [
          0.0,
          0.0,
          20138.34375,
          4263.21044921875
        ],
        "external_min_eta": [
          0.0,
          0.16666666666666666,
          0.0,
          0.0
        ]
      },
      {
        "step": 9,
        "actions": [
          [
            -0.10945986956357956,
            0.2609103322029114,
            -0.4680876135826111,
            -0.25645866990089417,
            -0.4103403389453888,
            0.4254845380783081,
            -0.00906073022633791,
            0.8719271421432495
          ],
          [
            0.4089238941669464,
            0.2713792622089386,
            -0.07509956508874893,
            -0.07974498718976974,
            -0.007183420937508345,
            0.18601495027542114,
            -0.12372257560491562,
            -0.5052455067634583
          ],
          [
            -0.25111159682273865,
            -0.7682450413703918,
            -0.49412116408348083,
            0.37393277883529663,
            -0.7597748041152954,
            0.7943425178527832,
            -0.5633657574653625,
            0.7820022702217102
          ],
          [
            0.16862377524375916,
            -0.31221356987953186,
            0.025102218613028526,
            0.08658482134342194,
            -0.43332532048225403,
            -0.3939477801322937,
            -0.2809041440486908,
            -0.14994384348392487
          ]
        ],
        "intents": [
          [
            0.0,
            0.0,
            0.0
          ],
          [
            0.0,
            0.0,
            0.0
          ],
          [
            0.0,
            0.0,
            0.0
          ],
          [
            0.0,
            0.0,
            0.0
          ]
        ],
        "economic_cost": -8090.044568023683,
        "step_total_cost": -8090.044568023683,
        "terminal_settlement_cost": 0.0,
        "terminal_battery_asset_value": 2208.9264549623476,
        "terminal_h2_asset_value": 896664.9609375,
        "terminal_undelivered_h2_energy": 21362.815035400392,
        "voltage_cost": 0.0,
        "voltage_violation_area": 0.0,
        "voltage_min_pu": 0.9993017569027696,
        "voltage_max_pu": 1.014528466187623,
        "pf_converged": true,
        "pcc_p_kw": [
          -1434.833251953125,
          -867.585205078125,
          -239.60247802734375,
          -445.776123046875
        ],
        "pcc_q_kvar": [
          -3219.449186421314,
          2485.7274762662355,
          -3573.2670064567396,
          899.8258563328585
        ],
        "p_el": [
          890.5401000976562,
          2113.3857421875,
          187.22210693359375,
          467.44952392578125
        ],
        "p_bat": [
          0.00012548346421681345,
          7.52900741645135e-05,
          -0.0,
          -0.0
        ],
        "soc": [
          0.8999999761581421,
          0.8999999761581421,
          0.34077203273773193,
          0.10000000149011612
        ],
        "p_ht": [
          -0.0,
          -0.0,
          -803.2454833984375,
          -1377.1534423828125
        ],
        "h2_emergency_buy_energy": [
          0.0,
          0.0,
          0.0,
          0.0
        ],
        "h2_planned_external_order_energy": [
          0.0,
          0.0,
          0.0,
          0.0
        ],
        "h2_late_order_energy": [
          0.0,
          0.0,
          0.0,
          0.0
        ],
        "h2_level": [
          200.0,
          206.75454711914062,
          285.0,
          285.0
        ],
        "e_h2_load": [
          284.35107421875,
          222.96273803710938,
          915.5787353515625,
          1680.99560546875
        ],
        "pending_h2_energy_total": 21362.81640625,
        "pending_h2_energy_agent": [
          0.0,
          0.0,
          19147.486328125,
          2215.330078125
        ],
        "external_min_eta": [
          0.16666666666666666,
          0.16666666666666666,
          0.0,
          0.0
        ]
      },
      {
        "step": 10,
        "actions": [
          [
            -0.10238026827573776,
            0.2593627870082855,
            -0.477867990732193,
            -0.2686518132686615,
            -0.4151191711425781,
            0.4271746575832367,
            -0.024435795843601227,
            0.8800759315490723
          ],
          [
            0.4757980406284332,
            0.2595539689064026,
            -0.0065224007703363895,
            -0.10102841258049011,
            -0.04074181988835335,
            0.18839974701404572,
            -0.16644325852394104,
            -0.6345556378364563
          ],
          [
            -0.24333693087100983,
            -0.7620644569396973,
            -0.4849085509777069,
            0.3715309798717499,
            -0.7553746700286865,
            0.7935121059417725,
            -0.5668908953666687,
            0.7670125961303711
          ],
          [
            0.06026622653007507,
            -0.19515618681907654,
            -0.036060649901628494,
            0.050332799553871155,
            -0.41029855608940125,
            -0.33570095896720886,
            -0.17691633105278015,
            -0.41317126154899597
          ]
        ],
        "intents": [
          [
            0.0,
            0.0,
            0.0
          ],
          [
            0.0,
            0.0,
            0.0
          ],
          [
            0.0,
            0.0,
            0.0
          ],
          [
            0.0,
            0.0,
            0.0
          ]
        ],
        "economic_cost": 208776.48301434325,
        "step_total_cost": 208776.48301434325,
        "terminal_settlement_cost": 0.0,
        "terminal_battery_asset_value": 2208.9264549623476,
        "terminal_h2_asset_value": 853869.609375,
        "terminal_undelivered_h2_energy": 27944.213414062502,
        "voltage_cost": 0.0,
        "voltage_violation_area": 0.0,
        "voltage_min_pu": 0.9990059718162382,
        "voltage_max_pu": 1.0132303966075684,
        "pf_converged": true,
        "pcc_p_kw": [
          -2411.59033203125,
          -745.731201171875,
          -379.60162353515625,
          -751.6066284179688
        ],
        "pcc_q_kvar": [
          -2253.5103068767094,
          3071.1258770927584,
          -3469.256687291903,
          2070.9127729215525
        ],
        "p_el": [
          897.6197509765625,
          2213.697021484375,
          189.165771484375,
          424.1064758300781
        ],
        "p_bat": [
          0.00012548346421681345,
          7.52900741645135e-05,
          -0.0,
          -0.0
        ],
        "soc": [
          0.8999999761581421,
          0.8999999761581421,
          0.34077203273773193,
          0.10000000149011612
        ],
        "p_ht": [
          -0.0,
          -0.0,
          -1027.806640625,
          -1426.5113525390625
        ],
        "h2_emergency_buy_energy": [
          0.0,
          0.0,
          4.57763671875e-05,
          0.0
        ],
        "h2_planned_external_order_energy": [
          0.0,
          0.0,
          4388.22021484375,
          2698.71484375
        ],
        "h2_late_order_energy": [
          0.0,
          0.0,
          0.0,
          0.0
        ],
        "h2_level": [
          200.0,
          206.75454711914062,
          285.0,
          242.20037841796875
        ],
        "e_h2_load": [
          365.4271545410156,
          261.11541748046875,
          1141.30615234375,
          1702.1805419921875
        ],
        "pending_h2_energy_total": 27944.21484375,
        "pending_h2_energy_agent": [
          0.0,
          0.0,
          23224.4765625,
          4719.7373046875
        ],
        "external_min_eta": [
          0.16666666666666666,
          0.0,
          0.0,
          0.16666666666666666
        ]
      },
      {
        "step": 11,
        "actions": [
          [
            -0.09754475206136703,
            0.2542431652545929,
            -0.48493683338165283,
            -0.2765987813472748,
            -0.4205891489982605,
            0.4266412556171417,
            -0.03684500232338905,
            0.8852826952934265
          ],
          [
            0.5252397060394287,
            0.24504773318767548,
            0.057299431413412094,
            -0.11692952364683151,
            -0.07497420907020569,
            0.18694591522216797,
            -0.1983194351196289,
            -0.7228308916091919
          ],
          [
            -0.23359425365924835,
            -0.7583582997322083,
            -0.47684726119041443,
            0.3654059171676636,
            -0.7522315979003906,
            0.794071614742279,
            -0.5713002681732178,
            0.7566289901733398
          ],
          [
            -0.025099977850914,
            -0.12079059332609177,
            -0.07273856550455093,
            0.026254920288920403,
            -0.4000142812728882,
            -0.29612401127815247,
            -0.10242588818073273,
            -0.5577802658081055
          ]
        ],
        "intents": [
          [
            0.0,
            0.0,
            0.0
          ],
          [
            0.0,
            0.0,
            0.0
          ],
          [
            0.0,
            0.0,
            0.0
          ],
          [
            0.0,
            0.0,
            0.0
          ]
        ],
        "economic_cost": 39116.806968688965,
        "step_total_cost": 39116.806968688965,
        "terminal_settlement_cost": 0.0,
        "terminal_battery_asset_value": 2208.9264549623476,
        "terminal_h2_asset_value": 864737.9296875,
        "terminal_undelivered_h2_energy": 27326.562096191406,
        "voltage_cost": 0.0,
        "voltage_violation_area": 0.0,
        "voltage_min_pu": 0.998399489675538,
        "voltage_max_pu": 1.0080570214960765,
        "pf_converged": true,
        "pcc_p_kw": [
          -3320.6357421875,
          -853.28564453125,
          -330.14825439453125,
          -1035.36572265625
        ],
        "pcc_q_kvar": [
          224.59326171875,
          3473.1470412978256,
          -3342.3994257050335,
          2685.3875233480967
        ],
        "p_el": [
          902.4552612304688,
          2287.859619140625,
          191.6014404296875,
          389.96002197265625
        ],
        "p_bat": [
          0.00012548346421681345,
          7.52900741645135e-05,
          -0.0,
          -0.0
        ],
        "soc": [
          0.8999999761581421,
          0.8999999761581421,
          0.34077203273773193,
          0.10000000149011612
        ],
        "p_ht": [
          -0.0,
          -0.0,
          -1418.907470703125,
          -1543.4613037109375
        ],
        "h2_emergency_buy_energy": [
          0.0,
          0.0,
          0.0,
          0.0
        ],
        "h2_planned_external_order_energy": [
          0.0,
          0.0,
          0.0,
          1405.449951171875
        ],
        "h2_late_order_energy": [
          0.0,
          0.0,
          0.0,
          0.0
        ],
        "h2_level": [
          200.0,
          206.75454711914062,
          275.7113342285156,
          262.35845947265625
        ],
        "e_h2_load": [
          357.302001953125,
          307.4789123535156,
          1533.8682861328125,
          1796.935302734375
        ],
        "pending_h2_energy_total": 27326.5625,
        "pending_h2_energy_agent": [
          0.0,
          0.0,
          22115.16015625,
          5211.40234375
        ],
        "external_min_eta": [
          0.16666666666666666,
          0.0,
          0.0,
          0.3333333333333333
        ]
      },
      {
        "step": 12,
        "actions": [
          [
            -0.09609395265579224,
            0.2467718869447708,
            -0.4921228289604187,
            -0.28209227323532104,
            -0.4295530915260315,
            0.427386075258255,
            -0.04544299468398094,
            0.8903161883354187
          ],
          [
            0.5612131953239441,
            0.2329232096672058,
            0.11269782483577728,
            -0.12659156322479248,
            -0.1062290370464325,
            0.18374104797840118,
            -0.22014304995536804,
            -0.7800358533859253
          ],
          [
            -0.22354787588119507,
            -0.7588106393814087,
            -0.4725313186645508,
            0.3592912554740906,
            -0.7538101673126221,
            0.7968516945838928,
            -0.5789741277694702,
            0.7497754096984863
          ],
          [
            -0.08854150027036667,
            -0.0671604797244072,
            -0.10026795417070389,
            0.008798273280262947,
            -0.3889612853527069,
            -0.26785823702812195,
            -0.046157244592905045,
            -0.6438567638397217
          ]
        ],
        "intents": [
          [
            0.0,
            0.0,
            0.0
          ],
          [
            0.0,
            0.0,
            0.0
          ],
          [
            0.0,
            0.0,
            0.0
          ],
          [
            0.0,
            0.0,
            0.0
          ]
        ],
        "economic_cost": 34974.55372558594,
        "step_total_cost": 34974.55372558594,
        "terminal_settlement_cost": 0.0,
        "terminal_battery_asset_value": 2208.9264549623476,
        "terminal_h2_asset_value": 826489.6875,
        "terminal_undelivered_h2_energy": 25633.94452807617,
        "voltage_cost": 0.0,
        "voltage_violation_area": 0.0,
        "voltage_min_pu": 0.9983943650287685,
        "voltage_max_pu": 1.0090592147546975,
        "pf_converged": true,
        "pcc_p_kw": [
          -3687.508056640625,
          -1015.668212890625,
          -322.2777099609375,
          -1140.7359619140625
        ],
        "pcc_q_kvar": [
          229.09454345703125,
          3717.9387988030476,
          -3233.3650539417117,
          3053.8698810650717
        ],
        "p_el": [
          903.9060668945312,
          2341.81982421875,
          194.113037109375,
          364.5834045410156
        ],
        "p_bat": [
          0.00012548346421681345,
          7.52900741645135e-05,
          -0.0,
          -0.0
        ],
        "soc": [
          0.8999999761581421,
          0.8999999761581421,
          0.34077203273773193,
          0.10000000149011612
        ],
        "p_ht": [
          -0.0,
          -0.0,
          -1834.62158203125,
          -1584.5311279296875
        ],
        "h2_emergency_buy_energy": [
          0.0,
          0.0,
          0.0,
          4.57763671875e-05
        ],
        "h2_planned_external_order_energy": [
          0.0,
          0.0,
          0.0,
          1515.166259765625
        ],
        "h2_late_order_energy": [
          0.0,
          0.0,
          0.0,
          0.0
        ],
        "h2_level": [
          200.0,
          206.75454711914062,
          285.0,
          214.81776428222656
        ],
        "e_h2_load": [
          358.834716796875,
          336.9229431152344,
          1951.08935546875,
          1821.5103759765625
        ],
        "pending_h2_energy_total": 25633.9453125,
        "pending_h2_energy_agent": [
          0.0,
          0.0,
          17607.9375,
          8026.0087890625
        ],
        "external_min_eta": [
          0.16666666666666666,
          0.0,
          0.0,
          0.16666666666666666
        ]
      },
      {
        "step": 13,
        "actions": [
          [
            -0.0982409119606018,
            0.23813709616661072,
            -0.500349760055542,
            -0.2858724296092987,
            -0.4422062337398529,
            0.4304518699645996,
            -0.050293177366256714,
            0.8957256078720093
          ],
          [
            0.5845170617103577,
            0.22570714354515076,
            0.15628698468208313,
            -0.1310526579618454,
            -0.13225917518138885,
            0.1793210357427597,
            -0.2331317961215973,
            -0.8144517540931702
          ],
          [
            -0.20941178500652313,
            -0.7640640139579773,
            -0.47053804993629456,
            0.3539084494113922,
            -0.7564791440963745,
            0.8025129437446594,
            -0.5833384394645691,
            0.7500507235527039
          ],
          [
            -0.11633912473917007,
            -0.06089723855257034,
            -0.10931573808193207,
            0.006820330396294594,
            -0.39434027671813965,
            -0.2595885396003723,
            -0.02815847098827362,
            -0.6642840504646301
          ]
        ],
        "intents": [
          [
            0.0,
            0.0,
            0.0
          ],
          [
            0.0,
            0.0,
            0.0
          ],
          [
            0.0,
            0.0,
            0.0
          ],
          [
            0.0,
            0.0,
            0.0
          ]
        ],
        "economic_cost": 207092.42869128418,
        "step_total_cost": 207092.42869128418,
        "terminal_settlement_cost": 0.0,
        "terminal_battery_asset_value": 2208.9264549623476,
        "terminal_h2_asset_value": 782947.734375,
        "terminal_undelivered_h2_energy": 29737.745580322262,
        "voltage_cost": 0.0,
        "voltage_violation_area": 0.0,
        "voltage_min_pu": 0.9984633220559264,
        "voltage_max_pu": 1.0107282162075988,
        "pf_converged": true,
        "pcc_p_kw": [
          -3761.6904296875,
          -1043.1961669921875,
          -410.61761474609375,
          -1269.095703125
        ],
        "pcc_q_kvar": [
          198.31002807617188,
          3863.8680253881644,
          -3283.1365550651217,
          3114.8049218542337
        ],
        "p_el": [
          901.7590942382812,
          2376.775634765625,
          197.6470489501953,
          353.46435546875
        ],
        "p_bat": [
          0.00012548346421681345,
          7.52900741645135e-05,
          -0.0,
          -0.0
        ],
        "soc": [
          0.8999999761581421,
          0.8999999761581421,
          0.34077203273773193,
          0.10000000149011612
        ],
        "p_ht": [
          -0.0,
          -0.0,
          -1594.0159912109375,
          -1451.4002685546875
        ],
        "h2_emergency_buy_energy": [
          0.0,
          0.0,
          2.288818359375e-05,
          1.52587890625e-05
        ],
        "h2_planned_external_order_energy": [
          0.0,
          0.0,
          4286.39306640625,
          3007.921630859375
        ],
        "h2_late_order_energy": [
          0.0,
          0.0,
          0.0,
          0.0
        ],
        "h2_level": [
          200.0,
          206.75454711914062,
          285.0,
          171.2714080810547
        ],
        "e_h2_load": [
          332.7169494628906,
          271.6446838378906,
          1712.604248046875,
          1681.152099609375
        ],
        "pending_h2_energy_total": 29737.74609375,
        "pending_h2_energy_agent": [
          0.0,
          0.0,
          18920.384765625,
          10817.3603515625
        ],
        "external_min_eta": [
          0.16666666666666666,
          0.0,
          0.0,
          0.16666666666666666
        ]
      },
      {
        "step": 14,
        "actions": [
          [
            -0.10419626533985138,
            0.2292715460062027,
            -0.5109219551086426,
            -0.2893974483013153,
            -0.4595664143562317,
            0.4375770688056946,
            -0.05180792137980461,
            0.9026597738265991
          ],
          [
            0.5956528186798096,
            0.21907605230808258,
            0.18757112324237823,
            -0.13051234185695648,
            -0.1525600552558899,
            0.1749522089958191,
            -0.2366999387741089,
            -0.830996036529541
          ],
          [
            -0.19794070720672607,
            -0.7520487308502197,
            -0.4600255489349365,
            0.344433456659317,
            -0.7458629012107849,
            0.7935712933540344,
            -0.5788065195083618,
            0.7305273413658142
          ],
          [
            -0.12542246282100677,
            -0.08329339325428009,
            -0.10413152724504471,
            0.013131089508533478,
            -0.40780362486839294,
            -0.27369794249534607,
            -0.03466518223285675,
            -0.6549066305160522
          ]
        ],
        "intents": [
          [
            0.0,
            0.0,
            0.0
          ],
          [
            0.0,
            0.0,
            0.0
          ],
          [
            0.0,
            0.0,
            0.0
          ],
          [
            0.0,
            0.0,
            0.0
          ]
        ],
        "economic_cost": 84072.95037811279,
        "step_total_cost": 84072.95037811279,
        "terminal_settlement_cost": 0.0,
        "terminal_battery_asset_value": 2208.9264549623476,
        "terminal_h2_asset_value": 751073.0859375,
        "terminal_undelivered_h2_energy": 22035.305342041014,
        "voltage_cost": 0.0,
        "voltage_violation_area": 0.0,
        "voltage_min_pu": 0.9984180972628732,
        "voltage_max_pu": 1.0097306248027436,
        "pf_converged": true,
        "pcc_p_kw": [
          -3494.531982421875,
          -1245.491943359375,
          -271.8864440917969,
          -1334.62890625
        ],
        "pcc_q_kvar": [
          204.09439086914062,
          3938.531225290274,
          -3307.323487402842,
          3055.147568368442
        ],
        "p_el": [
          895.8037109375,
          2393.479248046875,
          200.5148162841797,
          349.8310241699219
        ],
        "p_bat": [
          0.00012548346421681345,
          7.52900741645135e-05,
          -0.0,
          -0.0
        ],
        "soc": [
          0.8999999761581421,
          0.8999999761581421,
          0.34077203273773193,
          0.10000000149011612
        ],
        "p_ht": [
          -0.0,
          -0.0,
          -871.7013549804688,
          -1062.48828125
        ],
        "h2_emergency_buy_energy": [
          0.0,
          0.0,
          7.62939453125e-06,
          0.0
        ],
        "h2_planned_external_order_energy": [
          0.0,
          0.0,
          4160.6572265625,
          0.0
        ],
        "h2_late_order_energy": [
          0.0,
          0.0,
          5829.1064453125,
          0.0
        ],
        "h2_level": [
          200.0,
          206.75454711914062,
          285.0,
          139.39356994628906
        ],
        "e_h2_load": [
          323.3879699707031,
          190.98684692382812,
          992.01025390625,
          1289.87841796875
        ],
        "pending_h2_energy_total": 22035.3046875,
        "pending_h2_energy_agent": [
          0.0,
          0.0,
          11217.9453125,
          10817.3603515625
        ],
        "external_min_eta": [
          0.16666666666666666,
          0.0,
          0.0,
          0.16666666666666666
        ]
      },
      {
        "step": 15,
        "actions": [
          [
            -0.11439616978168488,
            0.22092387080192566,
            -0.5222418904304504,
            -0.2913685441017151,
            -0.48032861948013306,
            0.4476393163204193,
            -0.047676943242549896,
            0.9098259210586548
          ],
          [
            0.5845338106155396,
            0.20363397896289825,
            0.206098273396492,
            -0.12196586281061172,
            -0.1670905202627182,
            0.16519992053508759,
            -0.22523929178714752,
            -0.8252474665641785
          ],
          [
            -0.19086116552352905,
            -0.7519904971122742,
            -0.45261791348457336,
            0.3359565734863281,
            -0.7451091408729553,
            0.7935945391654968,
            -0.5782507658004761,
            0.7272152900695801
          ],
          [
            -0.12991343438625336,
            -0.09780802577733994,
            -0.0974080041050911,
            0.017779892310500145,
            -0.40266749262809753,
            -0.28982871770858765,
            -0.03800683468580246,
            -0.6498937606811523
          ]
        ],
        "intents": [
          [
            0.0,
            0.0,
            0.0
          ],
          [
            0.0,
            0.0,
            0.0
          ],
          [
            0.0,
            0.0,
            0.0
          ],
          [
            0.0,
            0.0,
            0.0
          ]
        ],
        "economic_cost": 209049.29936218262,
        "step_total_cost": 209049.29936218262,
        "terminal_settlement_cost": 0.0,
        "terminal_battery_asset_value": 2208.9264549623476,
        "terminal_h2_asset_value": 735602.34375,
        "terminal_undelivered_h2_energy": 29168.723461181635,
        "voltage_cost": 0.0,
        "voltage_violation_area": 0.0,
        "voltage_min_pu": 0.9987388963174637,
        "voltage_max_pu": 1.0129912137775856,
        "pf_converged": true,
        "pcc_p_kw": [
          -3252.559326171875,
          -1326.1004638671875,
          -350.80126953125,
          -1141.19580078125
        ],
        "pcc_q_kvar": [
          -1166.5228388122466,
          3932.26794063598,
          -3342.9373602830797,
          3082.243168357619
        ],
        "p_el": [
          885.6038208007812,
          2376.80078125,
          202.2847137451172,
          348.0346374511719
        ],
        "p_bat": [
          0.00012548346421681345,
          7.52900741645135e-05,
          -0.0,
          -0.0
        ],
        "soc": [
          0.8999999761581421,
          0.8999999761581421,
          0.34077203273773193,
          0.10000000149011612
        ],
        "p_ht": [
          -0.0,
          -0.0,
          -616.5398559570312,
          -1031.596435546875
        ],
        "h2_emergency_buy_energy": [
          0.0,
          0.0,
          1.52587890625e-05,
          3.0517578125e-05
        ],
        "h2_planned_external_order_energy": [
          0.0,
          0.0,
          4154.0634765625,
          2885.07080078125
        ],
        "h2_late_order_energy": [
          0.0,
          0.0,
          5829.1826171875,
          2885.07080078125
        ],
        "h2_level": [
          200.0,
          206.75454711914062,
          266.501953125,
          142.4193115234375
        ],
        "e_h2_load": [
          298.09814453125,
          191.62567138671875,
          737.9107055664062,
          1257.8189697265625
        ],
        "pending_h2_energy_total": 29168.724609375,
        "pending_h2_energy_agent": [
          0.0,
          0.0,
          16806.462890625,
          12362.26171875
        ],
        "external_min_eta": [
          0.16666666666666666,
          0.0,
          0.0,
          0.3333333333333333
        ]
      },
      {
        "step": 16,
        "actions": [
          [
            -0.1233186423778534,
            0.21440808475017548,
            -0.5306518077850342,
            -0.29131537675857544,
            -0.4982518255710602,
            0.45752087235450745,
            -0.043283410370349884,
            0.9154214262962341
          ],
          [
            0.5556630492210388,
            0.17984455823898315,
            0.21079912781715393,
            -0.10723398625850677,
            -0.17158076167106628,
            0.15442928671836853,
            -0.20179788768291473,
            -0.7980455160140991
          ],
          [
            -0.18937908113002777,
            -0.7526799440383911,
            -0.4510733485221863,
            0.33463987708091736,
            -0.7432426810264587,
            0.792273998260498,
            -0.5721458792686462,
            0.7284134030342102
          ],
          [
            -0.10836553573608398,
            -0.16063867509365082,
            -0.06478918343782425,
            0.03333035483956337,
            -0.40975695848464966,
            -0.3133390545845032,
            -0.0742979645729065,
            -0.5610308051109314
          ]
        ],
        "intents": [
          [
            0.0,
            0.0,
            0.0
          ],
          [
            0.0,
            0.0,
            0.0
          ],
          [
            0.0,
            0.0,
            0.0
          ],
          [
            0.0,
            0.0,
            0.0
          ]
        ],
        "economic_cost": 197892.05297839356,
        "step_total_cost": 197892.05297839356,
        "terminal_settlement_cost": 0.0,
        "terminal_battery_asset_value": 2208.9264549623476,
        "terminal_h2_asset_value": 754021.171875,
        "terminal_undelivered_h2_energy": 31795.606634033204,
        "voltage_cost": 0.0,
        "voltage_violation_area": 0.0,
        "voltage_min_pu": 0.9988450036396253,
        "voltage_max_pu": 1.0122945938350825,
        "pf_converged": true,
        "pcc_p_kw": [
          -2505.44384765625,
          -1063.5885009765625,
          -586.4306030273438,
          -711.27294921875
        ],
        "pcc_q_kvar": [
          -2553.623882466323,
          3832.2260228025743,
          -3331.2093889340767,
          2762.336371674666
        ],
        "p_el": [
          876.6813354492188,
          2333.49462890625,
          202.6552276611328,
          356.6537780761719
        ],
        "p_bat": [
          0.00012548346421681345,
          7.52900741645135e-05,
          -0.0,
          -0.0
        ],
        "soc": [
          0.8999999761581421,
          0.8999999761581421,
          0.34077203273773193,
          0.10000000149011612
        ],
        "p_ht": [
          -0.0,
          -0.0,
          -749.786376953125,
          -1140.4259033203125
        ],
        "h2_emergency_buy_energy": [
          0.0,
          0.0,
          0.0,
          0.0
        ],
        "h2_planned_external_order_energy": [
          0.0,
          0.0,
          4170.806640625,
          2789.56005859375
        ],
        "h2_late_order_energy": [
          0.0,
          0.0,
          5824.890625,
          2789.56005859375
        ],
        "h2_level": [
          200.0,
          206.75454711914062,
          285.0,
          142.34201049804688
        ],
        "e_h2_load": [
          297.3777160644531,
          178.9867706298828,
          871.3795166015625,
          1372.2508544921875
        ],
        "pending_h2_energy_total": 31795.609375,
        "pending_h2_energy_agent": [
          0.0,
          0.0,
          17960.16796875,
          13835.4404296875
        ],
        "external_min_eta": [
          0.3333333333333333,
          0.16666666666666666,
          0.0,
          0.3333333333333333
        ]
      },
      {
        "step": 17,
        "actions": [
          [
            -0.13432683050632477,
            0.20999786257743835,
            -0.542198657989502,
            -0.29268398880958557,
            -0.518333375453949,
            0.4719947576522827,
            -0.036920271813869476,
            0.9222931265830994
          ],
          [
            0.502173900604248,
            0.14122441411018372,
            0.20100490748882294,
            -0.08700670301914215,
            -0.171463280916214,
            0.14156857132911682,
            -0.16310855746269226,
            -0.7331464290618896
          ],
          [
            -0.19656500220298767,
            -0.7642239332199097,
            -0.4591488838195801,
            0.34263384342193604,
            -0.7488974332809448,
            0.7980642914772034,
            -0.5664573311805725,
            0.7467737793922424
          ],
          [
            -0.061586152762174606,
            -0.2520814836025238,
            -0.025001022964715958,
            0.058118388056755066,
            -0.43269193172454834,
            -0.3628155589103699,
            -0.13755297660827637,
            -0.43049097061157227
          ]
        ],
        "intents": [
          [
            0.0,
            0.0,
            0.0
          ],
          [
            0.0,
            0.0,
            0.0
          ],
          [
            0.0,
            0.0,
            0.0
          ],
          [
            0.0,
            0.0,
            0.0
          ]
        ],
        "economic_cost": 115406.82402563476,
        "step_total_cost": 115406.82402563476,
        "terminal_settlement_cost": 0.0,
        "terminal_battery_asset_value": 2208.9264549623476,
        "terminal_h2_asset_value": 720637.265625,
        "terminal_undelivered_h2_energy": 32832.8245267334,
        "voltage_cost": 0.0,
        "voltage_violation_area": 0.0,
        "voltage_min_pu": 0.9987583894496381,
        "voltage_max_pu": 1.0084503082366334,
        "pf_converged": true,
        "pcc_p_kw": [
          -1301.16259765625,
          -772.0791015625,
          -757.119873046875,
          -295.64947509765625
        ],
        "pcc_q_kvar": [
          -3571.9116708590896,
          3574.328068602802,
          -3405.263978949408,
          2222.9325243286094
        ],
        "p_el": [
          865.6731567382812,
          2253.2607421875,
          200.85874938964844,
          375.36553955078125
        ],
        "p_bat": [
          0.00012548346421681345,
          7.52900741645135e-05,
          -0.0,
          -0.0
        ],
        "soc": [
          0.8999999761581421,
          0.8999999761581421,
          0.34077203273773193,
          0.10000000149011612
        ],
        "p_ht": [
          -0.0,
          -0.0,
          -794.1784057617188,
          -1371.8477783203125
        ],
        "h2_emergency_buy_energy": [
          0.0,
          0.0,
          7.62939453125e-06,
          0.0
        ],
        "h2_planned_external_order_energy": [
          0.0,
          0.0,
          4236.09375,
          0.0
        ],
        "h2_late_order_energy": [
          0.0,
          0.0,
          5843.708984375,
          0.0
        ],
        "h2_level": [
          200.0,
          206.75454711914062,
          285.0,
          108.95471954345703
        ],
        "e_h2_load": [
          288.3995361328125,
          174.5757598876953,
          914.6936645507812,
          1615.8353271484375
        ],
        "pending_h2_energy_total": 32832.82421875,
        "pending_h2_energy_agent": [
          0.0,
          0.0,
          19256.43359375,
          13576.390625
        ],
        "external_min_eta": [
          0.16666666666666666,
          0.3333333333333333,
          0.0,
          0.0
        ]
      },
      {
        "step": 18,
        "actions": [
          [
            -0.14800861477851868,
            0.21013003587722778,
            -0.5607272982597351,
            -0.299339234828949,
            -0.5424904823303223,
            0.4938131272792816,
            -0.029355855658650398,
            0.9321176409721375
          ],
          [
            0.4294775426387787,
            0.07841464877128601,
            0.18086731433868408,
            -0.06648758053779602,
            -0.17572255432605743,
            0.1329575479030609,
            -0.11278734356164932,
            -0.6118430495262146
          ],
          [
            -0.21118275821208954,
            -0.7771371603012085,
            -0.46978211402893066,
            0.3551748991012573,
            -0.7573111653327942,
            0.8036727905273438,
            -0.5610462427139282,
            0.7702447175979614
          ],
          [
            0.051221076399087906,
            -0.39229148626327515,
            0.043877601623535156,
            0.09502711892127991,
            -0.47162869572639465,
            -0.4233577251434326,
            -0.24946026504039764,
            -0.15371520817279816
          ]
        ],
        "intents": [
          [
            0.0,
            0.0,
            0.0
          ],
          [
            0.0,
            0.0,
            0.0
          ],
          [
            0.0,
            0.0,
            0.0
          ],
          [
            0.0,
            0.0,
            0.0
          ]
        ],
        "economic_cost": 14719.428805541993,
        "step_total_cost": 14719.428805541993,
        "terminal_settlement_cost": 0.0,
        "terminal_battery_asset_value": 2208.9264549623476,
        "terminal_h2_asset_value": 802888.06640625,
        "terminal_undelivered_h2_energy": 26642.421272338863,
        "voltage_cost": 0.0,
        "voltage_violation_area": 0.0,
        "voltage_min_pu": 0.9988242198995236,
        "voltage_max_pu": 1.0069642243155328,
        "pf_converged": true,
        "pcc_p_kw": [
          57.080596923828125,
          -726.228515625,
          -1026.7882080078125,
          230.84088134765625
        ],
        "pcc_q_kvar": [
          -4148.36392965807,
          3035.3538727769533,
          -3527.130119712772,
          938.4797132943999
        ],
        "p_el": [
          851.9913940429688,
          2144.21630859375,
          197.20431518554688,
          420.4884338378906
        ],
        "p_bat": [
          0.00012548346421681345,
          7.52900741645135e-05,
          -0.0,
          -2.8312206268310547e-06
        ],
        "soc": [
          0.8999999761581421,
          0.8999999761581421,
          0.34077203273773193,
          0.10000000149011612
        ],
        "p_ht": [
          -0.0,
          -0.0,
          -765.506103515625,
          -1336.7763671875
        ],
        "h2_emergency_buy_energy": [
          0.0,
          0.0,
          0.0,
          3.0517578125e-05
        ],
        "h2_planned_external_order_energy": [
          0.0,
          0.0,
          0.0,
          873.3668212890625
        ],
        "h2_late_order_energy": [
          0.0,
          0.0,
          0.0,
          2342.609130859375
        ],
        "h2_level": [
          200.0,
          206.75454711914062,
          285.0,
          191.2137451171875
        ],
        "e_h2_load": [
          306.9000549316406,
          213.99221801757812,
          883.8286743164062,
          1610.0938720703125
        ],
        "pending_h2_energy_total": 26642.421875,
        "pending_h2_energy_agent": [
          0.0,
          0.0,
          14923.7744140625,
          11718.6474609375
        ],
        "external_min_eta": [
          0.0,
          0.16666666666666666,
          0.0,
          0.0
        ]
      },
      {
        "step": 19,
        "actions": [
          [
            -0.15962760150432587,
            0.21164599061012268,
            -0.5734721422195435,
            -0.3031368851661682,
            -0.560778021812439,
            0.5109289288520813,
            -0.02029578574001789,
            0.9386076331138611
          ],
          [
            0.3272330164909363,
            0.004055428318679333,
            0.1439361423254013,
            -0.04371116682887077,
            -0.17245276272296906,
            0.12069263309240341,
            -0.05256252735853195,
            -0.4044366478919983
          ],
          [
            -0.220464289188385,
            -0.7905850410461426,
            -0.4816027581691742,
            0.3645004630088806,
            -0.7679607272148132,
            0.8123714327812195,
            -0.5591313242912292,
            0.793123722076416
          ],
          [
            0.1499033272266388,
            -0.504635751247406,
            0.11198299378156662,
            0.12975893914699554,
            -0.4915895164012909,
            -0.4701273441314697,
            -0.3438360393047333,
            0.15032348036766052
          ]
        ],
        "intents": [
          [
            0.0,
            0.0,
            0.0
          ],
          [
            0.0,
            0.0,
            0.0
          ],
          [
            0.0,
            0.0,
            0.0
          ],
          [
            0.0,
            0.0,
            0.0
          ]
        ],
        "economic_cost": 204115.71269226074,
        "step_total_cost": 204115.71269226074,
        "terminal_settlement_cost": 0.0,
        "terminal_battery_asset_value": 2208.9264549623476,
        "terminal_h2_asset_value": 771048.57421875,
        "terminal_undelivered_h2_energy": 32783.48234472656,
        "voltage_cost": 0.0,
        "voltage_violation_area": 0.0,
        "voltage_min_pu": 0.9987829550155496,
        "voltage_max_pu": 1.006387326266237,
        "pf_converged": true,
        "pcc_p_kw": [
          1068.688232421875,
          -656.1748046875,
          -1096.5491943359375,
          659.48046875
        ],
        "pcc_q_kvar": [
          -4276.470858568419,
          2071.6425474681173,
          -3593.464532561083,
          -506.214384854861
        ],
        "p_el": [
          840.3723754882812,
          1990.8494873046875,
          194.88392639160156,
          459.9613342285156
        ],
        "p_bat": [
          0.00012548346421681345,
          7.52900741645135e-05,
          -0.0,
          -2.8312206268310547e-06
        ],
        "soc": [
          0.8999999761581421,
          0.8999999761581421,
          0.34077203273773193,
          0.10000000149011612
        ],
        "p_ht": [
          -0.0,
          -0.0,
          -1040.288330078125,
          -1439.221923828125
        ],
        "h2_emergency_buy_energy": [
          0.0,
          0.0,
          6.103515625e-05,
          0.0
        ],
        "h2_planned_external_order_energy": [
          0.0,
          0.0,
          4635.6689453125,
          2152.607666015625
        ],
        "h2_late_order_energy": [
          0.0,
          0.0,
          5890.20751953125,
          2152.607666015625
        ],
        "h2_level": [
          200.0,
          206.75454711914062,
          253.78822326660156,
          190.58290100097656
        ],
        "e_h2_load": [
          358.4935607910156,
          269.2809143066406,
          1157.21875,
          1738.19677734375
        ],
        "pending_h2_energy_total": 32783.484375,
        "pending_h2_energy_agent": [
          0.0,
          0.0,
          20399.306640625,
          12384.1767578125
        ],
        "external_min_eta": [
          0.0,
          0.16666666666666666,
          0.16666666666666666,
          0.0
        ]
      },
      {
        "step": 20,
        "actions": [
          [
            -0.16863912343978882,
            0.21342504024505615,
            -0.5820502042770386,
            -0.3055025637149811,
            -0.5736528038978577,
            0.5238280296325684,
            -0.011377757415175438,
            0.9429067969322205
          ],
          [
            0.20113718509674072,
            -0.07103461772203445,
            0.09518352895975113,
            -0.018039299175143242,
            -0.1612115055322647,
            0.1056961715221405,
            0.015290393494069576,
            -0.10871226340532303
          ],
          [
            -0.2361586093902588,
            -0.8037047982215881,
            -0.49805963039398193,
            0.380514919757843,
            -0.7774145007133484,
            0.8194039463996887,
            -0.5547489523887634,
            0.8153384327888489
          ],
          [
            0.21322959661483765,
            -0.5518589019775391,
            0.14643405377864838,
            0.1494031846523285,
            -0.49412813782691956,
            -0.49544063210487366,
            -0.39569196105003357,
            0.3058716356754303
          ]
        ],
        "intents": [
          [
            0.0,
            0.0,
            0.0
          ],
          [
            0.0,
            0.0,
            0.0
          ],
          [
            0.0,
            0.0,
            0.0
          ],
          [
            0.0,
            0.0,
            0.0
          ]
        ],
        "economic_cost": 18488.9552175293,
        "step_total_cost": 18488.9552175293,
        "terminal_settlement_cost": 0.0,
        "terminal_battery_asset_value": 2208.9264549623476,
        "terminal_h2_asset_value": 749606.42578125,
        "terminal_undelivered_h2_energy": 26734.022920166008,
        "voltage_cost": 0.0,
        "voltage_violation_area": 0.0,
        "voltage_min_pu": 0.9980788730241692,
        "voltage_max_pu": 1.0032537213019377,
        "pf_converged": true,
        "pcc_p_kw": [
          1498.5145263671875,
          -699.3811645507812,
          -473.3749694824219,
          957.0220336914062
        ],
        "pcc_q_kvar": [
          -4257.421925097714,
          697.1283631919832,
          -3565.5232591624167,
          -1211.7118147691833
        ],
        "p_el": [
          831.3609008789062,
          1801.705810546875,
          190.96034240722656,
          485.2918395996094
        ],
        "p_bat": [
          0.00012548346421681345,
          -0.0,
          -0.0,
          -2.8312206268310547e-06
        ],
        "soc": [
          0.8999999761581421,
          0.8999999761581421,
          0.34077203273773193,
          0.10000000149011612
        ],
        "p_ht": [
          -0.0,
          -0.0,
          -1834.6121826171875,
          -1755.0283203125
        ],
        "h2_emergency_buy_energy": [
          0.0,
          0.0,
          0.0,
          0.0
        ],
        "h2_planned_external_order_energy": [
          0.0,
          0.0,
          0.0,
          1086.055908203125
        ],
        "h2_late_order_energy": [
          0.0,
          0.0,
          0.0,
          2049.7724609375
        ],
        "h2_level": [
          200.0,
          206.75454711914062,
          285.0,
          137.92678833007812
        ],
        "e_h2_load": [
          430.5545959472656,
          358.79022216796875,
          1949.1883544921875,
          2070.468017578125
        ],
        "pending_h2_energy_total": 26734.0234375,
        "pending_h2_energy_agent": [
          0.0,
          0.0,
          12366.87890625,
          14367.14453125
        ],
        "external_min_eta": [
          0.0,
          0.16666666666666666,
          0.16666666666666666,
          0.0
        ]
      },
      {
        "step": 21,
        "actions": [
          [
            -0.17535728216171265,
            0.2161736935377121,
            -0.5852451920509338,
            -0.30444666743278503,
            -0.5810138583183289,
            0.5320246815681458,
            -0.0006626898539252579,
            0.9447839856147766
          ],
          [
            0.0481390543282032,
            -0.14519661664962769,
            0.03489123284816742,
            0.009244484826922417,
            -0.14220711588859558,
            0.08174137026071548,
            0.08426729589700699,
            0.22484946250915527
          ],
          [
            -0.24678130447864532,
            -0.8057566285133362,
            -0.5042459964752197,
            0.3862886428833008,
            -0.7793909311294556,
            0.8192403316497803,
            -0.5502561330795288,
            0.823559045791626
          ],
          [
            0.24791167676448822,
            -0.5790671706199646,
            0.17281749844551086,
            0.16422834992408752,
            -0.48686373233795166,
            -0.5058165192604065,
            -0.4247342646121979,
            0.4135582447052002
          ]
        ],
        "intents": [
          [
            0.0,
            0.0,
            0.0
          ],
          [
            0.0,
            0.0,
            0.0
          ],
          [
            0.0,
            0.0,
            0.0
          ],
          [
            0.0,
            0.0,
            0.0
          ]
        ],
        "economic_cost": 39239.77066986084,
        "step_total_cost": 39239.77066986084,
        "terminal_settlement_cost": 0.0,
        "terminal_battery_asset_value": 2208.9264549623476,
        "terminal_h2_asset_value": 772002.12890625,
        "terminal_undelivered_h2_energy": 21818.225853759763,
        "voltage_cost": 0.0,
        "voltage_violation_area": 0.0,
        "voltage_min_pu": 0.9989190737889563,
        "voltage_max_pu": 1.0086411400164914,
        "pf_converged": true,
        "pcc_p_kw": [
          1597.711669921875,
          -988.854736328125,
          -332.6190185546875,
          1075.84521484375
        ],
        "pcc_q_kvar": [
          -4231.523250579832,
          -892.0512237548828,
          -3608.350570678711,
          -1694.5546417236328
        ],
        "p_el": [
          824.6427001953125,
          1572.2086181640625,
          188.30467224121094,
          499.1646728515625
        ],
        "p_bat": [
          0.00012548346421681345,
          -0.0,
          -0.0,
          -2.8312206268310547e-06
        ],
        "soc": [
          0.8999999761581421,
          0.8999999761581421,
          0.34077203273773193,
          0.10000000149011612
        ],
        "p_ht": [
          -0.0,
          -0.0,
          -1719.0518798828125,
          -2044.82763671875
        ],
        "h2_emergency_buy_energy": [
          0.0,
          0.0,
          0.0,
          101.715576171875
        ],
        "h2_planned_external_order_energy": [
          0.0,
          0.0,
          0.0,
          1310.232421875
        ],
        "h2_late_order_energy": [
          0.0,
          0.0,
          0.0,
          2007.620361328125
        ],
        "h2_level": [
          200.0,
          206.75454711914062,
          285.0,
          160.32473754882812
        ],
        "e_h2_load": [
          503.98095703125,
          397.8164978027344,
          1832.03466796875,
          2471.000244140625
        ],
        "pending_h2_energy_total": 21818.224609375,
        "pending_h2_energy_agent": [
          0.0,
          0.0,
          8300.228515625,
          13517.99609375
        ],
        "external_min_eta": [
          0.0,
          0.0,
          0.16666666666666666,
          0.0
        ]
      },
      {
        "step": 22,
        "actions": [
          [
            -0.17906133830547333,
            0.21844518184661865,
            -0.5834518074989319,
            -0.3001360595226288,
            -0.5821148753166199,
            0.5347816348075867,
            0.008267560042440891,
            0.9442238211631775
          ],
          [
            -0.04760909825563431,
            -0.16108740866184235,
            -0.021584048867225647,
            0.03238761052489281,
            -0.11225689202547073,
            0.07039057463407516,
            0.1312195062637329,
            0.4189291000366211
          ],
          [
            -0.2514404058456421,
            -0.8041278123855591,
            -0.5041043162345886,
            0.387724906206131,
            -0.775448739528656,
            0.8139836192131042,
            -0.5386947989463806,
            0.8264274597167969
          ],
          [
            0.27128520607948303,
            -0.5877633094787598,
            0.17610353231430054,
            0.1732192486524582,
            -0.4915793538093567,
            -0.5203669667243958,
            -0.4434565305709839,
            0.43544909358024597
          ]
        ],
        "intents": [
          [
            0.0,
            0.0,
            0.0
          ],
          [
            0.0,
            0.0,
            0.0
          ],
          [
            0.0,
            0.0,
            0.0
          ],
          [
            0.0,
            0.0,
            0.0
          ]
        ],
        "economic_cost": 31466.34898699951,
        "step_total_cost": 31466.34898699951,
        "terminal_settlement_cost": 0.0,
        "terminal_battery_asset_value": 2208.9264549623476,
        "terminal_h2_asset_value": 781323.75,
        "terminal_undelivered_h2_energy": 19058.413040039064,
        "voltage_cost": 0.0,
        "voltage_violation_area": 0.0,
        "voltage_min_pu": 0.9998799324099397,
        "voltage_max_pu": 1.0165078276290216,
        "pf_converged": true,
        "pcc_p_kw": [
          1438.6029052734375,
          -1306.1441650390625,
          -407.97564697265625,
          968.0006713867188
        ],
        "pcc_q_kvar": [
          -4284.722080230711,
          -1860.9987487792969,
          -3701.1890258789062,
          -1836.1068363189697
        ],
        "p_el": [
          820.9386596679688,
          1428.5863037109375,
          187.139892578125,
          508.5140686035156
        ],
        "p_bat": [
          0.00012548346421681345,
          -0.0,
          -0.0,
          -2.8312206268310547e-06
        ],
        "soc": [
          0.8999999761581421,
          0.8999999761581421,
          0.34077203273773193,
          0.10000000149011612
        ],
        "p_ht": [
          -0.0,
          -0.0,
          -1303.8707275390625,
          -1773.00439453125
        ],
        "h2_emergency_buy_energy": [
          0.0,
          0.0,
          0.0,
          6.103515625e-05
        ],
        "h2_planned_external_order_energy": [
          0.0,
          0.0,
          0.0,
          1154.5054931640625
        ],
        "h2_late_order_energy": [
          0.0,
          0.0,
          0.0,
          1948.5091552734375
        ],
        "h2_level": [
          200.0,
          206.75454711914062,
          285.0,
          169.6472625732422
        ],
        "e_h2_load": [
          396.1825256347656,
          313.05194091796875,
          1416.1546630859375,
          2103.53857421875
        ],
        "pending_h2_energy_total": 19058.4140625,
        "pending_h2_energy_agent": [
          0.0,
          0.0,
          5739.4111328125,
          13319.001953125
        ],
        "external_min_eta": [
          0.0,
          0.0,
          0.16666666666666666,
          0.0
        ]
      },
      {
        "step": 23,
        "actions": [
          [
            -0.18183384835720062,
            0.22216297686100006,
            -0.5773350596427917,
            -0.2923673093318939,
            -0.5784109830856323,
            0.5337685942649841,
            0.018719976767897606,
            0.9415825009346008
          ],
          [
            -0.11239256709814072,
            -0.14968131482601166,
            -0.07618068158626556,
            0.04784884676337242,
            -0.0792677029967308,
            0.06280645728111267,
            0.16010171175003052,
            0.5281559824943542
          ],
          [
            -0.2531982958316803,
            -0.7989889979362488,
            -0.4988137185573578,
            0.38554486632347107,
            -0.7677067518234253,
            0.8062155246734619,
            -0.5240139365196228,
            0.824426531791687
          ],
          [
            0.29561781883239746,
            -0.5918329358100891,
            0.18479110300540924,
            0.17505067586898804,
            -0.481751948595047,
            -0.5200416445732117,
            -0.45463132858276367,
            0.4652795195579529
          ]
        ],
        "intents": [
          [
            0.0,
            0.0,
            0.0
          ],
          [
            0.0,
            0.0,
            0.0
          ],
          [
            0.0,
            0.0,
            0.0
          ],
          [
            0.0,
            0.0,
            0.0
          ]
        ],
        "economic_cost": 139697.62122576905,
        "step_total_cost": -197552.2426624361,
        "terminal_settlement_cost": -337249.86388820515,
        "terminal_battery_asset_value": 2208.9264549623476,
        "terminal_h2_asset_value": 896664.9609375,
        "terminal_undelivered_h2_energy": 15092.422146240235,
        "voltage_cost": 0.0,
        "voltage_violation_area": 0.0,
        "voltage_min_pu": 1.0,
        "voltage_max_pu": 1.0244546534122612,
        "pf_converged": true,
        "pcc_p_kw": [
          1289.15966796875,
          -1554.5203857421875,
          -694.232421875,
          832.331787109375
        ],
        "pcc_q_kvar": [
          -4325.260814666746,
          -2414.3577613830566,
          -3757.4675674438477,
          -2029.127857208252
        ],
        "p_el": [
          818.1661376953125,
          1331.4111328125,
          186.70042419433594,
          518.2471313476562
        ],
        "p_bat": [
          0.00012548346421681345,
          -0.0,
          -0.0,
          -2.8312206268310547e-06
        ],
        "soc": [
          0.8999999761581421,
          0.8999999761581421,
          0.34077203273773193,
          0.10000000149011612
        ],
        "p_ht": [
          -0.0,
          -0.0,
          -968.44677734375,
          -1357.2969970703125
        ],
        "h2_emergency_buy_energy": [
          0.0,
          0.0,
          7.62939453125e-06,
          0.0
        ],
        "h2_planned_external_order_energy": [
          0.0,
          0.0,
          4982.623046875,
          0.0
        ],
        "h2_late_order_energy": [
          0.0,
          0.0,
          5870.20068359375,
          0.0
        ],
        "h2_level": [
          200.0,
          206.75454711914062,
          285.0,
          285.0
        ],
        "e_h2_load": [
          307.501708984375,
          243.0540771484375,
          1080.467041015625,
          1694.1575927734375
        ],
        "pending_h2_energy_total": 15092.421875,
        "pending_h2_energy_agent": [
          0.0,
          0.0,
          10006.4638671875,
          5085.9580078125
        ],
        "external_min_eta": [
          0.0,
          0.0,
          0.16666666666666666,
          0.0
        ]
      }
    ]
  }
}
