{
  "variant": "v6q_nocomm_gru_macpo_softc8_knee97",
  "exploratory": true,
  "target_updates": 1000,
  "resumed_from_update": 800,
  "dimensions": {
    "num_agents": 4,
    "action_dim": 8,
    "base_obs_dim": 32,
    "actor_obs_dim": 40
  },
  "metrics": [
    {
      "update": 801,
      "algorithm": "macpo",
      "actor_loss": -0.1630706787109375,
      "reward_critic_loss": 0.0002664450730662793,
      "cost_critic_loss": 0.09684646129608154,
      "reward_critic_loss_last": 0.00023699234589003026,
      "cost_critic_loss_last": 0.09327912330627441,
      "critic_epochs": 8,
      "daily_voltage_cost": 0.006696842145174742,
      "daily_voltage_cost_raw": 0.006696842145174742,
      "daily_voltage_cost_normalized": 0.33484208583831787,
      "daily_economic_return_raw_yuan": -480194.78125,
      "daily_economic_return_normalized": -0.15236033499240875,
      "daily_economic_cost_raw_yuan": 480194.78125,
      "economic_reward_scale_yuan": 3151704.8194007874,
      "lagrange_multiplier": 0.0,
      "cost_budget": 1.0,
      "cost_budget_raw": 0.02,
      "cost_budget_normalized": 1.0,
      "algorithm_cost_mode": "separate_cost",
      "fixed_cost_penalty_coef": 0.0,
      "log_std_max": -2.3,
      "accepted": true,
      "mode": "reward",
      "reward_before": -4.244701301558962e-08,
      "reward_after": 0.1630706787109375,
      "cost_before": 0.3348444700241089,
      "cost_after": -0.0832597017288208,
      "kl_before": -2.384185791015625e-07,
      "kl_after": 0.019987260922789574,
      "cost_gap": -0.6651555299758911,
      "cost_recoverable": true,
      "cost_quadratic": 234.12091064453125,
      "reward_quadratic": 0.5734598636627197,
      "reward_cost_cross": -1.3696273565292358,
      "max_linear_cost_drop": 3.0602020236875296,
      "rollout_wall_seconds": 4.85885557346046,
      "update_wall_seconds": 22.454947520047426,
      "total_wall_seconds": 27.313804727047682
    },
    {
      "update": 802,
      "algorithm": "macpo",
      "actor_loss": -0.1465434432029724,
      "reward_critic_loss": 0.00041691315709613264,
      "cost_critic_loss": 0.05664470046758652,
      "reward_critic_loss_last": 0.0003327163867652416,
      "cost_critic_loss_last": 0.025299888104200363,
      "critic_epochs": 8,
      "daily_voltage_cost": 0.000570703181438148,
      "daily_voltage_cost_raw": 0.000570703181438148,
      "daily_voltage_cost_normalized": 0.028535159304738045,
      "daily_economic_return_raw_yuan": -753889.25,
      "daily_economic_return_normalized": -0.23920045793056488,
      "daily_economic_cost_raw_yuan": 753889.25,
      "economic_reward_scale_yuan": 3151704.8194007874,
      "lagrange_multiplier": 0.0,
      "cost_budget": 1.0,
      "cost_budget_raw": 0.02,
      "cost_budget_normalized": 1.0,
      "algorithm_cost_mode": "separate_cost",
      "fixed_cost_penalty_coef": 0.0,
      "log_std_max": -2.3,
      "accepted": true,
      "mode": "reward",
      "reward_before": 1.9037533149912633e-07,
      "reward_after": 0.1465434432029724,
      "cost_before": 0.028536397963762283,
      "cost_after": 0.727677583694458,
      "kl_before": -2.384185791015625e-07,
      "kl_after": 0.019966749474406242,
      "cost_gap": -0.9714636020362377,
      "cost_recoverable": true,
      "cost_quadratic": 128.3869171142578,
      "reward_quadratic": 0.6342966556549072,
      "reward_cost_cross": 3.108394145965576,
      "max_linear_cost_drop": 2.2661590157291065,
      "rollout_wall_seconds": 2.079512869939208,
      "update_wall_seconds": 1.3413922935724258,
      "total_wall_seconds": 3.420907387509942
    },
    {
      "update": 803,
      "algorithm": "macpo",
      "actor_loss": -0.06990604102611542,
      "reward_critic_loss": 0.0002946251188404858,
      "cost_critic_loss": 0.5389086604118347,
      "reward_critic_loss_last": 0.00025546387769281864,
      "cost_critic_loss_last": 0.5238569974899292,
      "critic_epochs": 8,
      "daily_voltage_cost": 0.006824372336268425,
      "daily_voltage_cost_raw": 0.006824372336268425,
      "daily_voltage_cost_normalized": 0.34121865034103394,
      "daily_economic_return_raw_yuan": -666636.0625,
      "daily_economic_return_normalized": -0.21151602268218994,
      "daily_economic_cost_raw_yuan": 666636.0625,
      "economic_reward_scale_yuan": 3151704.8194007874,
      "lagrange_multiplier": 0.0,
      "cost_budget": 1.0,
      "cost_budget_raw": 0.02,
      "cost_budget_normalized": 1.0,
      "algorithm_cost_mode": "separate_cost",
      "fixed_cost_penalty_coef": 0.0,
      "log_std_max": -2.3,
      "accepted": true,
      "mode": "constrained_reward",
      "reward_before": -1.4674526482849615e-07,
      "reward_after": 0.06990604102611542,
      "cost_before": 0.3412109315395355,
      "cost_after": 0.6874992251396179,
      "kl_before": -2.384185791015625e-07,
      "kl_after": 0.004943362437188625,
      "cost_gap": -0.6587890684604645,
      "cost_recoverable": true,
      "cost_quadratic": 1096.72314453125,
      "reward_quadratic": 0.48735758662223816,
      "reward_cost_cross": 4.4492316246032715,
      "max_linear_cost_drop": 6.6233621206491495,
      "rollout_wall_seconds": 1.9937198553234339,
      "update_wall_seconds": 1.2557046692818403,
      "total_wall_seconds": 3.24942646920681
    },
    {
      "update": 804,
      "algorithm": "macpo",
      "actor_loss": -0.18701180815696716,
      "reward_critic_loss": 0.0004496757755987346,
      "cost_critic_loss": 0.24335980415344238,
      "reward_critic_loss_last": 0.0004104012041352689,
      "cost_critic_loss_last": 0.2386004775762558,
      "critic_epochs": 8,
      "daily_voltage_cost": 0.013726209290325642,
      "daily_voltage_cost_raw": 0.013726209290325642,
      "daily_voltage_cost_normalized": 0.6863104701042175,
      "daily_economic_return_raw_yuan": -633872.875,
      "daily_economic_return_normalized": -0.20112064480781555,
      "daily_economic_cost_raw_yuan": 633872.875,
      "economic_reward_scale_yuan": 3151704.8194007874,
      "lagrange_multiplier": 0.0,
      "cost_budget": 1.0,
      "cost_budget_raw": 0.02,
      "cost_budget_normalized": 1.0,
      "algorithm_cost_mode": "separate_cost",
      "fixed_cost_penalty_coef": 0.0,
      "log_std_max": -2.3,
      "accepted": true,
      "mode": "constrained_reward",
      "reward_before": 2.265729506234493e-07,
      "reward_after": 0.18701180815696716,
      "cost_before": 0.6863088011741638,
      "cost_after": 0.7520291209220886,
      "kl_before": -2.384185791015625e-07,
      "kl_after": 0.019908856600522995,
      "cost_gap": -0.3136911988258362,
      "cost_recoverable": true,
      "cost_quadratic": 422.27777099609375,
      "reward_quadratic": 0.9044870734214783,
      "reward_cost_cross": 2.5431032180786133,
      "max_linear_cost_drop": 4.109879662452874,
      "rollout_wall_seconds": 1.7918678224086761,
      "update_wall_seconds": 1.2809060830622911,
      "total_wall_seconds": 3.0727757681161165
    },
    {
      "update": 805,
      "algorithm": "macpo",
      "actor_loss": -0.1656929850578308,
      "reward_critic_loss": 0.0003592005814425647,
      "cost_critic_loss": 0.05850977823138237,
      "reward_critic_loss_last": 0.0003322668490000069,
      "cost_critic_loss_last": 0.05454365536570549,
      "critic_epochs": 8,
      "daily_voltage_cost": 0.004850880242884159,
      "daily_voltage_cost_raw": 0.004850880242884159,
      "daily_voltage_cost_normalized": 0.2425439953804016,
      "daily_economic_return_raw_yuan": -576253.9375,
      "daily_economic_return_normalized": -0.1828387975692749,
      "daily_economic_cost_raw_yuan": 576253.9375,
      "economic_reward_scale_yuan": 3151704.8194007874,
      "lagrange_multiplier": 0.0,
      "cost_budget": 1.0,
      "cost_budget_raw": 0.02,
      "cost_budget_normalized": 1.0,
      "algorithm_cost_mode": "separate_cost",
      "fixed_cost_penalty_coef": 0.0,
      "log_std_max": -2.3,
      "accepted": true,
      "mode": "reward",
      "reward_before": -5.119348145399272e-08,
      "reward_after": 0.1656929850578308,
      "cost_before": 0.24254369735717773,
      "cost_after": -0.24780529737472534,
      "kl_before": -2.384185791015625e-07,
      "kl_after": 0.01998356729745865,
      "cost_gap": -0.7574563026428223,
      "cost_recoverable": true,
      "cost_quadratic": 125.87808227539062,
      "reward_quadratic": 0.639236330986023,
      "reward_cost_cross": -1.74827241897583,
      "max_linear_cost_drop": 2.243908039785861,
      "rollout_wall_seconds": 1.2416359279304743,
      "update_wall_seconds": 1.2817197069525719,
      "total_wall_seconds": 2.5233572386205196
    },
    {
      "update": 806,
      "algorithm": "macpo",
      "actor_loss": 0.004734538495540619,
      "reward_critic_loss": 0.0002763754455372691,
      "cost_critic_loss": 0.9474955797195435,
      "reward_critic_loss_last": 0.00021893548546358943,
      "cost_critic_loss_last": 0.8868076205253601,
      "critic_epochs": 8,
      "daily_voltage_cost": 0.021865494549274445,
      "daily_voltage_cost_raw": 0.021865494549274445,
      "daily_voltage_cost_normalized": 1.0932748317718506,
      "daily_economic_return_raw_yuan": -543940.9375,
      "daily_economic_return_normalized": -0.17258626222610474,
      "daily_economic_cost_raw_yuan": 543940.9375,
      "economic_reward_scale_yuan": 3151704.8194007874,
      "lagrange_multiplier": 0.0,
      "cost_budget": 1.0,
      "cost_budget_raw": 0.02,
      "cost_budget_normalized": 1.0,
      "algorithm_cost_mode": "separate_cost",
      "fixed_cost_penalty_coef": 0.0,
      "log_std_max": -2.3,
      "accepted": true,
      "mode": "cost_recovery",
      "reward_before": -6.961764853485874e-08,
      "reward_after": -0.004734538495540619,
      "cost_before": 1.0932730436325073,
      "cost_after": -6.2231855392456055,
      "kl_before": -2.384185791015625e-07,
      "kl_after": 0.01988309435546398,
      "cost_gap": 0.09327304363250732,
      "cost_recoverable": true,
      "cost_quadratic": 1537.4459228515625,
      "reward_quadratic": 0.586190938949585,
      "reward_cost_cross": 1.1284205913543701,
      "max_linear_cost_drop": 7.8420556561441535,
      "rollout_wall_seconds": 1.4496125094592571,
      "update_wall_seconds": 2.366398975253105,
      "total_wall_seconds": 3.8160133752971888
    },
    {
      "update": 807,
      "algorithm": "macpo",
      "actor_loss": -0.15743035078048706,
      "reward_critic_loss": 0.0003055902780033648,
      "cost_critic_loss": 0.28040653467178345,
      "reward_critic_loss_last": 0.0002427366271149367,
      "cost_critic_loss_last": 0.2874069809913635,
      "critic_epochs": 8,
      "daily_voltage_cost": 0.0045982301235198975,
      "daily_voltage_cost_raw": 0.0045982301235198975,
      "daily_voltage_cost_normalized": 0.22991150617599487,
      "daily_economic_return_raw_yuan": -601457.5625,
      "daily_economic_return_normalized": -0.1908356249332428,
      "daily_economic_cost_raw_yuan": 601457.5625,
      "economic_reward_scale_yuan": 3151704.8194007874,
      "lagrange_multiplier": 0.0,
      "cost_budget": 1.0,
      "cost_budget_raw": 0.02,
      "cost_budget_normalized": 1.0,
      "algorithm_cost_mode": "separate_cost",
      "fixed_cost_penalty_coef": 0.0,
      "log_std_max": -2.3,
      "accepted": true,
      "mode": "reward",
      "reward_before": -2.6638929284672486e-07,
      "reward_after": 0.15743035078048706,
      "cost_before": 0.22990836203098297,
      "cost_after": -0.06563299894332886,
      "kl_before": -2.384185791015625e-07,
      "kl_after": 0.019935596734285355,
      "cost_gap": -0.770091637969017,
      "cost_recoverable": true,
      "cost_quadratic": 529.3624877929688,
      "reward_quadratic": 0.6004482507705688,
      "reward_cost_cross": -0.48958975076675415,
      "max_linear_cost_drop": 4.601575763987674,
      "rollout_wall_seconds": 1.2481512278318405,
      "update_wall_seconds": 1.161714592948556,
      "total_wall_seconds": 2.4098677169531584
    },
    {
      "update": 808,
      "algorithm": "macpo",
      "actor_loss": -0.07498820126056671,
      "reward_critic_loss": 0.00030153663828969,
      "cost_critic_loss": 0.20614765584468842,
      "reward_critic_loss_last": 0.0002804335090331733,
      "cost_critic_loss_last": 0.19979643821716309,
      "critic_epochs": 8,
      "daily_voltage_cost": 0.013695629313588142,
      "daily_voltage_cost_raw": 0.013695629313588142,
      "daily_voltage_cost_normalized": 0.684781551361084,
      "daily_economic_return_raw_yuan": -567187.0,
      "daily_economic_return_normalized": -0.17996197938919067,
      "daily_economic_cost_raw_yuan": 567187.0,
      "economic_reward_scale_yuan": 3151704.8194007874,
      "lagrange_multiplier": 0.0,
      "cost_budget": 1.0,
      "cost_budget_raw": 0.02,
      "cost_budget_normalized": 1.0,
      "algorithm_cost_mode": "separate_cost",
      "fixed_cost_penalty_coef": 0.0,
      "log_std_max": -2.3,
      "accepted": true,
      "mode": "reward",
      "reward_before": 1.1075339045873989e-07,
      "reward_after": 0.07498820126056671,
      "cost_before": 0.6847825050354004,
      "cost_after": 0.4880056381225586,
      "kl_before": -2.384185791015625e-07,
      "kl_after": 0.005031866021454334,
      "cost_gap": -0.3152174949645996,
      "cost_recoverable": true,
      "cost_quadratic": 439.20086669921875,
      "reward_quadratic": 0.5677295327186584,
      "reward_cost_cross": -1.3904032707214355,
      "max_linear_cost_drop": 4.191423942763217,
      "rollout_wall_seconds": 1.5718232188373804,
      "update_wall_seconds": 1.510397557169199,
      "total_wall_seconds": 3.0822227522730827
    },
    {
      "update": 809,
      "algorithm": "macpo",
      "actor_loss": -0.1442350447177887,
      "reward_critic_loss": 0.0002769888087641448,
      "cost_critic_loss": 0.12013570964336395,
      "reward_critic_loss_last": 0.0002713985159061849,
      "cost_critic_loss_last": 0.06969859451055527,
      "critic_epochs": 8,
      "daily_voltage_cost": 0.004730000626295805,
      "daily_voltage_cost_raw": 0.004730000626295805,
      "daily_voltage_cost_normalized": 0.23650002479553223,
      "daily_economic_return_raw_yuan": -593126.6875,
      "daily_economic_return_normalized": -0.18819233775138855,
      "daily_economic_cost_raw_yuan": 593126.6875,
      "economic_reward_scale_yuan": 3151704.8194007874,
      "lagrange_multiplier": 0.0,
      "cost_budget": 1.0,
      "cost_budget_raw": 0.02,
      "cost_budget_normalized": 1.0,
      "algorithm_cost_mode": "separate_cost",
      "fixed_cost_penalty_coef": 0.0,
      "log_std_max": -2.3,
      "accepted": true,
      "mode": "reward",
      "reward_before": -1.753809897309111e-08,
      "reward_after": 0.1442350447177887,
      "cost_before": 0.23650269210338593,
      "cost_after": -0.33023393154144287,
      "kl_before": -2.384185791015625e-07,
      "kl_after": 0.019990146160125732,
      "cost_gap": -0.7634973078966141,
      "cost_recoverable": true,
      "cost_quadratic": 247.07757568359375,
      "reward_quadratic": 0.5323240756988525,
      "reward_cost_cross": -1.8782557249069214,
      "max_linear_cost_drop": 3.143740292604297,
      "rollout_wall_seconds": 1.6344300974160433,
      "update_wall_seconds": 1.413046095520258,
      "total_wall_seconds": 3.0474781543016434
    },
    {
      "update": 810,
      "algorithm": "macpo",
      "actor_loss": -0.07379856705665588,
      "reward_critic_loss": 0.0003136684827040881,
      "cost_critic_loss": 0.558828592300415,
      "reward_critic_loss_last": 0.0003018583229277283,
      "cost_critic_loss_last": 0.5411924123764038,
      "critic_epochs": 8,
      "daily_voltage_cost": 0.015418346971273422,
      "daily_voltage_cost_raw": 0.015418346971273422,
      "daily_voltage_cost_normalized": 0.7709173560142517,
      "daily_economic_return_raw_yuan": -580067.6875,
      "daily_economic_return_normalized": -0.1840488761663437,
      "daily_economic_cost_raw_yuan": 580067.6875,
      "economic_reward_scale_yuan": 3151704.8194007874,
      "lagrange_multiplier": 0.0,
      "cost_budget": 1.0,
      "cost_budget_raw": 0.02,
      "cost_budget_normalized": 1.0,
      "algorithm_cost_mode": "separate_cost",
      "fixed_cost_penalty_coef": 0.0,
      "log_std_max": -2.3,
      "accepted": true,
      "mode": "constrained_reward",
      "reward_before": 1.324471412544881e-07,
      "reward_after": 0.07379856705665588,
      "cost_before": 0.7709116339683533,
      "cost_after": 0.6759204268455505,
      "kl_before": -2.384185791015625e-07,
      "kl_after": 0.005069400183856487,
      "cost_gap": -0.22908836603164673,
      "cost_recoverable": true,
      "cost_quadratic": 1383.47607421875,
      "reward_quadratic": 0.5657111406326294,
      "reward_cost_cross": 5.283244609832764,
      "max_linear_cost_drop": 7.439021640562017,
      "rollout_wall_seconds": 1.7446399852633476,
      "update_wall_seconds": 1.3459524661302567,
      "total_wall_seconds": 3.0905943159013987
    },
    {
      "update": 811,
      "algorithm": "macpo",
      "actor_loss": -0.12520372867584229,
      "reward_critic_loss": 0.00021856665262021124,
      "cost_critic_loss": 0.1747080683708191,
      "reward_critic_loss_last": 0.0002068599424092099,
      "cost_critic_loss_last": 0.17186014354228973,
      "critic_epochs": 8,
      "daily_voltage_cost": 0.004100745543837547,
      "daily_voltage_cost_raw": 0.004100745543837547,
      "daily_voltage_cost_normalized": 0.20503728091716766,
      "daily_economic_return_raw_yuan": -613499.8125,
      "daily_economic_return_normalized": -0.19465649127960205,
      "daily_economic_cost_raw_yuan": 613499.8125,
      "economic_reward_scale_yuan": 3151704.8194007874,
      "lagrange_multiplier": 0.0,
      "cost_budget": 1.0,
      "cost_budget_raw": 0.02,
      "cost_budget_normalized": 1.0,
      "algorithm_cost_mode": "separate_cost",
      "fixed_cost_penalty_coef": 0.0,
      "log_std_max": -2.3,
      "accepted": true,
      "mode": "reward",
      "reward_before": -2.2684226053115708e-07,
      "reward_after": 0.12520372867584229,
      "cost_before": 0.20503905415534973,
      "cost_after": -0.3217143416404724,
      "kl_before": -2.384185791015625e-07,
      "kl_after": 0.01994125172495842,
      "cost_gap": -0.7949609458446503,
      "cost_recoverable": true,
      "cost_quadratic": 381.612060546875,
      "reward_quadratic": 0.3731018304824829,
      "reward_cost_cross": -1.4911062717437744,
      "max_linear_cost_drop": 3.906978682034879,
      "rollout_wall_seconds": 1.6787825021892786,
      "update_wall_seconds": 1.2236482333391905,
      "total_wall_seconds": 2.902432484552264
    },
    {
      "update": 812,
      "algorithm": "macpo",
      "actor_loss": -0.07419852167367935,
      "reward_critic_loss": 0.00028379991999827325,
      "cost_critic_loss": 0.2917618155479431,
      "reward_critic_loss_last": 0.0002186644560424611,
      "cost_critic_loss_last": 0.2674327492713928,
      "critic_epochs": 8,
      "daily_voltage_cost": 0.012853075750172138,
      "daily_voltage_cost_raw": 0.012853075750172138,
      "daily_voltage_cost_normalized": 0.6426538228988647,
      "daily_economic_return_raw_yuan": -549281.4375,
      "daily_economic_return_normalized": -0.17428074777126312,
      "daily_economic_cost_raw_yuan": 549281.4375,
      "economic_reward_scale_yuan": 3151704.8194007874,
      "lagrange_multiplier": 0.0,
      "cost_budget": 1.0,
      "cost_budget_raw": 0.02,
      "cost_budget_normalized": 1.0,
      "algorithm_cost_mode": "separate_cost",
      "fixed_cost_penalty_coef": 0.0,
      "log_std_max": -2.3,
      "accepted": true,
      "mode": "reward",
      "reward_before": -7.77559421294427e-08,
      "reward_after": 0.07419852167367935,
      "cost_before": 0.6426559090614319,
      "cost_after": 0.8087803721427917,
      "kl_before": -2.384185791015625e-07,
      "kl_after": 0.005009881686419249,
      "cost_gap": -0.3573440909385681,
      "cost_recoverable": true,
      "cost_quadratic": 574.2882080078125,
      "reward_quadratic": 0.5226503610610962,
      "reward_cost_cross": 1.0341767072677612,
      "max_linear_cost_drop": 4.7928622263019935,
      "rollout_wall_seconds": 1.6081848721951246,
      "update_wall_seconds": 1.413277244195342,
      "total_wall_seconds": 3.0214638747274876
    },
    {
      "update": 813,
      "algorithm": "macpo",
      "actor_loss": -0.16908524930477142,
      "reward_critic_loss": 0.00037241599056869745,
      "cost_critic_loss": 0.20693902671337128,
      "reward_critic_loss_last": 0.0003417768457438797,
      "cost_critic_loss_last": 0.18606024980545044,
      "critic_epochs": 8,
      "daily_voltage_cost": 0.009323561564087868,
      "daily_voltage_cost_raw": 0.009323561564087868,
      "daily_voltage_cost_normalized": 0.4661780893802643,
      "daily_economic_return_raw_yuan": -521368.3125,
      "daily_economic_return_normalized": -0.16542422771453857,
      "daily_economic_cost_raw_yuan": 521368.3125,
      "economic_reward_scale_yuan": 3151704.8194007874,
      "lagrange_multiplier": 0.0,
      "cost_budget": 1.0,
      "cost_budget_raw": 0.02,
      "cost_budget_normalized": 1.0,
      "algorithm_cost_mode": "separate_cost",
      "fixed_cost_penalty_coef": 0.0,
      "log_std_max": -2.3,
      "accepted": true,
      "mode": "reward",
      "reward_before": -2.6255088414472993e-07,
      "reward_after": 0.16908524930477142,
      "cost_before": 0.46617913246154785,
      "cost_after": 0.9169902801513672,
      "kl_before": -2.384185791015625e-07,
      "kl_after": 0.01990583911538124,
      "cost_gap": -0.5338208675384521,
      "cost_recoverable": true,
      "cost_quadratic": 460.31134033203125,
      "reward_quadratic": 0.8673886656761169,
      "reward_cost_cross": 2.0928735733032227,
      "max_linear_cost_drop": 4.2909735041457955,
      "rollout_wall_seconds": 1.0620195269584656,
      "update_wall_seconds": 1.5895856600254774,
      "total_wall_seconds": 2.651607058942318
    },
    {
      "update": 814,
      "algorithm": "macpo",
      "actor_loss": -0.16274712979793549,
      "reward_critic_loss": 0.00029745849315077066,
      "cost_critic_loss": 0.36339735984802246,
      "reward_critic_loss_last": 0.00027424003928899765,
      "cost_critic_loss_last": 0.35698777437210083,
      "critic_epochs": 8,
      "daily_voltage_cost": 0.013764685019850731,
      "daily_voltage_cost_raw": 0.013764685019850731,
      "daily_voltage_cost_normalized": 0.6882343292236328,
      "daily_economic_return_raw_yuan": -576613.0625,
      "daily_economic_return_normalized": -0.18295276165008545,
      "daily_economic_cost_raw_yuan": 576613.0625,
      "economic_reward_scale_yuan": 3151704.8194007874,
      "lagrange_multiplier": 0.0,
      "cost_budget": 1.0,
      "cost_budget_raw": 0.02,
      "cost_budget_normalized": 1.0,
      "algorithm_cost_mode": "separate_cost",
      "fixed_cost_penalty_coef": 0.0,
      "log_std_max": -2.3,
      "accepted": true,
      "mode": "reward",
      "reward_before": -1.24447495863933e-07,
      "reward_after": 0.16274712979793549,
      "cost_before": 0.6882332563400269,
      "cost_after": -1.511173963546753,
      "kl_before": -2.384185791015625e-07,
      "kl_after": 0.01995118521153927,
      "cost_gap": -0.31176674365997314,
      "cost_recoverable": true,
      "cost_quadratic": 792.50341796875,
      "reward_quadratic": 0.6362096071243286,
      "reward_cost_cross": -8.556265830993652,
      "max_linear_cost_drop": 5.630287445481803,
      "rollout_wall_seconds": 1.2840686719864607,
      "update_wall_seconds": 1.6294446121901274,
      "total_wall_seconds": 2.913514958694577
    },
    {
      "update": 815,
      "algorithm": "macpo",
      "actor_loss": 0.004160209093242884,
      "reward_critic_loss": 0.0002869980817195028,
      "cost_critic_loss": 1.5310354232788086,
      "reward_critic_loss_last": 0.00027830764884129167,
      "cost_critic_loss_last": 1.3693482875823975,
      "critic_epochs": 8,
      "daily_voltage_cost": 0.027611374855041504,
      "daily_voltage_cost_raw": 0.027611374855041504,
      "daily_voltage_cost_normalized": 1.3805687427520752,
      "daily_economic_return_raw_yuan": -626636.5,
      "daily_economic_return_normalized": -0.19882462918758392,
      "daily_economic_cost_raw_yuan": 626636.5,
      "economic_reward_scale_yuan": 3151704.8194007874,
      "lagrange_multiplier": 0.0,
      "cost_budget": 1.0,
      "cost_budget_raw": 0.02,
      "cost_budget_normalized": 1.0,
      "algorithm_cost_mode": "separate_cost",
      "fixed_cost_penalty_coef": 0.0,
      "log_std_max": -2.3,
      "accepted": true,
      "mode": "cost_recovery",
      "reward_before": 1.8275075319706957e-07,
      "reward_after": -0.004160209093242884,
      "cost_before": 1.38056480884552,
      "cost_after": -3.647749662399292,
      "kl_before": -2.384185791015625e-07,
      "kl_after": 0.0050129094161093235,
      "cost_gap": 0.38056480884552,
      "cost_recoverable": true,
      "cost_quadratic": 2754.687255859375,
      "reward_quadratic": 0.6071039438247681,
      "reward_cost_cross": 1.9574215412139893,
      "max_linear_cost_drop": 10.497022922446869,
      "rollout_wall_seconds": 1.7928783986717463,
      "update_wall_seconds": 1.4804711900651455,
      "total_wall_seconds": 3.2733512967824936
    },
    {
      "update": 816,
      "algorithm": "macpo",
      "actor_loss": -0.16842299699783325,
      "reward_critic_loss": 0.0003947788500227034,
      "cost_critic_loss": 0.295271098613739,
      "reward_critic_loss_last": 0.0003780030820053071,
      "cost_critic_loss_last": 0.22450026869773865,
      "critic_epochs": 8,
      "daily_voltage_cost": 0.0026926726568490267,
      "daily_voltage_cost_raw": 0.0026926726568490267,
      "daily_voltage_cost_normalized": 0.1346336305141449,
      "daily_economic_return_raw_yuan": -602755.4375,
      "daily_economic_return_normalized": -0.19124743342399597,
      "daily_economic_cost_raw_yuan": 602755.4375,
      "economic_reward_scale_yuan": 3151704.8194007874,
      "lagrange_multiplier": 0.0,
      "cost_budget": 1.0,
      "cost_budget_raw": 0.02,
      "cost_budget_normalized": 1.0,
      "algorithm_cost_mode": "separate_cost",
      "fixed_cost_penalty_coef": 0.0,
      "log_std_max": -2.3,
      "accepted": true,
      "mode": "reward",
      "reward_before": 3.260825209849827e-08,
      "reward_after": 0.16842299699783325,
      "cost_before": 0.13463109731674194,
      "cost_after": -0.8859398365020752,
      "kl_before": -2.384185791015625e-07,
      "kl_after": 0.01993560791015625,
      "cost_gap": -0.8653689026832581,
      "cost_recoverable": true,
      "cost_quadratic": 746.5808715820312,
      "reward_quadratic": 0.6918424367904663,
      "reward_cost_cross": -4.2344160079956055,
      "max_linear_cost_drop": 5.46472642163185,
      "rollout_wall_seconds": 1.840067621320486,
      "update_wall_seconds": 1.4385320208966732,
      "total_wall_seconds": 3.278601337224245
    },
    {
      "update": 817,
      "algorithm": "macpo",
      "actor_loss": -0.16046172380447388,
      "reward_critic_loss": 0.00027098384452983737,
      "cost_critic_loss": 0.39046621322631836,
      "reward_critic_loss_last": 0.0002440123207634315,
      "cost_critic_loss_last": 0.4039704203605652,
      "critic_epochs": 8,
      "daily_voltage_cost": 0.01272874977439642,
      "daily_voltage_cost_raw": 0.01272874977439642,
      "daily_voltage_cost_normalized": 0.6364375352859497,
      "daily_economic_return_raw_yuan": -467706.96875,
      "daily_economic_return_normalized": -0.14839808642864227,
      "daily_economic_cost_raw_yuan": 467706.96875,
      "economic_reward_scale_yuan": 3151704.8194007874,
      "lagrange_multiplier": 0.0,
      "cost_budget": 1.0,
      "cost_budget_raw": 0.02,
      "cost_budget_normalized": 1.0,
      "algorithm_cost_mode": "separate_cost",
      "fixed_cost_penalty_coef": 0.0,
      "log_std_max": -2.3,
      "accepted": true,
      "mode": "reward",
      "reward_before": -3.300620221580175e-08,
      "reward_after": 0.16046172380447388,
      "cost_before": 0.636438250541687,
      "cost_after": 0.04714095592498779,
      "kl_before": -2.384185791015625e-07,
      "kl_after": 0.01999770477414131,
      "cost_gap": -0.363561749458313,
      "cost_recoverable": true,
      "cost_quadratic": 802.8378295898438,
      "reward_quadratic": 0.6067572832107544,
      "reward_cost_cross": -2.251875162124634,
      "max_linear_cost_drop": 5.666878610275127,
      "rollout_wall_seconds": 1.7024446446448565,
      "update_wall_seconds": 1.4202276933938265,
      "total_wall_seconds": 3.1226748302578926
    },
    {
      "update": 818,
      "algorithm": "macpo",
      "actor_loss": -0.06523321568965912,
      "reward_critic_loss": 0.00024069203936960548,
      "cost_critic_loss": 0.1325720101594925,
      "reward_critic_loss_last": 0.0002244147181045264,
      "cost_critic_loss_last": 0.10472171753644943,
      "critic_epochs": 8,
      "daily_voltage_cost": 0.010548761114478111,
      "daily_voltage_cost_raw": 0.010548761114478111,
      "daily_voltage_cost_normalized": 0.5274380445480347,
      "daily_economic_return_raw_yuan": -573764.4375,
      "daily_economic_return_normalized": -0.18204891681671143,
      "daily_economic_cost_raw_yuan": 573764.4375,
      "economic_reward_scale_yuan": 3151704.8194007874,
      "lagrange_multiplier": 0.0,
      "cost_budget": 1.0,
      "cost_budget_raw": 0.02,
      "cost_budget_normalized": 1.0,
      "algorithm_cost_mode": "separate_cost",
      "fixed_cost_penalty_coef": 0.0,
      "log_std_max": -2.3,
      "accepted": true,
      "mode": "constrained_reward",
      "reward_before": -6.84590588662104e-08,
      "reward_after": 0.06523321568965912,
      "cost_before": 0.5274428129196167,
      "cost_after": 0.7645066976547241,
      "kl_before": -2.384185791015625e-07,
      "kl_after": 0.0050580790266394615,
      "cost_gap": -0.4725571870803833,
      "cost_recoverable": true,
      "cost_quadratic": 244.4259033203125,
      "reward_quadratic": 0.43071848154067993,
      "reward_cost_cross": 3.0315847396850586,
      "max_linear_cost_drop": 3.1268252482050385,
      "rollout_wall_seconds": 1.6460107807070017,
      "update_wall_seconds": 1.505467576906085,
      "total_wall_seconds": 3.151480419561267
    },
    {
      "update": 819,
      "algorithm": "macpo",
      "actor_loss": -0.13351184129714966,
      "reward_critic_loss": 0.0002933940850198269,
      "cost_critic_loss": 0.8924641013145447,
      "reward_critic_loss_last": 0.00027826716541312635,
      "cost_critic_loss_last": 0.8379130363464355,
      "critic_epochs": 8,
      "daily_voltage_cost": 0.017645521089434624,
      "daily_voltage_cost_raw": 0.017645521089434624,
      "daily_voltage_cost_normalized": 0.8822760581970215,
      "daily_economic_return_raw_yuan": -570125.75,
      "daily_economic_return_normalized": -0.1808944046497345,
      "daily_economic_cost_raw_yuan": 570125.75,
      "economic_reward_scale_yuan": 3151704.8194007874,
      "lagrange_multiplier": 0.0,
      "cost_budget": 1.0,
      "cost_budget_raw": 0.02,
      "cost_budget_normalized": 1.0,
      "algorithm_cost_mode": "separate_cost",
      "fixed_cost_penalty_coef": 0.0,
      "log_std_max": -2.3,
      "accepted": true,
      "mode": "reward",
      "reward_before": -8.114270144687907e-09,
      "reward_after": 0.13351184129714966,
      "cost_before": 0.8822685480117798,
      "cost_after": 0.18874698877334595,
      "kl_before": -2.384185791015625e-07,
      "kl_after": 0.019937915727496147,
      "cost_gap": -0.11773145198822021,
      "cost_recoverable": true,
      "cost_quadratic": 1776.9525146484375,
      "reward_quadratic": 0.4633561372756958,
      "reward_cost_cross": -3.0334322452545166,
      "max_linear_cost_drop": 8.430782916546809,
      "rollout_wall_seconds": 1.2484887354075909,
      "update_wall_seconds": 1.4954970572143793,
      "total_wall_seconds": 2.7439876683056355
    },
    {
      "update": 820,
      "algorithm": "macpo",
      "actor_loss": -0.171052485704422,
      "reward_critic_loss": 0.00042409924208186567,
      "cost_critic_loss": 0.7104944586753845,
      "reward_critic_loss_last": 0.0003885048790834844,
      "cost_critic_loss_last": 0.643374502658844,
      "critic_epochs": 8,
      "daily_voltage_cost": 0.015510573983192444,
      "daily_voltage_cost_raw": 0.015510573983192444,
      "daily_voltage_cost_normalized": 0.7755287289619446,
      "daily_economic_return_raw_yuan": -550475.125,
      "daily_economic_return_normalized": -0.17465947568416595,
      "daily_economic_cost_raw_yuan": 550475.125,
      "economic_reward_scale_yuan": 3151704.8194007874,
      "lagrange_multiplier": 0.0,
      "cost_budget": 1.0,
      "cost_budget_raw": 0.02,
      "cost_budget_normalized": 1.0,
      "algorithm_cost_mode": "separate_cost",
      "fixed_cost_penalty_coef": 0.0,
      "log_std_max": -2.3,
      "accepted": true,
      "mode": "reward",
      "reward_before": -1.7951681741124048e-07,
      "reward_after": 0.171052485704422,
      "cost_before": 0.7755290865898132,
      "cost_after": 0.43972212076187134,
      "kl_before": -2.384185791015625e-07,
      "kl_after": 0.019981635734438896,
      "cost_gap": -0.22447091341018677,
      "cost_recoverable": true,
      "cost_quadratic": 1787.1514892578125,
      "reward_quadratic": 0.797412097454071,
      "reward_cost_cross": -0.6694837808609009,
      "max_linear_cost_drop": 8.454942907572617,
      "rollout_wall_seconds": 1.234006928279996,
      "update_wall_seconds": 1.3052206635475159,
      "total_wall_seconds": 2.5392294712364674
    },
    {
      "update": 821,
      "algorithm": "macpo",
      "actor_loss": -0.1429261863231659,
      "reward_critic_loss": 0.00023537884408142418,
      "cost_critic_loss": 0.19661715626716614,
      "reward_critic_loss_last": 0.0001996380597120151,
      "cost_critic_loss_last": 0.09109577536582947,
      "critic_epochs": 8,
      "daily_voltage_cost": 0.00551640847697854,
      "daily_voltage_cost_raw": 0.00551640847697854,
      "daily_voltage_cost_normalized": 0.27582043409347534,
      "daily_economic_return_raw_yuan": -477095.3125,
      "daily_economic_return_normalized": -0.1513769030570984,
      "daily_economic_cost_raw_yuan": 477095.3125,
      "economic_reward_scale_yuan": 3151704.8194007874,
      "lagrange_multiplier": 0.0,
      "cost_budget": 1.0,
      "cost_budget_raw": 0.02,
      "cost_budget_normalized": 1.0,
      "algorithm_cost_mode": "separate_cost",
      "fixed_cost_penalty_coef": 0.0,
      "log_std_max": -2.3,
      "accepted": true,
      "mode": "reward",
      "reward_before": 9.15596842787636e-08,
      "reward_after": 0.1429261863231659,
      "cost_before": 0.2758190929889679,
      "cost_after": 0.43565690517425537,
      "kl_before": -2.384185791015625e-07,
      "kl_after": 0.01995931938290596,
      "cost_gap": -0.7241809070110321,
      "cost_recoverable": true,
      "cost_quadratic": 418.6387939453125,
      "reward_quadratic": 0.49718451499938965,
      "reward_cost_cross": 0.9126157760620117,
      "max_linear_cost_drop": 4.092132910575181,
      "rollout_wall_seconds": 1.6508177556097507,
      "update_wall_seconds": 1.3384561128914356,
      "total_wall_seconds": 2.9892759639769793
    },
    {
      "update": 822,
      "algorithm": "macpo",
      "actor_loss": -0.07423966377973557,
      "reward_critic_loss": 0.000246651004999876,
      "cost_critic_loss": 0.13585323095321655,
      "reward_critic_loss_last": 0.00020623810996767133,
      "cost_critic_loss_last": 0.13740211725234985,
      "critic_epochs": 8,
      "daily_voltage_cost": 0.008325004018843174,
      "daily_voltage_cost_raw": 0.008325004018843174,
      "daily_voltage_cost_normalized": 0.41625019907951355,
      "daily_economic_return_raw_yuan": -550429.375,
      "daily_economic_return_normalized": -0.17464496195316315,
      "daily_economic_cost_raw_yuan": 550429.375,
      "economic_reward_scale_yuan": 3151704.8194007874,
      "lagrange_multiplier": 0.0,
      "cost_budget": 1.0,
      "cost_budget_raw": 0.02,
      "cost_budget_normalized": 1.0,
      "algorithm_cost_mode": "separate_cost",
      "fixed_cost_penalty_coef": 0.0,
      "log_std_max": -2.3,
      "accepted": true,
      "mode": "reward",
      "reward_before": -1.3531973763747374e-07,
      "reward_after": 0.07423966377973557,
      "cost_before": 0.41625624895095825,
      "cost_after": 0.15446314215660095,
      "kl_before": -2.384185791015625e-07,
      "kl_after": 0.005033206660300493,
      "cost_gap": -0.5837437510490417,
      "cost_recoverable": true,
      "cost_quadratic": 259.498291015625,
      "reward_quadratic": 0.5327430963516235,
      "reward_cost_cross": -2.097599506378174,
      "max_linear_cost_drop": 3.2217901298230154,
      "rollout_wall_seconds": 1.6733501367270947,
      "update_wall_seconds": 1.437740622088313,
      "total_wall_seconds": 3.1110942400991917
    },
    {
      "update": 823,
      "algorithm": "macpo",
      "actor_loss": -0.09027446061372757,
      "reward_critic_loss": 0.00046549446415156126,
      "cost_critic_loss": 0.13691231608390808,
      "reward_critic_loss_last": 0.0003513400151859969,
      "cost_critic_loss_last": 0.12784431874752045,
      "critic_epochs": 8,
      "daily_voltage_cost": 0.009762803092598915,
      "daily_voltage_cost_raw": 0.009762803092598915,
      "daily_voltage_cost_normalized": 0.4881402254104614,
      "daily_economic_return_raw_yuan": -577743.875,
      "daily_economic_return_normalized": -0.1833115518093109,
      "daily_economic_cost_raw_yuan": 577743.875,
      "economic_reward_scale_yuan": 3151704.8194007874,
      "lagrange_multiplier": 0.0,
      "cost_budget": 1.0,
      "cost_budget_raw": 0.02,
      "cost_budget_normalized": 1.0,
      "algorithm_cost_mode": "separate_cost",
      "fixed_cost_penalty_coef": 0.0,
      "log_std_max": -2.3,
      "accepted": true,
      "mode": "reward",
      "reward_before": 1.3423940004031465e-07,
      "reward_after": 0.09027446061372757,
      "cost_before": 0.48813846707344055,
      "cost_after": 0.3972910940647125,
      "kl_before": -2.384185791015625e-07,
      "kl_after": 0.005033394321799278,
      "cost_gap": -0.5118615329265594,
      "cost_recoverable": true,
      "cost_quadratic": 260.76025390625,
      "reward_quadratic": 0.9033219814300537,
      "reward_cost_cross": -0.9150773882865906,
      "max_linear_cost_drop": 3.2296145522724533,
      "rollout_wall_seconds": 1.7592873685061932,
      "update_wall_seconds": 1.7085342165082693,
      "total_wall_seconds": 3.4678239207714796
    },
    {
      "update": 824,
      "algorithm": "macpo",
      "actor_loss": -0.1756635308265686,
      "reward_critic_loss": 0.00044562446419149637,
      "cost_critic_loss": 0.07567629218101501,
      "reward_critic_loss_last": 0.0003828376065939665,
      "cost_critic_loss_last": 0.06416242569684982,
      "critic_epochs": 8,
      "daily_voltage_cost": 0.0024895817041397095,
      "daily_voltage_cost_raw": 0.0024895817041397095,
      "daily_voltage_cost_normalized": 0.12447910010814667,
      "daily_economic_return_raw_yuan": -685814.875,
      "daily_economic_return_normalized": -0.2176012396812439,
      "daily_economic_cost_raw_yuan": 685814.875,
      "economic_reward_scale_yuan": 3151704.8194007874,
      "lagrange_multiplier": 0.0,
      "cost_budget": 1.0,
      "cost_budget_raw": 0.02,
      "cost_budget_normalized": 1.0,
      "algorithm_cost_mode": "separate_cost",
      "fixed_cost_penalty_coef": 0.0,
      "log_std_max": -2.3,
      "accepted": true,
      "mode": "reward",
      "reward_before": -1.8868352924528153e-07,
      "reward_after": 0.1756635308265686,
      "cost_before": 0.1244782879948616,
      "cost_after": -0.08727312088012695,
      "kl_before": -2.384185791015625e-07,
      "kl_after": 0.019895683974027634,
      "cost_gap": -0.8755217120051384,
      "cost_recoverable": true,
      "cost_quadratic": 139.30221557617188,
      "reward_quadratic": 0.8280302882194519,
      "reward_cost_cross": -0.9181492924690247,
      "max_linear_cost_drop": 2.3605271917618054,
      "rollout_wall_seconds": 1.33256128244102,
      "update_wall_seconds": 1.6669815592467785,
      "total_wall_seconds": 2.9995452035218477
    },
    {
      "update": 825,
      "algorithm": "macpo",
      "actor_loss": -0.09238944202661514,
      "reward_critic_loss": 0.00046522365300916135,
      "cost_critic_loss": 0.5705322623252869,
      "reward_critic_loss_last": 0.0004048838745802641,
      "cost_critic_loss_last": 0.5539003014564514,
      "critic_epochs": 8,
      "daily_voltage_cost": 0.014058271422982216,
      "daily_voltage_cost_raw": 0.014058271422982216,
      "daily_voltage_cost_normalized": 0.7029135227203369,
      "daily_economic_return_raw_yuan": -603129.75,
      "daily_economic_return_normalized": -0.19136619567871094,
      "daily_economic_cost_raw_yuan": 603129.75,
      "economic_reward_scale_yuan": 3151704.8194007874,
      "lagrange_multiplier": 0.0,
      "cost_budget": 1.0,
      "cost_budget_raw": 0.02,
      "cost_budget_normalized": 1.0,
      "algorithm_cost_mode": "separate_cost",
      "fixed_cost_penalty_coef": 0.0,
      "log_std_max": -2.3,
      "accepted": true,
      "mode": "reward",
      "reward_before": 1.214866074406018e-07,
      "reward_after": 0.09238944202661514,
      "cost_before": 0.7029149532318115,
      "cost_after": 0.26007455587387085,
      "kl_before": -2.384185791015625e-07,
      "kl_after": 0.0050172945484519005,
      "cost_gap": -0.2970850467681885,
      "cost_recoverable": true,
      "cost_quadratic": 1064.482177734375,
      "reward_quadratic": 0.8896899223327637,
      "reward_cost_cross": -5.1019978523254395,
      "max_linear_cost_drop": 6.525280615373948,
      "rollout_wall_seconds": 1.7879482973366976,
      "update_wall_seconds": 1.516291618347168,
      "total_wall_seconds": 3.3042421843856573
    },
    {
      "update": 826,
      "algorithm": "macpo",
      "actor_loss": -0.1503758728504181,
      "reward_critic_loss": 0.0002789885620586574,
      "cost_critic_loss": 0.20834633708000183,
      "reward_critic_loss_last": 0.0002585188194643706,
      "cost_critic_loss_last": 0.20389370620250702,
      "critic_epochs": 8,
      "daily_voltage_cost": 0.016238834708929062,
      "daily_voltage_cost_raw": 0.016238834708929062,
      "daily_voltage_cost_normalized": 0.8119417428970337,
      "daily_economic_return_raw_yuan": -533716.0,
      "daily_economic_return_normalized": -0.1693420112133026,
      "daily_economic_cost_raw_yuan": 533716.0,
      "economic_reward_scale_yuan": 3151704.8194007874,
      "lagrange_multiplier": 0.0,
      "cost_budget": 1.0,
      "cost_budget_raw": 0.02,
      "cost_budget_normalized": 1.0,
      "algorithm_cost_mode": "separate_cost",
      "fixed_cost_penalty_coef": 0.0,
      "log_std_max": -2.3,
      "accepted": true,
      "mode": "reward",
      "reward_before": -5.074863906884275e-08,
      "reward_after": 0.1503758728504181,
      "cost_before": 0.811934769153595,
      "cost_after": -0.31973445415496826,
      "kl_before": -2.384185791015625e-07,
      "kl_after": 0.019944893196225166,
      "cost_gap": -0.18806523084640503,
      "cost_recoverable": true,
      "cost_quadratic": 333.3627014160156,
      "reward_quadratic": 0.47932887077331543,
      "reward_cost_cross": -3.182694435119629,
      "max_linear_cost_drop": 3.6516445687718058,
      "rollout_wall_seconds": 1.3845659904181957,
      "update_wall_seconds": 1.5849683657288551,
      "total_wall_seconds": 2.969536803662777
    },
    {
      "update": 827,
      "algorithm": "macpo",
      "actor_loss": -0.15142525732517242,
      "reward_critic_loss": 0.0002838832442648709,
      "cost_critic_loss": 0.2676132321357727,
      "reward_critic_loss_last": 0.0002678778546396643,
      "cost_critic_loss_last": 0.26027971506118774,
      "critic_epochs": 8,
      "daily_voltage_cost": 0.007706212345510721,
      "daily_voltage_cost_raw": 0.007706212345510721,
      "daily_voltage_cost_normalized": 0.3853106200695038,
      "daily_economic_return_raw_yuan": -461347.3125,
      "daily_economic_return_normalized": -0.1463802456855774,
      "daily_economic_cost_raw_yuan": 461347.3125,
      "economic_reward_scale_yuan": 3151704.8194007874,
      "lagrange_multiplier": 0.0,
      "cost_budget": 1.0,
      "cost_budget_raw": 0.02,
      "cost_budget_normalized": 1.0,
      "algorithm_cost_mode": "separate_cost",
      "fixed_cost_penalty_coef": 0.0,
      "log_std_max": -2.3,
      "accepted": true,
      "mode": "constrained_reward",
      "reward_before": -2.0050438820362615e-07,
      "reward_after": 0.15142525732517242,
      "cost_before": 0.38531193137168884,
      "cost_after": 0.9550430774688721,
      "kl_before": -2.384185791015625e-07,
      "kl_after": 0.019935522228479385,
      "cost_gap": -0.6146880686283112,
      "cost_recoverable": true,
      "cost_quadratic": 672.8905029296875,
      "reward_quadratic": 0.5937213897705078,
      "reward_cost_cross": 4.585904598236084,
      "max_linear_cost_drop": 5.188026611071641,
      "rollout_wall_seconds": 1.37870779260993,
      "update_wall_seconds": 1.5920130144804716,
      "total_wall_seconds": 2.9707223400473595
    },
    {
      "update": 828,
      "algorithm": "macpo",
      "actor_loss": -0.14876119792461395,
      "reward_critic_loss": 0.00026344589423388243,
      "cost_critic_loss": 0.286865770816803,
      "reward_critic_loss_last": 0.00025082757929340005,
      "cost_critic_loss_last": 0.27797627449035645,
      "critic_epochs": 8,
      "daily_voltage_cost": 0.010360167361795902,
      "daily_voltage_cost_raw": 0.010360167361795902,
      "daily_voltage_cost_normalized": 0.5180083513259888,
      "daily_economic_return_raw_yuan": -534975.875,
      "daily_economic_return_normalized": -0.16974174976348877,
      "daily_economic_cost_raw_yuan": 534975.875,
      "economic_reward_scale_yuan": 3151704.8194007874,
      "lagrange_multiplier": 0.0,
      "cost_budget": 1.0,
      "cost_budget_raw": 0.02,
      "cost_budget_normalized": 1.0,
      "algorithm_cost_mode": "separate_cost",
      "fixed_cost_penalty_coef": 0.0,
      "log_std_max": -2.3,
      "accepted": true,
      "mode": "reward",
      "reward_before": -4.498607353298212e-08,
      "reward_after": 0.14876119792461395,
      "cost_before": 0.5180036425590515,
      "cost_after": -0.0748286247253418,
      "kl_before": -2.384185791015625e-07,
      "kl_after": 0.019985951483249664,
      "cost_gap": -0.4819963574409485,
      "cost_recoverable": true,
      "cost_quadratic": 579.5479736328125,
      "reward_quadratic": 0.549254298210144,
      "reward_cost_cross": -2.175264835357666,
      "max_linear_cost_drop": 4.814760528345361,
      "rollout_wall_seconds": 1.5695477407425642,
      "update_wall_seconds": 1.5529308170080185,
      "total_wall_seconds": 3.122479969635606
    },
    {
      "update": 829,
      "algorithm": "macpo",
      "actor_loss": -0.1607266068458557,
      "reward_critic_loss": 0.0002659673918969929,
      "cost_critic_loss": 0.03682722523808479,
      "reward_critic_loss_last": 0.0002210862876381725,
      "cost_critic_loss_last": 0.032739803194999695,
      "critic_epochs": 8,
      "daily_voltage_cost": 0.0010456329910084605,
      "daily_voltage_cost_raw": 0.0010456329910084605,
      "daily_voltage_cost_normalized": 0.05228165164589882,
      "daily_economic_return_raw_yuan": -459069.28125,
      "daily_economic_return_normalized": -0.14565744996070862,
      "daily_economic_cost_raw_yuan": 459069.28125,
      "economic_reward_scale_yuan": 3151704.8194007874,
      "lagrange_multiplier": 0.0,
      "cost_budget": 1.0,
      "cost_budget_raw": 0.02,
      "cost_budget_normalized": 1.0,
      "algorithm_cost_mode": "separate_cost",
      "fixed_cost_penalty_coef": 0.0,
      "log_std_max": -2.3,
      "accepted": true,
      "mode": "reward",
      "reward_before": 1.8651398647762107e-08,
      "reward_after": 0.1607266068458557,
      "cost_before": 0.052283842116594315,
      "cost_after": -0.41034314036369324,
      "kl_before": -2.384185791015625e-07,
      "kl_after": 0.019930711016058922,
      "cost_gap": -0.9477161578834057,
      "cost_recoverable": true,
      "cost_quadratic": 77.07427215576172,
      "reward_quadratic": 0.5393543243408203,
      "reward_cost_cross": -1.7934820652008057,
      "max_linear_cost_drop": 1.7558390832392554,
      "rollout_wall_seconds": 1.6746019199490547,
      "update_wall_seconds": 1.2474944703280926,
      "total_wall_seconds": 2.922098269686103
    },
    {
      "update": 830,
      "algorithm": "macpo",
      "actor_loss": -0.2066737413406372,
      "reward_critic_loss": 0.000666124455165118,
      "cost_critic_loss": 0.0805172547698021,
      "reward_critic_loss_last": 0.0005164094618521631,
      "cost_critic_loss_last": 0.07166048884391785,
      "critic_epochs": 8,
      "daily_voltage_cost": 0.005956718232482672,
      "daily_voltage_cost_raw": 0.005956718232482672,
      "daily_voltage_cost_normalized": 0.29783591628074646,
      "daily_economic_return_raw_yuan": -614084.5,
      "daily_economic_return_normalized": -0.19484201073646545,
      "daily_economic_cost_raw_yuan": 614084.5,
      "economic_reward_scale_yuan": 3151704.8194007874,
      "lagrange_multiplier": 0.0,
      "cost_budget": 1.0,
      "cost_budget_raw": 0.02,
      "cost_budget_normalized": 1.0,
      "algorithm_cost_mode": "separate_cost",
      "fixed_cost_penalty_coef": 0.0,
      "log_std_max": -2.3,
      "accepted": true,
      "mode": "reward",
      "reward_before": 2.71748632485469e-07,
      "reward_after": 0.2066737413406372,
      "cost_before": 0.29784029722213745,
      "cost_after": 0.21524184942245483,
      "kl_before": -2.384185791015625e-07,
      "kl_after": 0.0199541337788105,
      "cost_gap": -0.7021597027778625,
      "cost_recoverable": true,
      "cost_quadratic": 174.36903381347656,
      "reward_quadratic": 1.3221464157104492,
      "reward_cost_cross": -0.33837634325027466,
      "max_linear_cost_drop": 2.640977347979165,
      "rollout_wall_seconds": 1.3020491488277912,
      "update_wall_seconds": 1.4469399321824312,
      "total_wall_seconds": 2.748991960659623
    },
    {
      "update": 831,
      "algorithm": "macpo",
      "actor_loss": -0.10588984191417694,
      "reward_critic_loss": 0.0004864466318394989,
      "cost_critic_loss": 0.6813755035400391,
      "reward_critic_loss_last": 0.0003733451012521982,
      "cost_critic_loss_last": 0.6350747346878052,
      "critic_epochs": 8,
      "daily_voltage_cost": 0.008213050663471222,
      "daily_voltage_cost_raw": 0.008213050663471222,
      "daily_voltage_cost_normalized": 0.4106525480747223,
      "daily_economic_return_raw_yuan": -614199.0,
      "daily_economic_return_normalized": -0.19487833976745605,
      "daily_economic_cost_raw_yuan": 614199.0,
      "economic_reward_scale_yuan": 3151704.8194007874,
      "lagrange_multiplier": 0.0,
      "cost_budget": 1.0,
      "cost_budget_raw": 0.02,
      "cost_budget_normalized": 1.0,
      "algorithm_cost_mode": "separate_cost",
      "fixed_cost_penalty_coef": 0.0,
      "log_std_max": -2.3,
      "accepted": true,
      "mode": "reward",
      "reward_before": 3.702557904716741e-08,
      "reward_after": 0.10588984191417694,
      "cost_before": 0.41064199805259705,
      "cost_after": 0.5304442048072815,
      "kl_before": -2.384185791015625e-07,
      "kl_after": 0.00501116132363677,
      "cost_gap": -0.589358001947403,
      "cost_recoverable": true,
      "cost_quadratic": 1023.0831298828125,
      "reward_quadratic": 1.1080617904663086,
      "reward_cost_cross": 1.2575432062149048,
      "max_linear_cost_drop": 6.3971341392308245,
      "rollout_wall_seconds": 1.1877944860607386,
      "update_wall_seconds": 1.4869405440986156,
      "total_wall_seconds": 2.674736797809601
    },
    {
      "update": 832,
      "algorithm": "macpo",
      "actor_loss": -0.13355299830436707,
      "reward_critic_loss": 0.00022651073231827468,
      "cost_critic_loss": 0.03587886318564415,
      "reward_critic_loss_last": 0.00020937362569384277,
      "cost_critic_loss_last": 0.046766914427280426,
      "critic_epochs": 8,
      "daily_voltage_cost": 0.0005235428106971085,
      "daily_voltage_cost_raw": 0.0005235428106971085,
      "daily_voltage_cost_normalized": 0.026177139952778816,
      "daily_economic_return_raw_yuan": -519977.4375,
      "daily_economic_return_normalized": -0.16498291492462158,
      "daily_economic_cost_raw_yuan": 519977.4375,
      "economic_reward_scale_yuan": 3151704.8194007874,
      "lagrange_multiplier": 0.0,
      "cost_budget": 1.0,
      "cost_budget_raw": 0.02,
      "cost_budget_normalized": 1.0,
      "algorithm_cost_mode": "separate_cost",
      "fixed_cost_penalty_coef": 0.0,
      "log_std_max": -2.3,
      "accepted": true,
      "mode": "reward",
      "reward_before": 8.18681371583807e-08,
      "reward_after": 0.13355299830436707,
      "cost_before": 0.026179568842053413,
      "cost_after": 0.3489522337913513,
      "kl_before": -2.384185791015625e-07,
      "kl_after": 0.019937405362725258,
      "cost_gap": -0.9738204311579466,
      "cost_recoverable": true,
      "cost_quadratic": 112.1617660522461,
      "reward_quadratic": 0.4771456718444824,
      "reward_cost_cross": 1.5734186172485352,
      "max_linear_cost_drop": 2.11812904283234,
      "rollout_wall_seconds": 1.8015569597482681,
      "update_wall_seconds": 1.450492536649108,
      "total_wall_seconds": 3.2520512845367193
    },
    {
      "update": 833,
      "algorithm": "macpo",
      "actor_loss": -0.13972881436347961,
      "reward_critic_loss": 0.00031030329409986734,
      "cost_critic_loss": 0.7098747491836548,
      "reward_critic_loss_last": 0.0003044527838937938,
      "cost_critic_loss_last": 0.6812480688095093,
      "critic_epochs": 8,
      "daily_voltage_cost": 0.016464650630950928,
      "daily_voltage_cost_raw": 0.016464650630950928,
      "daily_voltage_cost_normalized": 0.8232324123382568,
      "daily_economic_return_raw_yuan": -667061.8125,
      "daily_economic_return_normalized": -0.21165111660957336,
      "daily_economic_cost_raw_yuan": 667061.8125,
      "economic_reward_scale_yuan": 3151704.8194007874,
      "lagrange_multiplier": 0.0,
      "cost_budget": 1.0,
      "cost_budget_raw": 0.02,
      "cost_budget_normalized": 1.0,
      "algorithm_cost_mode": "separate_cost",
      "fixed_cost_penalty_coef": 0.0,
      "log_std_max": -2.3,
      "accepted": true,
      "mode": "constrained_reward",
      "reward_before": -2.232116003142437e-08,
      "reward_after": 0.13972881436347961,
      "cost_before": 0.8232309222221375,
      "cost_after": 0.6297522783279419,
      "kl_before": -2.384185791015625e-07,
      "kl_after": 0.019689451903104782,
      "cost_gap": -0.17676907777786255,
      "cost_recoverable": true,
      "cost_quadratic": 1449.4775390625,
      "reward_quadratic": 0.532577395439148,
      "reward_cost_cross": 5.380979537963867,
      "max_linear_cost_drop": 7.6144009326078965,
      "rollout_wall_seconds": 1.5322087239474058,
      "update_wall_seconds": 1.380623284727335,
      "total_wall_seconds": 2.9128340799361467
    },
    {
      "update": 834,
      "algorithm": "macpo",
      "actor_loss": -0.1600361466407776,
      "reward_critic_loss": 0.0002707300882320851,
      "cost_critic_loss": 0.08354437351226807,
      "reward_critic_loss_last": 0.0002565964823588729,
      "cost_critic_loss_last": 0.059404462575912476,
      "critic_epochs": 8,
      "daily_voltage_cost": 0.0009606257663108408,
      "daily_voltage_cost_raw": 0.0009606257663108408,
      "daily_voltage_cost_normalized": 0.048031285405159,
      "daily_economic_return_raw_yuan": -574692.0,
      "daily_economic_return_normalized": -0.1823432296514511,
      "daily_economic_cost_raw_yuan": 574692.0,
      "economic_reward_scale_yuan": 3151704.8194007874,
      "lagrange_multiplier": 0.0,
      "cost_budget": 1.0,
      "cost_budget_raw": 0.02,
      "cost_budget_normalized": 1.0,
      "algorithm_cost_mode": "separate_cost",
      "fixed_cost_penalty_coef": 0.0,
      "log_std_max": -2.3,
      "accepted": true,
      "mode": "reward",
      "reward_before": 7.757073916536683e-08,
      "reward_after": 0.1600361466407776,
      "cost_before": 0.04803096503019333,
      "cost_after": -0.34523487091064453,
      "kl_before": -2.384185791015625e-07,
      "kl_after": 0.019859381020069122,
      "cost_gap": -0.9519690349698067,
      "cost_recoverable": true,
      "cost_quadratic": 178.24497985839844,
      "reward_quadratic": 0.585526704788208,
      "reward_cost_cross": -1.010859489440918,
      "max_linear_cost_drop": 2.670168383142894,
      "rollout_wall_seconds": 1.8795804176479578,
      "update_wall_seconds": 1.518656162545085,
      "total_wall_seconds": 3.3982411082834005
    },
    {
      "update": 835,
      "algorithm": "macpo",
      "actor_loss": -0.0696103647351265,
      "reward_critic_loss": 0.00025461596669629216,
      "cost_critic_loss": 0.14740195870399475,
      "reward_critic_loss_last": 0.00024170403776224703,
      "cost_critic_loss_last": 0.1518206000328064,
      "critic_epochs": 8,
      "daily_voltage_cost": 0.0037306887097656727,
      "daily_voltage_cost_raw": 0.0037306887097656727,
      "daily_voltage_cost_normalized": 0.18653444945812225,
      "daily_economic_return_raw_yuan": -591701.75,
      "daily_economic_return_normalized": -0.18774022161960602,
      "daily_economic_cost_raw_yuan": 591701.75,
      "economic_reward_scale_yuan": 3151704.8194007874,
      "lagrange_multiplier": 0.0,
      "cost_budget": 1.0,
      "cost_budget_raw": 0.02,
      "cost_budget_normalized": 1.0,
      "algorithm_cost_mode": "separate_cost",
      "fixed_cost_penalty_coef": 0.0,
      "log_std_max": -2.3,
      "accepted": true,
      "mode": "reward",
      "reward_before": -8.062030332212089e-08,
      "reward_after": 0.0696103647351265,
      "cost_before": 0.18653012812137604,
      "cost_after": 0.294264018535614,
      "kl_before": -2.384185791015625e-07,
      "kl_after": 0.004999461583793163,
      "cost_gap": -0.813469871878624,
      "cost_recoverable": true,
      "cost_quadratic": 251.41757202148438,
      "reward_quadratic": 0.4815000593662262,
      "reward_cost_cross": 0.7433494329452515,
      "max_linear_cost_drop": 3.171230499484289,
      "rollout_wall_seconds": 1.71971152164042,
      "update_wall_seconds": 1.4905618354678154,
      "total_wall_seconds": 3.210275650024414
    },
    {
      "update": 836,
      "algorithm": "macpo",
      "actor_loss": -0.07448289543390274,
      "reward_critic_loss": 0.00030130258528515697,
      "cost_critic_loss": 0.6573840975761414,
      "reward_critic_loss_last": 0.00028884410858154297,
      "cost_critic_loss_last": 0.5438927412033081,
      "critic_epochs": 8,
      "daily_voltage_cost": 0.013648107647895813,
      "daily_voltage_cost_raw": 0.013648107647895813,
      "daily_voltage_cost_normalized": 0.6824053525924683,
      "daily_economic_return_raw_yuan": -580783.6875,
      "daily_economic_return_normalized": -0.1842760443687439,
      "daily_economic_cost_raw_yuan": 580783.6875,
      "economic_reward_scale_yuan": 3151704.8194007874,
      "lagrange_multiplier": 0.0,
      "cost_budget": 1.0,
      "cost_budget_raw": 0.02,
      "cost_budget_normalized": 1.0,
      "algorithm_cost_mode": "separate_cost",
      "fixed_cost_penalty_coef": 0.0,
      "log_std_max": -2.3,
      "accepted": true,
      "mode": "constrained_reward",
      "reward_before": 6.780144445883707e-08,
      "reward_after": 0.07448289543390274,
      "cost_before": 0.6824095249176025,
      "cost_after": 0.8910351395606995,
      "kl_before": -2.384185791015625e-07,
      "kl_after": 0.005008412525057793,
      "cost_gap": -0.31759047508239746,
      "cost_recoverable": true,
      "cost_quadratic": 1181.8011474609375,
      "reward_quadratic": 0.5451295375823975,
      "reward_cost_cross": 1.075547695159912,
      "max_linear_cost_drop": 6.875466958573615,
      "rollout_wall_seconds": 2.000853953883052,
      "update_wall_seconds": 1.7008894979953766,
      "total_wall_seconds": 3.701745703816414
    },
    {
      "update": 837,
      "algorithm": "macpo",
      "actor_loss": 0.01432780921459198,
      "reward_critic_loss": 0.00033725821413099766,
      "cost_critic_loss": 0.8348404765129089,
      "reward_critic_loss_last": 0.0003103779163211584,
      "cost_critic_loss_last": 0.8404992818832397,
      "critic_epochs": 8,
      "daily_voltage_cost": 0.020560886710882187,
      "daily_voltage_cost_raw": 0.020560886710882187,
      "daily_voltage_cost_normalized": 1.0280444622039795,
      "daily_economic_return_raw_yuan": -609159.25,
      "daily_economic_return_normalized": -0.19327929615974426,
      "daily_economic_cost_raw_yuan": 609159.25,
      "economic_reward_scale_yuan": 3151704.8194007874,
      "lagrange_multiplier": 0.0,
      "cost_budget": 1.0,
      "cost_budget_raw": 0.02,
      "cost_budget_normalized": 1.0,
      "algorithm_cost_mode": "separate_cost",
      "fixed_cost_penalty_coef": 0.0,
      "log_std_max": -2.3,
      "accepted": true,
      "mode": "cost_recovery",
      "reward_before": -3.7866641378059285e-08,
      "reward_after": -0.01432780921459198,
      "cost_before": 1.0280526876449585,
      "cost_after": -5.932285308837891,
      "kl_before": -2.384185791015625e-07,
      "kl_after": 0.019886888563632965,
      "cost_gap": 0.028052687644958496,
      "cost_recoverable": true,
      "cost_quadratic": 1551.24609375,
      "reward_quadratic": 0.6140326261520386,
      "reward_cost_cross": 3.3492321968078613,
      "max_linear_cost_drop": 7.877172319430368,
      "rollout_wall_seconds": 2.469207787886262,
      "update_wall_seconds": 1.8847233038395643,
      "total_wall_seconds": 4.353933557868004
    },
    {
      "update": 838,
      "algorithm": "macpo",
      "actor_loss": -0.06653192639350891,
      "reward_critic_loss": 0.00023462895478587598,
      "cost_critic_loss": 0.2875899076461792,
      "reward_critic_loss_last": 0.0002244912029709667,
      "cost_critic_loss_last": 0.23107706010341644,
      "critic_epochs": 8,
      "daily_voltage_cost": 0.006542265880852938,
      "daily_voltage_cost_raw": 0.006542265880852938,
      "daily_voltage_cost_normalized": 0.3271133303642273,
      "daily_economic_return_raw_yuan": -516717.375,
      "daily_economic_return_normalized": -0.16394853591918945,
      "daily_economic_cost_raw_yuan": 516717.375,
      "economic_reward_scale_yuan": 3151704.8194007874,
      "lagrange_multiplier": 0.0,
      "cost_budget": 1.0,
      "cost_budget_raw": 0.02,
      "cost_budget_normalized": 1.0,
      "algorithm_cost_mode": "separate_cost",
      "fixed_cost_penalty_coef": 0.0,
      "log_std_max": -2.3,
      "accepted": true,
      "mode": "reward",
      "reward_before": -2.5250579938074225e-07,
      "reward_after": 0.06653192639350891,
      "cost_before": 0.3271159827709198,
      "cost_after": 0.2161141037940979,
      "kl_before": -2.384185791015625e-07,
      "kl_after": 0.005006914958357811,
      "cost_gap": -0.6728840172290802,
      "cost_recoverable": true,
      "cost_quadratic": 526.4591064453125,
      "reward_quadratic": 0.43702858686447144,
      "reward_cost_cross": -0.6798929572105408,
      "max_linear_cost_drop": 4.588939339086157,
      "rollout_wall_seconds": 2.2870021536946297,
      "update_wall_seconds": 1.8138949889689684,
      "total_wall_seconds": 4.100899651646614
    },
    {
      "update": 839,
      "algorithm": "macpo",
      "actor_loss": -0.07229796051979065,
      "reward_critic_loss": 0.0002495310618542135,
      "cost_critic_loss": 0.6605440974235535,
      "reward_critic_loss_last": 0.0002230379031971097,
      "cost_critic_loss_last": 0.5633189678192139,
      "critic_epochs": 8,
      "daily_voltage_cost": 0.016864385455846786,
      "daily_voltage_cost_raw": 0.016864385455846786,
      "daily_voltage_cost_normalized": 0.8432192802429199,
      "daily_economic_return_raw_yuan": -583593.6875,
      "daily_economic_return_normalized": -0.18516762554645538,
      "daily_economic_cost_raw_yuan": 583593.6875,
      "economic_reward_scale_yuan": 3151704.8194007874,
      "lagrange_multiplier": 0.0,
      "cost_budget": 1.0,
      "cost_budget_raw": 0.02,
      "cost_budget_normalized": 1.0,
      "algorithm_cost_mode": "separate_cost",
      "fixed_cost_penalty_coef": 0.0,
      "log_std_max": -2.3,
      "accepted": true,
      "mode": "constrained_reward",
      "reward_before": -1.086651479909051e-07,
      "reward_after": 0.07229796051979065,
      "cost_before": 0.8432161211967468,
      "cost_after": 0.9425826072692871,
      "kl_before": -2.384185791015625e-07,
      "kl_after": 0.005035860929638147,
      "cost_gap": -0.15678387880325317,
      "cost_recoverable": true,
      "cost_quadratic": 1311.8076171875,
      "reward_quadratic": 0.541918158531189,
      "reward_cost_cross": 3.2821052074432373,
      "max_linear_cost_drop": 7.24377696284887,
      "rollout_wall_seconds": 2.0448432341217995,
      "update_wall_seconds": 1.6533421836793423,
      "total_wall_seconds": 3.698187632486224
    },
    {
      "update": 840,
      "algorithm": "macpo",
      "actor_loss": -0.11570442467927933,
      "reward_critic_loss": 0.0001837491727201268,
      "cost_critic_loss": 0.2427087128162384,
      "reward_critic_loss_last": 0.00017087205196730793,
      "cost_critic_loss_last": 0.18435874581336975,
      "critic_epochs": 8,
      "daily_voltage_cost": 0.008690007962286472,
      "daily_voltage_cost_raw": 0.008690007962286472,
      "daily_voltage_cost_normalized": 0.43450039625167847,
      "daily_economic_return_raw_yuan": -540053.4375,
      "daily_economic_return_normalized": -0.1713528037071228,
      "daily_economic_cost_raw_yuan": 540053.4375,
      "economic_reward_scale_yuan": 3151704.8194007874,
      "lagrange_multiplier": 0.0,
      "cost_budget": 1.0,
      "cost_budget_raw": 0.02,
      "cost_budget_normalized": 1.0,
      "algorithm_cost_mode": "separate_cost",
      "fixed_cost_penalty_coef": 0.0,
      "log_std_max": -2.3,
      "accepted": true,
      "mode": "reward",
      "reward_before": -3.044294416554294e-08,
      "reward_after": 0.11570442467927933,
      "cost_before": 0.43449658155441284,
      "cost_after": 0.2671087086200714,
      "kl_before": -2.384185791015625e-07,
      "kl_after": 0.019974544644355774,
      "cost_gap": -0.5655034184455872,
      "cost_recoverable": true,
      "cost_quadratic": 506.0833740234375,
      "reward_quadratic": 0.30883127450942993,
      "reward_cost_cross": -0.21849016845226288,
      "max_linear_cost_drop": 4.499259379157586,
      "rollout_wall_seconds": 1.3380058985203505,
      "update_wall_seconds": 1.4464681893587112,
      "total_wall_seconds": 2.784476052969694
    },
    {
      "update": 841,
      "algorithm": "macpo",
      "actor_loss": -0.08222447335720062,
      "reward_critic_loss": 0.00035739768645726144,
      "cost_critic_loss": 0.17095091938972473,
      "reward_critic_loss_last": 0.0003419776330702007,
      "cost_critic_loss_last": 0.15916091203689575,
      "critic_epochs": 8,
      "daily_voltage_cost": 0.004322712775319815,
      "daily_voltage_cost_raw": 0.004322712775319815,
      "daily_voltage_cost_normalized": 0.2161356508731842,
      "daily_economic_return_raw_yuan": -580938.25,
      "daily_economic_return_normalized": -0.18432508409023285,
      "daily_economic_cost_raw_yuan": 580938.25,
      "economic_reward_scale_yuan": 3151704.8194007874,
      "lagrange_multiplier": 0.0,
      "cost_budget": 1.0,
      "cost_budget_raw": 0.02,
      "cost_budget_normalized": 1.0,
      "algorithm_cost_mode": "separate_cost",
      "fixed_cost_penalty_coef": 0.0,
      "log_std_max": -2.3,
      "accepted": true,
      "mode": "reward",
      "reward_before": 8.383351968177521e-08,
      "reward_after": 0.08222447335720062,
      "cost_before": 0.21614140272140503,
      "cost_after": 0.06900304555892944,
      "kl_before": -2.384185791015625e-07,
      "kl_after": 0.0050291637890040874,
      "cost_gap": -0.783858597278595,
      "cost_recoverable": true,
      "cost_quadratic": 367.85382080078125,
      "reward_quadratic": 0.6809051632881165,
      "reward_cost_cross": -1.3394603729248047,
      "max_linear_cost_drop": 3.8359031312105953,
      "rollout_wall_seconds": 1.146523717790842,
      "update_wall_seconds": 1.6965917237102985,
      "total_wall_seconds": 2.8431176710873842
    },
    {
      "update": 842,
      "algorithm": "macpo",
      "actor_loss": -0.07980247586965561,
      "reward_critic_loss": 0.00033567502396181226,
      "cost_critic_loss": 0.653937816619873,
      "reward_critic_loss_last": 0.0002604266337584704,
      "cost_critic_loss_last": 0.5930964946746826,
      "critic_epochs": 8,
      "daily_voltage_cost": 0.014124944806098938,
      "daily_voltage_cost_raw": 0.014124944806098938,
      "daily_voltage_cost_normalized": 0.7062472105026245,
      "daily_economic_return_raw_yuan": -523226.3125,
      "daily_economic_return_normalized": -0.16601374745368958,
      "daily_economic_cost_raw_yuan": 523226.3125,
      "economic_reward_scale_yuan": 3151704.8194007874,
      "lagrange_multiplier": 0.0,
      "cost_budget": 1.0,
      "cost_budget_raw": 0.02,
      "cost_budget_normalized": 1.0,
      "algorithm_cost_mode": "separate_cost",
      "fixed_cost_penalty_coef": 0.0,
      "log_std_max": -2.3,
      "accepted": true,
      "mode": "reward",
      "reward_before": -2.0214383766870014e-07,
      "reward_after": 0.07980247586965561,
      "cost_before": 0.7062459588050842,
      "cost_after": 0.09976017475128174,
      "kl_before": -2.384185791015625e-07,
      "kl_after": 0.005026248283684254,
      "cost_gap": -0.29375404119491577,
      "cost_recoverable": true,
      "cost_quadratic": 1445.090087890625,
      "reward_quadratic": 0.5990276336669922,
      "reward_cost_cross": -6.204615592956543,
      "max_linear_cost_drop": 7.6028681111554866,
      "rollout_wall_seconds": 1.0989771820604801,
      "update_wall_seconds": 1.3695987276732922,
      "total_wall_seconds": 2.468577530235052
    },
    {
      "update": 843,
      "algorithm": "macpo",
      "actor_loss": -0.19094935059547424,
      "reward_critic_loss": 0.0005459884996525943,
      "cost_critic_loss": 0.2241431325674057,
      "reward_critic_loss_last": 0.0005041087279096246,
      "cost_critic_loss_last": 0.21956199407577515,
      "critic_epochs": 8,
      "daily_voltage_cost": 0.012149624526500702,
      "daily_voltage_cost_raw": 0.012149624526500702,
      "daily_voltage_cost_normalized": 0.6074812412261963,
      "daily_economic_return_raw_yuan": -654506.0625,
      "daily_economic_return_normalized": -0.20766732096672058,
      "daily_economic_cost_raw_yuan": 654506.0625,
      "economic_reward_scale_yuan": 3151704.8194007874,
      "lagrange_multiplier": 0.0,
      "cost_budget": 1.0,
      "cost_budget_raw": 0.02,
      "cost_budget_normalized": 1.0,
      "algorithm_cost_mode": "separate_cost",
      "fixed_cost_penalty_coef": 0.0,
      "log_std_max": -2.3,
      "accepted": true,
      "mode": "constrained_reward",
      "reward_before": -1.0173393150125776e-07,
      "reward_after": 0.19094935059547424,
      "cost_before": 0.6074740886688232,
      "cost_after": 0.7840826511383057,
      "kl_before": -2.384185791015625e-07,
      "kl_after": 0.01988217979669571,
      "cost_gap": -0.39252591133117676,
      "cost_recoverable": true,
      "cost_quadratic": 357.9617614746094,
      "reward_quadratic": 1.0262820720672607,
      "reward_cost_cross": 3.224062204360962,
      "max_linear_cost_drop": 3.7839754834016004,
      "rollout_wall_seconds": 1.3676535952836275,
      "update_wall_seconds": 1.6594540178775787,
      "total_wall_seconds": 3.027109745889902
    },
    {
      "update": 844,
      "algorithm": "macpo",
      "actor_loss": 0.016141746193170547,
      "reward_critic_loss": 0.000292403856292367,
      "cost_critic_loss": 2.183300256729126,
      "reward_critic_loss_last": 0.00028596934862434864,
      "cost_critic_loss_last": 1.93806791305542,
      "critic_epochs": 8,
      "daily_voltage_cost": 0.025980697944760323,
      "daily_voltage_cost_raw": 0.025980697944760323,
      "daily_voltage_cost_normalized": 1.299034833908081,
      "daily_economic_return_raw_yuan": -488052.875,
      "daily_economic_return_normalized": -0.15485361218452454,
      "daily_economic_cost_raw_yuan": 488052.875,
      "economic_reward_scale_yuan": 3151704.8194007874,
      "lagrange_multiplier": 0.0,
      "cost_budget": 1.0,
      "cost_budget_raw": 0.02,
      "cost_budget_normalized": 1.0,
      "algorithm_cost_mode": "separate_cost",
      "fixed_cost_penalty_coef": 0.0,
      "log_std_max": -2.3,
      "accepted": true,
      "mode": "cost_recovery",
      "reward_before": -7.035713878167371e-08,
      "reward_after": -0.016141746193170547,
      "cost_before": 1.299014687538147,
      "cost_after": -10.027867317199707,
      "kl_before": -2.384185791015625e-07,
      "kl_after": 0.019881507381796837,
      "cost_gap": 0.299014687538147,
      "cost_recoverable": true,
      "cost_quadratic": 5700.66943359375,
      "reward_quadratic": 0.5466116070747375,
      "reward_cost_cross": 8.201543807983398,
      "max_linear_cost_drop": 15.100555530964748,
      "rollout_wall_seconds": 1.172813655808568,
      "update_wall_seconds": 1.544869001954794,
      "total_wall_seconds": 2.7176843658089638
    },
    {
      "update": 845,
      "algorithm": "macpo",
      "actor_loss": -0.15485495328903198,
      "reward_critic_loss": 0.0002421564859105274,
      "cost_critic_loss": 0.38954585790634155,
      "reward_critic_loss_last": 0.00022933268337510526,
      "cost_critic_loss_last": 0.3966979682445526,
      "critic_epochs": 8,
      "daily_voltage_cost": 0.012896393425762653,
      "daily_voltage_cost_raw": 0.012896393425762653,
      "daily_voltage_cost_normalized": 0.6448196768760681,
      "daily_economic_return_raw_yuan": -607854.625,
      "daily_economic_return_normalized": -0.19286534190177917,
      "daily_economic_cost_raw_yuan": 607854.625,
      "economic_reward_scale_yuan": 3151704.8194007874,
      "lagrange_multiplier": 0.0,
      "cost_budget": 1.0,
      "cost_budget_raw": 0.02,
      "cost_budget_normalized": 1.0,
      "algorithm_cost_mode": "separate_cost",
      "fixed_cost_penalty_coef": 0.0,
      "log_std_max": -2.3,
      "accepted": true,
      "mode": "reward",
      "reward_before": 2.0575583903337247e-08,
      "reward_after": 0.15485495328903198,
      "cost_before": 0.6448158621788025,
      "cost_after": -0.013409674167633057,
      "kl_before": -2.384185791015625e-07,
      "kl_after": 0.019991455599665642,
      "cost_gap": -0.3551841378211975,
      "cost_recoverable": true,
      "cost_quadratic": 741.1893310546875,
      "reward_quadratic": 0.5358978509902954,
      "reward_cost_cross": -1.9940640926361084,
      "max_linear_cost_drop": 5.444958516112634,
      "rollout_wall_seconds": 1.4843419846147299,
      "update_wall_seconds": 1.9906143303960562,
      "total_wall_seconds": 3.4749592319130898
    },
    {
      "update": 846,
      "algorithm": "macpo",
      "actor_loss": -0.1786155104637146,
      "reward_critic_loss": 0.0004049146082252264,
      "cost_critic_loss": 0.26700136065483093,
      "reward_critic_loss_last": 0.00037942593917250633,
      "cost_critic_loss_last": 0.08857673406600952,
      "critic_epochs": 8,
      "daily_voltage_cost": 0.0027269667480140924,
      "daily_voltage_cost_raw": 0.0027269667480140924,
      "daily_voltage_cost_normalized": 0.13634833693504333,
      "daily_economic_return_raw_yuan": -663375.25,
      "daily_economic_return_normalized": -0.2104814052581787,
      "daily_economic_cost_raw_yuan": 663375.25,
      "economic_reward_scale_yuan": 3151704.8194007874,
      "lagrange_multiplier": 0.0,
      "cost_budget": 1.0,
      "cost_budget_raw": 0.02,
      "cost_budget_normalized": 1.0,
      "algorithm_cost_mode": "separate_cost",
      "fixed_cost_penalty_coef": 0.0,
      "log_std_max": -2.3,
      "accepted": true,
      "mode": "constrained_reward",
      "reward_before": 1.268229112838526e-07,
      "reward_after": 0.1786155104637146,
      "cost_before": 0.13634660840034485,
      "cost_after": 0.8307973146438599,
      "kl_before": -2.384185791015625e-07,
      "kl_after": 0.019962944090366364,
      "cost_gap": -0.8636533915996552,
      "cost_recoverable": true,
      "cost_quadratic": 612.3302001953125,
      "reward_quadratic": 0.7339301109313965,
      "reward_cost_cross": 5.584066867828369,
      "max_linear_cost_drop": 4.949061325929645,
      "rollout_wall_seconds": 1.9981230720877647,
      "update_wall_seconds": 1.8229910880327225,
      "total_wall_seconds": 3.821115894243121
    },
    {
      "update": 847,
      "algorithm": "macpo",
      "actor_loss": 0.010360689833760262,
      "reward_critic_loss": 0.000252061290666461,
      "cost_critic_loss": 1.0219507217407227,
      "reward_critic_loss_last": 0.00023677459103055298,
      "cost_critic_loss_last": 1.0220438241958618,
      "critic_epochs": 8,
      "daily_voltage_cost": 0.02423712983727455,
      "daily_voltage_cost_raw": 0.02423712983727455,
      "daily_voltage_cost_normalized": 1.2118563652038574,
      "daily_economic_return_raw_yuan": -612176.625,
      "daily_economic_return_normalized": -0.1942366659641266,
      "daily_economic_cost_raw_yuan": 612176.625,
      "economic_reward_scale_yuan": 3151704.8194007874,
      "lagrange_multiplier": 0.0,
      "cost_budget": 1.0,
      "cost_budget_raw": 0.02,
      "cost_budget_normalized": 1.0,
      "algorithm_cost_mode": "separate_cost",
      "fixed_cost_penalty_coef": 0.0,
      "log_std_max": -2.3,
      "accepted": true,
      "mode": "cost_recovery",
      "reward_before": -5.357072652145689e-08,
      "reward_after": -0.010360689833760262,
      "cost_before": 1.211847186088562,
      "cost_after": -7.299414157867432,
      "kl_before": -2.384185791015625e-07,
      "kl_after": 0.01996382139623165,
      "cost_gap": 0.211847186088562,
      "cost_recoverable": true,
      "cost_quadratic": 2220.48486328125,
      "reward_quadratic": 0.5231782793998718,
      "reward_cost_cross": 1.2782648801803589,
      "max_linear_cost_drop": 9.424404200332772,
      "rollout_wall_seconds": 2.2078338619321585,
      "update_wall_seconds": 1.6316400598734617,
      "total_wall_seconds": 3.8394758980721235
    },
    {
      "update": 848,
      "algorithm": "macpo",
      "actor_loss": -0.08218667656183243,
      "reward_critic_loss": 0.00035995407961308956,
      "cost_critic_loss": 0.2335370033979416,
      "reward_critic_loss_last": 0.00033787344000302255,
      "cost_critic_loss_last": 0.2260901778936386,
      "critic_epochs": 8,
      "daily_voltage_cost": 0.013162245973944664,
      "daily_voltage_cost_raw": 0.013162245973944664,
      "daily_voltage_cost_normalized": 0.6581122279167175,
      "daily_economic_return_raw_yuan": -556820.8125,
      "daily_economic_return_normalized": -0.17667289078235626,
      "daily_economic_cost_raw_yuan": 556820.8125,
      "economic_reward_scale_yuan": 3151704.8194007874,
      "lagrange_multiplier": 0.0,
      "cost_budget": 1.0,
      "cost_budget_raw": 0.02,
      "cost_budget_normalized": 1.0,
      "algorithm_cost_mode": "separate_cost",
      "fixed_cost_penalty_coef": 0.0,
      "log_std_max": -2.3,
      "accepted": true,
      "mode": "reward",
      "reward_before": -6.915090011716529e-08,
      "reward_after": 0.08218667656183243,
      "cost_before": 0.6581124067306519,
      "cost_after": 0.565247654914856,
      "kl_before": -2.384185791015625e-07,
      "kl_after": 0.0049848430790007114,
      "cost_gap": -0.34188759326934814,
      "cost_recoverable": true,
      "cost_quadratic": 513.7998046875,
      "reward_quadratic": 0.672515869140625,
      "reward_cost_cross": -0.8642983436584473,
      "max_linear_cost_drop": 4.533430509834688,
      "rollout_wall_seconds": 2.2328990567475557,
      "update_wall_seconds": 1.8458040319383144,
      "total_wall_seconds": 4.0787049401551485
    },
    {
      "update": 849,
      "algorithm": "macpo",
      "actor_loss": -0.14967301487922668,
      "reward_critic_loss": 0.0003897616406902671,
      "cost_critic_loss": 0.12967102229595184,
      "reward_critic_loss_last": 0.0003752001211978495,
      "cost_critic_loss_last": 0.11971249431371689,
      "critic_epochs": 8,
      "daily_voltage_cost": 0.009861307218670845,
      "daily_voltage_cost_raw": 0.009861307218670845,
      "daily_voltage_cost_normalized": 0.49306535720825195,
      "daily_economic_return_raw_yuan": -604648.3125,
      "daily_economic_return_normalized": -0.1918480098247528,
      "daily_economic_cost_raw_yuan": 604648.3125,
      "economic_reward_scale_yuan": 3151704.8194007874,
      "lagrange_multiplier": 0.0,
      "cost_budget": 1.0,
      "cost_budget_raw": 0.02,
      "cost_budget_normalized": 1.0,
      "algorithm_cost_mode": "separate_cost",
      "fixed_cost_penalty_coef": 0.0,
      "log_std_max": -2.3,
      "accepted": true,
      "mode": "reward",
      "reward_before": 2.413815636259642e-08,
      "reward_after": 0.14967301487922668,
      "cost_before": 0.49306365847587585,
      "cost_after": 0.2267446517944336,
      "kl_before": -2.384185791015625e-07,
      "kl_after": 0.01990879885852337,
      "cost_gap": -0.5069363415241241,
      "cost_recoverable": true,
      "cost_quadratic": 265.64483642578125,
      "reward_quadratic": 0.6541410088539124,
      "reward_cost_cross": -0.8616401553153992,
      "max_linear_cost_drop": 3.2597229110817456,
      "rollout_wall_seconds": 1.9171488489955664,
      "update_wall_seconds": 1.7815725468099117,
      "total_wall_seconds": 3.698723189532757
    },
    {
      "update": 850,
      "algorithm": "macpo",
      "actor_loss": -0.15561090409755707,
      "reward_critic_loss": 0.00031998701160773635,
      "cost_critic_loss": 0.07010894268751144,
      "reward_critic_loss_last": 0.0002903181011788547,
      "cost_critic_loss_last": 0.046492110937833786,
      "critic_epochs": 8,
      "daily_voltage_cost": 0.005111288279294968,
      "daily_voltage_cost_raw": 0.005111288279294968,
      "daily_voltage_cost_normalized": 0.255564421415329,
      "daily_economic_return_raw_yuan": -562944.0,
      "daily_economic_return_normalized": -0.1786157190799713,
      "daily_economic_cost_raw_yuan": 562944.0,
      "economic_reward_scale_yuan": 3151704.8194007874,
      "lagrange_multiplier": 0.0,
      "cost_budget": 1.0,
      "cost_budget_raw": 0.02,
      "cost_budget_normalized": 1.0,
      "algorithm_cost_mode": "separate_cost",
      "fixed_cost_penalty_coef": 0.0,
      "log_std_max": -2.3,
      "accepted": true,
      "mode": "reward",
      "reward_before": -4.46166694700878e-08,
      "reward_after": 0.15561090409755707,
      "cost_before": 0.2555672228336334,
      "cost_after": -0.3043964207172394,
      "kl_before": -2.384185791015625e-07,
      "kl_after": 0.019884128123521805,
      "cost_gap": -0.7444327771663666,
      "cost_recoverable": true,
      "cost_quadratic": 151.59457397460938,
      "reward_quadratic": 0.5901867151260376,
      "reward_cost_cross": -1.9812853336334229,
      "max_linear_cost_drop": 2.462474966163996,
      "rollout_wall_seconds": 1.9721534978598356,
      "update_wall_seconds": 1.5047428235411644,
      "total_wall_seconds": 3.476898282766342
    },
    {
      "update": 851,
      "algorithm": "macpo",
      "actor_loss": -0.0866246148943901,
      "reward_critic_loss": 0.0003290199092589319,
      "cost_critic_loss": 0.1518353819847107,
      "reward_critic_loss_last": 0.0003020220319740474,
      "cost_critic_loss_last": 0.14677760004997253,
      "critic_epochs": 8,
      "daily_voltage_cost": 0.0066586812026798725,
      "daily_voltage_cost_raw": 0.0066586812026798725,
      "daily_voltage_cost_normalized": 0.33293405175209045,
      "daily_economic_return_raw_yuan": -550471.3125,
      "daily_economic_return_normalized": -0.17465828359127045,
      "daily_economic_cost_raw_yuan": 550471.3125,
      "economic_reward_scale_yuan": 3151704.8194007874,
      "lagrange_multiplier": 0.0,
      "cost_budget": 1.0,
      "cost_budget_raw": 0.02,
      "cost_budget_normalized": 1.0,
      "algorithm_cost_mode": "separate_cost",
      "fixed_cost_penalty_coef": 0.0,
      "log_std_max": -2.3,
      "accepted": true,
      "mode": "reward",
      "reward_before": -9.005305656728524e-08,
      "reward_after": 0.0866246148943901,
      "cost_before": 0.33293086290359497,
      "cost_after": -0.006802767515182495,
      "kl_before": -2.384185791015625e-07,
      "kl_after": 0.0050123645924031734,
      "cost_gap": -0.667069137096405,
      "cost_recoverable": true,
      "cost_quadratic": 315.3662109375,
      "reward_quadratic": 0.7514842748641968,
      "reward_cost_cross": -3.196174144744873,
      "max_linear_cost_drop": 3.5517106353840258,
      "rollout_wall_seconds": 1.6772801019251347,
      "update_wall_seconds": 1.4668104480952024,
      "total_wall_seconds": 3.1440926529467106
    },
    {
      "update": 852,
      "algorithm": "macpo",
      "actor_loss": -0.15322086215019226,
      "reward_critic_loss": 0.00029865739634260535,
      "cost_critic_loss": 0.13190577924251556,
      "reward_critic_loss_last": 0.0002897792437579483,
      "cost_critic_loss_last": 0.12571211159229279,
      "critic_epochs": 8,
      "daily_voltage_cost": 0.011207560077309608,
      "daily_voltage_cost_raw": 0.011207560077309608,
      "daily_voltage_cost_normalized": 0.5603780150413513,
      "daily_economic_return_raw_yuan": -567869.0,
      "daily_economic_return_normalized": -0.18017835915088654,
      "daily_economic_cost_raw_yuan": 567869.0,
      "economic_reward_scale_yuan": 3151704.8194007874,
      "lagrange_multiplier": 0.0,
      "cost_budget": 1.0,
      "cost_budget_raw": 0.02,
      "cost_budget_normalized": 1.0,
      "algorithm_cost_mode": "separate_cost",
      "fixed_cost_penalty_coef": 0.0,
      "log_std_max": -2.3,
      "accepted": true,
      "mode": "reward",
      "reward_before": -1.1097829855089003e-07,
      "reward_after": 0.15322086215019226,
      "cost_before": 0.560382068157196,
      "cost_after": -0.07225173711776733,
      "kl_before": -2.384185791015625e-07,
      "kl_after": 0.019999131560325623,
      "cost_gap": -0.43961793184280396,
      "cost_recoverable": true,
      "cost_quadratic": 240.93634033203125,
      "reward_quadratic": 0.6099224090576172,
      "reward_cost_cross": -2.8136849403381348,
      "max_linear_cost_drop": 3.1044248441992037,
      "rollout_wall_seconds": 1.9106135461479425,
      "update_wall_seconds": 1.5665946584194899,
      "total_wall_seconds": 3.4772103652358055
    },
    {
      "update": 853,
      "algorithm": "macpo",
      "actor_loss": -0.17628708481788635,
      "reward_critic_loss": 0.0004273256054148078,
      "cost_critic_loss": 0.13694611191749573,
      "reward_critic_loss_last": 0.0004035259480588138,
      "cost_critic_loss_last": 0.13330277800559998,
      "critic_epochs": 8,
      "daily_voltage_cost": 0.005100018810480833,
      "daily_voltage_cost_raw": 0.005100018810480833,
      "daily_voltage_cost_normalized": 0.25500091910362244,
      "daily_economic_return_raw_yuan": -583306.75,
      "daily_economic_return_normalized": -0.18507657945156097,
      "daily_economic_cost_raw_yuan": 583306.75,
      "economic_reward_scale_yuan": 3151704.8194007874,
      "lagrange_multiplier": 0.0,
      "cost_budget": 1.0,
      "cost_budget_raw": 0.02,
      "cost_budget_normalized": 1.0,
      "algorithm_cost_mode": "separate_cost",
      "fixed_cost_penalty_coef": 0.0,
      "log_std_max": -2.3,
      "accepted": true,
      "mode": "reward",
      "reward_before": 8.524573047452577e-08,
      "reward_after": 0.17628708481788635,
      "cost_before": 0.2550050616264343,
      "cost_after": 0.2555382549762726,
      "kl_before": -2.384185791015625e-07,
      "kl_after": 0.019847769290208817,
      "cost_gap": -0.7449949383735657,
      "cost_recoverable": true,
      "cost_quadratic": 259.7618103027344,
      "reward_quadratic": 0.7471052408218384,
      "reward_cost_cross": 0.27320513129234314,
      "max_linear_cost_drop": 3.223425571051606,
      "rollout_wall_seconds": 1.9852845296263695,
      "update_wall_seconds": 1.7238973826169968,
      "total_wall_seconds": 3.70918451808393
    },
    {
      "update": 854,
      "algorithm": "macpo",
      "actor_loss": -0.08440390229225159,
      "reward_critic_loss": 0.0003478222934063524,
      "cost_critic_loss": 0.12747089564800262,
      "reward_critic_loss_last": 0.0003258056240156293,
      "cost_critic_loss_last": 0.12491403520107269,
      "critic_epochs": 8,
      "daily_voltage_cost": 0.00966007262468338,
      "daily_voltage_cost_raw": 0.00966007262468338,
      "daily_voltage_cost_normalized": 0.4830036163330078,
      "daily_economic_return_raw_yuan": -586485.75,
      "daily_economic_return_normalized": -0.18608525395393372,
      "daily_economic_cost_raw_yuan": 586485.75,
      "economic_reward_scale_yuan": 3151704.8194007874,
      "lagrange_multiplier": 0.0,
      "cost_budget": 1.0,
      "cost_budget_raw": 0.02,
      "cost_budget_normalized": 1.0,
      "algorithm_cost_mode": "separate_cost",
      "fixed_cost_penalty_coef": 0.0,
      "log_std_max": -2.3,
      "accepted": true,
      "mode": "constrained_reward",
      "reward_before": -2.562057090926828e-07,
      "reward_after": 0.08440390229225159,
      "cost_before": 0.4830004870891571,
      "cost_after": 0.7751467823982239,
      "kl_before": -2.384185791015625e-07,
      "kl_after": 0.004967125132679939,
      "cost_gap": -0.5169995129108429,
      "cost_recoverable": true,
      "cost_quadratic": 250.26318359375,
      "reward_quadratic": 0.7212166786193848,
      "reward_cost_cross": 2.526505947113037,
      "max_linear_cost_drop": 3.163941741522748,
      "rollout_wall_seconds": 1.8748847283422947,
      "update_wall_seconds": 1.4051506649702787,
      "total_wall_seconds": 3.2800377681851387
    },
    {
      "update": 855,
      "algorithm": "macpo",
      "actor_loss": -0.12866561114788055,
      "reward_critic_loss": 0.0002106976171489805,
      "cost_critic_loss": 0.6738278269767761,
      "reward_critic_loss_last": 0.00018872407963499427,
      "cost_critic_loss_last": 0.6172453165054321,
      "critic_epochs": 8,
      "daily_voltage_cost": 0.018650498241186142,
      "daily_voltage_cost_raw": 0.018650498241186142,
      "daily_voltage_cost_normalized": 0.9325250387191772,
      "daily_economic_return_raw_yuan": -613596.625,
      "daily_economic_return_normalized": -0.19468721747398376,
      "daily_economic_cost_raw_yuan": 613596.625,
      "economic_reward_scale_yuan": 3151704.8194007874,
      "lagrange_multiplier": 0.0,
      "cost_budget": 1.0,
      "cost_budget_raw": 0.02,
      "cost_budget_normalized": 1.0,
      "algorithm_cost_mode": "separate_cost",
      "fixed_cost_penalty_coef": 0.0,
      "log_std_max": -2.3,
      "accepted": true,
      "mode": "reward",
      "reward_before": -3.431982520396559e-08,
      "reward_after": 0.12866561114788055,
      "cost_before": 0.9325195550918579,
      "cost_after": 0.3636128306388855,
      "kl_before": -2.384185791015625e-07,
      "kl_after": 0.019903376698493958,
      "cost_gap": -0.06748044490814209,
      "cost_recoverable": true,
      "cost_quadratic": 1337.2200927734375,
      "reward_quadratic": 0.3736802637577057,
      "reward_cost_cross": -1.6095975637435913,
      "max_linear_cost_drop": 7.3136040165528176,
      "rollout_wall_seconds": 1.538338027894497,
      "update_wall_seconds": 1.5702377539128065,
      "total_wall_seconds": 3.108578160405159
    },
    {
      "update": 856,
      "algorithm": "macpo",
      "actor_loss": -0.03194040805101395,
      "reward_critic_loss": 0.00026077660731971264,
      "cost_critic_loss": 0.25146687030792236,
      "reward_critic_loss_last": 0.00021030392963439226,
      "cost_critic_loss_last": 0.24224917590618134,
      "critic_epochs": 8,
      "daily_voltage_cost": 0.019565843045711517,
      "daily_voltage_cost_raw": 0.019565843045711517,
      "daily_voltage_cost_normalized": 0.9782921671867371,
      "daily_economic_return_raw_yuan": -564054.125,
      "daily_economic_return_normalized": -0.17896795272827148,
      "daily_economic_cost_raw_yuan": 564054.125,
      "economic_reward_scale_yuan": 3151704.8194007874,
      "lagrange_multiplier": 0.0,
      "cost_budget": 1.0,
      "cost_budget_raw": 0.02,
      "cost_budget_normalized": 1.0,
      "algorithm_cost_mode": "separate_cost",
      "fixed_cost_penalty_coef": 0.0,
      "log_std_max": -2.3,
      "accepted": true,
      "mode": "constrained_reward",
      "reward_before": 6.235902105800051e-08,
      "reward_after": 0.03194040805101395,
      "cost_before": 0.9783023595809937,
      "cost_after": 0.9893062114715576,
      "kl_before": -2.384185791015625e-07,
      "kl_after": 0.0012398692779242992,
      "cost_gap": -0.021697640419006348,
      "cost_recoverable": true,
      "cost_quadratic": 441.15106201171875,
      "reward_quadratic": 0.42451655864715576,
      "reward_cost_cross": 0.19877281785011292,
      "max_linear_cost_drop": 4.200719281321801,
      "rollout_wall_seconds": 1.5081257242709398,
      "update_wall_seconds": 1.574053443968296,
      "total_wall_seconds": 3.082181390374899
    },
    {
      "update": 857,
      "algorithm": "macpo",
      "actor_loss": -0.06611914187669754,
      "reward_critic_loss": 0.00022247404558584094,
      "cost_critic_loss": 0.3772267699241638,
      "reward_critic_loss_last": 0.00017294773715548217,
      "cost_critic_loss_last": 0.35656678676605225,
      "critic_epochs": 8,
      "daily_voltage_cost": 0.01401927787810564,
      "daily_voltage_cost_raw": 0.01401927787810564,
      "daily_voltage_cost_normalized": 0.7009639143943787,
      "daily_economic_return_raw_yuan": -546301.125,
      "daily_economic_return_normalized": -0.17333512008190155,
      "daily_economic_cost_raw_yuan": 546301.125,
      "economic_reward_scale_yuan": 3151704.8194007874,
      "lagrange_multiplier": 0.0,
      "cost_budget": 1.0,
      "cost_budget_raw": 0.02,
      "cost_budget_normalized": 1.0,
      "algorithm_cost_mode": "separate_cost",
      "fixed_cost_penalty_coef": 0.0,
      "log_std_max": -2.3,
      "accepted": true,
      "mode": "constrained_reward",
      "reward_before": -3.0035278086870676e-07,
      "reward_after": 0.06611914187669754,
      "cost_before": 0.7009540796279907,
      "cost_after": 0.6879666447639465,
      "kl_before": -2.384185791015625e-07,
      "kl_after": 0.005120708141475916,
      "cost_gap": -0.2990459203720093,
      "cost_recoverable": true,
      "cost_quadratic": 859.5657958984375,
      "reward_quadratic": 0.45660334825515747,
      "reward_cost_cross": 6.456564426422119,
      "max_linear_cost_drop": 5.86367050881421,
      "rollout_wall_seconds": 1.5708401463925838,
      "update_wall_seconds": 1.5258675161749125,
      "total_wall_seconds": 3.0967095885425806
    },
    {
      "update": 858,
      "algorithm": "macpo",
      "actor_loss": -0.15010789036750793,
      "reward_critic_loss": 0.0003799716359935701,
      "cost_critic_loss": 0.07005519419908524,
      "reward_critic_loss_last": 0.0003425908216740936,
      "cost_critic_loss_last": 0.06414948403835297,
      "critic_epochs": 8,
      "daily_voltage_cost": 0.005987114738672972,
      "daily_voltage_cost_raw": 0.005987114738672972,
      "daily_voltage_cost_normalized": 0.29935574531555176,
      "daily_economic_return_raw_yuan": -537893.5,
      "daily_economic_return_normalized": -0.17066746950149536,
      "daily_economic_cost_raw_yuan": 537893.5,
      "economic_reward_scale_yuan": 3151704.8194007874,
      "lagrange_multiplier": 0.0,
      "cost_budget": 1.0,
      "cost_budget_raw": 0.02,
      "cost_budget_normalized": 1.0,
      "algorithm_cost_mode": "separate_cost",
      "fixed_cost_penalty_coef": 0.0,
      "log_std_max": -2.3,
      "accepted": true,
      "mode": "reward",
      "reward_before": -1.2206893984512135e-07,
      "reward_after": 0.15010789036750793,
      "cost_before": 0.29935580492019653,
      "cost_after": 0.2089974284172058,
      "kl_before": -2.384185791015625e-07,
      "kl_after": 0.01993199996650219,
      "cost_gap": -0.7006441950798035,
      "cost_recoverable": true,
      "cost_quadratic": 152.66732788085938,
      "reward_quadratic": 0.6459621787071228,
      "reward_cost_cross": 0.11832840740680695,
      "max_linear_cost_drop": 2.471172417140167,
      "rollout_wall_seconds": 1.5804362017661333,
      "update_wall_seconds": 1.176352147012949,
      "total_wall_seconds": 2.756790917366743
    },
    {
      "update": 859,
      "algorithm": "macpo",
      "actor_loss": -0.08910155296325684,
      "reward_critic_loss": 0.00044848580728285015,
      "cost_critic_loss": 0.23052319884300232,
      "reward_critic_loss_last": 0.00044575741048902273,
      "cost_critic_loss_last": 0.19639639556407928,
      "critic_epochs": 8,
      "daily_voltage_cost": 0.006971432361751795,
      "daily_voltage_cost_raw": 0.006971432361751795,
      "daily_voltage_cost_normalized": 0.3485715985298157,
      "daily_economic_return_raw_yuan": -586907.5,
      "daily_economic_return_normalized": -0.18621906638145447,
      "daily_economic_cost_raw_yuan": 586907.5,
      "economic_reward_scale_yuan": 3151704.8194007874,
      "lagrange_multiplier": 0.0,
      "cost_budget": 1.0,
      "cost_budget_raw": 0.02,
      "cost_budget_normalized": 1.0,
      "algorithm_cost_mode": "separate_cost",
      "fixed_cost_penalty_coef": 0.0,
      "log_std_max": -2.3,
      "accepted": true,
      "mode": "reward",
      "reward_before": -2.380740937724113e-08,
      "reward_after": 0.08910155296325684,
      "cost_before": 0.3485664427280426,
      "cost_after": 0.3573644459247589,
      "kl_before": -2.384185791015625e-07,
      "kl_after": 0.005005929619073868,
      "cost_gap": -0.6514335572719574,
      "cost_recoverable": true,
      "cost_quadratic": 439.57891845703125,
      "reward_quadratic": 0.8302898406982422,
      "reward_cost_cross": -0.2651394009590149,
      "max_linear_cost_drop": 4.193227484680655,
      "rollout_wall_seconds": 0.9827906768769026,
      "update_wall_seconds": 1.1988202910870314,
      "total_wall_seconds": 2.1816125866025686
    },
    {
      "update": 860,
      "algorithm": "macpo",
      "actor_loss": -0.17429210245609283,
      "reward_critic_loss": 0.00046611420111730695,
      "cost_critic_loss": 0.11725346744060516,
      "reward_critic_loss_last": 0.00043190416181460023,
      "cost_critic_loss_last": 0.11840182542800903,
      "critic_epochs": 8,
      "daily_voltage_cost": 0.007858320139348507,
      "daily_voltage_cost_raw": 0.007858320139348507,
      "daily_voltage_cost_normalized": 0.3929159939289093,
      "daily_economic_return_raw_yuan": -619909.5625,
      "daily_economic_return_normalized": -0.19669024646282196,
      "daily_economic_cost_raw_yuan": 619909.5625,
      "economic_reward_scale_yuan": 3151704.8194007874,
      "lagrange_multiplier": 0.0,
      "cost_budget": 1.0,
      "cost_budget_raw": 0.02,
      "cost_budget_normalized": 1.0,
      "algorithm_cost_mode": "separate_cost",
      "fixed_cost_penalty_coef": 0.0,
      "log_std_max": -2.3,
      "accepted": true,
      "mode": "reward",
      "reward_before": 2.6870580427384994e-07,
      "reward_after": 0.17429210245609283,
      "cost_before": 0.3929135799407959,
      "cost_after": 0.5690790414810181,
      "kl_before": -2.384185791015625e-07,
      "kl_after": 0.019962221384048462,
      "cost_gap": -0.6070864200592041,
      "cost_recoverable": true,
      "cost_quadratic": 266.51385498046875,
      "reward_quadratic": 0.8182491660118103,
      "reward_cost_cross": 0.8285732865333557,
      "max_linear_cost_drop": 3.2650504129674247,
      "rollout_wall_seconds": 1.5869420133531094,
      "update_wall_seconds": 1.5632913578301668,
      "total_wall_seconds": 3.150235129520297
    },
    {
      "update": 861,
      "algorithm": "macpo",
      "actor_loss": -0.1699047088623047,
      "reward_critic_loss": 0.00036030897172167897,
      "cost_critic_loss": 0.05574255436658859,
      "reward_critic_loss_last": 0.0002498710236977786,
      "cost_critic_loss_last": 0.05092437192797661,
      "critic_epochs": 8,
      "daily_voltage_cost": 0.002215905347838998,
      "daily_voltage_cost_raw": 0.002215905347838998,
      "daily_voltage_cost_normalized": 0.1107952818274498,
      "daily_economic_return_raw_yuan": -453999.78125,
      "daily_economic_return_normalized": -0.14404895901679993,
      "daily_economic_cost_raw_yuan": 453999.78125,
      "economic_reward_scale_yuan": 3151704.8194007874,
      "lagrange_multiplier": 0.0,
      "cost_budget": 1.0,
      "cost_budget_raw": 0.02,
      "cost_budget_normalized": 1.0,
      "algorithm_cost_mode": "separate_cost",
      "fixed_cost_penalty_coef": 0.0,
      "log_std_max": -2.3,
      "accepted": true,
      "mode": "reward",
      "reward_before": -3.4918139135697857e-07,
      "reward_after": 0.1699047088623047,
      "cost_before": 0.11079660058021545,
      "cost_after": -0.5727072954177856,
      "kl_before": -2.384185791015625e-07,
      "kl_after": 0.019918307662010193,
      "cost_gap": -0.8892033994197845,
      "cost_recoverable": true,
      "cost_quadratic": 123.70710754394531,
      "reward_quadratic": 0.6305388808250427,
      "reward_cost_cross": -2.646719455718994,
      "max_linear_cost_drop": 2.224473938206023,
      "rollout_wall_seconds": 1.8627175949513912,
      "update_wall_seconds": 1.540942296385765,
      "total_wall_seconds": 3.403661794960499
    },
    {
      "update": 862,
      "algorithm": "macpo",
      "actor_loss": -0.08190932869911194,
      "reward_critic_loss": 0.0003684494295157492,
      "cost_critic_loss": 0.05850648507475853,
      "reward_critic_loss_last": 0.0003666029660962522,
      "cost_critic_loss_last": 0.05167749524116516,
      "critic_epochs": 8,
      "daily_voltage_cost": 0.002306099981069565,
      "daily_voltage_cost_raw": 0.002306099981069565,
      "daily_voltage_cost_normalized": 0.11530499905347824,
      "daily_economic_return_raw_yuan": -452367.75,
      "daily_economic_return_normalized": -0.14353112876415253,
      "daily_economic_cost_raw_yuan": 452367.75,
      "economic_reward_scale_yuan": 3151704.8194007874,
      "lagrange_multiplier": 0.0,
      "cost_budget": 1.0,
      "cost_budget_raw": 0.02,
      "cost_budget_normalized": 1.0,
      "algorithm_cost_mode": "separate_cost",
      "fixed_cost_penalty_coef": 0.0,
      "log_std_max": -2.3,
      "accepted": true,
      "mode": "reward",
      "reward_before": -8.17652079376785e-09,
      "reward_after": 0.08190932869911194,
      "cost_before": 0.11530604213476181,
      "cost_after": 0.3196927309036255,
      "kl_before": -2.384185791015625e-07,
      "kl_after": 0.005029037594795227,
      "cost_gap": -0.8846939578652382,
      "cost_recoverable": true,
      "cost_quadratic": 102.5055923461914,
      "reward_quadratic": 0.6662567853927612,
      "reward_cost_cross": 2.1108317375183105,
      "max_linear_cost_drop": 2.02490090963673,
      "rollout_wall_seconds": 1.8200931940227747,
      "update_wall_seconds": 1.4749215617775917,
      "total_wall_seconds": 3.295016758143902
    },
    {
      "update": 863,
      "algorithm": "macpo",
      "actor_loss": -0.1758003532886505,
      "reward_critic_loss": 0.00036776892375200987,
      "cost_critic_loss": 0.19310787320137024,
      "reward_critic_loss_last": 0.00034772843355312943,
      "cost_critic_loss_last": 0.18669232726097107,
      "critic_epochs": 8,
      "daily_voltage_cost": 0.006530681159347296,
      "daily_voltage_cost_raw": 0.006530681159347296,
      "daily_voltage_cost_normalized": 0.32653406262397766,
      "daily_economic_return_raw_yuan": -490003.1875,
      "daily_economic_return_normalized": -0.15547242760658264,
      "daily_economic_cost_raw_yuan": 490003.1875,
      "economic_reward_scale_yuan": 3151704.8194007874,
      "lagrange_multiplier": 0.0,
      "cost_budget": 1.0,
      "cost_budget_raw": 0.02,
      "cost_budget_normalized": 1.0,
      "algorithm_cost_mode": "separate_cost",
      "fixed_cost_penalty_coef": 0.0,
      "log_std_max": -2.3,
      "accepted": true,
      "mode": "reward",
      "reward_before": 1.8783570254754522e-09,
      "reward_after": 0.1758003532886505,
      "cost_before": 0.32653093338012695,
      "cost_after": 0.532796323299408,
      "kl_before": -2.384185791015625e-07,
      "kl_after": 0.01991482451558113,
      "cost_gap": -0.673469066619873,
      "cost_recoverable": true,
      "cost_quadratic": 407.435546875,
      "reward_quadratic": 0.7901808023452759,
      "reward_cost_cross": 0.8714717030525208,
      "max_linear_cost_drop": 4.037006548793301,
      "rollout_wall_seconds": 1.731903001666069,
      "update_wall_seconds": 1.538589583709836,
      "total_wall_seconds": 3.2704946491867304
    },
    {
      "update": 864,
      "algorithm": "macpo",
      "actor_loss": -0.151280477643013,
      "reward_critic_loss": 0.0003386112512089312,
      "cost_critic_loss": 0.04649781808257103,
      "reward_critic_loss_last": 0.00032426806865260005,
      "cost_critic_loss_last": 0.0459379181265831,
      "critic_epochs": 8,
      "daily_voltage_cost": 0.002136864932253957,
      "daily_voltage_cost_raw": 0.002136864932253957,
      "daily_voltage_cost_normalized": 0.1068432480096817,
      "daily_economic_return_raw_yuan": -529081.25,
      "daily_economic_return_normalized": -0.16787146031856537,
      "daily_economic_cost_raw_yuan": 529081.25,
      "economic_reward_scale_yuan": 3151704.8194007874,
      "lagrange_multiplier": 0.0,
      "cost_budget": 1.0,
      "cost_budget_raw": 0.02,
      "cost_budget_normalized": 1.0,
      "algorithm_cost_mode": "separate_cost",
      "fixed_cost_penalty_coef": 0.0,
      "log_std_max": -2.3,
      "accepted": true,
      "mode": "reward",
      "reward_before": 1.55031585791221e-07,
      "reward_after": 0.151280477643013,
      "cost_before": 0.10684435814619064,
      "cost_after": 0.001798391342163086,
      "kl_before": -2.384185791015625e-07,
      "kl_after": 0.019984135404229164,
      "cost_gap": -0.8931556418538094,
      "cost_recoverable": true,
      "cost_quadratic": 82.06233215332031,
      "reward_quadratic": 0.6302036046981812,
      "reward_cost_cross": -0.4404571056365967,
      "max_linear_cost_drop": 1.8117652403478803,
      "rollout_wall_seconds": 1.9378751646727324,
      "update_wall_seconds": 1.9091028813272715,
      "total_wall_seconds": 3.8469805885106325
    },
    {
      "update": 865,
      "algorithm": "macpo",
      "actor_loss": -0.1395774632692337,
      "reward_critic_loss": 0.00026918272487819195,
      "cost_critic_loss": 0.2581924796104431,
      "reward_critic_loss_last": 0.0002463564451318234,
      "cost_critic_loss_last": 0.24080964922904968,
      "critic_epochs": 8,
      "daily_voltage_cost": 0.018136102706193924,
      "daily_voltage_cost_raw": 0.018136102706193924,
      "daily_voltage_cost_normalized": 0.9068052172660828,
      "daily_economic_return_raw_yuan": -598110.5625,
      "daily_economic_return_normalized": -0.18977366387844086,
      "daily_economic_cost_raw_yuan": 598110.5625,
      "economic_reward_scale_yuan": 3151704.8194007874,
      "lagrange_multiplier": 0.0,
      "cost_budget": 1.0,
      "cost_budget_raw": 0.02,
      "cost_budget_normalized": 1.0,
      "algorithm_cost_mode": "separate_cost",
      "fixed_cost_penalty_coef": 0.0,
      "log_std_max": -2.3,
      "accepted": true,
      "mode": "reward",
      "reward_before": 4.901001204871136e-08,
      "reward_after": 0.1395774632692337,
      "cost_before": 0.906800389289856,
      "cost_after": 0.8243102431297302,
      "kl_before": -2.384185791015625e-07,
      "kl_after": 0.019980335608124733,
      "cost_gap": -0.09319961071014404,
      "cost_recoverable": true,
      "cost_quadratic": 493.25067138671875,
      "reward_quadratic": 0.5093254446983337,
      "reward_cost_cross": -0.504589855670929,
      "max_linear_cost_drop": 4.441849485908854,
      "rollout_wall_seconds": 2.1018976103514433,
      "update_wall_seconds": 1.8083523213863373,
      "total_wall_seconds": 3.910252058878541
    },
    {
      "update": 866,
      "algorithm": "macpo",
      "actor_loss": -0.16407066583633423,
      "reward_critic_loss": 0.0003573120920918882,
      "cost_critic_loss": 0.038711514323949814,
      "reward_critic_loss_last": 0.0003069559170398861,
      "cost_critic_loss_last": 0.04248204082250595,
      "critic_epochs": 8,
      "daily_voltage_cost": 0.0040741777047514915,
      "daily_voltage_cost_raw": 0.0040741777047514915,
      "daily_voltage_cost_normalized": 0.20370890200138092,
      "daily_economic_return_raw_yuan": -505917.8125,
      "daily_economic_return_normalized": -0.1605219542980194,
      "daily_economic_cost_raw_yuan": 505917.8125,
      "economic_reward_scale_yuan": 3151704.8194007874,
      "lagrange_multiplier": 0.0,
      "cost_budget": 1.0,
      "cost_budget_raw": 0.02,
      "cost_budget_normalized": 1.0,
      "algorithm_cost_mode": "separate_cost",
      "fixed_cost_penalty_coef": 0.0,
      "log_std_max": -2.3,
      "accepted": true,
      "mode": "reward",
      "reward_before": 6.159133647543058e-08,
      "reward_after": 0.16407066583633423,
      "cost_before": 0.20371055603027344,
      "cost_after": 0.08161275833845139,
      "kl_before": -2.384185791015625e-07,
      "kl_after": 0.01991201378405094,
      "cost_gap": -0.7962894439697266,
      "cost_recoverable": true,
      "cost_quadratic": 86.88716888427734,
      "reward_quadratic": 0.6396271586418152,
      "reward_cost_cross": -0.20289485156536102,
      "max_linear_cost_drop": 1.864265741618156,
      "rollout_wall_seconds": 1.9998715743422508,
      "update_wall_seconds": 1.4569091368466616,
      "total_wall_seconds": 3.4567830245941877
    },
    {
      "update": 867,
      "algorithm": "macpo",
      "actor_loss": -0.12252463400363922,
      "reward_critic_loss": 0.00023213669192045927,
      "cost_critic_loss": 1.484934687614441,
      "reward_critic_loss_last": 0.00019738587434403598,
      "cost_critic_loss_last": 1.392683982849121,
      "critic_epochs": 8,
      "daily_voltage_cost": 0.01666095480322838,
      "daily_voltage_cost_raw": 0.01666095480322838,
      "daily_voltage_cost_normalized": 0.8330478072166443,
      "daily_economic_return_raw_yuan": -561359.4375,
      "daily_economic_return_normalized": -0.1781129539012909,
      "daily_economic_cost_raw_yuan": 561359.4375,
      "economic_reward_scale_yuan": 3151704.8194007874,
      "lagrange_multiplier": 0.0,
      "cost_budget": 1.0,
      "cost_budget_raw": 0.02,
      "cost_budget_normalized": 1.0,
      "algorithm_cost_mode": "separate_cost",
      "fixed_cost_penalty_coef": 0.0,
      "log_std_max": -2.3,
      "accepted": true,
      "mode": "reward",
      "reward_before": 1.8388097089427902e-07,
      "reward_after": 0.12252463400363922,
      "cost_before": 0.8330404162406921,
      "cost_after": 0.9330765008926392,
      "kl_before": -2.384185791015625e-07,
      "kl_after": 0.019947564229369164,
      "cost_gap": -0.16695958375930786,
      "cost_recoverable": true,
      "cost_quadratic": 2301.56689453125,
      "reward_quadratic": 0.3909446895122528,
      "reward_cost_cross": 0.7649691700935364,
      "max_linear_cost_drop": 9.594929691313533,
      "rollout_wall_seconds": 1.832338461652398,
      "update_wall_seconds": 1.4624085407704115,
      "total_wall_seconds": 3.2947491388767958
    },
    {
      "update": 868,
      "algorithm": "macpo",
      "actor_loss": -0.07131582498550415,
      "reward_critic_loss": 0.0002687632222659886,
      "cost_critic_loss": 0.07559952139854431,
      "reward_critic_loss_last": 0.00023218762362375855,
      "cost_critic_loss_last": 0.09213685244321823,
      "critic_epochs": 8,
      "daily_voltage_cost": 0.007109582424163818,
      "daily_voltage_cost_raw": 0.007109582424163818,
      "daily_voltage_cost_normalized": 0.35547909140586853,
      "daily_economic_return_raw_yuan": -517041.0,
      "daily_economic_return_normalized": -0.16405121982097626,
      "daily_economic_cost_raw_yuan": 517041.0,
      "economic_reward_scale_yuan": 3151704.8194007874,
      "lagrange_multiplier": 0.0,
      "cost_budget": 1.0,
      "cost_budget_raw": 0.02,
      "cost_budget_normalized": 1.0,
      "algorithm_cost_mode": "separate_cost",
      "fixed_cost_penalty_coef": 0.0,
      "log_std_max": -2.3,
      "accepted": true,
      "mode": "reward",
      "reward_before": -1.8628495013217616e-07,
      "reward_after": 0.07131582498550415,
      "cost_before": 0.3554803133010864,
      "cost_after": 0.19978752732276917,
      "kl_before": -2.384185791015625e-07,
      "kl_after": 0.005001005716621876,
      "cost_gap": -0.6445196866989136,
      "cost_recoverable": true,
      "cost_quadratic": 153.8043212890625,
      "reward_quadratic": 0.5200468897819519,
      "reward_cost_cross": -1.201013445854187,
      "max_linear_cost_drop": 2.480357403996952,
      "rollout_wall_seconds": 1.929543562233448,
      "update_wall_seconds": 1.602206788957119,
      "total_wall_seconds": 3.5317524448037148
    },
    {
      "update": 869,
      "algorithm": "macpo",
      "actor_loss": -0.14421066641807556,
      "reward_critic_loss": 0.0003329758474137634,
      "cost_critic_loss": 0.10786336660385132,
      "reward_critic_loss_last": 0.0003127157688140869,
      "cost_critic_loss_last": 0.047967296093702316,
      "critic_epochs": 8,
      "daily_voltage_cost": 0.008371208794414997,
      "daily_voltage_cost_raw": 0.008371208794414997,
      "daily_voltage_cost_normalized": 0.4185604453086853,
      "daily_economic_return_raw_yuan": -545250.375,
      "daily_economic_return_normalized": -0.1730017364025116,
      "daily_economic_cost_raw_yuan": 545250.375,
      "economic_reward_scale_yuan": 3151704.8194007874,
      "lagrange_multiplier": 0.0,
      "cost_budget": 1.0,
      "cost_budget_raw": 0.02,
      "cost_budget_normalized": 1.0,
      "algorithm_cost_mode": "separate_cost",
      "fixed_cost_penalty_coef": 0.0,
      "log_std_max": -2.3,
      "accepted": true,
      "mode": "reward",
      "reward_before": 1.5730326197171962e-07,
      "reward_after": 0.14421066641807556,
      "cost_before": 0.41856247186660767,
      "cost_after": 0.6255252361297607,
      "kl_before": -2.384185791015625e-07,
      "kl_after": 0.01996803842484951,
      "cost_gap": -0.5814375281333923,
      "cost_recoverable": true,
      "cost_quadratic": 228.752197265625,
      "reward_quadratic": 0.5600374937057495,
      "reward_cost_cross": 0.8421822786331177,
      "max_linear_cost_drop": 3.0249112202881263,
      "rollout_wall_seconds": 2.11281362362206,
      "update_wall_seconds": 1.6559264790266752,
      "total_wall_seconds": 3.7687424533069134
    },
    {
      "update": 870,
      "algorithm": "macpo",
      "actor_loss": -0.1632920354604721,
      "reward_critic_loss": 0.00028184172697365284,
      "cost_critic_loss": 0.1471347212791443,
      "reward_critic_loss_last": 0.00024350255262106657,
      "cost_critic_loss_last": 0.13582581281661987,
      "critic_epochs": 8,
      "daily_voltage_cost": 0.008794181048870087,
      "daily_voltage_cost_raw": 0.008794181048870087,
      "daily_voltage_cost_normalized": 0.4397090673446655,
      "daily_economic_return_raw_yuan": -496840.40625,
      "daily_economic_return_normalized": -0.15764179825782776,
      "daily_economic_cost_raw_yuan": 496840.40625,
      "economic_reward_scale_yuan": 3151704.8194007874,
      "lagrange_multiplier": 0.0,
      "cost_budget": 1.0,
      "cost_budget_raw": 0.02,
      "cost_budget_normalized": 1.0,
      "algorithm_cost_mode": "separate_cost",
      "fixed_cost_penalty_coef": 0.0,
      "log_std_max": -2.3,
      "accepted": true,
      "mode": "reward",
      "reward_before": 1.4911491064140137e-07,
      "reward_after": 0.1632920354604721,
      "cost_before": 0.43970879912376404,
      "cost_after": -0.5668566226959229,
      "kl_before": -2.384185791015625e-07,
      "kl_after": 0.019956594333052635,
      "cost_gap": -0.560291200876236,
      "cost_recoverable": true,
      "cost_quadratic": 300.7623596191406,
      "reward_quadratic": 0.5823066234588623,
      "reward_cost_cross": -3.507148265838623,
      "max_linear_cost_drop": 3.4685003077361296,
      "rollout_wall_seconds": 2.128284778445959,
      "update_wall_seconds": 1.8690483830869198,
      "total_wall_seconds": 3.997335473075509
    },
    {
      "update": 871,
      "algorithm": "macpo",
      "actor_loss": -0.17165133357048035,
      "reward_critic_loss": 0.00036634737625718117,
      "cost_critic_loss": 0.14629605412483215,
      "reward_critic_loss_last": 0.00034373579546809196,
      "cost_critic_loss_last": 0.14168702065944672,
      "critic_epochs": 8,
      "daily_voltage_cost": 0.007396162021905184,
      "daily_voltage_cost_raw": 0.007396162021905184,
      "daily_voltage_cost_normalized": 0.3698081374168396,
      "daily_economic_return_raw_yuan": -581621.5,
      "daily_economic_return_normalized": -0.18454188108444214,
      "daily_economic_cost_raw_yuan": 581621.5,
      "economic_reward_scale_yuan": 3151704.8194007874,
      "lagrange_multiplier": 0.0,
      "cost_budget": 1.0,
      "cost_budget_raw": 0.02,
      "cost_budget_normalized": 1.0,
      "algorithm_cost_mode": "separate_cost",
      "fixed_cost_penalty_coef": 0.0,
      "log_std_max": -2.3,
      "accepted": true,
      "mode": "reward",
      "reward_before": -3.9399481011059834e-07,
      "reward_after": 0.17165133357048035,
      "cost_before": 0.36980894207954407,
      "cost_after": 0.5795836448669434,
      "kl_before": -2.384185791015625e-07,
      "kl_after": 0.019929690286517143,
      "cost_gap": -0.6301910579204559,
      "cost_recoverable": true,
      "cost_quadratic": 300.8046875,
      "reward_quadratic": 0.7226721048355103,
      "reward_cost_cross": 1.799492359161377,
      "max_linear_cost_drop": 3.4687443693647997,
      "rollout_wall_seconds": 2.069715056568384,
      "update_wall_seconds": 1.6608762945979834,
      "total_wall_seconds": 3.7305938210338354
    },
    {
      "update": 872,
      "algorithm": "macpo",
      "actor_loss": -0.1983928680419922,
      "reward_critic_loss": 0.000495477463118732,
      "cost_critic_loss": 0.1873338222503662,
      "reward_critic_loss_last": 0.0004338502767495811,
      "cost_critic_loss_last": 0.18119263648986816,
      "critic_epochs": 8,
      "daily_voltage_cost": 0.012743462808430195,
      "daily_voltage_cost_raw": 0.012743462808430195,
      "daily_voltage_cost_normalized": 0.6371731758117676,
      "daily_economic_return_raw_yuan": -585732.1875,
      "daily_economic_return_normalized": -0.18584614992141724,
      "daily_economic_cost_raw_yuan": 585732.1875,
      "economic_reward_scale_yuan": 3151704.8194007874,
      "lagrange_multiplier": 0.0,
      "cost_budget": 1.0,
      "cost_budget_raw": 0.02,
      "cost_budget_normalized": 1.0,
      "algorithm_cost_mode": "separate_cost",
      "fixed_cost_penalty_coef": 0.0,
      "log_std_max": -2.3,
      "accepted": true,
      "mode": "constrained_reward",
      "reward_before": 5.824610127547203e-08,
      "reward_after": 0.1983928680419922,
      "cost_before": 0.6371765732765198,
      "cost_after": 0.8923009634017944,
      "kl_before": -2.384185791015625e-07,
      "kl_after": 0.019982269033789635,
      "cost_gap": -0.3628234267234802,
      "cost_recoverable": true,
      "cost_quadratic": 438.136474609375,
      "reward_quadratic": 1.084468126296997,
      "reward_cost_cross": 3.43678879737854,
      "max_linear_cost_drop": 4.1863419574104315,
      "rollout_wall_seconds": 1.89716743119061,
      "update_wall_seconds": 1.529993323609233,
      "total_wall_seconds": 3.4271630477160215
    },
    {
      "update": 873,
      "algorithm": "macpo",
      "actor_loss": -0.08281230926513672,
      "reward_critic_loss": 0.0003504366031847894,
      "cost_critic_loss": 0.23804083466529846,
      "reward_critic_loss_last": 0.0002923239371739328,
      "cost_critic_loss_last": 0.22457674145698547,
      "critic_epochs": 8,
      "daily_voltage_cost": 0.011715574190020561,
      "daily_voltage_cost_raw": 0.011715574190020561,
      "daily_voltage_cost_normalized": 0.5857787728309631,
      "daily_economic_return_raw_yuan": -584396.25,
      "daily_economic_return_normalized": -0.18542227149009705,
      "daily_economic_cost_raw_yuan": 584396.25,
      "economic_reward_scale_yuan": 3151704.8194007874,
      "lagrange_multiplier": 0.0,
      "cost_budget": 1.0,
      "cost_budget_raw": 0.02,
      "cost_budget_normalized": 1.0,
      "algorithm_cost_mode": "separate_cost",
      "fixed_cost_penalty_coef": 0.0,
      "log_std_max": -2.3,
      "accepted": true,
      "mode": "reward",
      "reward_before": -9.42735525200078e-08,
      "reward_after": 0.08281230926513672,
      "cost_before": 0.5857789516448975,
      "cost_after": 0.4468962848186493,
      "kl_before": -2.384185791015625e-07,
      "kl_after": 0.005029135849326849,
      "cost_gap": -0.41422104835510254,
      "cost_recoverable": true,
      "cost_quadratic": 578.4406127929688,
      "reward_quadratic": 0.6940999627113342,
      "reward_cost_cross": -1.8487800359725952,
      "max_linear_cost_drop": 4.810158470541148,
      "rollout_wall_seconds": 1.673161331564188,
      "update_wall_seconds": 1.755683260038495,
      "total_wall_seconds": 3.42884729988873
    },
    {
      "update": 874,
      "algorithm": "macpo",
      "actor_loss": -0.1332673579454422,
      "reward_critic_loss": 0.0002213632978964597,
      "cost_critic_loss": 0.32535219192504883,
      "reward_critic_loss_last": 0.00021189890685491264,
      "cost_critic_loss_last": 0.306000292301178,
      "critic_epochs": 8,
      "daily_voltage_cost": 0.013295037671923637,
      "daily_voltage_cost_raw": 0.013295037671923637,
      "daily_voltage_cost_normalized": 0.6647518873214722,
      "daily_economic_return_raw_yuan": -623774.1875,
      "daily_economic_return_normalized": -0.1979164332151413,
      "daily_economic_cost_raw_yuan": 623774.1875,
      "economic_reward_scale_yuan": 3151704.8194007874,
      "lagrange_multiplier": 0.0,
      "cost_budget": 1.0,
      "cost_budget_raw": 0.02,
      "cost_budget_normalized": 1.0,
      "algorithm_cost_mode": "separate_cost",
      "fixed_cost_penalty_coef": 0.0,
      "log_std_max": -2.3,
      "accepted": true,
      "mode": "constrained_reward",
      "reward_before": -1.1640509001153987e-07,
      "reward_after": 0.1332673579454422,
      "cost_before": 0.6647500991821289,
      "cost_after": 0.8726972937583923,
      "kl_before": -2.384185791015625e-07,
      "kl_after": 0.019832175225019455,
      "cost_gap": -0.3352499008178711,
      "cost_recoverable": true,
      "cost_quadratic": 645.4420166015625,
      "reward_quadratic": 0.4098614454269409,
      "reward_cost_cross": 1.7494831085205078,
      "max_linear_cost_drop": 5.081110180271876,
      "rollout_wall_seconds": 1.185248725116253,
      "update_wall_seconds": 1.553847536444664,
      "total_wall_seconds": 2.739098373800516
    },
    {
      "update": 875,
      "algorithm": "macpo",
      "actor_loss": -0.2045157551765442,
      "reward_critic_loss": 0.0003491270763333887,
      "cost_critic_loss": 0.22260421514511108,
      "reward_critic_loss_last": 0.00026346402592025697,
      "cost_critic_loss_last": 0.20979611575603485,
      "critic_epochs": 8,
      "daily_voltage_cost": 0.012216005474328995,
      "daily_voltage_cost_raw": 0.012216005474328995,
      "daily_voltage_cost_normalized": 0.6108003258705139,
      "daily_economic_return_raw_yuan": -453482.625,
      "daily_economic_return_normalized": -0.14388486742973328,
      "daily_economic_cost_raw_yuan": 453482.625,
      "economic_reward_scale_yuan": 3151704.8194007874,
      "lagrange_multiplier": 0.0,
      "cost_budget": 1.0,
      "cost_budget_raw": 0.02,
      "cost_budget_normalized": 1.0,
      "algorithm_cost_mode": "separate_cost",
      "fixed_cost_penalty_coef": 0.0,
      "log_std_max": -2.3,
      "accepted": true,
      "mode": "reward",
      "reward_before": -3.397531145310495e-08,
      "reward_after": 0.2045157551765442,
      "cost_before": 0.6107995510101318,
      "cost_after": 0.36564144492149353,
      "kl_before": -2.384185791015625e-07,
      "kl_after": 0.019986677914857864,
      "cost_gap": -0.38920044898986816,
      "cost_recoverable": true,
      "cost_quadratic": 376.6565856933594,
      "reward_quadratic": 0.7373415231704712,
      "reward_cost_cross": -0.3927810490131378,
      "max_linear_cost_drop": 3.881528491166125,
      "rollout_wall_seconds": 1.3722957484424114,
      "update_wall_seconds": 1.7663223557174206,
      "total_wall_seconds": 3.138620376586914
    },
    {
      "update": 876,
      "algorithm": "macpo",
      "actor_loss": -0.1560136377811432,
      "reward_critic_loss": 0.0003473107935860753,
      "cost_critic_loss": 0.1786402463912964,
      "reward_critic_loss_last": 0.00032186618773266673,
      "cost_critic_loss_last": 0.14037755131721497,
      "critic_epochs": 8,
      "daily_voltage_cost": 0.01049464289098978,
      "daily_voltage_cost_raw": 0.01049464289098978,
      "daily_voltage_cost_normalized": 0.5247321128845215,
      "daily_economic_return_raw_yuan": -558680.25,
      "daily_economic_return_normalized": -0.17726287245750427,
      "daily_economic_cost_raw_yuan": 558680.25,
      "economic_reward_scale_yuan": 3151704.8194007874,
      "lagrange_multiplier": 0.0,
      "cost_budget": 1.0,
      "cost_budget_raw": 0.02,
      "cost_budget_normalized": 1.0,
      "algorithm_cost_mode": "separate_cost",
      "fixed_cost_penalty_coef": 0.0,
      "log_std_max": -2.3,
      "accepted": true,
      "mode": "reward",
      "reward_before": -7.364761955841459e-08,
      "reward_after": 0.1560136377811432,
      "cost_before": 0.5247305631637573,
      "cost_after": 0.16906487941741943,
      "kl_before": -2.384185791015625e-07,
      "kl_after": 0.019972924143075943,
      "cost_gap": -0.4752694368362427,
      "cost_recoverable": true,
      "cost_quadratic": 422.81097412109375,
      "reward_quadratic": 0.6295461654663086,
      "reward_cost_cross": -1.1818387508392334,
      "max_linear_cost_drop": 4.112473582266973,
      "rollout_wall_seconds": 1.9584222380071878,
      "update_wall_seconds": 1.9349692203104496,
      "total_wall_seconds": 3.8933941200375557
    },
    {
      "update": 877,
      "algorithm": "macpo",
      "actor_loss": -0.1861242949962616,
      "reward_critic_loss": 0.00047792354598641396,
      "cost_critic_loss": 0.06440792977809906,
      "reward_critic_loss_last": 0.00046035193372517824,
      "cost_critic_loss_last": 0.05757787078619003,
      "critic_epochs": 8,
      "daily_voltage_cost": 0.005600370932370424,
      "daily_voltage_cost_raw": 0.005600370932370424,
      "daily_voltage_cost_normalized": 0.28001853823661804,
      "daily_economic_return_raw_yuan": -486995.0,
      "daily_economic_return_normalized": -0.15451796352863312,
      "daily_economic_cost_raw_yuan": 486995.0,
      "economic_reward_scale_yuan": 3151704.8194007874,
      "lagrange_multiplier": 0.0,
      "cost_budget": 1.0,
      "cost_budget_raw": 0.02,
      "cost_budget_normalized": 1.0,
      "algorithm_cost_mode": "separate_cost",
      "fixed_cost_penalty_coef": 0.0,
      "log_std_max": -2.3,
      "accepted": true,
      "mode": "reward",
      "reward_before": -1.921104910707072e-07,
      "reward_after": 0.1861242949962616,
      "cost_before": 0.28001952171325684,
      "cost_after": 0.29920679330825806,
      "kl_before": -2.384185791015625e-07,
      "kl_after": 0.019943293184041977,
      "cost_gap": -0.7199804782867432,
      "cost_recoverable": true,
      "cost_quadratic": 127.51143646240234,
      "reward_quadratic": 0.9012947082519531,
      "reward_cost_cross": -0.12665392458438873,
      "max_linear_cost_drop": 2.258419238869545,
      "rollout_wall_seconds": 1.7474493328481913,
      "update_wall_seconds": 1.5172270108014345,
      "total_wall_seconds": 3.2646791264414787
    },
    {
      "update": 878,
      "algorithm": "macpo",
      "actor_loss": 0.003929846920073032,
      "reward_critic_loss": 0.00032743968768045306,
      "cost_critic_loss": 1.1600499153137207,
      "reward_critic_loss_last": 0.0003239093057345599,
      "cost_critic_loss_last": 1.1191871166229248,
      "critic_epochs": 8,
      "daily_voltage_cost": 0.02962322160601616,
      "daily_voltage_cost_raw": 0.02962322160601616,
      "daily_voltage_cost_normalized": 1.4811609983444214,
      "daily_economic_return_raw_yuan": -486106.8125,
      "daily_economic_return_normalized": -0.15423615276813507,
      "daily_economic_cost_raw_yuan": 486106.8125,
      "economic_reward_scale_yuan": 3151704.8194007874,
      "lagrange_multiplier": 0.0,
      "cost_budget": 1.0,
      "cost_budget_raw": 0.02,
      "cost_budget_normalized": 1.0,
      "algorithm_cost_mode": "separate_cost",
      "fixed_cost_penalty_coef": 0.0,
      "log_std_max": -2.3,
      "accepted": true,
      "mode": "cost_recovery",
      "reward_before": 8.405875462358381e-08,
      "reward_after": -0.003929846920073032,
      "cost_before": 1.4811512231826782,
      "cost_after": -6.725184440612793,
      "kl_before": -2.384185791015625e-07,
      "kl_after": 0.019791383296251297,
      "cost_gap": 0.4811512231826782,
      "cost_recoverable": true,
      "cost_quadratic": 2439.9814453125,
      "reward_quadratic": 0.5916494131088257,
      "reward_cost_cross": 2.4093096256256104,
      "max_linear_cost_drop": 9.879233665244486,
      "rollout_wall_seconds": 1.8963608648627996,
      "update_wall_seconds": 1.554023927077651,
      "total_wall_seconds": 3.4503866154700518
    },
    {
      "update": 879,
      "algorithm": "macpo",
      "actor_loss": -0.011948072351515293,
      "reward_critic_loss": 0.00030110141960904,
      "cost_critic_loss": 0.9170272350311279,
      "reward_critic_loss_last": 0.0002373883908148855,
      "cost_critic_loss_last": 0.8614020347595215,
      "critic_epochs": 8,
      "daily_voltage_cost": 0.027631953358650208,
      "daily_voltage_cost_raw": 0.027631953358650208,
      "daily_voltage_cost_normalized": 1.3815977573394775,
      "daily_economic_return_raw_yuan": -414398.28125,
      "daily_economic_return_normalized": -0.13148385286331177,
      "daily_economic_cost_raw_yuan": 414398.28125,
      "economic_reward_scale_yuan": 3151704.8194007874,
      "lagrange_multiplier": 0.0,
      "cost_budget": 1.0,
      "cost_budget_raw": 0.02,
      "cost_budget_normalized": 1.0,
      "algorithm_cost_mode": "separate_cost",
      "fixed_cost_penalty_coef": 0.0,
      "log_std_max": -2.3,
      "accepted": true,
      "mode": "cost_recovery",
      "reward_before": 1.0078323953166546e-08,
      "reward_after": 0.011948072351515293,
      "cost_before": 1.3816007375717163,
      "cost_after": -5.825483322143555,
      "kl_before": -2.384185791015625e-07,
      "kl_after": 0.01996534876525402,
      "cost_gap": 0.3816007375717163,
      "cost_recoverable": true,
      "cost_quadratic": 1917.13134765625,
      "reward_quadratic": 0.5718369483947754,
      "reward_cost_cross": -4.016739845275879,
      "max_linear_cost_drop": 8.757011699561101,
      "rollout_wall_seconds": 2.1037269439548254,
      "update_wall_seconds": 1.6088876593858004,
      "total_wall_seconds": 3.712616892531514
    },
    {
      "update": 880,
      "algorithm": "macpo",
      "actor_loss": -0.07510101795196533,
      "reward_critic_loss": 0.00030750210862606764,
      "cost_critic_loss": 0.12323562800884247,
      "reward_critic_loss_last": 0.00028237488004378974,
      "cost_critic_loss_last": 0.13167452812194824,
      "critic_epochs": 8,
      "daily_voltage_cost": 0.006279577035456896,
      "daily_voltage_cost_raw": 0.006279577035456896,
      "daily_voltage_cost_normalized": 0.31397882103919983,
      "daily_economic_return_raw_yuan": -320592.59375,
      "daily_economic_return_normalized": -0.10172037780284882,
      "daily_economic_cost_raw_yuan": 320592.59375,
      "economic_reward_scale_yuan": 3151704.8194007874,
      "lagrange_multiplier": 0.0,
      "cost_budget": 1.0,
      "cost_budget_raw": 0.02,
      "cost_budget_normalized": 1.0,
      "algorithm_cost_mode": "separate_cost",
      "fixed_cost_penalty_coef": 0.0,
      "log_std_max": -2.3,
      "accepted": true,
      "mode": "reward",
      "reward_before": -5.5994320291574695e-09,
      "reward_after": 0.07510101795196533,
      "cost_before": 0.3139803111553192,
      "cost_after": 0.24101358652114868,
      "kl_before": -2.384185791015625e-07,
      "kl_after": 0.004995490424335003,
      "cost_gap": -0.6860196888446808,
      "cost_recoverable": true,
      "cost_quadratic": 229.32171630859375,
      "reward_quadratic": 0.5487005710601807,
      "reward_cost_cross": -0.15747785568237305,
      "max_linear_cost_drop": 3.028674405138946,
      "rollout_wall_seconds": 2.0451982840895653,
      "update_wall_seconds": 1.6638817563652992,
      "total_wall_seconds": 3.709082005545497
    },
    {
      "update": 881,
      "algorithm": "macpo",
      "actor_loss": -0.083128422498703,
      "reward_critic_loss": 0.00036417803494259715,
      "cost_critic_loss": 0.045211516320705414,
      "reward_critic_loss_last": 0.0003408885095268488,
      "cost_critic_loss_last": 0.03052174113690853,
      "critic_epochs": 8,
      "daily_voltage_cost": 0.00045895238872617483,
      "daily_voltage_cost_raw": 0.00045895238872617483,
      "daily_voltage_cost_normalized": 0.02294762060046196,
      "daily_economic_return_raw_yuan": -524408.1875,
      "daily_economic_return_normalized": -0.16638873517513275,
      "daily_economic_cost_raw_yuan": 524408.1875,
      "economic_reward_scale_yuan": 3151704.8194007874,
      "lagrange_multiplier": 0.0,
      "cost_budget": 1.0,
      "cost_budget_raw": 0.02,
      "cost_budget_normalized": 1.0,
      "algorithm_cost_mode": "separate_cost",
      "fixed_cost_penalty_coef": 0.0,
      "log_std_max": -2.3,
      "accepted": true,
      "mode": "reward",
      "reward_before": 5.2112394399728146e-08,
      "reward_after": 0.083128422498703,
      "cost_before": 0.022947801277041435,
      "cost_after": 0.11697867512702942,
      "kl_before": -2.384185791015625e-07,
      "kl_after": 0.005004602950066328,
      "cost_gap": -0.9770521987229586,
      "cost_recoverable": true,
      "cost_quadratic": 91.16351318359375,
      "reward_quadratic": 0.7235927581787109,
      "reward_cost_cross": 1.0335514545440674,
      "max_linear_cost_drop": 1.9095917174474102,
      "rollout_wall_seconds": 1.9931715168058872,
      "update_wall_seconds": 1.8572133630514145,
      "total_wall_seconds": 3.850387193262577
    },
    {
      "update": 882,
      "algorithm": "macpo",
      "actor_loss": -0.1389664113521576,
      "reward_critic_loss": 0.0002960147976409644,
      "cost_critic_loss": 0.0483209490776062,
      "reward_critic_loss_last": 0.0002596008707769215,
      "cost_critic_loss_last": 0.029883353039622307,
      "critic_epochs": 8,
      "daily_voltage_cost": 0.004302294924855232,
      "daily_voltage_cost_raw": 0.004302294924855232,
      "daily_voltage_cost_normalized": 0.2151147425174713,
      "daily_economic_return_raw_yuan": -589304.4375,
      "daily_economic_return_normalized": -0.18697957694530487,
      "daily_economic_cost_raw_yuan": 589304.4375,
      "economic_reward_scale_yuan": 3151704.8194007874,
      "lagrange_multiplier": 0.0,
      "cost_budget": 1.0,
      "cost_budget_raw": 0.02,
      "cost_budget_normalized": 1.0,
      "algorithm_cost_mode": "separate_cost",
      "fixed_cost_penalty_coef": 0.0,
      "log_std_max": -2.3,
      "accepted": true,
      "mode": "reward",
      "reward_before": -2.2357927065286276e-08,
      "reward_after": 0.1389664113521576,
      "cost_before": 0.21511335670948029,
      "cost_after": 0.26726478338241577,
      "kl_before": -2.384185791015625e-07,
      "kl_after": 0.01993269845843315,
      "cost_gap": -0.7848866432905197,
      "cost_recoverable": true,
      "cost_quadratic": 88.6417236328125,
      "reward_quadratic": 0.5104621052742004,
      "reward_cost_cross": 0.467672735452652,
      "max_linear_cost_drop": 1.8829946747966388,
      "rollout_wall_seconds": 1.7870339713990688,
      "update_wall_seconds": 1.5212744325399399,
      "total_wall_seconds": 3.30831054225564
    },
    {
      "update": 883,
      "algorithm": "macpo",
      "actor_loss": -0.021717214956879616,
      "reward_critic_loss": 0.00030373793561011553,
      "cost_critic_loss": 6.50538444519043,
      "reward_critic_loss_last": 0.0002990236389450729,
      "cost_critic_loss_last": 6.205816268920898,
      "critic_epochs": 8,
      "daily_voltage_cost": 0.02556062862277031,
      "daily_voltage_cost_raw": 0.02556062862277031,
      "daily_voltage_cost_normalized": 1.2780314683914185,
      "daily_economic_return_raw_yuan": -411983.4375,
      "daily_economic_return_normalized": -0.13071765005588531,
      "daily_economic_cost_raw_yuan": 411983.4375,
      "economic_reward_scale_yuan": 3151704.8194007874,
      "lagrange_multiplier": 0.0,
      "cost_budget": 1.0,
      "cost_budget_raw": 0.02,
      "cost_budget_normalized": 1.0,
      "algorithm_cost_mode": "separate_cost",
      "fixed_cost_penalty_coef": 0.0,
      "log_std_max": -2.3,
      "accepted": true,
      "mode": "cost_recovery",
      "reward_before": 7.869542884009206e-08,
      "reward_after": 0.021717214956879616,
      "cost_before": 1.2780157327651978,
      "cost_after": -19.600475311279297,
      "kl_before": -2.384185791015625e-07,
      "kl_after": 0.019897030666470528,
      "cost_gap": 0.27801573276519775,
      "cost_recoverable": true,
      "cost_quadratic": 20211.0078125,
      "reward_quadratic": 0.6515419483184814,
      "reward_cost_cross": -19.44080352783203,
      "max_linear_cost_drop": 28.433084822087103,
      "rollout_wall_seconds": 1.8364781700074673,
      "update_wall_seconds": 1.5740947909653187,
      "total_wall_seconds": 3.4105748757719994
    },
    {
      "update": 884,
      "algorithm": "macpo",
      "actor_loss": -0.1174057275056839,
      "reward_critic_loss": 0.0002020099200308323,
      "cost_critic_loss": 0.7139224410057068,
      "reward_critic_loss_last": 0.00017589516937732697,
      "cost_critic_loss_last": 0.6582606434822083,
      "critic_epochs": 8,
      "daily_voltage_cost": 0.016385814175009727,
      "daily_voltage_cost_raw": 0.016385814175009727,
      "daily_voltage_cost_normalized": 0.819290816783905,
      "daily_economic_return_raw_yuan": -462378.125,
      "daily_economic_return_normalized": -0.14670731127262115,
      "daily_economic_cost_raw_yuan": 462378.125,
      "economic_reward_scale_yuan": 3151704.8194007874,
      "lagrange_multiplier": 0.0,
      "cost_budget": 1.0,
      "cost_budget_raw": 0.02,
      "cost_budget_normalized": 1.0,
      "algorithm_cost_mode": "separate_cost",
      "fixed_cost_penalty_coef": 0.0,
      "log_std_max": -2.3,
      "accepted": true,
      "mode": "reward",
      "reward_before": -4.508070361453065e-08,
      "reward_after": 0.1174057275056839,
      "cost_before": 0.8192906975746155,
      "cost_after": 0.23912566900253296,
      "kl_before": -2.384185791015625e-07,
      "kl_after": 0.019954461604356766,
      "cost_gap": -0.18070930242538452,
      "cost_recoverable": true,
      "cost_quadratic": 1461.9542236328125,
      "reward_quadratic": 0.3459289073944092,
      "reward_cost_cross": -1.8425050973892212,
      "max_linear_cost_drop": 7.647101996528653,
      "rollout_wall_seconds": 1.8964540418237448,
      "update_wall_seconds": 1.4221928287297487,
      "total_wall_seconds": 3.318648708984256
    },
    {
      "update": 885,
      "algorithm": "macpo",
      "actor_loss": -0.19574026763439178,
      "reward_critic_loss": 0.0004997453070245683,
      "cost_critic_loss": 0.16675463318824768,
      "reward_critic_loss_last": 0.0004759310686495155,
      "cost_critic_loss_last": 0.1709175705909729,
      "critic_epochs": 8,
      "daily_voltage_cost": 0.004940009210258722,
      "daily_voltage_cost_raw": 0.004940009210258722,
      "daily_voltage_cost_normalized": 0.24700047075748444,
      "daily_economic_return_raw_yuan": -587181.3125,
      "daily_economic_return_normalized": -0.1863059401512146,
      "daily_economic_cost_raw_yuan": 587181.3125,
      "economic_reward_scale_yuan": 3151704.8194007874,
      "lagrange_multiplier": 0.0,
      "cost_budget": 1.0,
      "cost_budget_raw": 0.02,
      "cost_budget_normalized": 1.0,
      "algorithm_cost_mode": "separate_cost",
      "fixed_cost_penalty_coef": 0.0,
      "log_std_max": -2.3,
      "accepted": true,
      "mode": "reward",
      "reward_before": -1.8739696372449544e-07,
      "reward_after": 0.19574026763439178,
      "cost_before": 0.24700061976909637,
      "cost_after": 0.12470115721225739,
      "kl_before": -2.384185791015625e-07,
      "kl_after": 0.01994079351425171,
      "cost_gap": -0.7529993802309036,
      "cost_recoverable": true,
      "cost_quadratic": 245.73367309570312,
      "reward_quadratic": 0.8804914951324463,
      "reward_cost_cross": -0.1255996823310852,
      "max_linear_cost_drop": 3.135178930113579,
      "rollout_wall_seconds": 1.809493936598301,
      "update_wall_seconds": 1.539535004645586,
      "total_wall_seconds": 3.349030911922455
    },
    {
      "update": 886,
      "algorithm": "macpo",
      "actor_loss": -0.15231192111968994,
      "reward_critic_loss": 0.0003028869105037302,
      "cost_critic_loss": 0.19129711389541626,
      "reward_critic_loss_last": 0.00028760399436578155,
      "cost_critic_loss_last": 0.1914730966091156,
      "critic_epochs": 8,
      "daily_voltage_cost": 0.010862404480576515,
      "daily_voltage_cost_raw": 0.010862404480576515,
      "daily_voltage_cost_normalized": 0.5431201457977295,
      "daily_economic_return_raw_yuan": -548605.0,
      "daily_economic_return_normalized": -0.17406611144542694,
      "daily_economic_cost_raw_yuan": 548605.0,
      "economic_reward_scale_yuan": 3151704.8194007874,
      "lagrange_multiplier": 0.0,
      "cost_budget": 1.0,
      "cost_budget_raw": 0.02,
      "cost_budget_normalized": 1.0,
      "algorithm_cost_mode": "separate_cost",
      "fixed_cost_penalty_coef": 0.0,
      "log_std_max": -2.3,
      "accepted": true,
      "mode": "reward",
      "reward_before": -2.536037015943293e-07,
      "reward_after": 0.15231192111968994,
      "cost_before": 0.5431199669837952,
      "cost_after": -0.02510225772857666,
      "kl_before": -2.384185791015625e-07,
      "kl_after": 0.01992534101009369,
      "cost_gap": -0.45688003301620483,
      "cost_recoverable": true,
      "cost_quadratic": 426.51458740234375,
      "reward_quadratic": 0.5292063355445862,
      "reward_cost_cross": -2.7070224285125732,
      "max_linear_cost_drop": 4.130445919763839,
      "rollout_wall_seconds": 1.5778454057872295,
      "update_wall_seconds": 1.3289511110633612,
      "total_wall_seconds": 2.906798604875803
    },
    {
      "update": 887,
      "algorithm": "macpo",
      "actor_loss": -0.1321895867586136,
      "reward_critic_loss": 0.0002616472775116563,
      "cost_critic_loss": 0.12858325242996216,
      "reward_critic_loss_last": 0.00023473179317079484,
      "cost_critic_loss_last": 0.09173141419887543,
      "critic_epochs": 8,
      "daily_voltage_cost": 0.0013902016216889024,
      "daily_voltage_cost_raw": 0.0013902016216889024,
      "daily_voltage_cost_normalized": 0.0695100799202919,
      "daily_economic_return_raw_yuan": -509793.59375,
      "daily_economic_return_normalized": -0.16175170242786407,
      "daily_economic_cost_raw_yuan": 509793.59375,
      "economic_reward_scale_yuan": 3151704.8194007874,
      "lagrange_multiplier": 0.0,
      "cost_budget": 1.0,
      "cost_budget_raw": 0.02,
      "cost_budget_normalized": 1.0,
      "algorithm_cost_mode": "separate_cost",
      "fixed_cost_penalty_coef": 0.0,
      "log_std_max": -2.3,
      "accepted": true,
      "mode": "reward",
      "reward_before": 4.780368811907465e-08,
      "reward_after": 0.1321895867586136,
      "cost_before": 0.0695153996348381,
      "cost_after": -0.43827715516090393,
      "kl_before": -2.384185791015625e-07,
      "kl_after": 0.01987621746957302,
      "cost_gap": -0.9304846003651619,
      "cost_recoverable": true,
      "cost_quadratic": 327.41259765625,
      "reward_quadratic": 0.4730677008628845,
      "reward_cost_cross": -2.2599096298217773,
      "max_linear_cost_drop": 3.618909214977629,
      "rollout_wall_seconds": 1.7249519489705563,
      "update_wall_seconds": 1.4779556412249804,
      "total_wall_seconds": 3.2029094863682985
    },
    {
      "update": 888,
      "algorithm": "macpo",
      "actor_loss": -0.18973952531814575,
      "reward_critic_loss": 0.00043264584382995963,
      "cost_critic_loss": 0.868557333946228,
      "reward_critic_loss_last": 0.00041634333319962025,
      "cost_critic_loss_last": 0.8078889846801758,
      "critic_epochs": 8,
      "daily_voltage_cost": 0.018237020820379257,
      "daily_voltage_cost_raw": 0.018237020820379257,
      "daily_voltage_cost_normalized": 0.9118510484695435,
      "daily_economic_return_raw_yuan": -508429.59375,
      "daily_economic_return_normalized": -0.16131891310214996,
      "daily_economic_cost_raw_yuan": 508429.59375,
      "economic_reward_scale_yuan": 3151704.8194007874,
      "lagrange_multiplier": 0.0,
      "cost_budget": 1.0,
      "cost_budget_raw": 0.02,
      "cost_budget_normalized": 1.0,
      "algorithm_cost_mode": "separate_cost",
      "fixed_cost_penalty_coef": 0.0,
      "log_std_max": -2.3,
      "accepted": true,
      "mode": "reward",
      "reward_before": 1.5307543321796402e-07,
      "reward_after": 0.18973952531814575,
      "cost_before": 0.9118492007255554,
      "cost_after": -0.6206806898117065,
      "kl_before": -2.384185791015625e-07,
      "kl_after": 0.0199163556098938,
      "cost_gap": -0.08815079927444458,
      "cost_recoverable": true,
      "cost_quadratic": 1745.935302734375,
      "reward_quadratic": 0.9596318006515503,
      "reward_cost_cross": -8.28610610961914,
      "max_linear_cost_drop": 8.35687813177714,
      "rollout_wall_seconds": 1.6534087676554918,
      "update_wall_seconds": 1.3899051900953054,
      "total_wall_seconds": 3.0433156490325928
    },
    {
      "update": 889,
      "algorithm": "macpo",
      "actor_loss": -0.0017735660076141357,
      "reward_critic_loss": 0.0003832836518995464,
      "cost_critic_loss": 0.38510891795158386,
      "reward_critic_loss_last": 0.00033293309388682246,
      "cost_critic_loss_last": 0.3019053339958191,
      "critic_epochs": 8,
      "daily_voltage_cost": 0.02047809772193432,
      "daily_voltage_cost_raw": 0.02047809772193432,
      "daily_voltage_cost_normalized": 1.0239050388336182,
      "daily_economic_return_raw_yuan": -496394.65625,
      "daily_economic_return_normalized": -0.15750037133693695,
      "daily_economic_cost_raw_yuan": 496394.65625,
      "economic_reward_scale_yuan": 3151704.8194007874,
      "lagrange_multiplier": 0.0,
      "cost_budget": 1.0,
      "cost_budget_raw": 0.02,
      "cost_budget_normalized": 1.0,
      "algorithm_cost_mode": "separate_cost",
      "fixed_cost_penalty_coef": 0.0,
      "log_std_max": -2.3,
      "accepted": true,
      "mode": "cost_recovery",
      "reward_before": -2.797932836529071e-07,
      "reward_after": 0.0017735660076141357,
      "cost_before": 1.0239036083221436,
      "cost_after": -3.8713696002960205,
      "kl_before": -2.384185791015625e-07,
      "kl_after": 0.019975468516349792,
      "cost_gap": 0.023903608322143555,
      "cost_recoverable": true,
      "cost_quadratic": 1033.8568115234375,
      "reward_quadratic": 0.7377541661262512,
      "reward_cost_cross": -4.34814453125,
      "max_linear_cost_drop": 6.430728765928284,
      "rollout_wall_seconds": 1.4195704944431782,
      "update_wall_seconds": 1.797002948820591,
      "total_wall_seconds": 3.2165760826319456
    },
    {
      "update": 890,
      "algorithm": "macpo",
      "actor_loss": -0.08548310399055481,
      "reward_critic_loss": 0.00038879155181348324,
      "cost_critic_loss": 0.2099495828151703,
      "reward_critic_loss_last": 0.00037532203714363277,
      "cost_critic_loss_last": 0.21983477473258972,
      "critic_epochs": 8,
      "daily_voltage_cost": 0.00987482350319624,
      "daily_voltage_cost_raw": 0.00987482350319624,
      "daily_voltage_cost_normalized": 0.49374115467071533,
      "daily_economic_return_raw_yuan": -485860.5,
      "daily_economic_return_normalized": -0.15415799617767334,
      "daily_economic_cost_raw_yuan": 485860.5,
      "economic_reward_scale_yuan": 3151704.8194007874,
      "lagrange_multiplier": 0.0,
      "cost_budget": 1.0,
      "cost_budget_raw": 0.02,
      "cost_budget_normalized": 1.0,
      "algorithm_cost_mode": "separate_cost",
      "fixed_cost_penalty_coef": 0.0,
      "log_std_max": -2.3,
      "accepted": true,
      "mode": "constrained_reward",
      "reward_before": 1.3972975665410559e-08,
      "reward_after": 0.08548310399055481,
      "cost_before": 0.493747353553772,
      "cost_after": 0.7670090198516846,
      "kl_before": -2.384185791015625e-07,
      "kl_after": 0.004973772447556257,
      "cost_gap": -0.506252646446228,
      "cost_recoverable": true,
      "cost_quadratic": 360.79364013671875,
      "reward_quadratic": 0.7865800857543945,
      "reward_cost_cross": 5.681734085083008,
      "max_linear_cost_drop": 3.798913740198473,
      "rollout_wall_seconds": 1.4579702969640493,
      "update_wall_seconds": 1.5432411767542362,
      "total_wall_seconds": 3.001213453710079
    },
    {
      "update": 891,
      "algorithm": "macpo",
      "actor_loss": -0.004175452049821615,
      "reward_critic_loss": 0.0003354721120558679,
      "cost_critic_loss": 1.0321496725082397,
      "reward_critic_loss_last": 0.0002979172277264297,
      "cost_critic_loss_last": 0.9890280961990356,
      "critic_epochs": 8,
      "daily_voltage_cost": 0.02016863226890564,
      "daily_voltage_cost_raw": 0.02016863226890564,
      "daily_voltage_cost_normalized": 1.0084316730499268,
      "daily_economic_return_raw_yuan": -606260.25,
      "daily_economic_return_normalized": -0.19235947728157043,
      "daily_economic_cost_raw_yuan": 606260.25,
      "economic_reward_scale_yuan": 3151704.8194007874,
      "lagrange_multiplier": 0.0,
      "cost_budget": 1.0,
      "cost_budget_raw": 0.02,
      "cost_budget_normalized": 1.0,
      "algorithm_cost_mode": "separate_cost",
      "fixed_cost_penalty_coef": 0.0,
      "log_std_max": -2.3,
      "accepted": true,
      "mode": "cost_recovery",
      "reward_before": -1.0517230464301974e-07,
      "reward_after": 0.004175452049821615,
      "cost_before": 1.0084236860275269,
      "cost_after": -6.10971736907959,
      "kl_before": -2.384185791015625e-07,
      "kl_after": 0.01991381123661995,
      "cost_gap": 0.008423686027526855,
      "cost_recoverable": true,
      "cost_quadratic": 1974.2957763671875,
      "reward_quadratic": 0.5880058407783508,
      "reward_cost_cross": -1.0756371021270752,
      "max_linear_cost_drop": 8.886609649055567,
      "rollout_wall_seconds": 1.660676721483469,
      "update_wall_seconds": 1.494563389569521,
      "total_wall_seconds": 3.1552420742809772
    },
    {
      "update": 892,
      "algorithm": "macpo",
      "actor_loss": -0.14863350987434387,
      "reward_critic_loss": 0.00032138603273779154,
      "cost_critic_loss": 0.20979321002960205,
      "reward_critic_loss_last": 0.0002764592645689845,
      "cost_critic_loss_last": 0.164568692445755,
      "critic_epochs": 8,
      "daily_voltage_cost": 0.006421760190278292,
      "daily_voltage_cost_raw": 0.006421760190278292,
      "daily_voltage_cost_normalized": 0.3210880160331726,
      "daily_economic_return_raw_yuan": -443056.21875,
      "daily_economic_return_normalized": -0.14057669043540955,
      "daily_economic_cost_raw_yuan": 443056.21875,
      "economic_reward_scale_yuan": 3151704.8194007874,
      "lagrange_multiplier": 0.0,
      "cost_budget": 1.0,
      "cost_budget_raw": 0.02,
      "cost_budget_normalized": 1.0,
      "algorithm_cost_mode": "separate_cost",
      "fixed_cost_penalty_coef": 0.0,
      "log_std_max": -2.3,
      "accepted": true,
      "mode": "reward",
      "reward_before": 2.7540572489215265e-08,
      "reward_after": 0.14863350987434387,
      "cost_before": 0.32109004259109497,
      "cost_after": 0.8530851006507874,
      "kl_before": -2.384185791015625e-07,
      "kl_after": 0.01996917650103569,
      "cost_gap": -0.678909957408905,
      "cost_recoverable": true,
      "cost_quadratic": 412.3310546875,
      "reward_quadratic": 0.5789678692817688,
      "reward_cost_cross": 2.266068935394287,
      "max_linear_cost_drop": 4.061187287912243,
      "rollout_wall_seconds": 1.820124451071024,
      "update_wall_seconds": 1.6617435198277235,
      "total_wall_seconds": 3.4818702694028616
    },
    {
      "update": 893,
      "algorithm": "macpo",
      "actor_loss": -0.07928451895713806,
      "reward_critic_loss": 0.0002554074162617326,
      "cost_critic_loss": 0.3726564347743988,
      "reward_critic_loss_last": 0.00020938401576131582,
      "cost_critic_loss_last": 0.34577643871307373,
      "critic_epochs": 8,
      "daily_voltage_cost": 0.012281935662031174,
      "daily_voltage_cost_raw": 0.012281935662031174,
      "daily_voltage_cost_normalized": 0.6140967607498169,
      "daily_economic_return_raw_yuan": -437686.4375,
      "daily_economic_return_normalized": -0.1388729214668274,
      "daily_economic_cost_raw_yuan": 437686.4375,
      "economic_reward_scale_yuan": 3151704.8194007874,
      "lagrange_multiplier": 0.0,
      "cost_budget": 1.0,
      "cost_budget_raw": 0.02,
      "cost_budget_normalized": 1.0,
      "algorithm_cost_mode": "separate_cost",
      "fixed_cost_penalty_coef": 0.0,
      "log_std_max": -2.3,
      "accepted": true,
      "mode": "reward",
      "reward_before": 4.68903422756739e-08,
      "reward_after": 0.07928451895713806,
      "cost_before": 0.6140885949134827,
      "cost_after": 0.3061659336090088,
      "kl_before": -2.384185791015625e-07,
      "kl_after": 0.0049952613189816475,
      "cost_gap": -0.38591140508651733,
      "cost_recoverable": true,
      "cost_quadratic": 913.0028076171875,
      "reward_quadratic": 0.5735163688659668,
      "reward_cost_cross": -2.3592896461486816,
      "max_linear_cost_drop": 6.043187263744811,
      "rollout_wall_seconds": 2.065492084249854,
      "update_wall_seconds": 1.7935157641768456,
      "total_wall_seconds": 3.859009960666299
    },
    {
      "update": 894,
      "algorithm": "macpo",
      "actor_loss": -0.06410647928714752,
      "reward_critic_loss": 0.000256132276263088,
      "cost_critic_loss": 0.2524663209915161,
      "reward_critic_loss_last": 0.0002482587588019669,
      "cost_critic_loss_last": 0.2559223175048828,
      "critic_epochs": 8,
      "daily_voltage_cost": 0.015546649694442749,
      "daily_voltage_cost_raw": 0.015546649694442749,
      "daily_voltage_cost_normalized": 0.7773325443267822,
      "daily_economic_return_raw_yuan": -553569.1875,
      "daily_economic_return_normalized": -0.17564119398593903,
      "daily_economic_cost_raw_yuan": 553569.1875,
      "economic_reward_scale_yuan": 3151704.8194007874,
      "lagrange_multiplier": 0.0,
      "cost_budget": 1.0,
      "cost_budget_raw": 0.02,
      "cost_budget_normalized": 1.0,
      "algorithm_cost_mode": "separate_cost",
      "fixed_cost_penalty_coef": 0.0,
      "log_std_max": -2.3,
      "accepted": true,
      "mode": "reward",
      "reward_before": 9.18768208180154e-08,
      "reward_after": 0.06410647928714752,
      "cost_before": 0.7773308753967285,
      "cost_after": 0.4660887122154236,
      "kl_before": -2.384185791015625e-07,
      "kl_after": 0.005006280727684498,
      "cost_gap": -0.22266912460327148,
      "cost_recoverable": true,
      "cost_quadratic": 450.4521179199219,
      "reward_quadratic": 0.41548463702201843,
      "reward_cost_cross": -2.0397868156433105,
      "max_linear_cost_drop": 4.244771456368043,
      "rollout_wall_seconds": 2.0156463757157326,
      "update_wall_seconds": 1.4464453365653753,
      "total_wall_seconds": 3.4620938412845135
    },
    {
      "update": 895,
      "algorithm": "macpo",
      "actor_loss": -0.07113087177276611,
      "reward_critic_loss": 0.000299994891975075,
      "cost_critic_loss": 0.1717115342617035,
      "reward_critic_loss_last": 0.00028184292023070157,
      "cost_critic_loss_last": 0.1435578614473343,
      "critic_epochs": 8,
      "daily_voltage_cost": 0.007149562705308199,
      "daily_voltage_cost_raw": 0.007149562705308199,
      "daily_voltage_cost_normalized": 0.35747814178466797,
      "daily_economic_return_raw_yuan": -631726.8125,
      "daily_economic_return_normalized": -0.2004397213459015,
      "daily_economic_cost_raw_yuan": 631726.8125,
      "economic_reward_scale_yuan": 3151704.8194007874,
      "lagrange_multiplier": 0.0,
      "cost_budget": 1.0,
      "cost_budget_raw": 0.02,
      "cost_budget_normalized": 1.0,
      "algorithm_cost_mode": "separate_cost",
      "fixed_cost_penalty_coef": 0.0,
      "log_std_max": -2.3,
      "accepted": true,
      "mode": "reward",
      "reward_before": -2.4416081600975303e-08,
      "reward_after": 0.07113087177276611,
      "cost_before": 0.35747823119163513,
      "cost_after": 0.3870900869369507,
      "kl_before": -2.384185791015625e-07,
      "kl_after": 0.0049987961538136005,
      "cost_gap": -0.6425217688083649,
      "cost_recoverable": true,
      "cost_quadratic": 265.2645263671875,
      "reward_quadratic": 0.4903755187988281,
      "reward_cost_cross": 0.06488037109375,
      "max_linear_cost_drop": 3.257388686461519,
      "rollout_wall_seconds": 1.6488987877964973,
      "update_wall_seconds": 1.2393897287547588,
      "total_wall_seconds": 2.8882903773337603
    },
    {
      "update": 896,
      "algorithm": "macpo",
      "actor_loss": -0.0689004510641098,
      "reward_critic_loss": 0.00025687128072604537,
      "cost_critic_loss": 0.9276704788208008,
      "reward_critic_loss_last": 0.0002526602183934301,
      "cost_critic_loss_last": 0.747992217540741,
      "critic_epochs": 8,
      "daily_voltage_cost": 0.016338787972927094,
      "daily_voltage_cost_raw": 0.016338787972927094,
      "daily_voltage_cost_normalized": 0.8169394135475159,
      "daily_economic_return_raw_yuan": -563194.125,
      "daily_economic_return_normalized": -0.17869508266448975,
      "daily_economic_cost_raw_yuan": 563194.125,
      "economic_reward_scale_yuan": 3151704.8194007874,
      "lagrange_multiplier": 0.0,
      "cost_budget": 1.0,
      "cost_budget_raw": 0.02,
      "cost_budget_normalized": 1.0,
      "algorithm_cost_mode": "separate_cost",
      "fixed_cost_penalty_coef": 0.0,
      "log_std_max": -2.3,
      "accepted": true,
      "mode": "constrained_reward",
      "reward_before": 1.1742534411496308e-07,
      "reward_after": 0.0689004510641098,
      "cost_before": 0.8169506192207336,
      "cost_after": 0.8799196481704712,
      "kl_before": -2.384185791015625e-07,
      "kl_after": 0.005024840123951435,
      "cost_gap": -0.18304938077926636,
      "cost_recoverable": true,
      "cost_quadratic": 1454.128173828125,
      "reward_quadratic": 0.5002720355987549,
      "reward_cost_cross": 3.0909032821655273,
      "max_linear_cost_drop": 7.626606516211847,
      "rollout_wall_seconds": 2.0222316570580006,
      "update_wall_seconds": 1.868955722078681,
      "total_wall_seconds": 3.891189368441701
    },
    {
      "update": 897,
      "algorithm": "macpo",
      "actor_loss": -0.17368966341018677,
      "reward_critic_loss": 0.00043513180571608245,
      "cost_critic_loss": 0.4725867211818695,
      "reward_critic_loss_last": 0.0003688854048959911,
      "cost_critic_loss_last": 0.43316376209259033,
      "critic_epochs": 8,
      "daily_voltage_cost": 0.007604452781379223,
      "daily_voltage_cost_raw": 0.007604452781379223,
      "daily_voltage_cost_normalized": 0.3802226185798645,
      "daily_economic_return_raw_yuan": -517545.78125,
      "daily_economic_return_normalized": -0.16421137750148773,
      "daily_economic_cost_raw_yuan": 517545.78125,
      "economic_reward_scale_yuan": 3151704.8194007874,
      "lagrange_multiplier": 0.0,
      "cost_budget": 1.0,
      "cost_budget_raw": 0.02,
      "cost_budget_normalized": 1.0,
      "algorithm_cost_mode": "separate_cost",
      "fixed_cost_penalty_coef": 0.0,
      "log_std_max": -2.3,
      "accepted": true,
      "mode": "reward",
      "reward_before": -1.0210158052359475e-08,
      "reward_after": 0.17368966341018677,
      "cost_before": 0.3802194893360138,
      "cost_after": 0.5404716730117798,
      "kl_before": -2.384185791015625e-07,
      "kl_after": 0.019968051463365555,
      "cost_gap": -0.6197805106639862,
      "cost_recoverable": true,
      "cost_quadratic": 943.5628662109375,
      "reward_quadratic": 0.9100651741027832,
      "reward_cost_cross": -0.5541694760322571,
      "max_linear_cost_drop": 6.143493684251454,
      "rollout_wall_seconds": 1.792806537821889,
      "update_wall_seconds": 1.9932331033051014,
      "total_wall_seconds": 3.78604200668633
    },
    {
      "update": 898,
      "algorithm": "macpo",
      "actor_loss": -0.08302044868469238,
      "reward_critic_loss": 0.00034003640757873654,
      "cost_critic_loss": 0.08623587340116501,
      "reward_critic_loss_last": 0.0003269593871664256,
      "cost_critic_loss_last": 0.06098277494311333,
      "critic_epochs": 8,
      "daily_voltage_cost": 0.0018137219594791532,
      "daily_voltage_cost_raw": 0.0018137219594791532,
      "daily_voltage_cost_normalized": 0.09068609774112701,
      "daily_economic_return_raw_yuan": -382162.75,
      "daily_economic_return_normalized": -0.12125588208436966,
      "daily_economic_cost_raw_yuan": 382162.75,
      "economic_reward_scale_yuan": 3151704.8194007874,
      "lagrange_multiplier": 0.0,
      "cost_budget": 1.0,
      "cost_budget_raw": 0.02,
      "cost_budget_normalized": 1.0,
      "algorithm_cost_mode": "separate_cost",
      "fixed_cost_penalty_coef": 0.0,
      "log_std_max": -2.3,
      "accepted": true,
      "mode": "reward",
      "reward_before": -1.734489529781058e-08,
      "reward_after": 0.08302044868469238,
      "cost_before": 0.09068576991558075,
      "cost_after": -0.21602539718151093,
      "kl_before": -2.384185791015625e-07,
      "kl_after": 0.004976860713213682,
      "cost_gap": -0.9093142300844193,
      "cost_recoverable": true,
      "cost_quadratic": 191.50125122070312,
      "reward_quadratic": 0.6571479439735413,
      "reward_cost_cross": -2.2629263401031494,
      "max_linear_cost_drop": 2.767679542293169,
      "rollout_wall_seconds": 2.3753390815109015,
      "update_wall_seconds": 1.9529159422963858,
      "total_wall_seconds": 4.328257067129016
    },
    {
      "update": 899,
      "algorithm": "macpo",
      "actor_loss": -0.14486223459243774,
      "reward_critic_loss": 0.0003531340043991804,
      "cost_critic_loss": 0.2951803505420685,
      "reward_critic_loss_last": 0.00032478378852829337,
      "cost_critic_loss_last": 0.28760451078414917,
      "critic_epochs": 8,
      "daily_voltage_cost": 0.01163855753839016,
      "daily_voltage_cost_raw": 0.01163855753839016,
      "daily_voltage_cost_normalized": 0.5819278955459595,
      "daily_economic_return_raw_yuan": -516694.46875,
      "daily_economic_return_normalized": -0.16394126415252686,
      "daily_economic_cost_raw_yuan": 516694.46875,
      "economic_reward_scale_yuan": 3151704.8194007874,
      "lagrange_multiplier": 0.0,
      "cost_budget": 1.0,
      "cost_budget_raw": 0.02,
      "cost_budget_normalized": 1.0,
      "algorithm_cost_mode": "separate_cost",
      "fixed_cost_penalty_coef": 0.0,
      "log_std_max": -2.3,
      "accepted": true,
      "mode": "reward",
      "reward_before": -3.053515058581979e-07,
      "reward_after": 0.14486223459243774,
      "cost_before": 0.581930935382843,
      "cost_after": 0.17970913648605347,
      "kl_before": -2.384185791015625e-07,
      "kl_after": 0.019919687882065773,
      "cost_gap": -0.418069064617157,
      "cost_recoverable": true,
      "cost_quadratic": 521.1443481445312,
      "reward_quadratic": 0.5294933915138245,
      "reward_cost_cross": -1.7523763179779053,
      "max_linear_cost_drop": 4.565717241111329,
      "rollout_wall_seconds": 2.473177697509527,
      "update_wall_seconds": 1.885563576593995,
      "total_wall_seconds": 4.358743602409959
    },
    {
      "update": 900,
      "algorithm": "macpo",
      "actor_loss": -0.12908656895160675,
      "reward_critic_loss": 0.00023636039986740798,
      "cost_critic_loss": 0.29352790117263794,
      "reward_critic_loss_last": 0.0002270151162520051,
      "cost_critic_loss_last": 0.2539951801300049,
      "critic_epochs": 8,
      "daily_voltage_cost": 0.00869064312428236,
      "daily_voltage_cost_raw": 0.00869064312428236,
      "daily_voltage_cost_normalized": 0.43453213572502136,
      "daily_economic_return_raw_yuan": -576067.9375,
      "daily_economic_return_normalized": -0.18277978897094727,
      "daily_economic_cost_raw_yuan": 576067.9375,
      "economic_reward_scale_yuan": 3151704.8194007874,
      "lagrange_multiplier": 0.0,
      "cost_budget": 1.0,
      "cost_budget_raw": 0.02,
      "cost_budget_normalized": 1.0,
      "algorithm_cost_mode": "separate_cost",
      "fixed_cost_penalty_coef": 0.0,
      "log_std_max": -2.3,
      "accepted": true,
      "mode": "reward",
      "reward_before": -2.0900182562400005e-07,
      "reward_after": 0.12908656895160675,
      "cost_before": 0.43452709913253784,
      "cost_after": 0.7997210025787354,
      "kl_before": -2.384185791015625e-07,
      "kl_after": 0.01994488760828972,
      "cost_gap": -0.5654729008674622,
      "cost_recoverable": true,
      "cost_quadratic": 537.3925170898438,
      "reward_quadratic": 0.4065718650817871,
      "reward_cost_cross": 0.9983735680580139,
      "max_linear_cost_drop": 4.636345617357894,
      "rollout_wall_seconds": 2.795883111655712,
      "update_wall_seconds": 1.9684046264737844,
      "total_wall_seconds": 4.764289688318968
    },
    {
      "update": 901,
      "algorithm": "macpo",
      "actor_loss": -0.1519421637058258,
      "reward_critic_loss": 0.00028231245232746005,
      "cost_critic_loss": 0.0769321620464325,
      "reward_critic_loss_last": 0.00024699047207832336,
      "cost_critic_loss_last": 0.07559449970722198,
      "critic_epochs": 8,
      "daily_voltage_cost": 0.0037546325474977493,
      "daily_voltage_cost_raw": 0.0037546325474977493,
      "daily_voltage_cost_normalized": 0.18773162364959717,
      "daily_economic_return_raw_yuan": -388456.84375,
      "daily_economic_return_normalized": -0.12325292825698853,
      "daily_economic_cost_raw_yuan": 388456.84375,
      "economic_reward_scale_yuan": 3151704.8194007874,
      "lagrange_multiplier": 0.0,
      "cost_budget": 1.0,
      "cost_budget_raw": 0.02,
      "cost_budget_normalized": 1.0,
      "algorithm_cost_mode": "separate_cost",
      "fixed_cost_penalty_coef": 0.0,
      "log_std_max": -2.3,
      "accepted": true,
      "mode": "reward",
      "reward_before": 1.7871647628453502e-07,
      "reward_after": 0.1519421637058258,
      "cost_before": 0.18772971630096436,
      "cost_after": 0.11669189482927322,
      "kl_before": -2.384185791015625e-07,
      "kl_after": 0.01996753364801407,
      "cost_gap": -0.8122702836990356,
      "cost_recoverable": true,
      "cost_quadratic": 142.94070434570312,
      "reward_quadratic": 0.49661898612976074,
      "reward_cost_cross": -0.12986832857131958,
      "max_linear_cost_drop": 2.3911562420360832,
      "rollout_wall_seconds": 2.0230529103428125,
      "update_wall_seconds": 1.8559716884046793,
      "total_wall_seconds": 3.879027109593153
    },
    {
      "update": 902,
      "algorithm": "macpo",
      "actor_loss": -0.05732329934835434,
      "reward_critic_loss": 0.00020289448730181903,
      "cost_critic_loss": 0.38817864656448364,
      "reward_critic_loss_last": 0.0001933723979163915,
      "cost_critic_loss_last": 0.364401638507843,
      "critic_epochs": 8,
      "daily_voltage_cost": 0.012199342250823975,
      "daily_voltage_cost_raw": 0.012199342250823975,
      "daily_voltage_cost_normalized": 0.6099671721458435,
      "daily_economic_return_raw_yuan": -542588.125,
      "daily_economic_return_normalized": -0.17215703427791595,
      "daily_economic_cost_raw_yuan": 542588.125,
      "economic_reward_scale_yuan": 3151704.8194007874,
      "lagrange_multiplier": 0.0,
      "cost_budget": 1.0,
      "cost_budget_raw": 0.02,
      "cost_budget_normalized": 1.0,
      "algorithm_cost_mode": "separate_cost",
      "fixed_cost_penalty_coef": 0.0,
      "log_std_max": -2.3,
      "accepted": true,
      "mode": "reward",
      "reward_before": -5.6073012899560126e-08,
      "reward_after": 0.05732329934835434,
      "cost_before": 0.6099646687507629,
      "cost_after": 0.6707594394683838,
      "kl_before": -2.384185791015625e-07,
      "kl_after": 0.0050064269453287125,
      "cost_gap": -0.39003533124923706,
      "cost_recoverable": true,
      "cost_quadratic": 603.9189453125,
      "reward_quadratic": 0.3263998031616211,
      "reward_cost_cross": 0.2748674750328064,
      "max_linear_cost_drop": 4.914952473066245,
      "rollout_wall_seconds": 1.7209439277648926,
      "update_wall_seconds": 1.678414849564433,
      "total_wall_seconds": 3.399360852316022
    },
    {
      "update": 903,
      "algorithm": "macpo",
      "actor_loss": -0.15829096734523773,
      "reward_critic_loss": 0.0003297549847047776,
      "cost_critic_loss": 0.1571422815322876,
      "reward_critic_loss_last": 0.00031193866743706167,
      "cost_critic_loss_last": 0.13621073961257935,
      "critic_epochs": 8,
      "daily_voltage_cost": 0.008000576868653297,
      "daily_voltage_cost_raw": 0.008000576868653297,
      "daily_voltage_cost_normalized": 0.4000288248062134,
      "daily_economic_return_raw_yuan": -458914.46875,
      "daily_economic_return_normalized": -0.1456083357334137,
      "daily_economic_cost_raw_yuan": 458914.46875,
      "economic_reward_scale_yuan": 3151704.8194007874,
      "lagrange_multiplier": 0.0,
      "cost_budget": 1.0,
      "cost_budget_raw": 0.02,
      "cost_budget_normalized": 1.0,
      "algorithm_cost_mode": "separate_cost",
      "fixed_cost_penalty_coef": 0.0,
      "log_std_max": -2.3,
      "accepted": true,
      "mode": "reward",
      "reward_before": 1.3145685784365924e-07,
      "reward_after": 0.15829096734523773,
      "cost_before": 0.4000295102596283,
      "cost_after": 0.4414028227329254,
      "kl_before": -2.384185791015625e-07,
      "kl_after": 0.019848747178912163,
      "cost_gap": -0.5999704897403717,
      "cost_recoverable": true,
      "cost_quadratic": 401.6640625,
      "reward_quadratic": 0.6724586486816406,
      "reward_cost_cross": 0.30131417512893677,
      "max_linear_cost_drop": 4.008311677003174,
      "rollout_wall_seconds": 1.9128987397998571,
      "update_wall_seconds": 1.6802612897008657,
      "total_wall_seconds": 3.5931616742163897
    },
    {
      "update": 904,
      "algorithm": "macpo",
      "actor_loss": 0.02201978489756584,
      "reward_critic_loss": 0.0002666344807948917,
      "cost_critic_loss": 4.2121782302856445,
      "reward_critic_loss_last": 0.0002587665803730488,
      "cost_critic_loss_last": 4.1370744705200195,
      "critic_epochs": 8,
      "daily_voltage_cost": 0.03444167226552963,
      "daily_voltage_cost_raw": 0.03444167226552963,
      "daily_voltage_cost_normalized": 1.722083568572998,
      "daily_economic_return_raw_yuan": -488542.03125,
      "daily_economic_return_normalized": -0.15500882267951965,
      "daily_economic_cost_raw_yuan": 488542.03125,
      "economic_reward_scale_yuan": 3151704.8194007874,
      "lagrange_multiplier": 0.0,
      "cost_budget": 1.0,
      "cost_budget_raw": 0.02,
      "cost_budget_normalized": 1.0,
      "algorithm_cost_mode": "separate_cost",
      "fixed_cost_penalty_coef": 0.0,
      "log_std_max": -2.3,
      "accepted": true,
      "mode": "cost_recovery",
      "reward_before": 1.706148111679795e-07,
      "reward_after": -0.02201978489756584,
      "cost_before": 1.7221019268035889,
      "cost_after": -13.572559356689453,
      "kl_before": -2.384185791015625e-07,
      "kl_after": 0.019926000386476517,
      "cost_gap": 0.7221019268035889,
      "cost_recoverable": true,
      "cost_quadratic": 7731.130859375,
      "reward_quadratic": 0.5091333389282227,
      "reward_cost_cross": 11.65097713470459,
      "max_linear_cost_drop": 17.585369895882202,
      "rollout_wall_seconds": 1.9212088640779257,
      "update_wall_seconds": 1.5418252311646938,
      "total_wall_seconds": 3.4630361199378967
    },
    {
      "update": 905,
      "algorithm": "macpo",
      "actor_loss": -0.17970840632915497,
      "reward_critic_loss": 0.0004874808364547789,
      "cost_critic_loss": 0.10565178096294403,
      "reward_critic_loss_last": 0.0004779486916959286,
      "cost_critic_loss_last": 0.10671721398830414,
      "critic_epochs": 8,
      "daily_voltage_cost": 0.006139638368040323,
      "daily_voltage_cost_raw": 0.006139638368040323,
      "daily_voltage_cost_normalized": 0.3069819211959839,
      "daily_economic_return_raw_yuan": -480907.65625,
      "daily_economic_return_normalized": -0.15258651971817017,
      "daily_economic_cost_raw_yuan": 480907.65625,
      "economic_reward_scale_yuan": 3151704.8194007874,
      "lagrange_multiplier": 0.0,
      "cost_budget": 1.0,
      "cost_budget_raw": 0.02,
      "cost_budget_normalized": 1.0,
      "algorithm_cost_mode": "separate_cost",
      "fixed_cost_penalty_coef": 0.0,
      "log_std_max": -2.3,
      "accepted": true,
      "mode": "reward",
      "reward_before": 3.597276787559167e-08,
      "reward_after": 0.17970840632915497,
      "cost_before": 0.30698415637016296,
      "cost_after": 0.39471036195755005,
      "kl_before": -2.384185791015625e-07,
      "kl_after": 0.019971346482634544,
      "cost_gap": -0.693015843629837,
      "cost_recoverable": true,
      "cost_quadratic": 197.68553161621094,
      "reward_quadratic": 0.9163975715637207,
      "reward_cost_cross": 0.2859918177127838,
      "max_linear_cost_drop": 2.8120137383463186,
      "rollout_wall_seconds": 2.2115429770201445,
      "update_wall_seconds": 1.494829261675477,
      "total_wall_seconds": 3.7063742224127054
    },
    {
      "update": 906,
      "algorithm": "macpo",
      "actor_loss": -0.0168854258954525,
      "reward_critic_loss": 0.0002998564741574228,
      "cost_critic_loss": 0.3592759966850281,
      "reward_critic_loss_last": 0.000291523989289999,
      "cost_critic_loss_last": 0.35805198550224304,
      "critic_epochs": 8,
      "daily_voltage_cost": 0.024675320833921432,
      "daily_voltage_cost_raw": 0.024675320833921432,
      "daily_voltage_cost_normalized": 1.2337660789489746,
      "daily_economic_return_raw_yuan": -518019.5,
      "daily_economic_return_normalized": -0.16436168551445007,
      "daily_economic_cost_raw_yuan": 518019.5,
      "economic_reward_scale_yuan": 3151704.8194007874,
      "lagrange_multiplier": 0.0,
      "cost_budget": 1.0,
      "cost_budget_raw": 0.02,
      "cost_budget_normalized": 1.0,
      "algorithm_cost_mode": "separate_cost",
      "fixed_cost_penalty_coef": 0.0,
      "log_std_max": -2.3,
      "accepted": true,
      "mode": "cost_recovery",
      "reward_before": 2.2538797850302217e-07,
      "reward_after": 0.0168854258954525,
      "cost_before": 1.2337592840194702,
      "cost_after": -3.237393379211426,
      "kl_before": -2.384185791015625e-07,
      "kl_after": 0.019917434081435204,
      "cost_gap": 0.23375928401947021,
      "cost_recoverable": true,
      "cost_quadratic": 803.591552734375,
      "reward_quadratic": 0.47839975357055664,
      "reward_cost_cross": -1.702330231666565,
      "max_linear_cost_drop": 5.669538086067947,
      "rollout_wall_seconds": 1.8826110791414976,
      "update_wall_seconds": 1.53605542704463,
      "total_wall_seconds": 3.4186686649918556
    },
    {
      "update": 907,
      "algorithm": "macpo",
      "actor_loss": -0.06851870566606522,
      "reward_critic_loss": 0.0002442507538944483,
      "cost_critic_loss": 0.5007208585739136,
      "reward_critic_loss_last": 0.000226464937441051,
      "cost_critic_loss_last": 0.47980889678001404,
      "critic_epochs": 8,
      "daily_voltage_cost": 0.01009058952331543,
      "daily_voltage_cost_raw": 0.01009058952331543,
      "daily_voltage_cost_normalized": 0.5045295357704163,
      "daily_economic_return_raw_yuan": -473584.78125,
      "daily_economic_return_normalized": -0.15026305615901947,
      "daily_economic_cost_raw_yuan": 473584.78125,
      "economic_reward_scale_yuan": 3151704.8194007874,
      "lagrange_multiplier": 0.0,
      "cost_budget": 1.0,
      "cost_budget_raw": 0.02,
      "cost_budget_normalized": 1.0,
      "algorithm_cost_mode": "separate_cost",
      "fixed_cost_penalty_coef": 0.0,
      "log_std_max": -2.3,
      "accepted": true,
      "mode": "reward",
      "reward_before": 8.16431224848202e-08,
      "reward_after": 0.06851870566606522,
      "cost_before": 0.5045257210731506,
      "cost_after": 0.21235865354537964,
      "kl_before": -2.384185791015625e-07,
      "kl_after": 0.0049963463097810745,
      "cost_gap": -0.49547427892684937,
      "cost_recoverable": true,
      "cost_quadratic": 913.609130859375,
      "reward_quadratic": 0.46876925230026245,
      "reward_cost_cross": -1.923406958580017,
      "max_linear_cost_drop": 6.045193564673922,
      "rollout_wall_seconds": 2.096221847459674,
      "update_wall_seconds": 1.59211852774024,
      "total_wall_seconds": 3.688342660665512
    },
    {
      "update": 908,
      "algorithm": "macpo",
      "actor_loss": -0.13382455706596375,
      "reward_critic_loss": 0.00026972335763275623,
      "cost_critic_loss": 0.2219831794500351,
      "reward_critic_loss_last": 0.00026214716490358114,
      "cost_critic_loss_last": 0.21193599700927734,
      "critic_epochs": 8,
      "daily_voltage_cost": 0.009628253988921642,
      "daily_voltage_cost_raw": 0.009628253988921642,
      "daily_voltage_cost_normalized": 0.48141270875930786,
      "daily_economic_return_raw_yuan": -512535.1875,
      "daily_economic_return_normalized": -0.16262157261371613,
      "daily_economic_cost_raw_yuan": 512535.1875,
      "economic_reward_scale_yuan": 3151704.8194007874,
      "lagrange_multiplier": 0.0,
      "cost_budget": 1.0,
      "cost_budget_raw": 0.02,
      "cost_budget_normalized": 1.0,
      "algorithm_cost_mode": "separate_cost",
      "fixed_cost_penalty_coef": 0.0,
      "log_std_max": -2.3,
      "accepted": true,
      "mode": "reward",
      "reward_before": 8.021413577807834e-08,
      "reward_after": 0.13382455706596375,
      "cost_before": 0.4814189374446869,
      "cost_after": 0.2299799919128418,
      "kl_before": -2.384185791015625e-07,
      "kl_after": 0.019960276782512665,
      "cost_gap": -0.5185810625553131,
      "cost_recoverable": true,
      "cost_quadratic": 382.3319396972656,
      "reward_quadratic": 0.49812811613082886,
      "reward_cost_cross": -1.1871823072433472,
      "max_linear_cost_drop": 3.910662039590052,
      "rollout_wall_seconds": 2.266907434910536,
      "update_wall_seconds": 1.7594004087150097,
      "total_wall_seconds": 4.026309929788113
    },
    {
      "update": 909,
      "algorithm": "macpo",
      "actor_loss": -0.007526497356593609,
      "reward_critic_loss": 0.00019743034499697387,
      "cost_critic_loss": 0.8037340044975281,
      "reward_critic_loss_last": 0.00017762742936611176,
      "cost_critic_loss_last": 0.7787748575210571,
      "critic_epochs": 8,
      "daily_voltage_cost": 0.022036107257008553,
      "daily_voltage_cost_raw": 0.022036107257008553,
      "daily_voltage_cost_normalized": 1.1018054485321045,
      "daily_economic_return_raw_yuan": -514611.40625,
      "daily_economic_return_normalized": -0.16328033804893494,
      "daily_economic_cost_raw_yuan": 514611.40625,
      "economic_reward_scale_yuan": 3151704.8194007874,
      "lagrange_multiplier": 0.0,
      "cost_budget": 1.0,
      "cost_budget_raw": 0.02,
      "cost_budget_normalized": 1.0,
      "algorithm_cost_mode": "separate_cost",
      "fixed_cost_penalty_coef": 0.0,
      "log_std_max": -2.3,
      "accepted": true,
      "mode": "cost_recovery",
      "reward_before": 2.219929911007057e-07,
      "reward_after": 0.007526497356593609,
      "cost_before": 1.1018009185791016,
      "cost_after": -2.6644816398620605,
      "kl_before": -2.384185791015625e-07,
      "kl_after": 0.005019563715904951,
      "cost_gap": 0.10180091857910156,
      "cost_recoverable": true,
      "cost_quadratic": 1476.987060546875,
      "reward_quadratic": 0.40952861309051514,
      "reward_cost_cross": -2.486938714981079,
      "max_linear_cost_drop": 7.686317871508763,
      "rollout_wall_seconds": 1.717705499380827,
      "update_wall_seconds": 1.7184797450900078,
      "total_wall_seconds": 3.436187295243144
    },
    {
      "update": 910,
      "algorithm": "macpo",
      "actor_loss": -0.07114815711975098,
      "reward_critic_loss": 0.00025775341782718897,
      "cost_critic_loss": 0.31577056646347046,
      "reward_critic_loss_last": 0.0002451545442454517,
      "cost_critic_loss_last": 0.31439441442489624,
      "critic_epochs": 8,
      "daily_voltage_cost": 0.01661612279713154,
      "daily_voltage_cost_raw": 0.01661612279713154,
      "daily_voltage_cost_normalized": 0.8308061957359314,
      "daily_economic_return_raw_yuan": -527712.875,
      "daily_economic_return_normalized": -0.16743728518486023,
      "daily_economic_cost_raw_yuan": 527712.875,
      "economic_reward_scale_yuan": 3151704.8194007874,
      "lagrange_multiplier": 0.0,
      "cost_budget": 1.0,
      "cost_budget_raw": 0.02,
      "cost_budget_normalized": 1.0,
      "algorithm_cost_mode": "separate_cost",
      "fixed_cost_penalty_coef": 0.0,
      "log_std_max": -2.3,
      "accepted": true,
      "mode": "reward",
      "reward_before": -8.144454000102996e-08,
      "reward_after": 0.07114815711975098,
      "cost_before": 0.8308031558990479,
      "cost_after": 0.1580560803413391,
      "kl_before": -2.384185791015625e-07,
      "kl_after": 0.004994095303118229,
      "cost_gap": -0.16919684410095215,
      "cost_recoverable": true,
      "cost_quadratic": 684.7089233398438,
      "reward_quadratic": 0.5129958391189575,
      "reward_cost_cross": -4.468871593475342,
      "max_linear_cost_drop": 5.233388666399024,
      "rollout_wall_seconds": 1.9699147883802652,
      "update_wall_seconds": 1.7618385255336761,
      "total_wall_seconds": 3.7317551095038652
    },
    {
      "update": 911,
      "algorithm": "macpo",
      "actor_loss": -0.13998661935329437,
      "reward_critic_loss": 0.00021064013708382845,
      "cost_critic_loss": 0.22778920829296112,
      "reward_critic_loss_last": 0.0001950005243998021,
      "cost_critic_loss_last": 0.19574348628520966,
      "critic_epochs": 8,
      "daily_voltage_cost": 0.004264330491423607,
      "daily_voltage_cost_raw": 0.004264330491423607,
      "daily_voltage_cost_normalized": 0.21321651339530945,
      "daily_economic_return_raw_yuan": -379535.1875,
      "daily_economic_return_normalized": -0.12042219191789627,
      "daily_economic_cost_raw_yuan": 379535.1875,
      "economic_reward_scale_yuan": 3151704.8194007874,
      "lagrange_multiplier": 0.0,
      "cost_budget": 1.0,
      "cost_budget_raw": 0.02,
      "cost_budget_normalized": 1.0,
      "algorithm_cost_mode": "separate_cost",
      "fixed_cost_penalty_coef": 0.0,
      "log_std_max": -2.3,
      "accepted": true,
      "mode": "reward",
      "reward_before": 1.6079383158285054e-08,
      "reward_after": 0.13998661935329437,
      "cost_before": 0.2132149189710617,
      "cost_after": -1.1097385883331299,
      "kl_before": -2.384185791015625e-07,
      "kl_after": 0.019981492310762405,
      "cost_gap": -0.7867850810289383,
      "cost_recoverable": true,
      "cost_quadratic": 394.72674560546875,
      "reward_quadratic": 0.43690264225006104,
      "reward_cost_cross": -4.097304821014404,
      "max_linear_cost_drop": 3.9735462529356256,
      "rollout_wall_seconds": 2.271453581750393,
      "update_wall_seconds": 1.7590447198599577,
      "total_wall_seconds": 4.030500080436468
    },
    {
      "update": 912,
      "algorithm": "macpo",
      "actor_loss": -0.07548239827156067,
      "reward_critic_loss": 0.0003142012865282595,
      "cost_critic_loss": 0.9323824644088745,
      "reward_critic_loss_last": 0.0003011272056028247,
      "cost_critic_loss_last": 0.8865582942962646,
      "critic_epochs": 8,
      "daily_voltage_cost": 0.01573961228132248,
      "daily_voltage_cost_raw": 0.01573961228132248,
      "daily_voltage_cost_normalized": 0.7869806885719299,
      "daily_economic_return_raw_yuan": -453988.71875,
      "daily_economic_return_normalized": -0.14404544234275818,
      "daily_economic_cost_raw_yuan": 453988.71875,
      "economic_reward_scale_yuan": 3151704.8194007874,
      "lagrange_multiplier": 0.0,
      "cost_budget": 1.0,
      "cost_budget_raw": 0.02,
      "cost_budget_normalized": 1.0,
      "algorithm_cost_mode": "separate_cost",
      "fixed_cost_penalty_coef": 0.0,
      "log_std_max": -2.3,
      "accepted": true,
      "mode": "constrained_reward",
      "reward_before": -1.1395446364304007e-07,
      "reward_after": 0.07548239827156067,
      "cost_before": 0.7869786024093628,
      "cost_after": 0.9920095205307007,
      "kl_before": -2.384185791015625e-07,
      "kl_after": 0.005086619406938553,
      "cost_gap": -0.2130213975906372,
      "cost_recoverable": true,
      "cost_quadratic": 2317.13623046875,
      "reward_quadratic": 0.5981655716896057,
      "reward_cost_cross": 8.011672019958496,
      "max_linear_cost_drop": 9.627328249247036,
      "rollout_wall_seconds": 2.253324443474412,
      "update_wall_seconds": 1.7181862890720367,
      "total_wall_seconds": 3.971512593328953
    },
    {
      "update": 913,
      "algorithm": "macpo",
      "actor_loss": -0.13302350044250488,
      "reward_critic_loss": 0.00021096813725307584,
      "cost_critic_loss": 0.08811235427856445,
      "reward_critic_loss_last": 0.00019824998162221164,
      "cost_critic_loss_last": 0.09029984474182129,
      "critic_epochs": 8,
      "daily_voltage_cost": 0.0051263668574392796,
      "daily_voltage_cost_raw": 0.0051263668574392796,
      "daily_voltage_cost_normalized": 0.2563183605670929,
      "daily_economic_return_raw_yuan": -528880.4375,
      "daily_economic_return_normalized": -0.16780774295330048,
      "daily_economic_cost_raw_yuan": 528880.4375,
      "economic_reward_scale_yuan": 3151704.8194007874,
      "lagrange_multiplier": 0.0,
      "cost_budget": 1.0,
      "cost_budget_raw": 0.02,
      "cost_budget_normalized": 1.0,
      "algorithm_cost_mode": "separate_cost",
      "fixed_cost_penalty_coef": 0.0,
      "log_std_max": -2.3,
      "accepted": true,
      "mode": "reward",
      "reward_before": -8.986510380282198e-08,
      "reward_after": 0.13302350044250488,
      "cost_before": 0.25631582736968994,
      "cost_after": -0.15618327260017395,
      "kl_before": -2.384185791015625e-07,
      "kl_after": 0.019920218735933304,
      "cost_gap": -0.7436841726303101,
      "cost_recoverable": true,
      "cost_quadratic": 181.29244995117188,
      "reward_quadratic": 0.3780383765697479,
      "reward_cost_cross": -1.1785650253295898,
      "max_linear_cost_drop": 2.6928976954290103,
      "rollout_wall_seconds": 2.31150565110147,
      "update_wall_seconds": 1.7293931618332863,
      "total_wall_seconds": 4.040900897234678
    },
    {
      "update": 914,
      "algorithm": "macpo",
      "actor_loss": -0.12008793652057648,
      "reward_critic_loss": 0.00019238598179072142,
      "cost_critic_loss": 0.42273008823394775,
      "reward_critic_loss_last": 0.0001897282782010734,
      "cost_critic_loss_last": 0.41573387384414673,
      "critic_epochs": 8,
      "daily_voltage_cost": 0.01364993304014206,
      "daily_voltage_cost_raw": 0.01364993304014206,
      "daily_voltage_cost_normalized": 0.6824967861175537,
      "daily_economic_return_raw_yuan": -597821.75,
      "daily_economic_return_normalized": -0.1896820366382599,
      "daily_economic_cost_raw_yuan": 597821.75,
      "economic_reward_scale_yuan": 3151704.8194007874,
      "lagrange_multiplier": 0.0,
      "cost_budget": 1.0,
      "cost_budget_raw": 0.02,
      "cost_budget_normalized": 1.0,
      "algorithm_cost_mode": "separate_cost",
      "fixed_cost_penalty_coef": 0.0,
      "log_std_max": -2.3,
      "accepted": true,
      "mode": "reward",
      "reward_before": 8.617688962431203e-08,
      "reward_after": 0.12008793652057648,
      "cost_before": 0.6824950575828552,
      "cost_after": 0.550512433052063,
      "kl_before": -2.384185791015625e-07,
      "kl_after": 0.01991303451359272,
      "cost_gap": -0.3175049424171448,
      "cost_recoverable": true,
      "cost_quadratic": 725.3382568359375,
      "reward_quadratic": 0.38926833868026733,
      "reward_cost_cross": 0.2066308856010437,
      "max_linear_cost_drop": 5.38642091498961,
      "rollout_wall_seconds": 2.1122010871767998,
      "update_wall_seconds": 1.6882379464805126,
      "total_wall_seconds": 3.8004416078329086
    },
    {
      "update": 915,
      "algorithm": "macpo",
      "actor_loss": -0.14577427506446838,
      "reward_critic_loss": 0.00026099252863787115,
      "cost_critic_loss": 0.04603835195302963,
      "reward_critic_loss_last": 0.0002501579583622515,
      "cost_critic_loss_last": 0.03941543027758598,
      "critic_epochs": 8,
      "daily_voltage_cost": 0.0026931483298540115,
      "daily_voltage_cost_raw": 0.0026931483298540115,
      "daily_voltage_cost_normalized": 0.13465741276741028,
      "daily_economic_return_raw_yuan": -383376.3125,
      "daily_economic_return_normalized": -0.12164093554019928,
      "daily_economic_cost_raw_yuan": 383376.3125,
      "economic_reward_scale_yuan": 3151704.8194007874,
      "lagrange_multiplier": 0.0,
      "cost_budget": 1.0,
      "cost_budget_raw": 0.02,
      "cost_budget_normalized": 1.0,
      "algorithm_cost_mode": "separate_cost",
      "fixed_cost_penalty_coef": 0.0,
      "log_std_max": -2.3,
      "accepted": true,
      "mode": "reward",
      "reward_before": -4.758371474622436e-09,
      "reward_after": 0.14577427506446838,
      "cost_before": 0.134658545255661,
      "cost_after": 0.5343727469444275,
      "kl_before": -2.384185791015625e-07,
      "kl_after": 0.0199574064463377,
      "cost_gap": -0.865341454744339,
      "cost_recoverable": true,
      "cost_quadratic": 102.77787017822266,
      "reward_quadratic": 0.548492431640625,
      "reward_cost_cross": 1.7466399669647217,
      "max_linear_cost_drop": 2.0275884215315756,
      "rollout_wall_seconds": 2.0553634203970432,
      "update_wall_seconds": 1.5940784141421318,
      "total_wall_seconds": 3.649444093927741
    },
    {
      "update": 916,
      "algorithm": "macpo",
      "actor_loss": -0.06678517907857895,
      "reward_critic_loss": 0.00024199619656428695,
      "cost_critic_loss": 0.2942052483558655,
      "reward_critic_loss_last": 0.00022757174156140536,
      "cost_critic_loss_last": 0.29306742548942566,
      "critic_epochs": 8,
      "daily_voltage_cost": 0.014850251376628876,
      "daily_voltage_cost_raw": 0.014850251376628876,
      "daily_voltage_cost_normalized": 0.742512583732605,
      "daily_economic_return_raw_yuan": -448836.09375,
      "daily_economic_return_normalized": -0.14241057634353638,
      "daily_economic_cost_raw_yuan": 448836.09375,
      "economic_reward_scale_yuan": 3151704.8194007874,
      "lagrange_multiplier": 0.0,
      "cost_budget": 1.0,
      "cost_budget_raw": 0.02,
      "cost_budget_normalized": 1.0,
      "algorithm_cost_mode": "separate_cost",
      "fixed_cost_penalty_coef": 0.0,
      "log_std_max": -2.3,
      "accepted": true,
      "mode": "constrained_reward",
      "reward_before": -1.8231882847885572e-07,
      "reward_after": 0.06678517907857895,
      "cost_before": 0.7425195574760437,
      "cost_after": 0.9234491586685181,
      "kl_before": -2.384185791015625e-07,
      "kl_after": 0.00501647312194109,
      "cost_gap": -0.2574804425239563,
      "cost_recoverable": true,
      "cost_quadratic": 620.876220703125,
      "reward_quadratic": 0.44724729657173157,
      "reward_cost_cross": 1.813645362854004,
      "max_linear_cost_drop": 4.983477583788754,
      "rollout_wall_seconds": 2.1970770340412855,
      "update_wall_seconds": 1.5278785768896341,
      "total_wall_seconds": 3.7249573953449726
    },
    {
      "update": 917,
      "algorithm": "macpo",
      "actor_loss": -0.07556672394275665,
      "reward_critic_loss": 0.0002867328003048897,
      "cost_critic_loss": 0.24830745160579681,
      "reward_critic_loss_last": 0.0002543515875004232,
      "cost_critic_loss_last": 0.24009935557842255,
      "critic_epochs": 8,
      "daily_voltage_cost": 0.014627369120717049,
      "daily_voltage_cost_raw": 0.014627369120717049,
      "daily_voltage_cost_normalized": 0.7313684821128845,
      "daily_economic_return_raw_yuan": -479224.40625,
      "daily_economic_return_normalized": -0.15205244719982147,
      "daily_economic_cost_raw_yuan": 479224.40625,
      "economic_reward_scale_yuan": 3151704.8194007874,
      "lagrange_multiplier": 0.0,
      "cost_budget": 1.0,
      "cost_budget_raw": 0.02,
      "cost_budget_normalized": 1.0,
      "algorithm_cost_mode": "separate_cost",
      "fixed_cost_penalty_coef": 0.0,
      "log_std_max": -2.3,
      "accepted": true,
      "mode": "reward",
      "reward_before": 1.4350405308505287e-08,
      "reward_after": 0.07556672394275665,
      "cost_before": 0.7313619256019592,
      "cost_after": 0.892528772354126,
      "kl_before": -2.384185791015625e-07,
      "kl_after": 0.0050046490505337715,
      "cost_gap": -0.26863807439804077,
      "cost_recoverable": true,
      "cost_quadratic": 617.6162109375,
      "reward_quadratic": 0.5914158821105957,
      "reward_cost_cross": 1.153106451034546,
      "max_linear_cost_drop": 4.970377092082652,
      "rollout_wall_seconds": 1.8049604054540396,
      "update_wall_seconds": 1.5736023001372814,
      "total_wall_seconds": 3.3785644564777613
    },
    {
      "update": 918,
      "algorithm": "macpo",
      "actor_loss": -0.1426750123500824,
      "reward_critic_loss": 0.0002636929275467992,
      "cost_critic_loss": 0.3702944219112396,
      "reward_critic_loss_last": 0.00023787298414390534,
      "cost_critic_loss_last": 0.34674161672592163,
      "critic_epochs": 8,
      "daily_voltage_cost": 0.0146784083917737,
      "daily_voltage_cost_raw": 0.0146784083917737,
      "daily_voltage_cost_normalized": 0.7339204549789429,
      "daily_economic_return_raw_yuan": -531700.4375,
      "daily_economic_return_normalized": -0.16870248317718506,
      "daily_economic_cost_raw_yuan": 531700.4375,
      "economic_reward_scale_yuan": 3151704.8194007874,
      "lagrange_multiplier": 0.0,
      "cost_budget": 1.0,
      "cost_budget_raw": 0.02,
      "cost_budget_normalized": 1.0,
      "algorithm_cost_mode": "separate_cost",
      "fixed_cost_penalty_coef": 0.0,
      "log_std_max": -2.3,
      "accepted": true,
      "mode": "reward",
      "reward_before": -7.114885391956705e-08,
      "reward_after": 0.1426750123500824,
      "cost_before": 0.7339194416999817,
      "cost_after": 0.7596207857131958,
      "kl_before": -2.384185791015625e-07,
      "kl_after": 0.019970934838056564,
      "cost_gap": -0.2660805583000183,
      "cost_recoverable": true,
      "cost_quadratic": 684.5126342773438,
      "reward_quadratic": 0.5227901935577393,
      "reward_cost_cross": -0.032798632979393005,
      "max_linear_cost_drop": 5.23263847127754,
      "rollout_wall_seconds": 2.0048520416021347,
      "update_wall_seconds": 1.4894350059330463,
      "total_wall_seconds": 3.49428896792233
    },
    {
      "update": 919,
      "algorithm": "macpo",
      "actor_loss": -0.159021258354187,
      "reward_critic_loss": 0.0003171349526382983,
      "cost_critic_loss": 0.8124894499778748,
      "reward_critic_loss_last": 0.0002985528262797743,
      "cost_critic_loss_last": 0.8126920461654663,
      "critic_epochs": 8,
      "daily_voltage_cost": 0.016281545162200928,
      "daily_voltage_cost_raw": 0.016281545162200928,
      "daily_voltage_cost_normalized": 0.8140773177146912,
      "daily_economic_return_raw_yuan": -446919.78125,
      "daily_economic_return_normalized": -0.14180254936218262,
      "daily_economic_cost_raw_yuan": 446919.78125,
      "economic_reward_scale_yuan": 3151704.8194007874,
      "lagrange_multiplier": 0.0,
      "cost_budget": 1.0,
      "cost_budget_raw": 0.02,
      "cost_budget_normalized": 1.0,
      "algorithm_cost_mode": "separate_cost",
      "fixed_cost_penalty_coef": 0.0,
      "log_std_max": -2.3,
      "accepted": true,
      "mode": "reward",
      "reward_before": 2.37307475003945e-07,
      "reward_after": 0.159021258354187,
      "cost_before": 0.8140800595283508,
      "cost_after": 0.18283939361572266,
      "kl_before": -2.384185791015625e-07,
      "kl_after": 0.01998060569167137,
      "cost_gap": -0.18591994047164917,
      "cost_recoverable": true,
      "cost_quadratic": 2097.96875,
      "reward_quadratic": 0.6051279902458191,
      "reward_cost_cross": -0.5002902746200562,
      "max_linear_cost_drop": 9.160717766638157,
      "rollout_wall_seconds": 1.906216075643897,
      "update_wall_seconds": 1.4947762731462717,
      "total_wall_seconds": 3.400994235649705
    },
    {
      "update": 920,
      "algorithm": "macpo",
      "actor_loss": -0.06902125477790833,
      "reward_critic_loss": 0.00028914824360981584,
      "cost_critic_loss": 0.05805490165948868,
      "reward_critic_loss_last": 0.0002791841689031571,
      "cost_critic_loss_last": 0.04683118313550949,
      "critic_epochs": 8,
      "daily_voltage_cost": 0.0009760237298905849,
      "daily_voltage_cost_raw": 0.0009760237298905849,
      "daily_voltage_cost_normalized": 0.04880118370056152,
      "daily_economic_return_raw_yuan": -531326.4375,
      "daily_economic_return_normalized": -0.16858382523059845,
      "daily_economic_cost_raw_yuan": 531326.4375,
      "economic_reward_scale_yuan": 3151704.8194007874,
      "lagrange_multiplier": 0.0,
      "cost_budget": 1.0,
      "cost_budget_raw": 0.02,
      "cost_budget_normalized": 1.0,
      "algorithm_cost_mode": "separate_cost",
      "fixed_cost_penalty_coef": 0.0,
      "log_std_max": -2.3,
      "accepted": true,
      "mode": "reward",
      "reward_before": 8.557222486160754e-09,
      "reward_after": 0.06902125477790833,
      "cost_before": 0.04880383610725403,
      "cost_after": 0.04292618855834007,
      "kl_before": -2.384185791015625e-07,
      "kl_after": 0.005030702333897352,
      "cost_gap": -0.951196163892746,
      "cost_recoverable": true,
      "cost_quadratic": 100.70344543457031,
      "reward_quadratic": 0.4679086208343506,
      "reward_cost_cross": 0.22898028790950775,
      "max_linear_cost_drop": 2.007022126779576,
      "rollout_wall_seconds": 1.90721345692873,
      "update_wall_seconds": 1.32469523511827,
      "total_wall_seconds": 3.2319105565547943
    },
    {
      "update": 921,
      "algorithm": "macpo",
      "actor_loss": -0.14997440576553345,
      "reward_critic_loss": 0.0002995170943904668,
      "cost_critic_loss": 1.26328444480896,
      "reward_critic_loss_last": 0.000222754169953987,
      "cost_critic_loss_last": 1.2370879650115967,
      "critic_epochs": 8,
      "daily_voltage_cost": 0.017778100445866585,
      "daily_voltage_cost_raw": 0.017778100445866585,
      "daily_voltage_cost_normalized": 0.8889050483703613,
      "daily_economic_return_raw_yuan": -523573.8125,
      "daily_economic_return_normalized": -0.16612400114536285,
      "daily_economic_cost_raw_yuan": 523573.8125,
      "economic_reward_scale_yuan": 3151704.8194007874,
      "lagrange_multiplier": 0.0,
      "cost_budget": 1.0,
      "cost_budget_raw": 0.02,
      "cost_budget_normalized": 1.0,
      "algorithm_cost_mode": "separate_cost",
      "fixed_cost_penalty_coef": 0.0,
      "log_std_max": -2.3,
      "accepted": true,
      "mode": "reward",
      "reward_before": 4.7965478700007225e-08,
      "reward_after": 0.14997440576553345,
      "cost_before": 0.8889104723930359,
      "cost_after": -0.8309048414230347,
      "kl_before": -2.384185791015625e-07,
      "kl_after": 0.019922219216823578,
      "cost_gap": -0.11108952760696411,
      "cost_recoverable": true,
      "cost_quadratic": 2245.14013671875,
      "reward_quadratic": 0.6451104879379272,
      "reward_cost_cross": -8.193399429321289,
      "max_linear_cost_drop": 9.476581950722,
      "rollout_wall_seconds": 1.8364698104560375,
      "update_wall_seconds": 1.4243489261716604,
      "total_wall_seconds": 3.260820945724845
    },
    {
      "update": 922,
      "algorithm": "macpo",
      "actor_loss": -0.12939825654029846,
      "reward_critic_loss": 0.00024228284019045532,
      "cost_critic_loss": 0.058363210409879684,
      "reward_critic_loss_last": 0.00022350635845214128,
      "cost_critic_loss_last": 0.05713562294840813,
      "critic_epochs": 8,
      "daily_voltage_cost": 0.0004832619451917708,
      "daily_voltage_cost_raw": 0.0004832619451917708,
      "daily_voltage_cost_normalized": 0.02416309528052807,
      "daily_economic_return_raw_yuan": -441213.40625,
      "daily_economic_return_normalized": -0.13999198377132416,
      "daily_economic_cost_raw_yuan": 441213.40625,
      "economic_reward_scale_yuan": 3151704.8194007874,
      "lagrange_multiplier": 0.0,
      "cost_budget": 1.0,
      "cost_budget_raw": 0.02,
      "cost_budget_normalized": 1.0,
      "algorithm_cost_mode": "separate_cost",
      "fixed_cost_penalty_coef": 0.0,
      "log_std_max": -2.3,
      "accepted": true,
      "mode": "reward",
      "reward_before": -3.5773368267655314e-08,
      "reward_after": 0.12939825654029846,
      "cost_before": 0.024163946509361267,
      "cost_after": -0.30567875504493713,
      "kl_before": -2.384185791015625e-07,
      "kl_after": 0.019979175180196762,
      "cost_gap": -0.9758360534906387,
      "cost_recoverable": true,
      "cost_quadratic": 122.20945739746094,
      "reward_quadratic": 0.41698333621025085,
      "reward_cost_cross": -0.7026968598365784,
      "max_linear_cost_drop": 2.2109677283710942,
      "rollout_wall_seconds": 1.583068571984768,
      "update_wall_seconds": 1.5042476803064346,
      "total_wall_seconds": 3.0873183347284794
    },
    {
      "update": 923,
      "algorithm": "macpo",
      "actor_loss": -0.16037815809249878,
      "reward_critic_loss": 0.0003513915871735662,
      "cost_critic_loss": 0.6389331221580505,
      "reward_critic_loss_last": 0.00033642465132288635,
      "cost_critic_loss_last": 0.6326727867126465,
      "critic_epochs": 8,
      "daily_voltage_cost": 0.016901802271604538,
      "daily_voltage_cost_raw": 0.016901802271604538,
      "daily_voltage_cost_normalized": 0.8450900912284851,
      "daily_economic_return_raw_yuan": -476222.34375,
      "daily_economic_return_normalized": -0.15109992027282715,
      "daily_economic_cost_raw_yuan": 476222.34375,
      "economic_reward_scale_yuan": 3151704.8194007874,
      "lagrange_multiplier": 0.0,
      "cost_budget": 1.0,
      "cost_budget_raw": 0.02,
      "cost_budget_normalized": 1.0,
      "algorithm_cost_mode": "separate_cost",
      "fixed_cost_penalty_coef": 0.0,
      "log_std_max": -2.3,
      "accepted": true,
      "mode": "reward",
      "reward_before": 2.0481309093156597e-07,
      "reward_after": 0.16037815809249878,
      "cost_before": 0.8450848460197449,
      "cost_after": 0.11045026779174805,
      "kl_before": -2.384185791015625e-07,
      "kl_after": 0.01998376101255417,
      "cost_gap": -0.15491515398025513,
      "cost_recoverable": true,
      "cost_quadratic": 1672.240234375,
      "reward_quadratic": 0.7024569511413574,
      "reward_cost_cross": -3.053659439086914,
      "max_linear_cost_drop": 8.178606811370749,
      "rollout_wall_seconds": 1.5456173960119486,
      "update_wall_seconds": 1.7374472320079803,
      "total_wall_seconds": 3.2830665316432714
    },
    {
      "update": 924,
      "algorithm": "macpo",
      "actor_loss": -0.14101316034793854,
      "reward_critic_loss": 0.0002226162323495373,
      "cost_critic_loss": 0.6597911715507507,
      "reward_critic_loss_last": 0.0002021445397986099,
      "cost_critic_loss_last": 0.6255466341972351,
      "critic_epochs": 8,
      "daily_voltage_cost": 0.01592716947197914,
      "daily_voltage_cost_raw": 0.01592716947197914,
      "daily_voltage_cost_normalized": 0.7963584661483765,
      "daily_economic_return_raw_yuan": -372563.0,
      "daily_economic_return_normalized": -0.11820999532938004,
      "daily_economic_cost_raw_yuan": 372563.0,
      "economic_reward_scale_yuan": 3151704.8194007874,
      "lagrange_multiplier": 0.0,
      "cost_budget": 1.0,
      "cost_budget_raw": 0.02,
      "cost_budget_normalized": 1.0,
      "algorithm_cost_mode": "separate_cost",
      "fixed_cost_penalty_coef": 0.0,
      "log_std_max": -2.3,
      "accepted": true,
      "mode": "reward",
      "reward_before": -6.46346904886741e-08,
      "reward_after": 0.14101316034793854,
      "cost_before": 0.7963711619377136,
      "cost_after": -0.05904710292816162,
      "kl_before": -2.384185791015625e-07,
      "kl_after": 0.019916273653507233,
      "cost_gap": -0.20362883806228638,
      "cost_recoverable": true,
      "cost_quadratic": 1580.28076171875,
      "reward_quadratic": 0.4473526179790497,
      "reward_cost_cross": -3.5245580673217773,
      "max_linear_cost_drop": 7.950549067124232,
      "rollout_wall_seconds": 1.780490467324853,
      "update_wall_seconds": 1.4757100641727448,
      "total_wall_seconds": 3.256202669814229
    },
    {
      "update": 925,
      "algorithm": "macpo",
      "actor_loss": -0.14889024198055267,
      "reward_critic_loss": 0.00029183138394728303,
      "cost_critic_loss": 0.11911728233098984,
      "reward_critic_loss_last": 0.0002675525611266494,
      "cost_critic_loss_last": 0.11794047802686691,
      "critic_epochs": 8,
      "daily_voltage_cost": 0.005085662007331848,
      "daily_voltage_cost_raw": 0.005085662007331848,
      "daily_voltage_cost_normalized": 0.2542831003665924,
      "daily_economic_return_raw_yuan": -493706.6875,
      "daily_economic_return_normalized": -0.15664750337600708,
      "daily_economic_cost_raw_yuan": 493706.6875,
      "economic_reward_scale_yuan": 3151704.8194007874,
      "lagrange_multiplier": 0.0,
      "cost_budget": 1.0,
      "cost_budget_raw": 0.02,
      "cost_budget_normalized": 1.0,
      "algorithm_cost_mode": "separate_cost",
      "fixed_cost_penalty_coef": 0.0,
      "log_std_max": -2.3,
      "accepted": true,
      "mode": "reward",
      "reward_before": 1.2957454487150244e-07,
      "reward_after": 0.14889024198055267,
      "cost_before": 0.2542816698551178,
      "cost_after": 0.10532617568969727,
      "kl_before": -2.384185791015625e-07,
      "kl_after": 0.019979063421487808,
      "cost_gap": -0.7457183301448822,
      "cost_recoverable": true,
      "cost_quadratic": 197.99826049804688,
      "reward_quadratic": 0.5683740377426147,
      "reward_cost_cross": -0.5074902772903442,
      "max_linear_cost_drop": 2.8142370937648225,
      "rollout_wall_seconds": 1.504988295957446,
      "update_wall_seconds": 1.5457493420690298,
      "total_wall_seconds": 3.0507397446781397
    },
    {
      "update": 926,
      "algorithm": "macpo",
      "actor_loss": -0.06442049145698547,
      "reward_critic_loss": 0.00022669936879538,
      "cost_critic_loss": 0.16017071902751923,
      "reward_critic_loss_last": 0.00020127868629060686,
      "cost_critic_loss_last": 0.15496891736984253,
      "critic_epochs": 8,
      "daily_voltage_cost": 0.005738593637943268,
      "daily_voltage_cost_raw": 0.005738593637943268,
      "daily_voltage_cost_normalized": 0.286929726600647,
      "daily_economic_return_raw_yuan": -472137.8125,
      "daily_economic_return_normalized": -0.14980395138263702,
      "daily_economic_cost_raw_yuan": 472137.8125,
      "economic_reward_scale_yuan": 3151704.8194007874,
      "lagrange_multiplier": 0.0,
      "cost_budget": 1.0,
      "cost_budget_raw": 0.02,
      "cost_budget_normalized": 1.0,
      "algorithm_cost_mode": "separate_cost",
      "fixed_cost_penalty_coef": 0.0,
      "log_std_max": -2.3,
      "accepted": true,
      "mode": "reward",
      "reward_before": -1.8545729574270808e-07,
      "reward_after": 0.06442049145698547,
      "cost_before": 0.28692710399627686,
      "cost_after": 0.5036875605583191,
      "kl_before": -2.384185791015625e-07,
      "kl_after": 0.005018183961510658,
      "cost_gap": -0.7130728960037231,
      "cost_recoverable": true,
      "cost_quadratic": 341.19952392578125,
      "reward_quadratic": 0.4000462293624878,
      "reward_cost_cross": 1.3292083740234375,
      "max_linear_cost_drop": 3.6943173871543915,
      "rollout_wall_seconds": 1.2823054883629084,
      "update_wall_seconds": 1.626359075307846,
      "total_wall_seconds": 2.9086666963994503
    },
    {
      "update": 927,
      "algorithm": "macpo",
      "actor_loss": 0.018648479133844376,
      "reward_critic_loss": 0.0003578795585781336,
      "cost_critic_loss": 0.9019182920455933,
      "reward_critic_loss_last": 0.0003394893719814718,
      "cost_critic_loss_last": 0.8693541288375854,
      "critic_epochs": 8,
      "daily_voltage_cost": 0.022062154486775398,
      "daily_voltage_cost_raw": 0.022062154486775398,
      "daily_voltage_cost_normalized": 1.1031076908111572,
      "daily_economic_return_raw_yuan": -555393.75,
      "daily_economic_return_normalized": -0.17622010409832,
      "daily_economic_cost_raw_yuan": 555393.75,
      "economic_reward_scale_yuan": 3151704.8194007874,
      "lagrange_multiplier": 0.0,
      "cost_budget": 1.0,
      "cost_budget_raw": 0.02,
      "cost_budget_normalized": 1.0,
      "algorithm_cost_mode": "separate_cost",
      "fixed_cost_penalty_coef": 0.0,
      "log_std_max": -2.3,
      "accepted": true,
      "mode": "cost_recovery",
      "reward_before": -8.317041277905446e-08,
      "reward_after": -0.018648479133844376,
      "cost_before": 1.1031146049499512,
      "cost_after": -2.9005935192108154,
      "kl_before": -2.384185791015625e-07,
      "kl_after": 0.0050185248255729675,
      "cost_gap": 0.10311460494995117,
      "cost_recoverable": true,
      "cost_quadratic": 1886.4957275390625,
      "reward_quadratic": 0.7123152017593384,
      "reward_cost_cross": 9.11391830444336,
      "max_linear_cost_drop": 8.686761715481927,
      "rollout_wall_seconds": 1.5921778846532106,
      "update_wall_seconds": 1.69239361025393,
      "total_wall_seconds": 3.2845734246075153
    },
    {
      "update": 928,
      "algorithm": "macpo",
      "actor_loss": -0.1436086893081665,
      "reward_critic_loss": 0.00025862481561489403,
      "cost_critic_loss": 0.6046290397644043,
      "reward_critic_loss_last": 0.00024548108922317624,
      "cost_critic_loss_last": 0.5569726228713989,
      "critic_epochs": 8,
      "daily_voltage_cost": 0.018152624368667603,
      "daily_voltage_cost_raw": 0.018152624368667603,
      "daily_voltage_cost_normalized": 0.9076312780380249,
      "daily_economic_return_raw_yuan": -531228.125,
      "daily_economic_return_normalized": -0.16855263710021973,
      "daily_economic_cost_raw_yuan": 531228.125,
      "economic_reward_scale_yuan": 3151704.8194007874,
      "lagrange_multiplier": 0.0,
      "cost_budget": 1.0,
      "cost_budget_raw": 0.02,
      "cost_budget_normalized": 1.0,
      "algorithm_cost_mode": "separate_cost",
      "fixed_cost_penalty_coef": 0.0,
      "log_std_max": -2.3,
      "accepted": true,
      "mode": "constrained_reward",
      "reward_before": 7.824564818292856e-08,
      "reward_after": 0.1436086893081665,
      "cost_before": 0.9076305031776428,
      "cost_after": 0.820044219493866,
      "kl_before": -2.384185791015625e-07,
      "kl_after": 0.019866526126861572,
      "cost_gap": -0.09236949682235718,
      "cost_recoverable": true,
      "cost_quadratic": 1045.6649169921875,
      "reward_quadratic": 0.49909237027168274,
      "reward_cost_cross": 2.0469677448272705,
      "max_linear_cost_drop": 6.4673485045795625,
      "rollout_wall_seconds": 1.8442046698182821,
      "update_wall_seconds": 1.5717871114611626,
      "total_wall_seconds": 3.415995206683874
    },
    {
      "update": 929,
      "algorithm": "macpo",
      "actor_loss": 0.008657028898596764,
      "reward_critic_loss": 0.00036302345688454807,
      "cost_critic_loss": 1.382429599761963,
      "reward_critic_loss_last": 0.000322946987580508,
      "cost_critic_loss_last": 1.369821548461914,
      "critic_epochs": 8,
      "daily_voltage_cost": 0.03284227102994919,
      "daily_voltage_cost_raw": 0.03284227102994919,
      "daily_voltage_cost_normalized": 1.6421135663986206,
      "daily_economic_return_raw_yuan": -480500.65625,
      "daily_economic_return_normalized": -0.15245738625526428,
      "daily_economic_cost_raw_yuan": 480500.65625,
      "economic_reward_scale_yuan": 3151704.8194007874,
      "lagrange_multiplier": 0.0,
      "cost_budget": 1.0,
      "cost_budget_raw": 0.02,
      "cost_budget_normalized": 1.0,
      "algorithm_cost_mode": "separate_cost",
      "fixed_cost_penalty_coef": 0.0,
      "log_std_max": -2.3,
      "accepted": true,
      "mode": "cost_recovery",
      "reward_before": -3.376163419943623e-07,
      "reward_after": -0.008657028898596764,
      "cost_before": 1.6421210765838623,
      "cost_after": -6.089822769165039,
      "kl_before": -2.384185791015625e-07,
      "kl_after": 0.019948560744524002,
      "cost_gap": 0.6421210765838623,
      "cost_recoverable": true,
      "cost_quadratic": 2444.890380859375,
      "reward_quadratic": 0.6974629759788513,
      "reward_cost_cross": 2.976962089538574,
      "max_linear_cost_drop": 9.889166559138086,
      "rollout_wall_seconds": 1.6686029396951199,
      "update_wall_seconds": 1.4229959733784199,
      "total_wall_seconds": 3.0916008707135916
    },
    {
      "update": 930,
      "algorithm": "macpo",
      "actor_loss": -0.1437951922416687,
      "reward_critic_loss": 0.000337380392011255,
      "cost_critic_loss": 0.19463786482810974,
      "reward_critic_loss_last": 0.0002998779236804694,
      "cost_critic_loss_last": 0.1884945034980774,
      "critic_epochs": 8,
      "daily_voltage_cost": 0.005217578262090683,
      "daily_voltage_cost_raw": 0.005217578262090683,
      "daily_voltage_cost_normalized": 0.26087892055511475,
      "daily_economic_return_raw_yuan": -568545.4375,
      "daily_economic_return_normalized": -0.18039299547672272,
      "daily_economic_cost_raw_yuan": 568545.4375,
      "economic_reward_scale_yuan": 3151704.8194007874,
      "lagrange_multiplier": 0.0,
      "cost_budget": 1.0,
      "cost_budget_raw": 0.02,
      "cost_budget_normalized": 1.0,
      "algorithm_cost_mode": "separate_cost",
      "fixed_cost_penalty_coef": 0.0,
      "log_std_max": -2.3,
      "accepted": true,
      "mode": "reward",
      "reward_before": -6.239164918042661e-08,
      "reward_after": 0.1437951922416687,
      "cost_before": 0.260874480009079,
      "cost_after": -0.13666075468063354,
      "kl_before": -2.384185791015625e-07,
      "kl_after": 0.01994427852332592,
      "cost_gap": -0.739125519990921,
      "cost_recoverable": true,
      "cost_quadratic": 312.9865417480469,
      "reward_quadratic": 0.5645726919174194,
      "reward_cost_cross": -1.5852673053741455,
      "max_linear_cost_drop": 3.5382851312354515,
      "rollout_wall_seconds": 1.314047560095787,
      "update_wall_seconds": 1.4653803799301386,
      "total_wall_seconds": 2.7794301230460405
    },
    {
      "update": 931,
      "algorithm": "macpo",
      "actor_loss": -0.1496131867170334,
      "reward_critic_loss": 0.0002910846669692546,
      "cost_critic_loss": 0.21554148197174072,
      "reward_critic_loss_last": 0.0002941206330433488,
      "cost_critic_loss_last": 0.20266315340995789,
      "critic_epochs": 8,
      "daily_voltage_cost": 0.008657213300466537,
      "daily_voltage_cost_raw": 0.008657213300466537,
      "daily_voltage_cost_normalized": 0.4328606426715851,
      "daily_economic_return_raw_yuan": -504790.65625,
      "daily_economic_return_normalized": -0.16016432642936707,
      "daily_economic_cost_raw_yuan": 504790.65625,
      "economic_reward_scale_yuan": 3151704.8194007874,
      "lagrange_multiplier": 0.0,
      "cost_budget": 1.0,
      "cost_budget_raw": 0.02,
      "cost_budget_normalized": 1.0,
      "algorithm_cost_mode": "separate_cost",
      "fixed_cost_penalty_coef": 0.0,
      "log_std_max": -2.3,
      "accepted": true,
      "mode": "reward",
      "reward_before": 2.354366586132528e-07,
      "reward_after": 0.1496131867170334,
      "cost_before": 0.43286022543907166,
      "cost_after": 0.47027191519737244,
      "kl_before": -2.384185791015625e-07,
      "kl_after": 0.019888944923877716,
      "cost_gap": -0.5671397745609283,
      "cost_recoverable": true,
      "cost_quadratic": 476.3409729003906,
      "reward_quadratic": 0.6038727760314941,
      "reward_cost_cross": -0.014942377805709839,
      "max_linear_cost_drop": 4.365047412802709,
      "rollout_wall_seconds": 1.268107758834958,
      "update_wall_seconds": 1.6621101051568985,
      "total_wall_seconds": 2.9302201084792614
    },
    {
      "update": 932,
      "algorithm": "macpo",
      "actor_loss": -0.076694056391716,
      "reward_critic_loss": 0.000284582725726068,
      "cost_critic_loss": 0.16807888448238373,
      "reward_critic_loss_last": 0.00022965592506807297,
      "cost_critic_loss_last": 0.15818750858306885,
      "critic_epochs": 8,
      "daily_voltage_cost": 0.008488239720463753,
      "daily_voltage_cost_raw": 0.008488239720463753,
      "daily_voltage_cost_normalized": 0.4244120121002197,
      "daily_economic_return_raw_yuan": -478107.0,
      "daily_economic_return_normalized": -0.15169790387153625,
      "daily_economic_cost_raw_yuan": 478107.0,
      "economic_reward_scale_yuan": 3151704.8194007874,
      "lagrange_multiplier": 0.0,
      "cost_budget": 1.0,
      "cost_budget_raw": 0.02,
      "cost_budget_normalized": 1.0,
      "algorithm_cost_mode": "separate_cost",
      "fixed_cost_penalty_coef": 0.0,
      "log_std_max": -2.3,
      "accepted": true,
      "mode": "reward",
      "reward_before": -2.765991382602806e-07,
      "reward_after": 0.076694056391716,
      "cost_before": 0.4244118630886078,
      "cost_after": 0.28048309683799744,
      "kl_before": -2.384185791015625e-07,
      "kl_after": 0.00501741748303175,
      "cost_gap": -0.5755881369113922,
      "cost_recoverable": true,
      "cost_quadratic": 329.1155700683594,
      "reward_quadratic": 0.5852136611938477,
      "reward_cost_cross": -0.8528692126274109,
      "max_linear_cost_drop": 3.628308531910479,
      "rollout_wall_seconds": 1.2997875716537237,
      "update_wall_seconds": 1.7558615300804377,
      "total_wall_seconds": 3.0556509364396334
    },
    {
      "update": 933,
      "algorithm": "macpo",
      "actor_loss": -0.010298023000359535,
      "reward_critic_loss": 0.00025057641323655844,
      "cost_critic_loss": 1.2358424663543701,
      "reward_critic_loss_last": 0.00023242871975526214,
      "cost_critic_loss_last": 1.2086036205291748,
      "critic_epochs": 8,
      "daily_voltage_cost": 0.03216347098350525,
      "daily_voltage_cost_raw": 0.03216347098350525,
      "daily_voltage_cost_normalized": 1.6081734895706177,
      "daily_economic_return_raw_yuan": -567641.375,
      "daily_economic_return_normalized": -0.18010613322257996,
      "daily_economic_cost_raw_yuan": 567641.375,
      "economic_reward_scale_yuan": 3151704.8194007874,
      "lagrange_multiplier": 0.0,
      "cost_budget": 1.0,
      "cost_budget_raw": 0.02,
      "cost_budget_normalized": 1.0,
      "algorithm_cost_mode": "separate_cost",
      "fixed_cost_penalty_coef": 0.0,
      "log_std_max": -2.3,
      "accepted": true,
      "mode": "cost_recovery",
      "reward_before": -2.5799373304380424e-08,
      "reward_after": 0.010298023000359535,
      "cost_before": 1.6081600189208984,
      "cost_after": -5.872413635253906,
      "kl_before": -2.384185791015625e-07,
      "kl_after": 0.019965728744864464,
      "cost_gap": 0.6081600189208984,
      "cost_recoverable": true,
      "cost_quadratic": 1616.041748046875,
      "reward_quadratic": 0.41542303562164307,
      "reward_cost_cross": -2.4145591259002686,
      "max_linear_cost_drop": 8.040004348374136,
      "rollout_wall_seconds": 1.447037260979414,
      "update_wall_seconds": 1.615125447511673,
      "total_wall_seconds": 3.062164682894945
    },
    {
      "update": 934,
      "algorithm": "macpo",
      "actor_loss": -0.0033421192783862352,
      "reward_critic_loss": 0.0003105393552687019,
      "cost_critic_loss": 1.3184010982513428,
      "reward_critic_loss_last": 0.00030028983019292355,
      "cost_critic_loss_last": 1.1993212699890137,
      "critic_epochs": 8,
      "daily_voltage_cost": 0.024502376094460487,
      "daily_voltage_cost_raw": 0.024502376094460487,
      "daily_voltage_cost_normalized": 1.2251187562942505,
      "daily_economic_return_raw_yuan": -452504.0625,
      "daily_economic_return_normalized": -0.14357438683509827,
      "daily_economic_cost_raw_yuan": 452504.0625,
      "economic_reward_scale_yuan": 3151704.8194007874,
      "lagrange_multiplier": 0.0,
      "cost_budget": 1.0,
      "cost_budget_raw": 0.02,
      "cost_budget_normalized": 1.0,
      "algorithm_cost_mode": "separate_cost",
      "fixed_cost_penalty_coef": 0.0,
      "log_std_max": -2.3,
      "accepted": true,
      "mode": "cost_recovery",
      "reward_before": 1.628629746619481e-07,
      "reward_after": 0.0033421192783862352,
      "cost_before": 1.2251337766647339,
      "cost_after": -7.002932548522949,
      "kl_before": -2.384185791015625e-07,
      "kl_after": 0.019818220287561417,
      "cost_gap": 0.2251337766647339,
      "cost_recoverable": true,
      "cost_quadratic": 2316.73583984375,
      "reward_quadratic": 0.5932084321975708,
      "reward_cost_cross": -0.9314844012260437,
      "max_linear_cost_drop": 9.626496433996639,
      "rollout_wall_seconds": 1.6759278122335672,
      "update_wall_seconds": 1.6205290202051401,
      "total_wall_seconds": 3.296458851546049
    },
    {
      "update": 935,
      "algorithm": "macpo",
      "actor_loss": -0.07695777714252472,
      "reward_critic_loss": 0.000352639879565686,
      "cost_critic_loss": 0.20287442207336426,
      "reward_critic_loss_last": 0.00028711470076814294,
      "cost_critic_loss_last": 0.2233068346977234,
      "critic_epochs": 8,
      "daily_voltage_cost": 0.006790035404264927,
      "daily_voltage_cost_raw": 0.006790035404264927,
      "daily_voltage_cost_normalized": 0.3395017385482788,
      "daily_economic_return_raw_yuan": -417098.53125,
      "daily_economic_return_normalized": -0.13234061002731323,
      "daily_economic_cost_raw_yuan": 417098.53125,
      "economic_reward_scale_yuan": 3151704.8194007874,
      "lagrange_multiplier": 0.0,
      "cost_budget": 1.0,
      "cost_budget_raw": 0.02,
      "cost_budget_normalized": 1.0,
      "algorithm_cost_mode": "separate_cost",
      "fixed_cost_penalty_coef": 0.0,
      "log_std_max": -2.3,
      "accepted": true,
      "mode": "reward",
      "reward_before": 3.006187512255565e-07,
      "reward_after": 0.07695777714252472,
      "cost_before": 0.3395007848739624,
      "cost_after": 0.057031482458114624,
      "kl_before": -2.384185791015625e-07,
      "kl_after": 0.005025051534175873,
      "cost_gap": -0.6604992151260376,
      "cost_recoverable": true,
      "cost_quadratic": 403.05682373046875,
      "reward_quadratic": 0.5627551078796387,
      "reward_cost_cross": -1.6676185131072998,
      "max_linear_cost_drop": 4.015255029162998,
      "rollout_wall_seconds": 1.859958402812481,
      "update_wall_seconds": 1.492213984951377,
      "total_wall_seconds": 3.3521743025630713
    },
    {
      "update": 936,
      "algorithm": "macpo",
      "actor_loss": -0.001454599667340517,
      "reward_critic_loss": 0.00022224881104193628,
      "cost_critic_loss": 2.2903800010681152,
      "reward_critic_loss_last": 0.00022882813937030733,
      "cost_critic_loss_last": 2.2318811416625977,
      "critic_epochs": 8,
      "daily_voltage_cost": 0.020031658932566643,
      "daily_voltage_cost_raw": 0.020031658932566643,
      "daily_voltage_cost_normalized": 1.0015828609466553,
      "daily_economic_return_raw_yuan": -433971.25,
      "daily_economic_return_normalized": -0.13769413530826569,
      "daily_economic_cost_raw_yuan": 433971.25,
      "economic_reward_scale_yuan": 3151704.8194007874,
      "lagrange_multiplier": 0.0,
      "cost_budget": 1.0,
      "cost_budget_raw": 0.02,
      "cost_budget_normalized": 1.0,
      "algorithm_cost_mode": "separate_cost",
      "fixed_cost_penalty_coef": 0.0,
      "log_std_max": -2.3,
      "accepted": true,
      "mode": "cost_recovery",
      "reward_before": -1.8932686884909344e-07,
      "reward_after": 0.001454599667340517,
      "cost_before": 1.00156831741333,
      "cost_after": -5.196650505065918,
      "kl_before": -2.384185791015625e-07,
      "kl_after": 0.005002432037144899,
      "cost_gap": 0.0015683174133300781,
      "cost_recoverable": true,
      "cost_quadratic": 5084.45654296875,
      "reward_quadratic": 0.3908712863922119,
      "reward_cost_cross": -0.7144869565963745,
      "max_linear_cost_drop": 14.261075054803898,
      "rollout_wall_seconds": 1.970158837735653,
      "update_wall_seconds": 1.5405277628451586,
      "total_wall_seconds": 3.5106881223618984
    },
    {
      "update": 937,
      "algorithm": "macpo",
      "actor_loss": -0.13839730620384216,
      "reward_critic_loss": 0.00033438680111430585,
      "cost_critic_loss": 0.15657737851142883,
      "reward_critic_loss_last": 0.00026752561097964644,
      "cost_critic_loss_last": 0.11318691074848175,
      "critic_epochs": 8,
      "daily_voltage_cost": 0.0061075869016349316,
      "daily_voltage_cost_raw": 0.0061075869016349316,
      "daily_voltage_cost_normalized": 0.30537933111190796,
      "daily_economic_return_raw_yuan": -554204.9375,
      "daily_economic_return_normalized": -0.17584291100502014,
      "daily_economic_cost_raw_yuan": 554204.9375,
      "economic_reward_scale_yuan": 3151704.8194007874,
      "lagrange_multiplier": 0.0,
      "cost_budget": 1.0,
      "cost_budget_raw": 0.02,
      "cost_budget_normalized": 1.0,
      "algorithm_cost_mode": "separate_cost",
      "fixed_cost_penalty_coef": 0.0,
      "log_std_max": -2.3,
      "accepted": true,
      "mode": "reward",
      "reward_before": -1.1091202622992569e-07,
      "reward_after": 0.13839730620384216,
      "cost_before": 0.3053808808326721,
      "cost_after": 0.8004316687583923,
      "kl_before": -2.384185791015625e-07,
      "kl_after": 0.019998546689748764,
      "cost_gap": -0.6946191191673279,
      "cost_recoverable": true,
      "cost_quadratic": 276.188232421875,
      "reward_quadratic": 0.5401719212532043,
      "reward_cost_cross": 2.173330068588257,
      "max_linear_cost_drop": 3.3237823780859963,
      "rollout_wall_seconds": 1.6169429831206799,
      "update_wall_seconds": 1.3693708833307028,
      "total_wall_seconds": 2.9863159488886595
    },
    {
      "update": 938,
      "algorithm": "macpo",
      "actor_loss": -0.14178748428821564,
      "reward_critic_loss": 0.00028656914946623147,
      "cost_critic_loss": 0.23136548697948456,
      "reward_critic_loss_last": 0.00029531458858400583,
      "cost_critic_loss_last": 0.20395945012569427,
      "critic_epochs": 8,
      "daily_voltage_cost": 0.008538976311683655,
      "daily_voltage_cost_raw": 0.008538976311683655,
      "daily_voltage_cost_normalized": 0.4269488453865051,
      "daily_economic_return_raw_yuan": -489529.40625,
      "daily_economic_return_normalized": -0.1553221046924591,
      "daily_economic_cost_raw_yuan": 489529.40625,
      "economic_reward_scale_yuan": 3151704.8194007874,
      "lagrange_multiplier": 0.0,
      "cost_budget": 1.0,
      "cost_budget_raw": 0.02,
      "cost_budget_normalized": 1.0,
      "algorithm_cost_mode": "separate_cost",
      "fixed_cost_penalty_coef": 0.0,
      "log_std_max": -2.3,
      "accepted": true,
      "mode": "reward",
      "reward_before": -1.5749546378174273e-07,
      "reward_after": 0.14178748428821564,
      "cost_before": 0.426946759223938,
      "cost_after": -0.23759019374847412,
      "kl_before": -2.384185791015625e-07,
      "kl_after": 0.01985306851565838,
      "cost_gap": -0.573053240776062,
      "cost_recoverable": true,
      "cost_quadratic": 414.30615234375,
      "reward_quadratic": 0.542669415473938,
      "reward_cost_cross": -2.09598970413208,
      "max_linear_cost_drop": 4.070902368486624,
      "rollout_wall_seconds": 1.4452239945530891,
      "update_wall_seconds": 1.5163242984563112,
      "total_wall_seconds": 2.961550047621131
    },
    {
      "update": 939,
      "algorithm": "macpo",
      "actor_loss": -0.12570881843566895,
      "reward_critic_loss": 0.00023561937268823385,
      "cost_critic_loss": 0.03421860188245773,
      "reward_critic_loss_last": 0.00022102885122876614,
      "cost_critic_loss_last": 0.024179812520742416,
      "critic_epochs": 8,
      "daily_voltage_cost": 0.002669229870662093,
      "daily_voltage_cost_raw": 0.002669229870662093,
      "daily_voltage_cost_normalized": 0.13346149027347565,
      "daily_economic_return_raw_yuan": -497935.375,
      "daily_economic_return_normalized": -0.15798921883106232,
      "daily_economic_cost_raw_yuan": 497935.375,
      "economic_reward_scale_yuan": 3151704.8194007874,
      "lagrange_multiplier": 0.0,
      "cost_budget": 1.0,
      "cost_budget_raw": 0.02,
      "cost_budget_normalized": 1.0,
      "algorithm_cost_mode": "separate_cost",
      "fixed_cost_penalty_coef": 0.0,
      "log_std_max": -2.3,
      "accepted": true,
      "mode": "reward",
      "reward_before": 2.0818539780975698e-07,
      "reward_after": 0.12570881843566895,
      "cost_before": 0.1334623396396637,
      "cost_after": 0.4705272316932678,
      "kl_before": -2.384185791015625e-07,
      "kl_after": 0.01994960755109787,
      "cost_gap": -0.8665376603603363,
      "cost_recoverable": true,
      "cost_quadratic": 67.30012512207031,
      "reward_quadratic": 0.4154888987541199,
      "reward_cost_cross": 1.0987915992736816,
      "max_linear_cost_drop": 1.6407330693573565,
      "rollout_wall_seconds": 2.068093452602625,
      "update_wall_seconds": 1.5754122752696276,
      "total_wall_seconds": 3.643507519736886
    },
    {
      "update": 940,
      "algorithm": "macpo",
      "actor_loss": -0.14897136390209198,
      "reward_critic_loss": 0.00030316179618239403,
      "cost_critic_loss": 0.3656148612499237,
      "reward_critic_loss_last": 0.0002925290318671614,
      "cost_critic_loss_last": 0.3629286289215088,
      "critic_epochs": 8,
      "daily_voltage_cost": 0.009874831885099411,
      "daily_voltage_cost_raw": 0.009874831885099411,
      "daily_voltage_cost_normalized": 0.49374160170555115,
      "daily_economic_return_raw_yuan": -410300.375,
      "daily_economic_return_normalized": -0.1301836371421814,
      "daily_economic_cost_raw_yuan": 410300.375,
      "economic_reward_scale_yuan": 3151704.8194007874,
      "lagrange_multiplier": 0.0,
      "cost_budget": 1.0,
      "cost_budget_raw": 0.02,
      "cost_budget_normalized": 1.0,
      "algorithm_cost_mode": "separate_cost",
      "fixed_cost_penalty_coef": 0.0,
      "log_std_max": -2.3,
      "accepted": true,
      "mode": "reward",
      "reward_before": -1.6482889009239443e-07,
      "reward_after": 0.14897136390209198,
      "cost_before": 0.4937366545200348,
      "cost_after": -0.23064574599266052,
      "kl_before": -2.384185791015625e-07,
      "kl_after": 0.019870702177286148,
      "cost_gap": -0.5062633454799652,
      "cost_recoverable": true,
      "cost_quadratic": 729.4305419921875,
      "reward_quadratic": 0.5524855256080627,
      "reward_cost_cross": -2.6132333278656006,
      "max_linear_cost_drop": 5.401594364600835,
      "rollout_wall_seconds": 2.047562813386321,
      "update_wall_seconds": 1.6662131510674953,
      "total_wall_seconds": 3.7137780841439962
    },
    {
      "update": 941,
      "algorithm": "macpo",
      "actor_loss": -0.12126776576042175,
      "reward_critic_loss": 0.000190959864994511,
      "cost_critic_loss": 0.11250334233045578,
      "reward_critic_loss_last": 0.00016782961029093713,
      "cost_critic_loss_last": 0.11195795983076096,
      "critic_epochs": 8,
      "daily_voltage_cost": 0.004287039861083031,
      "daily_voltage_cost_raw": 0.004287039861083031,
      "daily_voltage_cost_normalized": 0.21435199677944183,
      "daily_economic_return_raw_yuan": -524167.1875,
      "daily_economic_return_normalized": -0.16631227731704712,
      "daily_economic_cost_raw_yuan": 524167.1875,
      "economic_reward_scale_yuan": 3151704.8194007874,
      "lagrange_multiplier": 0.0,
      "cost_budget": 1.0,
      "cost_budget_raw": 0.02,
      "cost_budget_normalized": 1.0,
      "algorithm_cost_mode": "separate_cost",
      "fixed_cost_penalty_coef": 0.0,
      "log_std_max": -2.3,
      "accepted": true,
      "mode": "reward",
      "reward_before": -1.6104664268823399e-09,
      "reward_after": 0.12126776576042175,
      "cost_before": 0.21435599029064178,
      "cost_after": 0.06188403069972992,
      "kl_before": -2.384185791015625e-07,
      "kl_after": 0.019935986027121544,
      "cost_gap": -0.7856440097093582,
      "cost_recoverable": true,
      "cost_quadratic": 258.58209228515625,
      "reward_quadratic": 0.3402247726917267,
      "reward_cost_cross": -0.44996726512908936,
      "max_linear_cost_drop": 3.2160975873574253,
      "rollout_wall_seconds": 1.9987338110804558,
      "update_wall_seconds": 1.7529091611504555,
      "total_wall_seconds": 3.7516449596732855
    },
    {
      "update": 942,
      "algorithm": "macpo",
      "actor_loss": -0.1540021002292633,
      "reward_critic_loss": 0.0002681711339391768,
      "cost_critic_loss": 0.428506076335907,
      "reward_critic_loss_last": 0.000259114196524024,
      "cost_critic_loss_last": 0.4269576072692871,
      "critic_epochs": 8,
      "daily_voltage_cost": 0.014011925086379051,
      "daily_voltage_cost_raw": 0.014011925086379051,
      "daily_voltage_cost_normalized": 0.7005963325500488,
      "daily_economic_return_raw_yuan": -534602.6875,
      "daily_economic_return_normalized": -0.16962334513664246,
      "daily_economic_cost_raw_yuan": 534602.6875,
      "economic_reward_scale_yuan": 3151704.8194007874,
      "lagrange_multiplier": 0.0,
      "cost_budget": 1.0,
      "cost_budget_raw": 0.02,
      "cost_budget_normalized": 1.0,
      "algorithm_cost_mode": "separate_cost",
      "fixed_cost_penalty_coef": 0.0,
      "log_std_max": -2.3,
      "accepted": true,
      "mode": "constrained_reward",
      "reward_before": -1.0580123444015044e-08,
      "reward_after": 0.1540021002292633,
      "cost_before": 0.7006039023399353,
      "cost_after": 0.8417887687683105,
      "kl_before": -2.384185791015625e-07,
      "kl_after": 0.01993182674050331,
      "cost_gap": -0.2993960976600647,
      "cost_recoverable": true,
      "cost_quadratic": 785.2757568359375,
      "reward_quadratic": 0.5389637351036072,
      "reward_cost_cross": 3.075727939605713,
      "max_linear_cost_drop": 5.604554422381631,
      "rollout_wall_seconds": 2.0508402176201344,
      "update_wall_seconds": 1.766887854784727,
      "total_wall_seconds": 3.8177303317934275
    },
    {
      "update": 943,
      "algorithm": "macpo",
      "actor_loss": -0.08984018862247467,
      "reward_critic_loss": 0.0003766230947803706,
      "cost_critic_loss": 0.05772847682237625,
      "reward_critic_loss_last": 0.00033916113898158073,
      "cost_critic_loss_last": 0.055849164724349976,
      "critic_epochs": 8,
      "daily_voltage_cost": 0.004273402504622936,
      "daily_voltage_cost_raw": 0.004273402504622936,
      "daily_voltage_cost_normalized": 0.21367013454437256,
      "daily_economic_return_raw_yuan": -440231.34375,
      "daily_economic_return_normalized": -0.1396803855895996,
      "daily_economic_cost_raw_yuan": 440231.34375,
      "economic_reward_scale_yuan": 3151704.8194007874,
      "lagrange_multiplier": 0.0,
      "cost_budget": 1.0,
      "cost_budget_raw": 0.02,
      "cost_budget_normalized": 1.0,
      "algorithm_cost_mode": "separate_cost",
      "fixed_cost_penalty_coef": 0.0,
      "log_std_max": -2.3,
      "accepted": true,
      "mode": "reward",
      "reward_before": 2.2842885982754524e-07,
      "reward_after": 0.08984018862247467,
      "cost_before": 0.21366992592811584,
      "cost_after": 0.3156532347202301,
      "kl_before": -2.384185791015625e-07,
      "kl_after": 0.005004645325243473,
      "cost_gap": -0.7863300740718842,
      "cost_recoverable": true,
      "cost_quadratic": 123.11410522460938,
      "reward_quadratic": 0.8376553058624268,
      "reward_cost_cross": 0.9522682428359985,
      "max_linear_cost_drop": 2.219135914941754,
      "rollout_wall_seconds": 1.9298267364501953,
      "update_wall_seconds": 1.5557808484882116,
      "total_wall_seconds": 3.4856097288429737
    },
    {
      "update": 944,
      "algorithm": "macpo",
      "actor_loss": -0.06784850358963013,
      "reward_critic_loss": 0.00024097829009406269,
      "cost_critic_loss": 0.03951147571206093,
      "reward_critic_loss_last": 0.00023222521122079343,
      "cost_critic_loss_last": 0.03771713376045227,
      "critic_epochs": 8,
      "daily_voltage_cost": 0.000572427932638675,
      "daily_voltage_cost_raw": 0.000572427932638675,
      "daily_voltage_cost_normalized": 0.02862139791250229,
      "daily_economic_return_raw_yuan": -357291.59375,
      "daily_economic_return_normalized": -0.1133645549416542,
      "daily_economic_cost_raw_yuan": 357291.59375,
      "economic_reward_scale_yuan": 3151704.8194007874,
      "lagrange_multiplier": 0.0,
      "cost_budget": 1.0,
      "cost_budget_raw": 0.02,
      "cost_budget_normalized": 1.0,
      "algorithm_cost_mode": "separate_cost",
      "fixed_cost_penalty_coef": 0.0,
      "log_std_max": -2.3,
      "accepted": true,
      "mode": "reward",
      "reward_before": -8.487846514526609e-08,
      "reward_after": 0.06784850358963013,
      "cost_before": 0.028620868921279907,
      "cost_after": -0.09059929847717285,
      "kl_before": -2.384185791015625e-07,
      "kl_after": 0.0050412993878126144,
      "cost_gap": -0.9713791310787201,
      "cost_recoverable": true,
      "cost_quadratic": 79.79704284667969,
      "reward_quadratic": 0.4448554217815399,
      "reward_cost_cross": -0.6718090176582336,
      "max_linear_cost_drop": 1.786583811039154,
      "rollout_wall_seconds": 1.7685947455465794,
      "update_wall_seconds": 1.5110905151814222,
      "total_wall_seconds": 3.279687438160181
    },
    {
      "update": 945,
      "algorithm": "macpo",
      "actor_loss": -0.14761856198310852,
      "reward_critic_loss": 0.00026145283482037485,
      "cost_critic_loss": 0.10909702628850937,
      "reward_critic_loss_last": 0.00021757509966846555,
      "cost_critic_loss_last": 0.10628672689199448,
      "critic_epochs": 8,
      "daily_voltage_cost": 0.003926155157387257,
      "daily_voltage_cost_raw": 0.003926155157387257,
      "daily_voltage_cost_normalized": 0.19630779325962067,
      "daily_economic_return_raw_yuan": -386800.8125,
      "daily_economic_return_normalized": -0.12272749096155167,
      "daily_economic_cost_raw_yuan": 386800.8125,
      "economic_reward_scale_yuan": 3151704.8194007874,
      "lagrange_multiplier": 0.0,
      "cost_budget": 1.0,
      "cost_budget_raw": 0.02,
      "cost_budget_normalized": 1.0,
      "algorithm_cost_mode": "separate_cost",
      "fixed_cost_penalty_coef": 0.0,
      "log_std_max": -2.3,
      "accepted": true,
      "mode": "reward",
      "reward_before": 6.087255144393566e-08,
      "reward_after": 0.14761856198310852,
      "cost_before": 0.19631163775920868,
      "cost_after": 0.1766004115343094,
      "kl_before": -2.384185791015625e-07,
      "kl_after": 0.019939342513680458,
      "cost_gap": -0.8036883622407913,
      "cost_recoverable": true,
      "cost_quadratic": 249.8557891845703,
      "reward_quadratic": 0.5012146234512329,
      "reward_cost_cross": 0.3820143938064575,
      "max_linear_cost_drop": 3.1613654593201987,
      "rollout_wall_seconds": 1.9600288569927216,
      "update_wall_seconds": 1.5488229915499687,
      "total_wall_seconds": 3.5088542476296425
    },
    {
      "update": 946,
      "algorithm": "macpo",
      "actor_loss": -0.06787702441215515,
      "reward_critic_loss": 0.0002668973756954074,
      "cost_critic_loss": 0.041683830320835114,
      "reward_critic_loss_last": 0.0002507460303604603,
      "cost_critic_loss_last": 0.040706001222133636,
      "critic_epochs": 8,
      "daily_voltage_cost": 0.0034329555928707123,
      "daily_voltage_cost_raw": 0.0034329555928707123,
      "daily_voltage_cost_normalized": 0.1716477870941162,
      "daily_economic_return_raw_yuan": -460119.90625,
      "daily_economic_return_normalized": -0.14599080383777618,
      "daily_economic_cost_raw_yuan": 460119.90625,
      "economic_reward_scale_yuan": 3151704.8194007874,
      "lagrange_multiplier": 0.0,
      "cost_budget": 1.0,
      "cost_budget_raw": 0.02,
      "cost_budget_normalized": 1.0,
      "algorithm_cost_mode": "separate_cost",
      "fixed_cost_penalty_coef": 0.0,
      "log_std_max": -2.3,
      "accepted": true,
      "mode": "reward",
      "reward_before": -4.182695434451489e-08,
      "reward_after": 0.06787702441215515,
      "cost_before": 0.17164765298366547,
      "cost_after": 0.3576817512512207,
      "kl_before": -2.384185791015625e-07,
      "kl_after": 0.0050310781225562096,
      "cost_gap": -0.8283523470163345,
      "cost_recoverable": true,
      "cost_quadratic": 96.22698974609375,
      "reward_quadratic": 0.49867498874664307,
      "reward_cost_cross": 1.3139814138412476,
      "max_linear_cost_drop": 1.9619071307897706,
      "rollout_wall_seconds": 1.9669691249728203,
      "update_wall_seconds": 1.7652545534074306,
      "total_wall_seconds": 3.7322259042412043
    },
    {
      "update": 947,
      "algorithm": "macpo",
      "actor_loss": -0.143445685505867,
      "reward_critic_loss": 0.00022208181326277554,
      "cost_critic_loss": 0.10366295278072357,
      "reward_critic_loss_last": 0.00019139048526994884,
      "cost_critic_loss_last": 0.10164687037467957,
      "critic_epochs": 8,
      "daily_voltage_cost": 0.007065975572913885,
      "daily_voltage_cost_raw": 0.007065975572913885,
      "daily_voltage_cost_normalized": 0.35329878330230713,
      "daily_economic_return_raw_yuan": -437674.0625,
      "daily_economic_return_normalized": -0.13886898756027222,
      "daily_economic_cost_raw_yuan": 437674.0625,
      "economic_reward_scale_yuan": 3151704.8194007874,
      "lagrange_multiplier": 0.0,
      "cost_budget": 1.0,
      "cost_budget_raw": 0.02,
      "cost_budget_normalized": 1.0,
      "algorithm_cost_mode": "separate_cost",
      "fixed_cost_penalty_coef": 0.0,
      "log_std_max": -2.3,
      "accepted": true,
      "mode": "reward",
      "reward_before": -2.1040527542481868e-08,
      "reward_after": 0.143445685505867,
      "cost_before": 0.3532974421977997,
      "cost_after": 0.16931159794330597,
      "kl_before": -2.384185791015625e-07,
      "kl_after": 0.019982747733592987,
      "cost_gap": -0.6467025578022003,
      "cost_recoverable": true,
      "cost_quadratic": 223.6043701171875,
      "reward_quadratic": 0.4627918004989624,
      "reward_cost_cross": -0.523781418800354,
      "max_linear_cost_drop": 2.990681327839444,
      "rollout_wall_seconds": 2.0795124359428883,
      "update_wall_seconds": 1.5119891166687012,
      "total_wall_seconds": 3.591503821313381
    },
    {
      "update": 948,
      "algorithm": "macpo",
      "actor_loss": -0.1582322120666504,
      "reward_critic_loss": 0.0002829088771250099,
      "cost_critic_loss": 0.14175504446029663,
      "reward_critic_loss_last": 0.0002583738823886961,
      "cost_critic_loss_last": 0.1398644596338272,
      "critic_epochs": 8,
      "daily_voltage_cost": 0.014192036353051662,
      "daily_voltage_cost_raw": 0.014192036353051662,
      "daily_voltage_cost_normalized": 0.7096017599105835,
      "daily_economic_return_raw_yuan": -540200.9375,
      "daily_economic_return_normalized": -0.17139959335327148,
      "daily_economic_cost_raw_yuan": 540200.9375,
      "economic_reward_scale_yuan": 3151704.8194007874,
      "lagrange_multiplier": 0.0,
      "cost_budget": 1.0,
      "cost_budget_raw": 0.02,
      "cost_budget_normalized": 1.0,
      "algorithm_cost_mode": "separate_cost",
      "fixed_cost_penalty_coef": 0.0,
      "log_std_max": -2.3,
      "accepted": true,
      "mode": "constrained_reward",
      "reward_before": 1.814983221493094e-07,
      "reward_after": 0.1582322120666504,
      "cost_before": 0.7096095681190491,
      "cost_after": 0.9703117609024048,
      "kl_before": -2.384185791015625e-07,
      "kl_after": 0.0199009720236063,
      "cost_gap": -0.2903904318809509,
      "cost_recoverable": true,
      "cost_quadratic": 302.1173095703125,
      "reward_quadratic": 0.5761900544166565,
      "reward_cost_cross": 2.432554244995117,
      "max_linear_cost_drop": 3.4763044145777138,
      "rollout_wall_seconds": 1.930605512112379,
      "update_wall_seconds": 1.736527480185032,
      "total_wall_seconds": 3.667135212570429
    },
    {
      "update": 949,
      "algorithm": "macpo",
      "actor_loss": -0.12745317816734314,
      "reward_critic_loss": 0.00018691466539166868,
      "cost_critic_loss": 0.5962989330291748,
      "reward_critic_loss_last": 0.000185944460099563,
      "cost_critic_loss_last": 0.5873301029205322,
      "critic_epochs": 8,
      "daily_voltage_cost": 0.018227867782115936,
      "daily_voltage_cost_raw": 0.018227867782115936,
      "daily_voltage_cost_normalized": 0.911393404006958,
      "daily_economic_return_raw_yuan": -459279.125,
      "daily_economic_return_normalized": -0.14572402834892273,
      "daily_economic_cost_raw_yuan": 459279.125,
      "economic_reward_scale_yuan": 3151704.8194007874,
      "lagrange_multiplier": 0.0,
      "cost_budget": 1.0,
      "cost_budget_raw": 0.02,
      "cost_budget_normalized": 1.0,
      "algorithm_cost_mode": "separate_cost",
      "fixed_cost_penalty_coef": 0.0,
      "log_std_max": -2.3,
      "accepted": true,
      "mode": "reward",
      "reward_before": 1.5984304013727524e-07,
      "reward_after": 0.12745317816734314,
      "cost_before": 0.9113911986351013,
      "cost_after": -0.9549108743667603,
      "kl_before": -2.384185791015625e-07,
      "kl_after": 0.01991797797381878,
      "cost_gap": -0.08860880136489868,
      "cost_recoverable": true,
      "cost_quadratic": 1495.791748046875,
      "reward_quadratic": 0.3832755982875824,
      "reward_cost_cross": -6.6391754150390625,
      "max_linear_cost_drop": 7.735093400979396,
      "rollout_wall_seconds": 2.2195309083908796,
      "update_wall_seconds": 1.7739054318517447,
      "total_wall_seconds": 3.993438459932804
    },
    {
      "update": 950,
      "algorithm": "macpo",
      "actor_loss": -0.14733478426933289,
      "reward_critic_loss": 0.0002611194213386625,
      "cost_critic_loss": 0.031058644875884056,
      "reward_critic_loss_last": 0.00024717379710637033,
      "cost_critic_loss_last": 0.03238634392619133,
      "critic_epochs": 8,
      "daily_voltage_cost": 0.0,
      "daily_voltage_cost_raw": 0.0,
      "daily_voltage_cost_normalized": 0.0,
      "daily_economic_return_raw_yuan": -376110.5,
      "daily_economic_return_normalized": -0.11933557689189911,
      "daily_economic_cost_raw_yuan": 376110.5,
      "economic_reward_scale_yuan": 3151704.8194007874,
      "lagrange_multiplier": 0.0,
      "cost_budget": 1.0,
      "cost_budget_raw": 0.02,
      "cost_budget_normalized": 1.0,
      "algorithm_cost_mode": "separate_cost",
      "fixed_cost_penalty_coef": 0.0,
      "log_std_max": -2.3,
      "accepted": true,
      "mode": "reward",
      "reward_before": -1.884852309785856e-07,
      "reward_after": 0.14733478426933289,
      "cost_before": 1.1258431413807557e-06,
      "cost_after": 0.2881649136543274,
      "kl_before": -2.384185791015625e-07,
      "kl_after": 0.019895432516932487,
      "cost_gap": -0.9999988741568586,
      "cost_recoverable": true,
      "cost_quadratic": 71.76222229003906,
      "reward_quadratic": 0.5394717454910278,
      "reward_cost_cross": 0.8793777823448181,
      "max_linear_cost_drop": 1.6942517202592897,
      "rollout_wall_seconds": 2.315704081207514,
      "update_wall_seconds": 1.6860491205006838,
      "total_wall_seconds": 4.00175535492599
    },
    {
      "update": 951,
      "algorithm": "macpo",
      "actor_loss": -0.15755951404571533,
      "reward_critic_loss": 0.0003644772223196924,
      "cost_critic_loss": 0.2841155529022217,
      "reward_critic_loss_last": 0.0003514950512908399,
      "cost_critic_loss_last": 0.28158634901046753,
      "critic_epochs": 8,
      "daily_voltage_cost": 0.016665197908878326,
      "daily_voltage_cost_raw": 0.016665197908878326,
      "daily_voltage_cost_normalized": 0.8332598209381104,
      "daily_economic_return_raw_yuan": -477560.15625,
      "daily_economic_return_normalized": -0.1515243947505951,
      "daily_economic_cost_raw_yuan": 477560.15625,
      "economic_reward_scale_yuan": 3151704.8194007874,
      "lagrange_multiplier": 0.0,
      "cost_budget": 1.0,
      "cost_budget_raw": 0.02,
      "cost_budget_normalized": 1.0,
      "algorithm_cost_mode": "separate_cost",
      "fixed_cost_penalty_coef": 0.0,
      "log_std_max": -2.3,
      "accepted": true,
      "mode": "reward",
      "reward_before": 1.0928769000884131e-07,
      "reward_after": 0.15755951404571533,
      "cost_before": 0.8332552909851074,
      "cost_after": 0.8984696865081787,
      "kl_before": -2.384185791015625e-07,
      "kl_after": 0.01998468115925789,
      "cost_gap": -0.16674470901489258,
      "cost_recoverable": true,
      "cost_quadratic": 592.876708984375,
      "reward_quadratic": 0.6462893486022949,
      "reward_cost_cross": 0.1679520606994629,
      "max_linear_cost_drop": 4.869811942916789,
      "rollout_wall_seconds": 2.0007236413657665,
      "update_wall_seconds": 1.501534042879939,
      "total_wall_seconds": 3.502260398119688
    },
    {
      "update": 952,
      "algorithm": "macpo",
      "actor_loss": -0.1340155005455017,
      "reward_critic_loss": 0.0002548332267906517,
      "cost_critic_loss": 0.3113100528717041,
      "reward_critic_loss_last": 0.00023158015392255038,
      "cost_critic_loss_last": 0.3068896532058716,
      "critic_epochs": 8,
      "daily_voltage_cost": 0.007932020351290703,
      "daily_voltage_cost_raw": 0.007932020351290703,
      "daily_voltage_cost_normalized": 0.39660099148750305,
      "daily_economic_return_raw_yuan": -533903.5,
      "daily_economic_return_normalized": -0.16940149664878845,
      "daily_economic_cost_raw_yuan": 533903.5,
      "economic_reward_scale_yuan": 3151704.8194007874,
      "lagrange_multiplier": 0.0,
      "cost_budget": 1.0,
      "cost_budget_raw": 0.02,
      "cost_budget_normalized": 1.0,
      "algorithm_cost_mode": "separate_cost",
      "fixed_cost_penalty_coef": 0.0,
      "log_std_max": -2.3,
      "accepted": true,
      "mode": "reward",
      "reward_before": -4.812207521354139e-08,
      "reward_after": 0.1340155005455017,
      "cost_before": 0.3965921103954315,
      "cost_after": 0.5817279815673828,
      "kl_before": -2.384185791015625e-07,
      "kl_after": 0.019925938919186592,
      "cost_gap": -0.6034078896045685,
      "cost_recoverable": true,
      "cost_quadratic": 823.74169921875,
      "reward_quadratic": 0.5108844041824341,
      "reward_cost_cross": -0.0719599723815918,
      "max_linear_cost_drop": 5.740180133824199,
      "rollout_wall_seconds": 2.033397303894162,
      "update_wall_seconds": 1.7687368243932724,
      "total_wall_seconds": 3.8021365590393543
    },
    {
      "update": 953,
      "algorithm": "macpo",
      "actor_loss": -0.19012510776519775,
      "reward_critic_loss": 0.00041345704812556505,
      "cost_critic_loss": 0.8118740320205688,
      "reward_critic_loss_last": 0.0003374395309947431,
      "cost_critic_loss_last": 0.7696703672409058,
      "critic_epochs": 8,
      "daily_voltage_cost": 0.01605748012661934,
      "daily_voltage_cost_raw": 0.01605748012661934,
      "daily_voltage_cost_normalized": 0.8028740286827087,
      "daily_economic_return_raw_yuan": -482985.3125,
      "daily_economic_return_normalized": -0.1532457321882248,
      "daily_economic_cost_raw_yuan": 482985.3125,
      "economic_reward_scale_yuan": 3151704.8194007874,
      "lagrange_multiplier": 0.0,
      "cost_budget": 1.0,
      "cost_budget_raw": 0.02,
      "cost_budget_normalized": 1.0,
      "algorithm_cost_mode": "separate_cost",
      "fixed_cost_penalty_coef": 0.0,
      "log_std_max": -2.3,
      "accepted": true,
      "mode": "constrained_reward",
      "reward_before": 3.120775602383219e-07,
      "reward_after": 0.19012510776519775,
      "cost_before": 0.8028688430786133,
      "cost_after": 0.7257491946220398,
      "kl_before": -2.384185791015625e-07,
      "kl_after": 0.019831335172057152,
      "cost_gap": -0.19713115692138672,
      "cost_recoverable": true,
      "cost_quadratic": 1783.8648681640625,
      "reward_quadratic": 0.8455368280410767,
      "reward_cost_cross": 10.161581039428711,
      "max_linear_cost_drop": 8.447164892824249,
      "rollout_wall_seconds": 1.8637171871960163,
      "update_wall_seconds": 1.471842048689723,
      "total_wall_seconds": 3.335561500862241
    },
    {
      "update": 954,
      "algorithm": "macpo",
      "actor_loss": -0.05792234092950821,
      "reward_critic_loss": 0.0001924686221173033,
      "cost_critic_loss": 0.049894146621227264,
      "reward_critic_loss_last": 0.00018325992277823389,
      "cost_critic_loss_last": 0.0514993816614151,
      "critic_epochs": 8,
      "daily_voltage_cost": 0.0030926500912755728,
      "daily_voltage_cost_raw": 0.0030926500912755728,
      "daily_voltage_cost_normalized": 0.15463250875473022,
      "daily_economic_return_raw_yuan": -488538.1875,
      "daily_economic_return_normalized": -0.15500760078430176,
      "daily_economic_cost_raw_yuan": 488538.1875,
      "economic_reward_scale_yuan": 3151704.8194007874,
      "lagrange_multiplier": 0.0,
      "cost_budget": 1.0,
      "cost_budget_raw": 0.02,
      "cost_budget_normalized": 1.0,
      "algorithm_cost_mode": "separate_cost",
      "fixed_cost_penalty_coef": 0.0,
      "log_std_max": -2.3,
      "accepted": true,
      "mode": "reward",
      "reward_before": -9.511934706551983e-08,
      "reward_after": 0.05792234092950821,
      "cost_before": 0.15463264286518097,
      "cost_after": 0.22420640289783478,
      "kl_before": -2.384185791015625e-07,
      "kl_after": 0.005020533222705126,
      "cost_gap": -0.845367357134819,
      "cost_recoverable": true,
      "cost_quadratic": 92.5287094116211,
      "reward_quadratic": 0.3515625596046448,
      "reward_cost_cross": 0.5633969306945801,
      "max_linear_cost_drop": 1.9238368892566864,
      "rollout_wall_seconds": 1.4935318231582642,
      "update_wall_seconds": 1.4955358505249023,
      "total_wall_seconds": 2.989069612696767
    },
    {
      "update": 955,
      "algorithm": "macpo",
      "actor_loss": -0.15435613691806793,
      "reward_critic_loss": 0.0002647734363563359,
      "cost_critic_loss": 0.06897615641355515,
      "reward_critic_loss_last": 0.000261483684880659,
      "cost_critic_loss_last": 0.06127777695655823,
      "critic_epochs": 8,
      "daily_voltage_cost": 0.0021927563939243555,
      "daily_voltage_cost_raw": 0.0021927563939243555,
      "daily_voltage_cost_normalized": 0.10963781177997589,
      "daily_economic_return_raw_yuan": -509908.34375,
      "daily_economic_return_normalized": -0.16178810596466064,
      "daily_economic_cost_raw_yuan": 509908.34375,
      "economic_reward_scale_yuan": 3151704.8194007874,
      "lagrange_multiplier": 0.0,
      "cost_budget": 1.0,
      "cost_budget_raw": 0.02,
      "cost_budget_normalized": 1.0,
      "algorithm_cost_mode": "separate_cost",
      "fixed_cost_penalty_coef": 0.0,
      "log_std_max": -2.3,
      "accepted": true,
      "mode": "reward",
      "reward_before": -1.5386609675260843e-07,
      "reward_after": 0.15435613691806793,
      "cost_before": 0.10964015126228333,
      "cost_after": -0.3799331784248352,
      "kl_before": -2.384185791015625e-07,
      "kl_after": 0.019934386014938354,
      "cost_gap": -0.8903598487377167,
      "cost_recoverable": true,
      "cost_quadratic": 135.95718383789062,
      "reward_quadratic": 0.5480153560638428,
      "reward_cost_cross": -1.4822219610214233,
      "max_linear_cost_drop": 2.3320135834757965,
      "rollout_wall_seconds": 1.194103941321373,
      "update_wall_seconds": 1.4747994504868984,
      "total_wall_seconds": 2.668905161321163
    },
    {
      "update": 956,
      "algorithm": "macpo",
      "actor_loss": -0.18248283863067627,
      "reward_critic_loss": 0.0004299779830034822,
      "cost_critic_loss": 0.09325428307056427,
      "reward_critic_loss_last": 0.00038695032708346844,
      "cost_critic_loss_last": 0.08605676889419556,
      "critic_epochs": 8,
      "daily_voltage_cost": 0.004320201929658651,
      "daily_voltage_cost_raw": 0.004320201929658651,
      "daily_voltage_cost_normalized": 0.21601007878780365,
      "daily_economic_return_raw_yuan": -460213.6875,
      "daily_economic_return_normalized": -0.1460205614566803,
      "daily_economic_cost_raw_yuan": 460213.6875,
      "economic_reward_scale_yuan": 3151704.8194007874,
      "lagrange_multiplier": 0.0,
      "cost_budget": 1.0,
      "cost_budget_raw": 0.02,
      "cost_budget_normalized": 1.0,
      "algorithm_cost_mode": "separate_cost",
      "fixed_cost_penalty_coef": 0.0,
      "log_std_max": -2.3,
      "accepted": true,
      "mode": "reward",
      "reward_before": -7.899396337052167e-08,
      "reward_after": 0.18248283863067627,
      "cost_before": 0.21600918471813202,
      "cost_after": 0.3920733332633972,
      "kl_before": -2.384185791015625e-07,
      "kl_after": 0.019966429099440575,
      "cost_gap": -0.783990815281868,
      "cost_recoverable": true,
      "cost_quadratic": 190.70701599121094,
      "reward_quadratic": 0.904055118560791,
      "reward_cost_cross": 1.2581379413604736,
      "max_linear_cost_drop": 2.7619342207316304,
      "rollout_wall_seconds": 1.3614326026290655,
      "update_wall_seconds": 1.3954014647752047,
      "total_wall_seconds": 2.75683625228703
    },
    {
      "update": 957,
      "algorithm": "macpo",
      "actor_loss": -0.043131355196237564,
      "reward_critic_loss": 0.0002592498785816133,
      "cost_critic_loss": 1.3942146301269531,
      "reward_critic_loss_last": 0.00023941835388541222,
      "cost_critic_loss_last": 1.3810474872589111,
      "critic_epochs": 8,
      "daily_voltage_cost": 0.026380736380815506,
      "daily_voltage_cost_raw": 0.026380736380815506,
      "daily_voltage_cost_normalized": 1.3190369606018066,
      "daily_economic_return_raw_yuan": -529966.5625,
      "daily_economic_return_normalized": -0.1681523472070694,
      "daily_economic_cost_raw_yuan": 529966.5625,
      "economic_reward_scale_yuan": 3151704.8194007874,
      "lagrange_multiplier": 0.0,
      "cost_budget": 1.0,
      "cost_budget_raw": 0.02,
      "cost_budget_normalized": 1.0,
      "algorithm_cost_mode": "separate_cost",
      "fixed_cost_penalty_coef": 0.0,
      "log_std_max": -2.3,
      "accepted": true,
      "mode": "cost_recovery",
      "reward_before": -7.854835359921708e-08,
      "reward_after": 0.043131355196237564,
      "cost_before": 1.3190357685089111,
      "cost_after": -7.3318963050842285,
      "kl_before": -2.384185791015625e-07,
      "kl_after": 0.01993788592517376,
      "cost_gap": 0.31903576850891113,
      "cost_recoverable": true,
      "cost_quadratic": 2702.165771484375,
      "reward_quadratic": 0.5428651571273804,
      "reward_cost_cross": -13.421695709228516,
      "max_linear_cost_drop": 10.396472039080132,
      "rollout_wall_seconds": 1.68539185449481,
      "update_wall_seconds": 1.570325806736946,
      "total_wall_seconds": 3.2557194009423256
    },
    {
      "update": 958,
      "algorithm": "macpo",
      "actor_loss": -0.17603234946727753,
      "reward_critic_loss": 0.00043421232840046287,
      "cost_critic_loss": 0.5958443880081177,
      "reward_critic_loss_last": 0.00033651525154709816,
      "cost_critic_loss_last": 0.5912854671478271,
      "critic_epochs": 8,
      "daily_voltage_cost": 0.014381954446434975,
      "daily_voltage_cost_raw": 0.014381954446434975,
      "daily_voltage_cost_normalized": 0.7190977334976196,
      "daily_economic_return_raw_yuan": -425077.78125,
      "daily_economic_return_normalized": -0.13487233221530914,
      "daily_economic_cost_raw_yuan": 425077.78125,
      "economic_reward_scale_yuan": 3151704.8194007874,
      "lagrange_multiplier": 0.0,
      "cost_budget": 1.0,
      "cost_budget_raw": 0.02,
      "cost_budget_normalized": 1.0,
      "algorithm_cost_mode": "separate_cost",
      "fixed_cost_penalty_coef": 0.0,
      "log_std_max": -2.3,
      "accepted": true,
      "mode": "constrained_reward",
      "reward_before": -7.289230552487425e-08,
      "reward_after": 0.17603234946727753,
      "cost_before": 0.7191047072410583,
      "cost_after": 0.9565672278404236,
      "kl_before": -2.384185791015625e-07,
      "kl_after": 0.01990501955151558,
      "cost_gap": -0.28089529275894165,
      "cost_recoverable": true,
      "cost_quadratic": 902.6078491210938,
      "reward_quadratic": 0.6794891357421875,
      "reward_cost_cross": 2.5443825721740723,
      "max_linear_cost_drop": 6.008686542402071,
      "rollout_wall_seconds": 2.049900494515896,
      "update_wall_seconds": 1.5485833380371332,
      "total_wall_seconds": 3.598485639318824
    },
    {
      "update": 959,
      "algorithm": "macpo",
      "actor_loss": -0.07606812566518784,
      "reward_critic_loss": 0.0003314586356282234,
      "cost_critic_loss": 0.13333815336227417,
      "reward_critic_loss_last": 0.00029000104404985905,
      "cost_critic_loss_last": 0.13267455995082855,
      "critic_epochs": 8,
      "daily_voltage_cost": 0.01587887853384018,
      "daily_voltage_cost_raw": 0.01587887853384018,
      "daily_voltage_cost_normalized": 0.7939439415931702,
      "daily_economic_return_raw_yuan": -498384.25,
      "daily_economic_return_normalized": -0.1581316441297531,
      "daily_economic_cost_raw_yuan": 498384.25,
      "economic_reward_scale_yuan": 3151704.8194007874,
      "lagrange_multiplier": 0.0,
      "cost_budget": 1.0,
      "cost_budget_raw": 0.02,
      "cost_budget_normalized": 1.0,
      "algorithm_cost_mode": "separate_cost",
      "fixed_cost_penalty_coef": 0.0,
      "log_std_max": -2.3,
      "accepted": true,
      "mode": "reward",
      "reward_before": -1.654910732895587e-07,
      "reward_after": 0.07606812566518784,
      "cost_before": 0.7939456701278687,
      "cost_after": 0.7090232372283936,
      "kl_before": -2.384185791015625e-07,
      "kl_after": 0.004994816612452269,
      "cost_gap": -0.20605432987213135,
      "cost_recoverable": true,
      "cost_quadratic": 403.0096435546875,
      "reward_quadratic": 0.6236008405685425,
      "reward_cost_cross": -0.7485071420669556,
      "max_linear_cost_drop": 4.015020017657135,
      "rollout_wall_seconds": 2.145050011575222,
      "update_wall_seconds": 1.6080866362899542,
      "total_wall_seconds": 3.753138842061162
    },
    {
      "update": 960,
      "algorithm": "macpo",
      "actor_loss": -0.011218210682272911,
      "reward_critic_loss": 0.00023295886057894677,
      "cost_critic_loss": 1.389394760131836,
      "reward_critic_loss_last": 0.00022601644741371274,
      "cost_critic_loss_last": 1.3541078567504883,
      "critic_epochs": 8,
      "daily_voltage_cost": 0.033110611140728,
      "daily_voltage_cost_raw": 0.033110611140728,
      "daily_voltage_cost_normalized": 1.6555304527282715,
      "daily_economic_return_raw_yuan": -471500.8125,
      "daily_economic_return_normalized": -0.14960183203220367,
      "daily_economic_cost_raw_yuan": 471500.8125,
      "economic_reward_scale_yuan": 3151704.8194007874,
      "lagrange_multiplier": 0.0,
      "cost_budget": 1.0,
      "cost_budget_raw": 0.02,
      "cost_budget_normalized": 1.0,
      "algorithm_cost_mode": "separate_cost",
      "fixed_cost_penalty_coef": 0.0,
      "log_std_max": -2.3,
      "accepted": true,
      "mode": "cost_recovery",
      "reward_before": 1.0136849226682898e-07,
      "reward_after": 0.011218210682272911,
      "cost_before": 1.6555341482162476,
      "cost_after": -7.656266689300537,
      "kl_before": -2.384185791015625e-07,
      "kl_after": 0.01995116099715233,
      "cost_gap": 0.6555341482162476,
      "cost_recoverable": true,
      "cost_quadratic": 2781.40478515625,
      "reward_quadratic": 0.48554715514183044,
      "reward_cost_cross": -2.3578522205352783,
      "max_linear_cost_drop": 10.547805051585376,
      "rollout_wall_seconds": 1.906212866306305,
      "update_wall_seconds": 1.6572351325303316,
      "total_wall_seconds": 3.563449928537011
    },
    {
      "update": 961,
      "algorithm": "macpo",
      "actor_loss": -0.13838894665241241,
      "reward_critic_loss": 0.0002681126934476197,
      "cost_critic_loss": 0.42821598052978516,
      "reward_critic_loss_last": 0.00024867456522770226,
      "cost_critic_loss_last": 0.42986294627189636,
      "critic_epochs": 8,
      "daily_voltage_cost": 0.006706355605274439,
      "daily_voltage_cost_raw": 0.006706355605274439,
      "daily_voltage_cost_normalized": 0.33531779050827026,
      "daily_economic_return_raw_yuan": -500963.84375,
      "daily_economic_return_normalized": -0.15895012021064758,
      "daily_economic_cost_raw_yuan": 500963.84375,
      "economic_reward_scale_yuan": 3151704.8194007874,
      "lagrange_multiplier": 0.0,
      "cost_budget": 1.0,
      "cost_budget_raw": 0.02,
      "cost_budget_normalized": 1.0,
      "algorithm_cost_mode": "separate_cost",
      "fixed_cost_penalty_coef": 0.0,
      "log_std_max": -2.3,
      "accepted": true,
      "mode": "reward",
      "reward_before": -1.3763627748630824e-07,
      "reward_after": 0.13838894665241241,
      "cost_before": 0.3353206515312195,
      "cost_after": 0.5128509402275085,
      "kl_before": -2.384185791015625e-07,
      "kl_after": 0.019966449588537216,
      "cost_gap": -0.6646793484687805,
      "cost_recoverable": true,
      "cost_quadratic": 1092.8251953125,
      "reward_quadratic": 0.5208027362823486,
      "reward_cost_cross": 0.6326532363891602,
      "max_linear_cost_drop": 6.611581339777951,
      "rollout_wall_seconds": 2.2345238719135523,
      "update_wall_seconds": 1.7993656042963266,
      "total_wall_seconds": 4.033892275765538
    },
    {
      "update": 962,
      "algorithm": "macpo",
      "actor_loss": -0.13992144167423248,
      "reward_critic_loss": 0.00023858631902839988,
      "cost_critic_loss": 0.109296053647995,
      "reward_critic_loss_last": 0.00022614875342696905,
      "cost_critic_loss_last": 0.10322310030460358,
      "critic_epochs": 8,
      "daily_voltage_cost": 0.005880263168364763,
      "daily_voltage_cost_raw": 0.005880263168364763,
      "daily_voltage_cost_normalized": 0.29401320219039917,
      "daily_economic_return_raw_yuan": -489352.46875,
      "daily_economic_return_normalized": -0.1552659571170807,
      "daily_economic_cost_raw_yuan": 489352.46875,
      "economic_reward_scale_yuan": 3151704.8194007874,
      "lagrange_multiplier": 0.0,
      "cost_budget": 1.0,
      "cost_budget_raw": 0.02,
      "cost_budget_normalized": 1.0,
      "algorithm_cost_mode": "separate_cost",
      "fixed_cost_penalty_coef": 0.0,
      "log_std_max": -2.3,
      "accepted": true,
      "mode": "reward",
      "reward_before": -1.0956767937386758e-08,
      "reward_after": 0.13992144167423248,
      "cost_before": 0.2940189838409424,
      "cost_after": 0.34432825446128845,
      "kl_before": -2.384185791015625e-07,
      "kl_after": 0.019970066845417023,
      "cost_gap": -0.7059810161590576,
      "cost_recoverable": true,
      "cost_quadratic": 202.05430603027344,
      "reward_quadratic": 0.48880642652511597,
      "reward_cost_cross": 0.7040915489196777,
      "max_linear_cost_drop": 2.842916150928644,
      "rollout_wall_seconds": 2.273870477452874,
      "update_wall_seconds": 1.886237708851695,
      "total_wall_seconds": 4.160110605880618
    },
    {
      "update": 963,
      "algorithm": "macpo",
      "actor_loss": -0.15519949793815613,
      "reward_critic_loss": 0.0003032734675798565,
      "cost_critic_loss": 0.05170676112174988,
      "reward_critic_loss_last": 0.00030331406742334366,
      "cost_critic_loss_last": 0.04537033289670944,
      "critic_epochs": 8,
      "daily_voltage_cost": 0.0004793947155121714,
      "daily_voltage_cost_raw": 0.0004793947155121714,
      "daily_voltage_cost_normalized": 0.0239697378128767,
      "daily_economic_return_raw_yuan": -340260.53125,
      "daily_economic_return_normalized": -0.1079607903957367,
      "daily_economic_cost_raw_yuan": 340260.53125,
      "economic_reward_scale_yuan": 3151704.8194007874,
      "lagrange_multiplier": 0.0,
      "cost_budget": 1.0,
      "cost_budget_raw": 0.02,
      "cost_budget_normalized": 1.0,
      "algorithm_cost_mode": "separate_cost",
      "fixed_cost_penalty_coef": 0.0,
      "log_std_max": -2.3,
      "accepted": true,
      "mode": "reward",
      "reward_before": -1.4183076757490198e-07,
      "reward_after": 0.15519949793815613,
      "cost_before": 0.023970436304807663,
      "cost_after": -0.25944003462791443,
      "kl_before": -2.384185791015625e-07,
      "kl_after": 0.019992956891655922,
      "cost_gap": -0.9760295636951923,
      "cost_recoverable": true,
      "cost_quadratic": 97.73635864257812,
      "reward_quadratic": 0.6310425996780396,
      "reward_cost_cross": -0.7082200050354004,
      "max_linear_cost_drop": 1.9772340138949474,
      "rollout_wall_seconds": 2.503350455313921,
      "update_wall_seconds": 1.9415115639567375,
      "total_wall_seconds": 4.44486391544342
    },
    {
      "update": 964,
      "algorithm": "macpo",
      "actor_loss": -0.0610419362783432,
      "reward_critic_loss": 0.00018752038886304945,
      "cost_critic_loss": 0.25205758213996887,
      "reward_critic_loss_last": 0.0001858249306678772,
      "cost_critic_loss_last": 0.24185329675674438,
      "critic_epochs": 8,
      "daily_voltage_cost": 0.011234398931264877,
      "daily_voltage_cost_raw": 0.011234398931264877,
      "daily_voltage_cost_normalized": 0.5617199540138245,
      "daily_economic_return_raw_yuan": -452436.40625,
      "daily_economic_return_normalized": -0.14355291426181793,
      "daily_economic_cost_raw_yuan": 452436.40625,
      "economic_reward_scale_yuan": 3151704.8194007874,
      "lagrange_multiplier": 0.0,
      "cost_budget": 1.0,
      "cost_budget_raw": 0.02,
      "cost_budget_normalized": 1.0,
      "algorithm_cost_mode": "separate_cost",
      "fixed_cost_penalty_coef": 0.0,
      "log_std_max": -2.3,
      "accepted": true,
      "mode": "reward",
      "reward_before": -2.16345767967141e-08,
      "reward_after": 0.0610419362783432,
      "cost_before": 0.5617263913154602,
      "cost_after": 0.2935749590396881,
      "kl_before": -2.384185791015625e-07,
      "kl_after": 0.004980029072612524,
      "cost_gap": -0.4382736086845398,
      "cost_recoverable": true,
      "cost_quadratic": 539.7218017578125,
      "reward_quadratic": 0.364818274974823,
      "reward_cost_cross": -2.0534415245056152,
      "max_linear_cost_drop": 4.6463826865974465,
      "rollout_wall_seconds": 2.3997141644358635,
      "update_wall_seconds": 1.8185125887393951,
      "total_wall_seconds": 4.2182286493480206
    },
    {
      "update": 965,
      "algorithm": "macpo",
      "actor_loss": -0.13719040155410767,
      "reward_critic_loss": 0.00020474368648137897,
      "cost_critic_loss": 0.4887264668941498,
      "reward_critic_loss_last": 0.00018539102165959775,
      "cost_critic_loss_last": 0.4884116053581238,
      "critic_epochs": 8,
      "daily_voltage_cost": 0.016955316066741943,
      "daily_voltage_cost_raw": 0.016955316066741943,
      "daily_voltage_cost_normalized": 0.8477658033370972,
      "daily_economic_return_raw_yuan": -437147.03125,
      "daily_economic_return_normalized": -0.13870176672935486,
      "daily_economic_cost_raw_yuan": 437147.03125,
      "economic_reward_scale_yuan": 3151704.8194007874,
      "lagrange_multiplier": 0.0,
      "cost_budget": 1.0,
      "cost_budget_raw": 0.02,
      "cost_budget_normalized": 1.0,
      "algorithm_cost_mode": "separate_cost",
      "fixed_cost_penalty_coef": 0.0,
      "log_std_max": -2.3,
      "accepted": true,
      "mode": "reward",
      "reward_before": -6.578509470500649e-08,
      "reward_after": 0.13719040155410767,
      "cost_before": 0.8477622866630554,
      "cost_after": 0.560559868812561,
      "kl_before": -2.384185791015625e-07,
      "kl_after": 0.019956890493631363,
      "cost_gap": -0.15223771333694458,
      "cost_recoverable": true,
      "cost_quadratic": 987.5145263671875,
      "reward_quadratic": 0.423463374376297,
      "reward_cost_cross": -1.4996974468231201,
      "max_linear_cost_drop": 6.284948771047183,
      "rollout_wall_seconds": 2.154945468530059,
      "update_wall_seconds": 1.6275689676404,
      "total_wall_seconds": 3.7825163397938013
    },
    {
      "update": 966,
      "algorithm": "macpo",
      "actor_loss": -0.13136297464370728,
      "reward_critic_loss": 0.00027402525302022696,
      "cost_critic_loss": 0.48762425780296326,
      "reward_critic_loss_last": 0.0002485123695805669,
      "cost_critic_loss_last": 0.4852449893951416,
      "critic_epochs": 8,
      "daily_voltage_cost": 0.01601501926779747,
      "daily_voltage_cost_raw": 0.01601501926779747,
      "daily_voltage_cost_normalized": 0.8007509708404541,
      "daily_economic_return_raw_yuan": -462698.84375,
      "daily_economic_return_normalized": -0.14680907130241394,
      "daily_economic_cost_raw_yuan": 462698.84375,
      "economic_reward_scale_yuan": 3151704.8194007874,
      "lagrange_multiplier": 0.0,
      "cost_budget": 1.0,
      "cost_budget_raw": 0.02,
      "cost_budget_normalized": 1.0,
      "algorithm_cost_mode": "separate_cost",
      "fixed_cost_penalty_coef": 0.0,
      "log_std_max": -2.3,
      "accepted": true,
      "mode": "reward",
      "reward_before": -3.0725999522474012e-09,
      "reward_after": 0.13136297464370728,
      "cost_before": 0.8007482886314392,
      "cost_after": 0.4569030702114105,
      "kl_before": -2.384185791015625e-07,
      "kl_after": 0.01997041143476963,
      "cost_gap": -0.1992517113685608,
      "cost_recoverable": true,
      "cost_quadratic": 1046.6014404296875,
      "reward_quadratic": 0.48139292001724243,
      "reward_cost_cross": -1.1134686470031738,
      "max_linear_cost_drop": 6.470244015273883,
      "rollout_wall_seconds": 2.004882099106908,
      "update_wall_seconds": 1.6849461514502764,
      "total_wall_seconds": 3.689830146729946
    },
    {
      "update": 967,
      "algorithm": "macpo",
      "actor_loss": -0.164481520652771,
      "reward_critic_loss": 0.00034230921301059425,
      "cost_critic_loss": 0.45091503858566284,
      "reward_critic_loss_last": 0.00032364900107495487,
      "cost_critic_loss_last": 0.4407370984554291,
      "critic_epochs": 8,
      "daily_voltage_cost": 0.01952320896089077,
      "daily_voltage_cost_raw": 0.01952320896089077,
      "daily_voltage_cost_normalized": 0.97616046667099,
      "daily_economic_return_raw_yuan": -536595.4375,
      "daily_economic_return_normalized": -0.1702556163072586,
      "daily_economic_cost_raw_yuan": 536595.4375,
      "economic_reward_scale_yuan": 3151704.8194007874,
      "lagrange_multiplier": 0.0,
      "cost_budget": 1.0,
      "cost_budget_raw": 0.02,
      "cost_budget_normalized": 1.0,
      "algorithm_cost_mode": "separate_cost",
      "fixed_cost_penalty_coef": 0.0,
      "log_std_max": -2.3,
      "accepted": true,
      "mode": "reward",
      "reward_before": -1.2556408535147057e-07,
      "reward_after": 0.164481520652771,
      "cost_before": 0.9761605858802795,
      "cost_after": 0.5765235424041748,
      "kl_before": -2.384185791015625e-07,
      "kl_after": 0.019968200474977493,
      "cost_gap": -0.02383941411972046,
      "cost_recoverable": true,
      "cost_quadratic": 839.9886474609375,
      "reward_quadratic": 0.6935303211212158,
      "reward_cost_cross": -1.3919334411621094,
      "max_linear_cost_drop": 5.7965115283623385,
      "rollout_wall_seconds": 2.188652005046606,
      "update_wall_seconds": 1.8965928722172976,
      "total_wall_seconds": 4.0852470975369215
    },
    {
      "update": 968,
      "algorithm": "macpo",
      "actor_loss": -0.06997213512659073,
      "reward_critic_loss": 0.0002469284227117896,
      "cost_critic_loss": 0.39202556014060974,
      "reward_critic_loss_last": 0.00023637797858100384,
      "cost_critic_loss_last": 0.39118242263793945,
      "critic_epochs": 8,
      "daily_voltage_cost": 0.018881354480981827,
      "daily_voltage_cost_raw": 0.018881354480981827,
      "daily_voltage_cost_normalized": 0.9440677165985107,
      "daily_economic_return_raw_yuan": -481849.375,
      "daily_economic_return_normalized": -0.1528853178024292,
      "daily_economic_cost_raw_yuan": 481849.375,
      "economic_reward_scale_yuan": 3151704.8194007874,
      "lagrange_multiplier": 0.0,
      "cost_budget": 1.0,
      "cost_budget_raw": 0.02,
      "cost_budget_normalized": 1.0,
      "algorithm_cost_mode": "separate_cost",
      "fixed_cost_penalty_coef": 0.0,
      "log_std_max": -2.3,
      "accepted": true,
      "mode": "constrained_reward",
      "reward_before": 7.223486875318486e-08,
      "reward_after": 0.06997213512659073,
      "cost_before": 0.9440748691558838,
      "cost_after": 0.9915036559104919,
      "kl_before": -2.384185791015625e-07,
      "kl_after": 0.005013470072299242,
      "cost_gap": -0.05592513084411621,
      "cost_recoverable": true,
      "cost_quadratic": 737.5096435546875,
      "reward_quadratic": 0.4657132923603058,
      "reward_cost_cross": 0.6900341510772705,
      "max_linear_cost_drop": 5.431425755930712,
      "rollout_wall_seconds": 2.290779436007142,
      "update_wall_seconds": 1.8579049799591303,
      "total_wall_seconds": 4.148686600849032
    },
    {
      "update": 969,
      "algorithm": "macpo",
      "actor_loss": -0.0753277912735939,
      "reward_critic_loss": 0.00025080383056774735,
      "cost_critic_loss": 0.5504497289657593,
      "reward_critic_loss_last": 0.00019528076518326998,
      "cost_critic_loss_last": 0.5437569618225098,
      "critic_epochs": 8,
      "daily_voltage_cost": 0.01388015877455473,
      "daily_voltage_cost_raw": 0.01388015877455473,
      "daily_voltage_cost_normalized": 0.6940079927444458,
      "daily_economic_return_raw_yuan": -314281.34375,
      "daily_economic_return_normalized": -0.0997178852558136,
      "daily_economic_cost_raw_yuan": 314281.34375,
      "economic_reward_scale_yuan": 3151704.8194007874,
      "lagrange_multiplier": 0.0,
      "cost_budget": 1.0,
      "cost_budget_raw": 0.02,
      "cost_budget_normalized": 1.0,
      "algorithm_cost_mode": "separate_cost",
      "fixed_cost_penalty_coef": 0.0,
      "log_std_max": -2.3,
      "accepted": true,
      "mode": "constrained_reward",
      "reward_before": -8.651947780435876e-08,
      "reward_after": 0.0753277912735939,
      "cost_before": 0.6940033435821533,
      "cost_after": 0.8221434950828552,
      "kl_before": -2.384185791015625e-07,
      "kl_after": 0.005023321136832237,
      "cost_gap": -0.3059966564178467,
      "cost_recoverable": true,
      "cost_quadratic": 1746.383056640625,
      "reward_quadratic": 0.5279724597930908,
      "reward_cost_cross": 2.9759998321533203,
      "max_linear_cost_drop": 8.357949644836646,
      "rollout_wall_seconds": 2.2853455264121294,
      "update_wall_seconds": 2.0768576227128506,
      "total_wall_seconds": 4.362205244600773
    },
    {
      "update": 970,
      "algorithm": "macpo",
      "actor_loss": -0.07831963151693344,
      "reward_critic_loss": 0.0002872926997952163,
      "cost_critic_loss": 0.3669651746749878,
      "reward_critic_loss_last": 0.0002680362667888403,
      "cost_critic_loss_last": 0.35093462467193604,
      "critic_epochs": 8,
      "daily_voltage_cost": 0.009034545160830021,
      "daily_voltage_cost_raw": 0.009034545160830021,
      "daily_voltage_cost_normalized": 0.4517272412776947,
      "daily_economic_return_raw_yuan": -437802.71875,
      "daily_economic_return_normalized": -0.13890981674194336,
      "daily_economic_cost_raw_yuan": 437802.71875,
      "economic_reward_scale_yuan": 3151704.8194007874,
      "lagrange_multiplier": 0.0,
      "cost_budget": 1.0,
      "cost_budget_raw": 0.02,
      "cost_budget_normalized": 1.0,
      "algorithm_cost_mode": "separate_cost",
      "fixed_cost_penalty_coef": 0.0,
      "log_std_max": -2.3,
      "accepted": true,
      "mode": "constrained_reward",
      "reward_before": 4.431542066640759e-08,
      "reward_after": 0.07831963151693344,
      "cost_before": 0.45172351598739624,
      "cost_after": 0.677245020866394,
      "kl_before": -2.384185791015625e-07,
      "kl_after": 0.005046018399298191,
      "cost_gap": -0.5482764840126038,
      "cost_recoverable": true,
      "cost_quadratic": 1033.068603515625,
      "reward_quadratic": 0.6721574664115906,
      "reward_cost_cross": 5.535534858703613,
      "max_linear_cost_drop": 6.428276918477065,
      "rollout_wall_seconds": 2.093494748696685,
      "update_wall_seconds": 1.8056529518216848,
      "total_wall_seconds": 3.8991502318531275
    },
    {
      "update": 971,
      "algorithm": "macpo",
      "actor_loss": -0.1541845202445984,
      "reward_critic_loss": 0.00032518600346520543,
      "cost_critic_loss": 0.3322179913520813,
      "reward_critic_loss_last": 0.000306559115415439,
      "cost_critic_loss_last": 0.3036724925041199,
      "critic_epochs": 8,
      "daily_voltage_cost": 0.004876307677477598,
      "daily_voltage_cost_raw": 0.004876307677477598,
      "daily_voltage_cost_normalized": 0.24381539225578308,
      "daily_economic_return_raw_yuan": -422051.875,
      "daily_economic_return_normalized": -0.13391225039958954,
      "daily_economic_cost_raw_yuan": 422051.875,
      "economic_reward_scale_yuan": 3151704.8194007874,
      "lagrange_multiplier": 0.0,
      "cost_budget": 1.0,
      "cost_budget_raw": 0.02,
      "cost_budget_normalized": 1.0,
      "algorithm_cost_mode": "separate_cost",
      "fixed_cost_penalty_coef": 0.0,
      "log_std_max": -2.3,
      "accepted": true,
      "mode": "reward",
      "reward_before": 8.516725102936107e-08,
      "reward_after": 0.1541845202445984,
      "cost_before": 0.24380899965763092,
      "cost_after": 0.18358765542507172,
      "kl_before": -2.384185791015625e-07,
      "kl_after": 0.019991885870695114,
      "cost_gap": -0.7561910003423691,
      "cost_recoverable": true,
      "cost_quadratic": 927.271484375,
      "reward_quadratic": 0.6120604872703552,
      "reward_cost_cross": 0.02307194471359253,
      "max_linear_cost_drop": 6.090226545457894,
      "rollout_wall_seconds": 2.0699178390204906,
      "update_wall_seconds": 1.5149388816207647,
      "total_wall_seconds": 3.58485889993608
    },
    {
      "update": 972,
      "algorithm": "macpo",
      "actor_loss": -0.07425879687070847,
      "reward_critic_loss": 0.00030550971860066056,
      "cost_critic_loss": 0.2694331407546997,
      "reward_critic_loss_last": 0.0002992813824675977,
      "cost_critic_loss_last": 0.2671270966529846,
      "critic_epochs": 8,
      "daily_voltage_cost": 0.00994288083165884,
      "daily_voltage_cost_raw": 0.00994288083165884,
      "daily_voltage_cost_normalized": 0.49714407324790955,
      "daily_economic_return_raw_yuan": -424805.71875,
      "daily_economic_return_normalized": -0.13478600978851318,
      "daily_economic_cost_raw_yuan": 424805.71875,
      "economic_reward_scale_yuan": 3151704.8194007874,
      "lagrange_multiplier": 0.0,
      "cost_budget": 1.0,
      "cost_budget_raw": 0.02,
      "cost_budget_normalized": 1.0,
      "algorithm_cost_mode": "separate_cost",
      "fixed_cost_penalty_coef": 0.0,
      "log_std_max": -2.3,
      "accepted": true,
      "mode": "reward",
      "reward_before": 2.0115801646625187e-07,
      "reward_after": 0.07425879687070847,
      "cost_before": 0.4971369504928589,
      "cost_after": 0.4412865936756134,
      "kl_before": -2.384185791015625e-07,
      "kl_after": 0.005003022961318493,
      "cost_gap": -0.5028630495071411,
      "cost_recoverable": true,
      "cost_quadratic": 531.2625732421875,
      "reward_quadratic": 0.5493167638778687,
      "reward_cost_cross": -0.2171923667192459,
      "max_linear_cost_drop": 4.609826778707363,
      "rollout_wall_seconds": 1.8253605626523495,
      "update_wall_seconds": 1.4002245478332043,
      "total_wall_seconds": 3.2255868576467037
    },
    {
      "update": 973,
      "algorithm": "macpo",
      "actor_loss": 0.01976393349468708,
      "reward_critic_loss": 0.0003295356291346252,
      "cost_critic_loss": 0.5815401077270508,
      "reward_critic_loss_last": 0.00032450558501295745,
      "cost_critic_loss_last": 0.5815931558609009,
      "critic_epochs": 8,
      "daily_voltage_cost": 0.020825596526265144,
      "daily_voltage_cost_raw": 0.020825596526265144,
      "daily_voltage_cost_normalized": 1.041279911994934,
      "daily_economic_return_raw_yuan": -562262.6875,
      "daily_economic_return_normalized": -0.17839954793453217,
      "daily_economic_cost_raw_yuan": 562262.6875,
      "economic_reward_scale_yuan": 3151704.8194007874,
      "lagrange_multiplier": 0.0,
      "cost_budget": 1.0,
      "cost_budget_raw": 0.02,
      "cost_budget_normalized": 1.0,
      "algorithm_cost_mode": "separate_cost",
      "fixed_cost_penalty_coef": 0.0,
      "log_std_max": -2.3,
      "accepted": true,
      "mode": "cost_recovery",
      "reward_before": -3.41915544765925e-08,
      "reward_after": -0.01976393349468708,
      "cost_before": 1.0412641763687134,
      "cost_after": -4.843408584594727,
      "kl_before": -2.384185791015625e-07,
      "kl_after": 0.01997457817196846,
      "cost_gap": 0.04126417636871338,
      "cost_recoverable": true,
      "cost_quadratic": 1121.956298828125,
      "reward_quadratic": 0.4872676432132721,
      "reward_cost_cross": 2.712839126586914,
      "max_linear_cost_drop": 6.699123222715418,
      "rollout_wall_seconds": 1.5271751806139946,
      "update_wall_seconds": 1.512570708990097,
      "total_wall_seconds": 3.039747904986143
    },
    {
      "update": 974,
      "algorithm": "macpo",
      "actor_loss": -0.08209246397018433,
      "reward_critic_loss": 0.00028940002084709704,
      "cost_critic_loss": 0.050146959722042084,
      "reward_critic_loss_last": 0.00028345754253678024,
      "cost_critic_loss_last": 0.04943746328353882,
      "critic_epochs": 8,
      "daily_voltage_cost": 0.001302554039284587,
      "daily_voltage_cost_raw": 0.001302554039284587,
      "daily_voltage_cost_normalized": 0.06512770056724548,
      "daily_economic_return_raw_yuan": -343885.375,
      "daily_economic_return_normalized": -0.10911090672016144,
      "daily_economic_cost_raw_yuan": 343885.375,
      "economic_reward_scale_yuan": 3151704.8194007874,
      "lagrange_multiplier": 0.0,
      "cost_budget": 1.0,
      "cost_budget_raw": 0.02,
      "cost_budget_normalized": 1.0,
      "algorithm_cost_mode": "separate_cost",
      "fixed_cost_penalty_coef": 0.0,
      "log_std_max": -2.3,
      "accepted": true,
      "mode": "reward",
      "reward_before": -4.3648817893426894e-10,
      "reward_after": 0.08209246397018433,
      "cost_before": 0.06512638926506042,
      "cost_after": -0.04943409562110901,
      "kl_before": -2.384185791015625e-07,
      "kl_after": 0.005000932142138481,
      "cost_gap": -0.9348736107349396,
      "cost_recoverable": true,
      "cost_quadratic": 99.2779312133789,
      "reward_quadratic": 0.6880378127098083,
      "reward_cost_cross": -0.8039802312850952,
      "max_linear_cost_drop": 1.9927662302776903,
      "rollout_wall_seconds": 1.7773002553731203,
      "update_wall_seconds": 1.4927031341940165,
      "total_wall_seconds": 3.2700052801519632
    },
    {
      "update": 975,
      "algorithm": "macpo",
      "actor_loss": -0.06842271238565445,
      "reward_critic_loss": 0.0002652155817486346,
      "cost_critic_loss": 0.3935072422027588,
      "reward_critic_loss_last": 0.0002593799727037549,
      "cost_critic_loss_last": 0.3883194923400879,
      "critic_epochs": 8,
      "daily_voltage_cost": 0.014213494956493378,
      "daily_voltage_cost_raw": 0.014213494956493378,
      "daily_voltage_cost_normalized": 0.7106747031211853,
      "daily_economic_return_raw_yuan": -542930.125,
      "daily_economic_return_normalized": -0.17226554453372955,
      "daily_economic_cost_raw_yuan": 542930.125,
      "economic_reward_scale_yuan": 3151704.8194007874,
      "lagrange_multiplier": 0.0,
      "cost_budget": 1.0,
      "cost_budget_raw": 0.02,
      "cost_budget_normalized": 1.0,
      "algorithm_cost_mode": "separate_cost",
      "fixed_cost_penalty_coef": 0.0,
      "log_std_max": -2.3,
      "accepted": true,
      "mode": "reward",
      "reward_before": 3.357330911057943e-07,
      "reward_after": 0.06842271238565445,
      "cost_before": 0.7106804251670837,
      "cost_after": 0.5458565950393677,
      "kl_before": -2.384185791015625e-07,
      "kl_after": 0.004984643310308456,
      "cost_gap": -0.28931957483291626,
      "cost_recoverable": true,
      "cost_quadratic": 622.84716796875,
      "reward_quadratic": 0.47120314836502075,
      "reward_cost_cross": -0.9376534223556519,
      "max_linear_cost_drop": 4.991381243578775,
      "rollout_wall_seconds": 1.4925094302743673,
      "update_wall_seconds": 1.4450673460960388,
      "total_wall_seconds": 2.937580732628703
    },
    {
      "update": 976,
      "algorithm": "macpo",
      "actor_loss": -0.07520885020494461,
      "reward_critic_loss": 0.0002712731948122382,
      "cost_critic_loss": 0.593019962310791,
      "reward_critic_loss_last": 0.0002608582144603133,
      "cost_critic_loss_last": 0.5764186382293701,
      "critic_epochs": 8,
      "daily_voltage_cost": 0.018907327204942703,
      "daily_voltage_cost_raw": 0.018907327204942703,
      "daily_voltage_cost_normalized": 0.945366382598877,
      "daily_economic_return_raw_yuan": -444852.875,
      "daily_economic_return_normalized": -0.14114674925804138,
      "daily_economic_cost_raw_yuan": 444852.875,
      "economic_reward_scale_yuan": 3151704.8194007874,
      "lagrange_multiplier": 0.0,
      "cost_budget": 1.0,
      "cost_budget_raw": 0.02,
      "cost_budget_normalized": 1.0,
      "algorithm_cost_mode": "separate_cost",
      "fixed_cost_penalty_coef": 0.0,
      "log_std_max": -2.3,
      "accepted": true,
      "mode": "constrained_reward",
      "reward_before": 1.793572721453529e-07,
      "reward_after": 0.07520885020494461,
      "cost_before": 0.9453715085983276,
      "cost_after": 0.9714457988739014,
      "kl_before": -2.384185791015625e-07,
      "kl_after": 0.005020949523895979,
      "cost_gap": -0.05462849140167236,
      "cost_recoverable": true,
      "cost_quadratic": 1275.8011474609375,
      "reward_quadratic": 0.5475124716758728,
      "reward_cost_cross": 0.6838568449020386,
      "max_linear_cost_drop": 7.143671737869644,
      "rollout_wall_seconds": 1.5107858162373304,
      "update_wall_seconds": 1.4007172659039497,
      "total_wall_seconds": 2.911505203694105
    },
    {
      "update": 977,
      "algorithm": "macpo",
      "actor_loss": -0.09063124656677246,
      "reward_critic_loss": 0.0004650723421946168,
      "cost_critic_loss": 0.7642490863800049,
      "reward_critic_loss_last": 0.0003928314836230129,
      "cost_critic_loss_last": 0.7567111849784851,
      "critic_epochs": 8,
      "daily_voltage_cost": 0.01913459226489067,
      "daily_voltage_cost_raw": 0.01913459226489067,
      "daily_voltage_cost_normalized": 0.956729531288147,
      "daily_economic_return_raw_yuan": -506520.34375,
      "daily_economic_return_normalized": -0.16071313619613647,
      "daily_economic_cost_raw_yuan": 506520.34375,
      "economic_reward_scale_yuan": 3151704.8194007874,
      "lagrange_multiplier": 0.0,
      "cost_budget": 1.0,
      "cost_budget_raw": 0.02,
      "cost_budget_normalized": 1.0,
      "algorithm_cost_mode": "separate_cost",
      "fixed_cost_penalty_coef": 0.0,
      "log_std_max": -2.3,
      "accepted": true,
      "mode": "constrained_reward",
      "reward_before": 3.995805641920924e-08,
      "reward_after": 0.09063124656677246,
      "cost_before": 0.9567316174507141,
      "cost_after": 0.965290367603302,
      "kl_before": -2.384185791015625e-07,
      "kl_after": 0.0050156330689787865,
      "cost_gap": -0.04326838254928589,
      "cost_recoverable": true,
      "cost_quadratic": 1287.8056640625,
      "reward_quadratic": 0.893383264541626,
      "reward_cost_cross": 3.820575714111328,
      "max_linear_cost_drop": 7.177201861624069,
      "rollout_wall_seconds": 1.858560860157013,
      "update_wall_seconds": 1.5182025376707315,
      "total_wall_seconds": 3.3767655920237303
    },
    {
      "update": 978,
      "algorithm": "macpo",
      "actor_loss": -0.04258930683135986,
      "reward_critic_loss": 0.00032975347130559385,
      "cost_critic_loss": 0.3008750081062317,
      "reward_critic_loss_last": 0.0002812073507811874,
      "cost_critic_loss_last": 0.30114543437957764,
      "critic_epochs": 8,
      "daily_voltage_cost": 0.0182062815874815,
      "daily_voltage_cost_raw": 0.0182062815874815,
      "daily_voltage_cost_normalized": 0.9103140830993652,
      "daily_economic_return_raw_yuan": -449814.34375,
      "daily_economic_return_normalized": -0.14272096753120422,
      "daily_economic_cost_raw_yuan": 449814.34375,
      "economic_reward_scale_yuan": 3151704.8194007874,
      "lagrange_multiplier": 0.0,
      "cost_budget": 1.0,
      "cost_budget_raw": 0.02,
      "cost_budget_normalized": 1.0,
      "algorithm_cost_mode": "separate_cost",
      "fixed_cost_penalty_coef": 0.0,
      "log_std_max": -2.3,
      "accepted": true,
      "mode": "constrained_reward",
      "reward_before": -1.7022928489041078e-07,
      "reward_after": 0.04258930683135986,
      "cost_before": 0.9103149771690369,
      "cost_after": 0.9461978077888489,
      "kl_before": -2.384185791015625e-07,
      "kl_after": 0.0012630496639758348,
      "cost_gap": -0.08968502283096313,
      "cost_recoverable": true,
      "cost_quadratic": 620.6720581054688,
      "reward_quadratic": 0.7089483737945557,
      "reward_cost_cross": 0.5755930542945862,
      "max_linear_cost_drop": 4.982658158475128,
      "rollout_wall_seconds": 2.062587272375822,
      "update_wall_seconds": 1.5661312751471996,
      "total_wall_seconds": 3.6287204790860415
    },
    {
      "update": 979,
      "algorithm": "macpo",
      "actor_loss": -0.1457086205482483,
      "reward_critic_loss": 0.00025706086307764053,
      "cost_critic_loss": 0.167447030544281,
      "reward_critic_loss_last": 0.00025662087136879563,
      "cost_critic_loss_last": 0.1629173308610916,
      "critic_epochs": 8,
      "daily_voltage_cost": 0.010056805796921253,
      "daily_voltage_cost_raw": 0.010056805796921253,
      "daily_voltage_cost_normalized": 0.5028402805328369,
      "daily_economic_return_raw_yuan": -508157.28125,
      "daily_economic_return_normalized": -0.16123251616954803,
      "daily_economic_cost_raw_yuan": 508157.28125,
      "economic_reward_scale_yuan": 3151704.8194007874,
      "lagrange_multiplier": 0.0,
      "cost_budget": 1.0,
      "cost_budget_raw": 0.02,
      "cost_budget_normalized": 1.0,
      "algorithm_cost_mode": "separate_cost",
      "fixed_cost_penalty_coef": 0.0,
      "log_std_max": -2.3,
      "accepted": true,
      "mode": "reward",
      "reward_before": -6.633843696590702e-09,
      "reward_after": 0.1457086205482483,
      "cost_before": 0.5028402209281921,
      "cost_after": 0.4548000395298004,
      "kl_before": -2.384185791015625e-07,
      "kl_after": 0.019903961569070816,
      "cost_gap": -0.49715977907180786,
      "cost_recoverable": true,
      "cost_quadratic": 319.6103820800781,
      "reward_quadratic": 0.47577953338623047,
      "reward_cost_cross": 0.840501070022583,
      "max_linear_cost_drop": 3.575530070241771,
      "rollout_wall_seconds": 2.091445127502084,
      "update_wall_seconds": 1.6001016274094582,
      "total_wall_seconds": 3.6915488820523024
    },
    {
      "update": 980,
      "algorithm": "macpo",
      "actor_loss": -0.13398195803165436,
      "reward_critic_loss": 0.00021580488828476518,
      "cost_critic_loss": 0.03812064602971077,
      "reward_critic_loss_last": 0.00019240092660766095,
      "cost_critic_loss_last": 0.03624510020017624,
      "critic_epochs": 8,
      "daily_voltage_cost": 0.0011134587693959475,
      "daily_voltage_cost_raw": 0.0011134587693959475,
      "daily_voltage_cost_normalized": 0.05567294359207153,
      "daily_economic_return_raw_yuan": -355335.59375,
      "daily_economic_return_normalized": -0.11274393647909164,
      "daily_economic_cost_raw_yuan": 355335.59375,
      "economic_reward_scale_yuan": 3151704.8194007874,
      "lagrange_multiplier": 0.0,
      "cost_budget": 1.0,
      "cost_budget_raw": 0.02,
      "cost_budget_normalized": 1.0,
      "algorithm_cost_mode": "separate_cost",
      "fixed_cost_penalty_coef": 0.0,
      "log_std_max": -2.3,
      "accepted": true,
      "mode": "reward",
      "reward_before": -8.0895560472527e-08,
      "reward_after": 0.13398195803165436,
      "cost_before": 0.055673547089099884,
      "cost_after": -0.10834476351737976,
      "kl_before": -2.384185791015625e-07,
      "kl_after": 0.01997680962085724,
      "cost_gap": -0.9443264529109001,
      "cost_recoverable": true,
      "cost_quadratic": 83.14620971679688,
      "reward_quadratic": 0.4345709979534149,
      "reward_cost_cross": -0.36721229553222656,
      "max_linear_cost_drop": 1.823690869821932,
      "rollout_wall_seconds": 2.293471710756421,
      "update_wall_seconds": 1.7176576275378466,
      "total_wall_seconds": 4.011131515726447
    },
    {
      "update": 981,
      "algorithm": "macpo",
      "actor_loss": -0.02164270542562008,
      "reward_critic_loss": 0.00031098624458536506,
      "cost_critic_loss": 1.6116383075714111,
      "reward_critic_loss_last": 0.0002908519236370921,
      "cost_critic_loss_last": 1.601318120956421,
      "critic_epochs": 8,
      "daily_voltage_cost": 0.027300983667373657,
      "daily_voltage_cost_raw": 0.027300983667373657,
      "daily_voltage_cost_normalized": 1.365049123764038,
      "daily_economic_return_raw_yuan": -428811.59375,
      "daily_economic_return_normalized": -0.1360570341348648,
      "daily_economic_cost_raw_yuan": 428811.59375,
      "economic_reward_scale_yuan": 3151704.8194007874,
      "lagrange_multiplier": 0.0,
      "cost_budget": 1.0,
      "cost_budget_raw": 0.02,
      "cost_budget_normalized": 1.0,
      "algorithm_cost_mode": "separate_cost",
      "fixed_cost_penalty_coef": 0.0,
      "log_std_max": -2.3,
      "accepted": true,
      "mode": "cost_recovery",
      "reward_before": 1.9367068659903452e-07,
      "reward_after": 0.02164270542562008,
      "cost_before": 1.3650398254394531,
      "cost_after": -8.699910163879395,
      "kl_before": -2.384185791015625e-07,
      "kl_after": 0.019913865253329277,
      "cost_gap": 0.3650398254394531,
      "cost_recoverable": true,
      "cost_quadratic": 3940.79296875,
      "reward_quadratic": 0.6554863452911377,
      "reward_cost_cross": -7.398547649383545,
      "max_linear_cost_drop": 12.555147101886142,
      "rollout_wall_seconds": 2.349782168865204,
      "update_wall_seconds": 1.756632937118411,
      "total_wall_seconds": 4.106417294591665
    },
    {
      "update": 982,
      "algorithm": "macpo",
      "actor_loss": -0.06365922093391418,
      "reward_critic_loss": 0.00023678559227846563,
      "cost_critic_loss": 0.05342696234583855,
      "reward_critic_loss_last": 0.00020963646238669753,
      "cost_critic_loss_last": 0.05487077683210373,
      "critic_epochs": 8,
      "daily_voltage_cost": 0.0034508227836340666,
      "daily_voltage_cost_raw": 0.0034508227836340666,
      "daily_voltage_cost_normalized": 0.17254112660884857,
      "daily_economic_return_raw_yuan": -368621.84375,
      "daily_economic_return_normalized": -0.11695951223373413,
      "daily_economic_cost_raw_yuan": 368621.84375,
      "economic_reward_scale_yuan": 3151704.8194007874,
      "lagrange_multiplier": 0.0,
      "cost_budget": 1.0,
      "cost_budget_raw": 0.02,
      "cost_budget_normalized": 1.0,
      "algorithm_cost_mode": "separate_cost",
      "fixed_cost_penalty_coef": 0.0,
      "log_std_max": -2.3,
      "accepted": true,
      "mode": "reward",
      "reward_before": 1.1203206184973169e-07,
      "reward_after": 0.06365922093391418,
      "cost_before": 0.1725429892539978,
      "cost_after": 0.0940818041563034,
      "kl_before": -2.384185791015625e-07,
      "kl_after": 0.004978065844625235,
      "cost_gap": -0.8274570107460022,
      "cost_recoverable": true,
      "cost_quadratic": 89.84884643554688,
      "reward_quadratic": 0.3904716670513153,
      "reward_cost_cross": -0.3188549280166626,
      "max_linear_cost_drop": 1.8957726280917433,
      "rollout_wall_seconds": 2.262948067858815,
      "update_wall_seconds": 1.8319743629544973,
      "total_wall_seconds": 4.09492470882833
    },
    {
      "update": 983,
      "algorithm": "macpo",
      "actor_loss": -0.0764194205403328,
      "reward_critic_loss": 0.0003080196038354188,
      "cost_critic_loss": 0.5449628829956055,
      "reward_critic_loss_last": 0.0002673296839930117,
      "cost_critic_loss_last": 0.5408552885055542,
      "critic_epochs": 8,
      "daily_voltage_cost": 0.014116218313574791,
      "daily_voltage_cost_raw": 0.014116218313574791,
      "daily_voltage_cost_normalized": 0.7058109045028687,
      "daily_economic_return_raw_yuan": -395622.625,
      "daily_economic_return_normalized": -0.1255265474319458,
      "daily_economic_cost_raw_yuan": 395622.625,
      "economic_reward_scale_yuan": 3151704.8194007874,
      "lagrange_multiplier": 0.0,
      "cost_budget": 1.0,
      "cost_budget_raw": 0.02,
      "cost_budget_normalized": 1.0,
      "algorithm_cost_mode": "separate_cost",
      "fixed_cost_penalty_coef": 0.0,
      "log_std_max": -2.3,
      "accepted": true,
      "mode": "constrained_reward",
      "reward_before": -2.2604893956668093e-08,
      "reward_after": 0.0764194205403328,
      "cost_before": 0.7058220505714417,
      "cost_after": 0.8568031787872314,
      "kl_before": -2.384185791015625e-07,
      "kl_after": 0.005012995563447475,
      "cost_gap": -0.29417794942855835,
      "cost_recoverable": true,
      "cost_quadratic": 923.5613403320312,
      "reward_quadratic": 0.6112334728240967,
      "reward_cost_cross": 2.2164955139160156,
      "max_linear_cost_drop": 6.078030405754915,
      "rollout_wall_seconds": 2.177582936361432,
      "update_wall_seconds": 1.8253240045160055,
      "total_wall_seconds": 4.002908751368523
    },
    {
      "update": 984,
      "algorithm": "macpo",
      "actor_loss": -0.1363135427236557,
      "reward_critic_loss": 0.0002035885554505512,
      "cost_critic_loss": 0.6048812866210938,
      "reward_critic_loss_last": 0.00019628122390713543,
      "cost_critic_loss_last": 0.5980538725852966,
      "critic_epochs": 8,
      "daily_voltage_cost": 0.013001860119402409,
      "daily_voltage_cost_raw": 0.013001860119402409,
      "daily_voltage_cost_normalized": 0.6500930190086365,
      "daily_economic_return_raw_yuan": -448503.59375,
      "daily_economic_return_normalized": -0.14230507612228394,
      "daily_economic_cost_raw_yuan": 448503.59375,
      "economic_reward_scale_yuan": 3151704.8194007874,
      "lagrange_multiplier": 0.0,
      "cost_budget": 1.0,
      "cost_budget_raw": 0.02,
      "cost_budget_normalized": 1.0,
      "algorithm_cost_mode": "separate_cost",
      "fixed_cost_penalty_coef": 0.0,
      "log_std_max": -2.3,
      "accepted": true,
      "mode": "reward",
      "reward_before": -1.2877751487394562e-07,
      "reward_after": 0.1363135427236557,
      "cost_before": 0.650096595287323,
      "cost_after": -1.0469577312469482,
      "kl_before": -2.384185791015625e-07,
      "kl_after": 0.019907789304852486,
      "cost_gap": -0.349903404712677,
      "cost_recoverable": true,
      "cost_quadratic": 1223.6422119140625,
      "reward_quadratic": 0.41046643257141113,
      "reward_cost_cross": -5.934413433074951,
      "max_linear_cost_drop": 6.996119529893876,
      "rollout_wall_seconds": 2.139563921838999,
      "update_wall_seconds": 1.567401772364974,
      "total_wall_seconds": 3.7069675605744123
    },
    {
      "update": 985,
      "algorithm": "macpo",
      "actor_loss": -0.07360320538282394,
      "reward_critic_loss": 0.0002783775853458792,
      "cost_critic_loss": 0.1547427773475647,
      "reward_critic_loss_last": 0.00027716203476302326,
      "cost_critic_loss_last": 0.15467821061611176,
      "critic_epochs": 8,
      "daily_voltage_cost": 0.008732015267014503,
      "daily_voltage_cost_raw": 0.008732015267014503,
      "daily_voltage_cost_normalized": 0.43660083413124084,
      "daily_economic_return_raw_yuan": -419472.84375,
      "daily_economic_return_normalized": -0.1330939531326294,
      "daily_economic_cost_raw_yuan": 419472.84375,
      "economic_reward_scale_yuan": 3151704.8194007874,
      "lagrange_multiplier": 0.0,
      "cost_budget": 1.0,
      "cost_budget_raw": 0.02,
      "cost_budget_normalized": 1.0,
      "algorithm_cost_mode": "separate_cost",
      "fixed_cost_penalty_coef": 0.0,
      "log_std_max": -2.3,
      "accepted": true,
      "mode": "reward",
      "reward_before": -2.650376131896337e-07,
      "reward_after": 0.07360320538282394,
      "cost_before": 0.43660905957221985,
      "cost_after": 0.5992740988731384,
      "kl_before": -2.384185791015625e-07,
      "kl_after": 0.005001219920814037,
      "cost_gap": -0.5633909404277802,
      "cost_recoverable": true,
      "cost_quadratic": 339.65966796875,
      "reward_quadratic": 0.5736330151557922,
      "reward_cost_cross": 1.0406947135925293,
      "max_linear_cost_drop": 3.685971611224102,
      "rollout_wall_seconds": 2.005480984225869,
      "update_wall_seconds": 1.5444329045712948,
      "total_wall_seconds": 3.549915984272957
    },
    {
      "update": 986,
      "algorithm": "macpo",
      "actor_loss": -0.07451711595058441,
      "reward_critic_loss": 0.0002994611277244985,
      "cost_critic_loss": 0.22035542130470276,
      "reward_critic_loss_last": 0.0002642056788317859,
      "cost_critic_loss_last": 0.21948319673538208,
      "critic_epochs": 8,
      "daily_voltage_cost": 0.011755790561437607,
      "daily_voltage_cost_raw": 0.011755790561437607,
      "daily_voltage_cost_normalized": 0.5877895355224609,
      "daily_economic_return_raw_yuan": -525813.125,
      "daily_economic_return_normalized": -0.1668345034122467,
      "daily_economic_cost_raw_yuan": 525813.125,
      "economic_reward_scale_yuan": 3151704.8194007874,
      "lagrange_multiplier": 0.0,
      "cost_budget": 1.0,
      "cost_budget_raw": 0.02,
      "cost_budget_normalized": 1.0,
      "algorithm_cost_mode": "separate_cost",
      "fixed_cost_penalty_coef": 0.0,
      "log_std_max": -2.3,
      "accepted": true,
      "mode": "constrained_reward",
      "reward_before": 2.2613889427702816e-08,
      "reward_after": 0.07451711595058441,
      "cost_before": 0.5877872705459595,
      "cost_after": 0.7308943271636963,
      "kl_before": -2.384185791015625e-07,
      "kl_after": 0.005002718418836594,
      "cost_gap": -0.4122127294540405,
      "cost_recoverable": true,
      "cost_quadratic": 405.0274658203125,
      "reward_quadratic": 0.5994258522987366,
      "reward_cost_cross": 2.94281005859375,
      "max_linear_cost_drop": 4.025058835944202,
      "rollout_wall_seconds": 1.99535015784204,
      "update_wall_seconds": 1.4958482217043638,
      "total_wall_seconds": 3.4912001695483923
    },
    {
      "update": 987,
      "algorithm": "macpo",
      "actor_loss": -0.1521143615245819,
      "reward_critic_loss": 0.0003018912975676358,
      "cost_critic_loss": 0.06756820529699326,
      "reward_critic_loss_last": 0.0002964449522551149,
      "cost_critic_loss_last": 0.06746968626976013,
      "critic_epochs": 8,
      "daily_voltage_cost": 0.007402994204312563,
      "daily_voltage_cost_raw": 0.007402994204312563,
      "daily_voltage_cost_normalized": 0.37014973163604736,
      "daily_economic_return_raw_yuan": -529793.5,
      "daily_economic_return_normalized": -0.16809743642807007,
      "daily_economic_cost_raw_yuan": 529793.5,
      "economic_reward_scale_yuan": 3151704.8194007874,
      "lagrange_multiplier": 0.0,
      "cost_budget": 1.0,
      "cost_budget_raw": 0.02,
      "cost_budget_normalized": 1.0,
      "algorithm_cost_mode": "separate_cost",
      "fixed_cost_penalty_coef": 0.0,
      "log_std_max": -2.3,
      "accepted": true,
      "mode": "reward",
      "reward_before": 2.3455609010625267e-08,
      "reward_after": 0.1521143615245819,
      "cost_before": 0.3701471984386444,
      "cost_after": 0.25234097242355347,
      "kl_before": -2.384185791015625e-07,
      "kl_after": 0.01997891627252102,
      "cost_gap": -0.6298528015613556,
      "cost_recoverable": true,
      "cost_quadratic": 142.49618530273438,
      "reward_quadratic": 0.6074801683425903,
      "reward_cost_cross": -0.4192330837249756,
      "max_linear_cost_drop": 2.3874353210316244,
      "rollout_wall_seconds": 2.0013053584843874,
      "update_wall_seconds": 1.4983789566904306,
      "total_wall_seconds": 3.499686287716031
    },
    {
      "update": 988,
      "algorithm": "macpo",
      "actor_loss": -0.13476833701133728,
      "reward_critic_loss": 0.0002507607568986714,
      "cost_critic_loss": 0.3179634213447571,
      "reward_critic_loss_last": 0.00024243110965471715,
      "cost_critic_loss_last": 0.3135044276714325,
      "critic_epochs": 8,
      "daily_voltage_cost": 0.009793009608983994,
      "daily_voltage_cost_raw": 0.009793009608983994,
      "daily_voltage_cost_normalized": 0.4896504878997803,
      "daily_economic_return_raw_yuan": -409962.8125,
      "daily_economic_return_normalized": -0.13007652759552002,
      "daily_economic_cost_raw_yuan": 409962.8125,
      "economic_reward_scale_yuan": 3151704.8194007874,
      "lagrange_multiplier": 0.0,
      "cost_budget": 1.0,
      "cost_budget_raw": 0.02,
      "cost_budget_normalized": 1.0,
      "algorithm_cost_mode": "separate_cost",
      "fixed_cost_penalty_coef": 0.0,
      "log_std_max": -2.3,
      "accepted": true,
      "mode": "reward",
      "reward_before": -2.0082865148651763e-08,
      "reward_after": 0.13476833701133728,
      "cost_before": 0.48964735865592957,
      "cost_after": 0.7881261110305786,
      "kl_before": -2.384185791015625e-07,
      "kl_after": 0.01994059979915619,
      "cost_gap": -0.5103526413440704,
      "cost_recoverable": true,
      "cost_quadratic": 719.1082763671875,
      "reward_quadratic": 0.4328944981098175,
      "reward_cost_cross": 1.3773777484893799,
      "max_linear_cost_drop": 5.36323885862708,
      "rollout_wall_seconds": 2.0893548913300037,
      "update_wall_seconds": 1.7212652750313282,
      "total_wall_seconds": 3.810622699558735
    },
    {
      "update": 989,
      "algorithm": "macpo",
      "actor_loss": -0.1558314859867096,
      "reward_critic_loss": 0.00037350825732573867,
      "cost_critic_loss": 0.04817230999469757,
      "reward_critic_loss_last": 0.0003281614917796105,
      "cost_critic_loss_last": 0.04649979993700981,
      "critic_epochs": 8,
      "daily_voltage_cost": 0.0033713742159307003,
      "daily_voltage_cost_raw": 0.0033713742159307003,
      "daily_voltage_cost_normalized": 0.1685687154531479,
      "daily_economic_return_raw_yuan": -498988.15625,
      "daily_economic_return_normalized": -0.1583232581615448,
      "daily_economic_cost_raw_yuan": 498988.15625,
      "economic_reward_scale_yuan": 3151704.8194007874,
      "lagrange_multiplier": 0.0,
      "cost_budget": 1.0,
      "cost_budget_raw": 0.02,
      "cost_budget_normalized": 1.0,
      "algorithm_cost_mode": "separate_cost",
      "fixed_cost_penalty_coef": 0.0,
      "log_std_max": -2.3,
      "accepted": true,
      "mode": "reward",
      "reward_before": 2.678424948499014e-07,
      "reward_after": 0.1558314859867096,
      "cost_before": 0.1685670018196106,
      "cost_after": 0.7149949073791504,
      "kl_before": -2.384185791015625e-07,
      "kl_after": 0.01992756500840187,
      "cost_gap": -0.8314329981803894,
      "cost_recoverable": true,
      "cost_quadratic": 122.5262680053711,
      "reward_quadratic": 0.712098240852356,
      "reward_cost_cross": 2.6323227882385254,
      "max_linear_cost_drop": 2.2138316829006772,
      "rollout_wall_seconds": 2.3984801284968853,
      "update_wall_seconds": 1.911953428760171,
      "total_wall_seconds": 4.3104357067495584
    },
    {
      "update": 990,
      "algorithm": "macpo",
      "actor_loss": -0.13376541435718536,
      "reward_critic_loss": 0.00020512560149654746,
      "cost_critic_loss": 0.37668055295944214,
      "reward_critic_loss_last": 0.0001989866141229868,
      "cost_critic_loss_last": 0.37663328647613525,
      "critic_epochs": 8,
      "daily_voltage_cost": 0.014002777636051178,
      "daily_voltage_cost_raw": 0.014002777636051178,
      "daily_voltage_cost_normalized": 0.7001388072967529,
      "daily_economic_return_raw_yuan": -508045.0,
      "daily_economic_return_normalized": -0.16119688749313354,
      "daily_economic_cost_raw_yuan": 508045.0,
      "economic_reward_scale_yuan": 3151704.8194007874,
      "lagrange_multiplier": 0.0,
      "cost_budget": 1.0,
      "cost_budget_raw": 0.02,
      "cost_budget_normalized": 1.0,
      "algorithm_cost_mode": "separate_cost",
      "fixed_cost_penalty_coef": 0.0,
      "log_std_max": -2.3,
      "accepted": true,
      "mode": "reward",
      "reward_before": 6.594447654606483e-09,
      "reward_after": 0.13376541435718536,
      "cost_before": 0.7001258134841919,
      "cost_after": -0.10034096240997314,
      "kl_before": -2.384185791015625e-07,
      "kl_after": 0.019977234303951263,
      "cost_gap": -0.2998741865158081,
      "cost_recoverable": true,
      "cost_quadratic": 853.1221923828125,
      "reward_quadratic": 0.43109583854675293,
      "reward_cost_cross": -3.01047945022583,
      "max_linear_cost_drop": 5.841651110372178,
      "rollout_wall_seconds": 2.538097457960248,
      "update_wall_seconds": 1.9419289492070675,
      "total_wall_seconds": 4.480029311031103
    },
    {
      "update": 991,
      "algorithm": "macpo",
      "actor_loss": -0.022518210113048553,
      "reward_critic_loss": 0.00029160978738218546,
      "cost_critic_loss": 1.4128011465072632,
      "reward_critic_loss_last": 0.00028903334168717265,
      "cost_critic_loss_last": 1.403451919555664,
      "critic_epochs": 8,
      "daily_voltage_cost": 0.024475593119859695,
      "daily_voltage_cost_raw": 0.024475593119859695,
      "daily_voltage_cost_normalized": 1.2237796783447266,
      "daily_economic_return_raw_yuan": -459130.4375,
      "daily_economic_return_normalized": -0.145676851272583,
      "daily_economic_cost_raw_yuan": 459130.4375,
      "economic_reward_scale_yuan": 3151704.8194007874,
      "lagrange_multiplier": 0.0,
      "cost_budget": 1.0,
      "cost_budget_raw": 0.02,
      "cost_budget_normalized": 1.0,
      "algorithm_cost_mode": "separate_cost",
      "fixed_cost_penalty_coef": 0.0,
      "log_std_max": -2.3,
      "accepted": true,
      "mode": "cost_recovery",
      "reward_before": 1.8975998727910337e-07,
      "reward_after": 0.022518210113048553,
      "cost_before": 1.223768711090088,
      "cost_after": -6.710887432098389,
      "kl_before": -2.384185791015625e-07,
      "kl_after": 0.019958363845944405,
      "cost_gap": 0.2237687110900879,
      "cost_recoverable": true,
      "cost_quadratic": 2495.017822265625,
      "reward_quadratic": 0.47594547271728516,
      "reward_cost_cross": -7.60938835144043,
      "max_linear_cost_drop": 9.990030675159362,
      "rollout_wall_seconds": 1.5119475778192282,
      "update_wall_seconds": 1.29429180175066,
      "total_wall_seconds": 2.8062412925064564
    },
    {
      "update": 992,
      "algorithm": "macpo",
      "actor_loss": -0.0006667461711913347,
      "reward_critic_loss": 0.00021351528994273394,
      "cost_critic_loss": 0.6243873834609985,
      "reward_critic_loss_last": 0.00021053175441920757,
      "cost_critic_loss_last": 0.6186026334762573,
      "critic_epochs": 8,
      "daily_voltage_cost": 0.02162744104862213,
      "daily_voltage_cost_raw": 0.02162744104862213,
      "daily_voltage_cost_normalized": 1.0813720226287842,
      "daily_economic_return_raw_yuan": -439165.25,
      "daily_economic_return_normalized": -0.13934212923049927,
      "daily_economic_cost_raw_yuan": 439165.25,
      "economic_reward_scale_yuan": 3151704.8194007874,
      "lagrange_multiplier": 0.0,
      "cost_budget": 1.0,
      "cost_budget_raw": 0.02,
      "cost_budget_normalized": 1.0,
      "algorithm_cost_mode": "separate_cost",
      "fixed_cost_penalty_coef": 0.0,
      "log_std_max": -2.3,
      "accepted": true,
      "mode": "cost_recovery",
      "reward_before": -3.2047009312918817e-07,
      "reward_after": 0.0006667461711913347,
      "cost_before": 1.0813806056976318,
      "cost_after": -3.9536030292510986,
      "kl_before": -2.384185791015625e-07,
      "kl_after": 0.019956208765506744,
      "cost_gap": 0.08138060569763184,
      "cost_recoverable": true,
      "cost_quadratic": 1025.513427734375,
      "reward_quadratic": 0.3807770013809204,
      "reward_cost_cross": 1.321953535079956,
      "max_linear_cost_drop": 6.404727715475108,
      "rollout_wall_seconds": 1.075801756232977,
      "update_wall_seconds": 1.0909896716475487,
      "total_wall_seconds": 2.1667931377887726
    },
    {
      "update": 993,
      "algorithm": "macpo",
      "actor_loss": -0.1289687156677246,
      "reward_critic_loss": 0.0002078422112390399,
      "cost_critic_loss": 0.22206930816173553,
      "reward_critic_loss_last": 0.00020358103211037815,
      "cost_critic_loss_last": 0.22125661373138428,
      "critic_epochs": 8,
      "daily_voltage_cost": 0.006792400032281876,
      "daily_voltage_cost_raw": 0.006792400032281876,
      "daily_voltage_cost_normalized": 0.3396199941635132,
      "daily_economic_return_raw_yuan": -372033.375,
      "daily_economic_return_normalized": -0.11804194748401642,
      "daily_economic_cost_raw_yuan": 372033.375,
      "economic_reward_scale_yuan": 3151704.8194007874,
      "lagrange_multiplier": 0.0,
      "cost_budget": 1.0,
      "cost_budget_raw": 0.02,
      "cost_budget_normalized": 1.0,
      "algorithm_cost_mode": "separate_cost",
      "fixed_cost_penalty_coef": 0.0,
      "log_std_max": -2.3,
      "accepted": true,
      "mode": "reward",
      "reward_before": -1.6515187439836154e-07,
      "reward_after": 0.1289687156677246,
      "cost_before": 0.3396145701408386,
      "cost_after": 0.5423180460929871,
      "kl_before": -2.384185791015625e-07,
      "kl_after": 0.019917039200663567,
      "cost_gap": -0.6603854298591614,
      "cost_recoverable": true,
      "cost_quadratic": 462.905029296875,
      "reward_quadratic": 0.4122254252433777,
      "reward_cost_cross": 0.7747671604156494,
      "max_linear_cost_drop": 4.303045569346786,
      "rollout_wall_seconds": 0.8910034075379372,
      "update_wall_seconds": 1.2406152598559856,
      "total_wall_seconds": 2.1316202860325575
    },
    {
      "update": 994,
      "algorithm": "macpo",
      "actor_loss": -0.13491663336753845,
      "reward_critic_loss": 0.0002681167679838836,
      "cost_critic_loss": 0.06927643716335297,
      "reward_critic_loss_last": 0.000260979839367792,
      "cost_critic_loss_last": 0.06814657151699066,
      "critic_epochs": 8,
      "daily_voltage_cost": 0.0048446389846503735,
      "daily_voltage_cost_raw": 0.0048446389846503735,
      "daily_voltage_cost_normalized": 0.24223196506500244,
      "daily_economic_return_raw_yuan": -541016.375,
      "daily_economic_return_normalized": -0.17165833711624146,
      "daily_economic_cost_raw_yuan": 541016.375,
      "economic_reward_scale_yuan": 3151704.8194007874,
      "lagrange_multiplier": 0.0,
      "cost_budget": 1.0,
      "cost_budget_raw": 0.02,
      "cost_budget_normalized": 1.0,
      "algorithm_cost_mode": "separate_cost",
      "fixed_cost_penalty_coef": 0.0,
      "log_std_max": -2.3,
      "accepted": true,
      "mode": "reward",
      "reward_before": -2.196126303033452e-08,
      "reward_after": 0.13491663336753845,
      "cost_before": 0.2422313690185547,
      "cost_after": 0.2974497377872467,
      "kl_before": -2.384185791015625e-07,
      "kl_after": 0.019995521754026413,
      "cost_gap": -0.7577686309814453,
      "cost_recoverable": true,
      "cost_quadratic": 137.84521484375,
      "reward_quadratic": 0.48678863048553467,
      "reward_cost_cross": 0.4070872366428375,
      "max_linear_cost_drop": 2.3481500364648764,
      "rollout_wall_seconds": 1.073611544445157,
      "update_wall_seconds": 1.265258215367794,
      "total_wall_seconds": 2.338871371001005
    },
    {
      "update": 995,
      "algorithm": "macpo",
      "actor_loss": -0.13440442085266113,
      "reward_critic_loss": 0.0002727335086092353,
      "cost_critic_loss": 0.09718720614910126,
      "reward_critic_loss_last": 0.00023904070258140564,
      "cost_critic_loss_last": 0.09713517874479294,
      "critic_epochs": 8,
      "daily_voltage_cost": 0.007418566383421421,
      "daily_voltage_cost_raw": 0.007418566383421421,
      "daily_voltage_cost_normalized": 0.3709283471107483,
      "daily_economic_return_raw_yuan": -544059.8125,
      "daily_economic_return_normalized": -0.17262397706508636,
      "daily_economic_cost_raw_yuan": 544059.8125,
      "economic_reward_scale_yuan": 3151704.8194007874,
      "lagrange_multiplier": 0.0,
      "cost_budget": 1.0,
      "cost_budget_raw": 0.02,
      "cost_budget_normalized": 1.0,
      "algorithm_cost_mode": "separate_cost",
      "fixed_cost_penalty_coef": 0.0,
      "log_std_max": -2.3,
      "accepted": true,
      "mode": "reward",
      "reward_before": 1.5589371571422816e-08,
      "reward_after": 0.13440442085266113,
      "cost_before": 0.37092941999435425,
      "cost_after": -0.0555076003074646,
      "kl_before": -2.384185791015625e-07,
      "kl_after": 0.0198807455599308,
      "cost_gap": -0.6290705800056458,
      "cost_recoverable": true,
      "cost_quadratic": 219.63253784179688,
      "reward_quadratic": 0.5360379219055176,
      "reward_cost_cross": -1.6589205265045166,
      "max_linear_cost_drop": 2.9640009301064456,
      "rollout_wall_seconds": 1.4881920367479324,
      "update_wall_seconds": 1.1847207602113485,
      "total_wall_seconds": 2.6729144752025604
    },
    {
      "update": 996,
      "algorithm": "macpo",
      "actor_loss": -0.07694442570209503,
      "reward_critic_loss": 0.00035475040203891695,
      "cost_critic_loss": 0.062043629586696625,
      "reward_critic_loss_last": 0.00035677661071531475,
      "cost_critic_loss_last": 0.06128932163119316,
      "critic_epochs": 8,
      "daily_voltage_cost": 0.00387055822648108,
      "daily_voltage_cost_raw": 0.00387055822648108,
      "daily_voltage_cost_normalized": 0.1935279220342636,
      "daily_economic_return_raw_yuan": -413708.75,
      "daily_economic_return_normalized": -0.1312650740146637,
      "daily_economic_cost_raw_yuan": 413708.75,
      "economic_reward_scale_yuan": 3151704.8194007874,
      "lagrange_multiplier": 0.0,
      "cost_budget": 1.0,
      "cost_budget_raw": 0.02,
      "cost_budget_normalized": 1.0,
      "algorithm_cost_mode": "separate_cost",
      "fixed_cost_penalty_coef": 0.0,
      "log_std_max": -2.3,
      "accepted": true,
      "mode": "reward",
      "reward_before": 2.3134762727750058e-07,
      "reward_after": 0.07694442570209503,
      "cost_before": 0.19352522492408752,
      "cost_after": 0.1427377164363861,
      "kl_before": -2.384185791015625e-07,
      "kl_after": 0.005028498359024525,
      "cost_gap": -0.8064747750759125,
      "cost_recoverable": true,
      "cost_quadratic": 126.25462341308594,
      "reward_quadratic": 0.5671336650848389,
      "reward_cost_cross": -0.17950762808322906,
      "max_linear_cost_drop": 2.2472616528841134,
      "rollout_wall_seconds": 1.5571772083640099,
      "update_wall_seconds": 1.0601100288331509,
      "total_wall_seconds": 2.6172889284789562
    },
    {
      "update": 997,
      "algorithm": "macpo",
      "actor_loss": -0.15218612551689148,
      "reward_critic_loss": 0.00024263763043563813,
      "cost_critic_loss": 0.3620797097682953,
      "reward_critic_loss_last": 0.00021936353005003184,
      "cost_critic_loss_last": 0.36052197217941284,
      "critic_epochs": 8,
      "daily_voltage_cost": 0.007952552288770676,
      "daily_voltage_cost_raw": 0.007952552288770676,
      "daily_voltage_cost_normalized": 0.39762765169143677,
      "daily_economic_return_raw_yuan": -431722.5625,
      "daily_economic_return_normalized": -0.13698065280914307,
      "daily_economic_cost_raw_yuan": 431722.5625,
      "economic_reward_scale_yuan": 3151704.8194007874,
      "lagrange_multiplier": 0.0,
      "cost_budget": 1.0,
      "cost_budget_raw": 0.02,
      "cost_budget_normalized": 1.0,
      "algorithm_cost_mode": "separate_cost",
      "fixed_cost_penalty_coef": 0.0,
      "log_std_max": -2.3,
      "accepted": true,
      "mode": "reward",
      "reward_before": 7.407421520611024e-08,
      "reward_after": 0.15218612551689148,
      "cost_before": 0.3976289927959442,
      "cost_after": 0.4414001405239105,
      "kl_before": -2.384185791015625e-07,
      "kl_after": 0.019897382706403732,
      "cost_gap": -0.6023710072040558,
      "cost_recoverable": true,
      "cost_quadratic": 652.932861328125,
      "reward_quadratic": 0.5221360921859741,
      "reward_cost_cross": 0.2126879096031189,
      "max_linear_cost_drop": 5.1105101949927665,
      "rollout_wall_seconds": 1.3994838818907738,
      "update_wall_seconds": 1.1158538181334734,
      "total_wall_seconds": 2.5153397042304277
    },
    {
      "update": 998,
      "algorithm": "macpo",
      "actor_loss": -0.13065361976623535,
      "reward_critic_loss": 0.00020814435265492648,
      "cost_critic_loss": 0.7174835205078125,
      "reward_critic_loss_last": 0.00020948999735992402,
      "cost_critic_loss_last": 0.7143563628196716,
      "critic_epochs": 8,
      "daily_voltage_cost": 0.008659712970256805,
      "daily_voltage_cost_raw": 0.008659712970256805,
      "daily_voltage_cost_normalized": 0.43298566341400146,
      "daily_economic_return_raw_yuan": -381333.96875,
      "daily_economic_return_normalized": -0.12099292129278183,
      "daily_economic_cost_raw_yuan": 381333.96875,
      "economic_reward_scale_yuan": 3151704.8194007874,
      "lagrange_multiplier": 0.0,
      "cost_budget": 1.0,
      "cost_budget_raw": 0.02,
      "cost_budget_normalized": 1.0,
      "algorithm_cost_mode": "separate_cost",
      "fixed_cost_penalty_coef": 0.0,
      "log_std_max": -2.3,
      "accepted": true,
      "mode": "constrained_reward",
      "reward_before": -1.9745569090900972e-07,
      "reward_after": 0.13065361976623535,
      "cost_before": 0.4329834580421448,
      "cost_after": 0.7621986865997314,
      "kl_before": -2.384185791015625e-07,
      "kl_after": 0.019927076995372772,
      "cost_gap": -0.5670165419578552,
      "cost_recoverable": true,
      "cost_quadratic": 1392.1219482421875,
      "reward_quadratic": 0.4337318539619446,
      "reward_cost_cross": 2.3886754512786865,
      "max_linear_cost_drop": 7.462230090910324,
      "rollout_wall_seconds": 1.6897225882858038,
      "update_wall_seconds": 1.3591727372258902,
      "total_wall_seconds": 3.04889702424407
    },
    {
      "update": 999,
      "algorithm": "macpo",
      "actor_loss": -0.07336018979549408,
      "reward_critic_loss": 0.000279930914985016,
      "cost_critic_loss": 0.11232241243124008,
      "reward_critic_loss_last": 0.000275989412330091,
      "cost_critic_loss_last": 0.11212532222270966,
      "critic_epochs": 8,
      "daily_voltage_cost": 0.009351767599582672,
      "daily_voltage_cost_raw": 0.009351767599582672,
      "daily_voltage_cost_normalized": 0.4675883948802948,
      "daily_economic_return_raw_yuan": -352847.8125,
      "daily_economic_return_normalized": -0.11195459216833115,
      "daily_economic_cost_raw_yuan": 352847.8125,
      "economic_reward_scale_yuan": 3151704.8194007874,
      "lagrange_multiplier": 0.0,
      "cost_budget": 1.0,
      "cost_budget_raw": 0.02,
      "cost_budget_normalized": 1.0,
      "algorithm_cost_mode": "separate_cost",
      "fixed_cost_penalty_coef": 0.0,
      "log_std_max": -2.3,
      "accepted": true,
      "mode": "reward",
      "reward_before": 1.8370869270256662e-09,
      "reward_after": 0.07336018979549408,
      "cost_before": 0.46759316325187683,
      "cost_after": 0.29260551929473877,
      "kl_before": -2.384185791015625e-07,
      "kl_after": 0.005020008888095617,
      "cost_gap": -0.5324068367481232,
      "cost_recoverable": true,
      "cost_quadratic": 224.87759399414062,
      "reward_quadratic": 0.4881713390350342,
      "reward_cost_cross": -1.0045883655548096,
      "max_linear_cost_drop": 2.9991838489438463,
      "rollout_wall_seconds": 1.7077242191880941,
      "update_wall_seconds": 1.494320610538125,
      "total_wall_seconds": 3.202047636732459
    },
    {
      "update": 1000,
      "algorithm": "macpo",
      "actor_loss": -0.13582861423492432,
      "reward_critic_loss": 0.00023682028404437006,
      "cost_critic_loss": 0.24387437105178833,
      "reward_critic_loss_last": 0.0002370351430727169,
      "cost_critic_loss_last": 0.24348369240760803,
      "critic_epochs": 8,
      "daily_voltage_cost": 0.005710521712899208,
      "daily_voltage_cost_raw": 0.005710521712899208,
      "daily_voltage_cost_normalized": 0.2855260670185089,
      "daily_economic_return_raw_yuan": -411046.1875,
      "daily_economic_return_normalized": -0.1304202675819397,
      "daily_economic_cost_raw_yuan": 411046.1875,
      "economic_reward_scale_yuan": 3151704.8194007874,
      "lagrange_multiplier": 0.0,
      "cost_budget": 1.0,
      "cost_budget_raw": 0.02,
      "cost_budget_normalized": 1.0,
      "algorithm_cost_mode": "separate_cost",
      "fixed_cost_penalty_coef": 0.0,
      "log_std_max": -2.3,
      "accepted": true,
      "mode": "constrained_reward",
      "reward_before": -2.470701474521775e-07,
      "reward_after": 0.13582861423492432,
      "cost_before": 0.2855165898799896,
      "cost_after": 0.8414170742034912,
      "kl_before": -2.384185791015625e-07,
      "kl_after": 0.019982464611530304,
      "cost_gap": -0.7144834101200104,
      "cost_recoverable": true,
      "cost_quadratic": 533.81982421875,
      "reward_quadratic": 0.4290657639503479,
      "reward_cost_cross": 3.542773723602295,
      "max_linear_cost_drop": 4.620908240676285,
      "rollout_wall_seconds": 1.7587206847965717,
      "update_wall_seconds": 1.4248746000230312,
      "total_wall_seconds": 3.183597005903721
    }
  ],
  "deterministic_rollout": {
    "summary": {
      "seed": 30,
      "steps": 24,
      "economic_cost": 563704.7695478859,
      "total_cost": 42852.62127594382,
      "terminal_settlement_cost": -520852.14827194205,
      "terminal_battery_asset_value": 1199.999901199335,
      "terminal_h2_asset_value": 1081276.171875,
      "terminal_undelivered_h2_energy": 2991.6065134277346,
      "daily_voltage_cost": 0.0,
      "voltage_violation_area": 0.0,
      "voltage_min_pu": 0.9857797101607091,
      "voltage_max_pu": 1.0115008445260791,
      "pf_failure_rate": 0.0,
      "safe_step_rate": 1.0,
      "emergency_h2_buy": 1479.638671875,
      "planned_h2_order": 16957.783172607422,
      "late_h2_order": 9436.34506225586,
      "pending_h2_energy": 2991.6064453125,
      "history_off": false,
      "gru_hidden_off": false,
      "previous_action_off": false,
      "cross_agent_off": false,
      "eta_delay_hours": 0,
      "intent_action_mae": null,
      "intent_action_correlation": null,
      "intent_residual_max": null,
      "intent_residual_utilization_mean": null
    },
    "steps": [
      {
        "step": 0,
        "actions": [
          [
            0.69120854139328,
            -0.8455670475959778,
            -0.5233369469642639,
            -0.7209005355834961,
            0.307313472032547,
            0.25877124071121216,
            -0.49306347966194153,
            0.45500311255455017
          ],
          [
            0.6634553074836731,
            0.27542179822921753,
            0.10039523988962173,
            0.0817558541893959,
            0.009765277616679668,
            -0.08636727184057236,
            0.14472348988056183,
            0.2340412437915802
          ],
          [
            0.719090461730957,
            -0.2982546389102936,
            0.5600806474685669,
            0.6164475679397583,
            -0.31021928787231445,
            -0.39232999086380005,
            -0.024407880380749702,
            0.23638862371444702
          ],
          [
            -0.5904366970062256,
            0.3250633478164673,
            -0.5205931663513184,
            0.2857414484024048,
            -0.3756170868873596,
            -0.5676025152206421,
            -0.6572322845458984,
            0.6110766530036926
          ]
        ],
        "intents": [
          [
            0.0,
            0.0,
            0.0
          ],
          [
            0.0,
            0.0,
            0.0
          ],
          [
            0.0,
            0.0,
            0.0
          ],
          [
            0.0,
            0.0,
            0.0
          ]
        ],
        "economic_cost": 60993.99091339111,
        "step_total_cost": 60993.99091339111,
        "terminal_settlement_cost": 0.0,
        "terminal_battery_asset_value": 1182.6831036362273,
        "terminal_h2_asset_value": 523683.8671875,
        "terminal_undelivered_h2_energy": 3596.3334648437503,
        "voltage_cost": 0.0,
        "voltage_violation_area": 0.0,
        "voltage_min_pu": 0.9984359418558673,
        "voltage_max_pu": 1.0024395691799874,
        "pf_converged": true,
        "pcc_p_kw": [
          312.87066650390625,
          -604.5693359375,
          0.0,
          693.1130981445312
        ],
        "pcc_q_kvar": [
          -1875.7901850757723,
          -1019.9688795078102,
          -958.7612436695856,
          -2764.121462740199
        ],
        "p_el": [
          1691.20849609375,
          2495.182861328125,
          429.7726135253906,
          163.8253173828125
        ],
        "p_bat": [
          -1691.1341552734375,
          330.50616455078125,
          -416.68023681640625,
          260.0506896972656
        ],
        "soc": [
          0.1439717561006546,
          0.6046602725982666,
          0.39034730195999146,
          0.6235240697860718
        ],
        "p_ht": [
          614.626953125,
          19.530555725097656,
          -667.5341796875,
          -1175.295654296875
        ],
        "h2_emergency_buy_energy": [
          0.0,
          0.0,
          0.0,
          0.0
        ],
        "h2_planned_external_order_energy": [
          0.0,
          0.0,
          269.4812927246094,
          1756.61474609375
        ],
        "h2_late_order_energy": [
          0.0,
          0.0,
          0.0,
          0.0
        ],
        "h2_level": [
          218.44065856933594,
          200.58596801757812,
          99.97196960449219,
          84.73760223388672
        ],
        "e_h2_load": [
          271.5590515136719,
          194.55198669433594,
          925.3977661132812,
          1281.7821044921875
        ],
        "pending_h2_energy_total": 3596.33349609375,
        "pending_h2_energy_agent": [
          0.0,
          0.0,
          1895.930419921875,
          1700.403076171875
        ],
        "external_min_eta": [
          0.0,
          0.0,
          0.0,
          0.0
        ]
      },
      {
        "step": 1,
        "actions": [
          [
            0.8495712876319885,
            -0.9123263359069824,
            -0.7285645604133606,
            -0.8147883415222168,
            0.6039836406707764,
            0.1956118792295456,
            -0.6215189695358276,
            0.7184528112411499
          ],
          [
            0.8597336411476135,
            0.3270392119884491,
            -0.11743875592947006,
            0.22911123931407928,
            -0.04256198927760124,
            -0.3231077194213867,
            0.14614874124526978,
            -0.049667343497276306
          ],
          [
            0.8372982144355774,
            -0.353769451379776,
            0.8040646910667419,
            0.7631806135177612,
            -0.47052136063575745,
            -0.5481262803077698,
            -0.01235264353454113,
            0.47782161831855774
          ],
          [
            -0.3933875858783722,
            0.49850398302078247,
            -0.6870900392532349,
            0.43242910504341125,
            -0.2958375811576843,
            -0.6119019985198975,
            -0.654517412185669,
            0.730326235294342
          ]
        ],
        "intents": [
          [
            0.0,
            0.0,
            0.0
          ],
          [
            0.0,
            0.0,
            0.0
          ],
          [
            0.0,
            0.0,
            0.0
          ],
          [
            0.0,
            0.0,
            0.0
          ]
        ],
        "economic_cost": 79174.94994354248,
        "step_total_cost": 79174.94994354248,
        "terminal_settlement_cost": 0.0,
        "terminal_battery_asset_value": 1233.085888842179,
        "terminal_h2_asset_value": 523036.7578125,
        "terminal_undelivered_h2_energy": 7496.835090820314,
        "voltage_cost": 0.0,
        "voltage_violation_area": 0.0,
        "voltage_min_pu": 0.9942251129792312,
        "voltage_max_pu": 1.0,
        "pf_converged": true,
        "pcc_p_kw": [
          1863.0501708984375,
          -165.449462890625,
          0.0,
          798.9403076171875
        ],
        "pcc_q_kvar": [
          -3310.5438168931596,
          317.86008698435774,
          -2157.9065733819393,
          -3357.8725430634836
        ],
        "p_el": [
          1849.5712890625,
          2789.600341796875,
          459.3245544433594,
          242.64495849609375
        ],
        "p_bat": [
          -208.8658447265625,
          392.4470520019531,
          -345.62841796875,
          398.8031921386719
        ],
        "soc": [
          0.10000000149011612,
          0.728935182094574,
          0.2993924617767334,
          0.8129555583000183
        ],
        "p_ht": [
          1207.96728515625,
          -0.0,
          -398.3646545410156,
          -831.1716918945312
        ],
        "h2_emergency_buy_energy": [
          117.80657958984375,
          0.0,
          0.0,
          1.52587890625e-05
        ],
        "h2_planned_external_order_energy": [
          996.34326171875,
          0.0,
          0.0,
          1381.4158935546875
        ],
        "h2_late_order_energy": [
          0.0,
          0.0,
          0.0,
          0.0
        ],
        "h2_level": [
          254.6833038330078,
          200.58596801757812,
          88.01983642578125,
          59.799957275390625
        ],
        "e_h2_load": [
          204.53912353515625,
          149.4183349609375,
          673.9594116210938,
          988.8909301757812
        ],
        "pending_h2_energy_total": 7496.8349609375,
        "pending_h2_energy_agent": [
          964.4602661132812,
          0.0,
          3305.7763671875,
          3226.598388671875
        ],
        "external_min_eta": [
          0.0,
          0.0,
          0.0,
          0.0
        ]
      },
      {
        "step": 2,
        "actions": [
          [
            0.8573364019393921,
            -0.8733009099960327,
            -0.7587621808052063,
            -0.8173348903656006,
            0.7396718263626099,
            0.2606356143951416,
            -0.6448104381561279,
            0.8300361633300781
          ],
          [
            0.9176380038261414,
            0.32999423146247864,
            -0.17805370688438416,
            0.26707130670547485,
            -0.13411274552345276,
            -0.4499616026878357,
            -0.014261169359087944,
            -0.26553183794021606
          ],
          [
            0.8604301810264587,
            -0.32674741744995117,
            0.8737689852714539,
            0.7804456353187561,
            -0.5316510796546936,
            -0.6137398481369019,
            0.031097056344151497,
            0.5470905900001526
          ],
          [
            0.010675113648176193,
            0.5529360771179199,
            -0.6838638186454773,
            0.48412829637527466,
            -0.22047346830368042,
            -0.6239561438560486,
            -0.5631387233734131,
            0.7313643097877502
          ]
        ],
        "intents": [
          [
            0.0,
            0.0,
            0.0
          ],
          [
            0.0,
            0.0,
            0.0
          ],
          [
            0.0,
            0.0,
            0.0
          ],
          [
            0.0,
            0.0,
            0.0
          ]
        ],
        "economic_cost": 84465.22617483139,
        "step_total_cost": 84465.22617483139,
        "terminal_settlement_cost": 0.0,
        "terminal_battery_asset_value": 1301.781643525028,
        "terminal_h2_asset_value": 543707.578125,
        "terminal_undelivered_h2_energy": 11197.672083007814,
        "voltage_cost": 0.0,
        "voltage_violation_area": 0.0,
        "voltage_min_pu": 0.9929860822782938,
        "voltage_max_pu": 1.0,
        "pf_converged": true,
        "pcc_p_kw": [
          2018.1451416015625,
          -41.902099609375,
          0.0,
          687.2113037109375
        ],
        "pcc_q_kvar": [
          -3869.808059692383,
          1341.6408759019855,
          -2509.1688712144273,
          -3394.6851285918474
        ],
        "p_el": [
          1857.33642578125,
          2876.45703125,
          465.1075439453125,
          404.2700500488281
        ],
        "p_bat": [
          -7.078051567077637e-06,
          395.9930725097656,
          -305.2318420410156,
          183.25144958496094
        ],
        "soc": [
          0.10000000149011612,
          0.8543329834938049,
          0.21906828880310059,
          0.8999999761581421
        ],
        "p_ht": [
          1479.3436279296875,
          -0.0,
          -277.1944885253906,
          -513.1215209960938
        ],
        "h2_emergency_buy_energy": [
          348.484619140625,
          0.0,
          0.0,
          0.0
        ],
        "h2_planned_external_order_energy": [
          1050.52978515625,
          0.0,
          0.0,
          1041.1644287109375
        ],
        "h2_late_order_energy": [
          0.0,
          0.0,
          0.0,
          0.0
        ],
        "h2_level": [
          299.06805419921875,
          200.58596801757812,
          79.70317077636719,
          44.4047737121582
        ],
        "e_h2_load": [
          169.27647399902344,
          127.83780670166016,
          556.259033203125,
          775.8970336914062
        ],
        "pending_h2_energy_total": 11197.671875,
        "pending_h2_energy_agent": [
          1981.373046875,
          0.0,
          4510.908203125,
          4705.390625
        ],
        "external_min_eta": [
          0.0,
          0.0,
          0.0,
          0.0
        ]
      },
      {
        "step": 3,
        "actions": [
          [
            0.8394538760185242,
            -0.7789222598075867,
            -0.7387788891792297,
            -0.7957043647766113,
            0.8023197650909424,
            0.37202826142311096,
            -0.6664921045303345,
            0.8693562746047974
          ],
          [
            0.9316134452819824,
            0.3243844211101532,
            -0.15213054418563843,
            0.2597652077674866,
            -0.18695136904716492,
            -0.5087478756904602,
            -0.1968040019273758,
            -0.349541038274765
          ],
          [
            0.8608036041259766,
            -0.3303467929363251,
            0.8904224038124084,
            0.7475294470787048,
            -0.5457157492637634,
            -0.6554567813873291,
            0.10717703402042389,
            0.5506588220596313
          ],
          [
            0.4070851802825928,
            0.5519359111785889,
            -0.631769061088562,
            0.49599307775497437,
            -0.1911376267671585,
            -0.6229733228683472,
            -0.46677112579345703,
            0.6885263919830322
          ]
        ],
        "intents": [
          [
            0.0,
            0.0,
            0.0
          ],
          [
            0.0,
            0.0,
            0.0
          ],
          [
            0.0,
            0.0,
            0.0
          ],
          [
            0.0,
            0.0,
            0.0
          ]
        ],
        "economic_cost": 89644.4981765747,
        "step_total_cost": 89644.4981765747,
        "terminal_settlement_cost": 0.0,
        "terminal_battery_asset_value": 1253.6219736425846,
        "terminal_h2_asset_value": 628462.44140625,
        "terminal_undelivered_h2_energy": 13161.670833007813,
        "voltage_cost": 0.0,
        "voltage_violation_area": 0.0,
        "voltage_min_pu": 0.9949000976514479,
        "voltage_max_pu": 1.0,
        "pf_converged": true,
        "pcc_p_kw": [
          1971.225830078125,
          -430.169921875,
          0.0,
          640.9296875
        ],
        "pcc_q_kvar": [
          -4069.977638244629,
          1742.5472051160662,
          -2535.954458035586,
          -3207.714340209961
        ],
        "p_el": [
          1839.453857421875,
          2897.420166015625,
          465.2008972167969,
          562.8340454101562
        ],
        "p_bat": [
          -7.078051567077637e-06,
          144.2116241455078,
          -282.6562805175781,
          5.019338641432114e-05
        ],
        "soc": [
          0.10000000149011612,
          0.8999999761581421,
          0.1446850597858429,
          0.8999999761581421
        ],
        "p_ht": [
          1604.6395263671875,
          -0.0,
          -214.49639892578125,
          -265.38531494140625
        ],
        "h2_emergency_buy_energy": [
          469.114501953125,
          0.0,
          0.0,
          0.0
        ],
        "h2_planned_external_order_energy": [
          1143.35693359375,
          0.0,
          0.0,
          882.59326171875
        ],
        "h2_late_order_energy": [
          0.0,
          0.0,
          0.0,
          0.0
        ],
        "h2_level": [
          347.2120666503906,
          200.58596801757812,
          73.26763153076172,
          87.45960998535156
        ],
        "e_h2_load": [
          152.0926513671875,
          114.47989654541016,
          493.616943359375,
          631.2274169921875
        ],
        "pending_h2_energy_total": 13161.669921875,
        "pending_h2_energy_agent": [
          3088.142578125,
          0.0,
          5585.88330078125,
          4487.64501953125
        ],
        "external_min_eta": [
          0.0,
          0.0,
          0.0,
          0.0
        ]
      },
      {
        "step": 4,
        "actions": [
          [
            0.8117376565933228,
            -0.6286420226097107,
            -0.7035292387008667,
            -0.7600073218345642,
            0.8363209366798401,
            0.4669974744319916,
            -0.6896148920059204,
            0.8839994668960571
          ],
          [
            0.9284942746162415,
            0.3122233748435974,
            -0.09475459903478622,
            0.239292711019516,
            -0.22054511308670044,
            -0.5257188677787781,
            -0.3521673083305359,
            -0.3431566059589386
          ],
          [
            0.8619291186332703,
            -0.3184029161930084,
            0.8870018720626831,
            0.722913384437561,
            -0.5423603057861328,
            -0.6572566032409668,
            0.1611347198486328,
            0.49968719482421875
          ],
          [
            0.6046855449676514,
            0.5218777656555176,
            -0.5703212022781372,
            0.4837939739227295,
            -0.2262701839208603,
            -0.6195367574691772,
            -0.4904083013534546,
            0.6327435970306396
          ]
        ],
        "intents": [
          [
            0.0,
            0.0,
            0.0
          ],
          [
            0.0,
            0.0,
            0.0
          ],
          [
            0.0,
            0.0,
            0.0
          ],
          [
            0.0,
            0.0,
            0.0
          ]
        ],
        "economic_cost": 96562.490234375,
        "step_total_cost": 96562.490234375,
        "terminal_settlement_cost": 0.0,
        "terminal_battery_asset_value": 1199.999901199335,
        "terminal_h2_asset_value": 794186.25,
        "terminal_undelivered_h2_energy": 12523.99393359375,
        "voltage_cost": 0.0,
        "voltage_violation_area": 0.0,
        "voltage_min_pu": 0.990478161948837,
        "voltage_max_pu": 1.0,
        "pf_converged": true,
        "pcc_p_kw": [
          1941.762939453125,
          -176.013671875,
          176.28314208984375,
          756.3617553710938
        ],
        "pcc_q_kvar": [
          -4145.505615234375,
          1708.037607192993,
          -2298.7521924009175,
          -2933.718421936035
        ],
        "p_el": [
          1811.7376708984375,
          2892.741455078125,
          465.4822692871094,
          641.8742065429688
        ],
        "p_bat": [
          -7.078051567077637e-06,
          7.52900741645135e-05,
          -169.80322265625,
          5.019338641432114e-05
        ],
        "soc": [
          0.10000000149011612,
          0.8999999761581421,
          0.10000000149011612,
          0.8999999761581421
        ],
        "p_ht": [
          1672.641845703125,
          -0.0,
          -209.244140625,
          -325.8559265136719
        ],
        "h2_emergency_buy_energy": [
          544.2327880859375,
          0.0,
          0.0,
          0.0
        ],
        "h2_planned_external_order_energy": [
          1222.4979248046875,
          0.0,
          0.0,
          880.80224609375
        ],
        "h2_late_order_energy": [
          0.0,
          0.0,
          0.0,
          0.0
        ],
        "h2_level": [
          426.3330383300781,
          200.58596801757812,
          123.87328338623047,
          123.47339630126953
        ],
        "e_h2_load": [
          139.80723571777344,
          101.53614807128906,
          488.53350830078125,
          743.0741577148438
        ],
        "pending_h2_energy_total": 12523.994140625,
        "pending_h2_energy_agent": [
          3307.060302734375,
          0.0,
          4759.31201171875,
          4457.62158203125
        ],
        "external_min_eta": [
          0.0,
          0.0,
          0.16666666666666666,
          0.0
        ]
      },
      {
        "step": 5,
        "actions": [
          [
            0.7610793113708496,
            -0.3034116327762604,
            -0.652179479598999,
            -0.6713578104972839,
            0.862189769744873,
            0.538470983505249,
            -0.658603310585022,
            0.8902184963226318
          ],
          [
            0.9108766913414001,
            0.30070409178733826,
            -0.0049044243060052395,
            0.22702403366565704,
            -0.24261686205863953,
            -0.569115400314331,
            -0.47963863611221313,
            -0.3481452763080597
          ],
          [
            0.8749269247055054,
            -0.2676803469657898,
            0.850360631942749,
            0.7289361357688904,
            -0.5261590480804443,
            -0.6228746771812439,
            0.1587432622909546,
            0.487049400806427
          ],
          [
            0.7077435851097107,
            0.45967867970466614,
            -0.4463980793952942,
            0.5067225694656372,
            -0.26360562443733215,
            -0.5943562984466553,
            -0.5647358894348145,
            0.5608185529708862
          ]
        ],
        "intents": [
          [
            0.0,
            0.0,
            0.0
          ],
          [
            0.0,
            0.0,
            0.0
          ],
          [
            0.0,
            0.0,
            0.0
          ],
          [
            0.0,
            0.0,
            0.0
          ]
        ],
        "economic_cost": 1781.6188430786133,
        "step_total_cost": 1781.6188430786133,
        "terminal_settlement_cost": 0.0,
        "terminal_battery_asset_value": 1199.999901199335,
        "terminal_h2_asset_value": 894475.546875,
        "terminal_undelivered_h2_energy": 11390.267431640625,
        "voltage_cost": 0.0,
        "voltage_violation_area": 0.0,
        "voltage_min_pu": 0.9857797101607091,
        "voltage_max_pu": 1.0,
        "pf_converged": true,
        "pcc_p_kw": [
          1915.522216796875,
          83.25390625,
          429.15948486328125,
          817.6785278320312
        ],
        "pcc_q_kvar": [
          -4173.542060852051,
          1732.2997430553037,
          -2235.533275604248,
          -2585.238272763275
        ],
        "p_el": [
          1761.079345703125,
          2866.31494140625,
          468.7317199707031,
          683.097412109375
        ],
        "p_bat": [
          -7.078051567077637e-06,
          7.52900741645135e-05,
          -5.662441253662109e-06,
          5.019338641432114e-05
        ],
        "soc": [
          0.10000000149011612,
          0.8999999761581421,
          0.10000000149011612,
          0.8999999761581421
        ],
        "p_ht": [
          0.0,
          -0.0,
          -253.60525512695312,
          -308.97210693359375
        ],
        "h2_emergency_buy_energy": [
          0.0,
          0.0,
          0.0,
          0.0
        ],
        "h2_planned_external_order_energy": [
          0.0,
          0.0,
          0.0,
          26.93115234375
        ],
        "h2_late_order_energy": [
          0.0,
          0.0,
          0.0,
          0.0
        ],
        "h2_level": [
          456.8434753417969,
          200.58596801757812,
          158.56398010253906,
          158.57151794433594
        ],
        "e_h2_load": [
          148.28335571289062,
          100.92308044433594,
          534.8442993164062,
          752.9854125976562
        ],
        "pending_h2_energy_total": 11390.2666015625,
        "pending_h2_energy_agent": [
          2290.1474609375,
          0.0,
          4526.0966796875,
          4574.0224609375
        ],
        "external_min_eta": [
          0.0,
          0.0,
          0.16666666666666666,
          0.0
        ]
      },
      {
        "step": 6,
        "actions": [
          [
            0.697562038898468,
            -0.03126678988337517,
            -0.593798816204071,
            -0.572777271270752,
            0.8733294010162354,
            0.6057433485984802,
            -0.6405291557312012,
            0.886152982711792
          ],
          [
            0.8908989429473877,
            0.2996184229850769,
            0.06203972548246384,
            0.22266925871372223,
            -0.21695232391357422,
            -0.5821514129638672,
            -0.5580857396125793,
            -0.3101319968700409
          ],
          [
            0.8764020204544067,
            -0.2870824933052063,
            0.8080152869224548,
            0.7346568703651428,
            -0.500343382358551,
            -0.5798825025558472,
            0.13601243495941162,
            0.47122815251350403
          ],
          [
            0.756475567817688,
            0.451727032661438,
            -0.29883870482444763,
            0.5490119457244873,
            -0.3009486794471741,
            -0.5482309460639954,
            -0.6261994242668152,
            0.4315599203109741
          ]
        ],
        "intents": [
          [
            0.0,
            0.0,
            0.0
          ],
          [
            0.0,
            0.0,
            0.0
          ],
          [
            0.0,
            0.0,
            0.0
          ],
          [
            0.0,
            0.0,
            0.0
          ]
        ],
        "economic_cost": 11131.459293823242,
        "step_total_cost": 11131.459293823242,
        "terminal_settlement_cost": 0.0,
        "terminal_battery_asset_value": 1199.999901199335,
        "terminal_h2_asset_value": 980915.56640625,
        "terminal_undelivered_h2_energy": 10680.649661132813,
        "voltage_cost": 0.0,
        "voltage_violation_area": 0.0,
        "voltage_min_pu": 0.9877459718206589,
        "voltage_max_pu": 1.0,
        "pf_converged": true,
        "pcc_p_kw": [
          1721.7156982421875,
          -17.08642578125,
          318.8933410644531,
          682.3914184570312
        ],
        "pcc_q_kvar": [
          -4165.901290440045,
          1549.9283258898156,
          -2156.3543975503435,
          -1978.9300785607543
        ],
        "p_el": [
          1697.56201171875,
          2836.348388671875,
          469.1004943847656,
          702.5902099609375
        ],
        "p_bat": [
          -7.078051567077637e-06,
          7.52900741645135e-05,
          -5.662441253662109e-06,
          5.019338641432114e-05
        ],
        "soc": [
          0.10000000149011612,
          0.8999999761581421,
          0.10000000149011612,
          0.8999999761581421
        ],
        "p_ht": [
          0.0,
          -0.0,
          -274.4922180175781,
          -137.11911010742188
        ],
        "h2_emergency_buy_energy": [
          0.0,
          0.0,
          0.0,
          0.0
        ],
        "h2_planned_external_order_energy": [
          0.0,
          0.0,
          0.0,
          394.1507568359375
        ],
        "h2_late_order_energy": [
          0.0,
          0.0,
          0.0,
          0.0
        ],
        "h2_level": [
          475.0,
          200.58596801757812,
          186.48594665527344,
          198.94171142578125
        ],
        "e_h2_load": [
          123.8542709350586,
          101.52264404296875,
          555.9525146484375,
          593.802734375
        ],
        "pending_h2_energy_total": 10680.6494140625,
        "pending_h2_energy_agent": [
          1183.3780517578125,
          0.0,
          4629.32421875,
          4867.947265625
        ],
        "external_min_eta": [
          0.0,
          0.0,
          0.16666666666666666,
          0.0
        ]
      },
      {
        "step": 7,
        "actions": [
          [
            0.6301090121269226,
            0.10993582010269165,
            -0.5362007021903992,
            -0.5004479289054871,
            0.8747011423110962,
            0.6558719277381897,
            -0.6547138690948486,
            0.867287278175354
          ],
          [
            0.8747590184211731,
            0.28821584582328796,
            0.11081153154373169,
            0.2078305333852768,
            -0.17427785694599152,
            -0.5990841388702393,
            -0.6241892576217651,
            -0.292052298784256
          ],
          [
            0.8742948174476624,
            -0.38755306601524353,
            0.7623955607414246,
            0.7481582164764404,
            -0.4950437843799591,
            -0.5453247427940369,
            0.09546007215976715,
            0.40596941113471985
          ],
          [
            0.7543088793754578,
            0.48549652099609375,
            -0.13881990313529968,
            0.611514687538147,
            -0.37674078345298767,
            -0.5284544229507446,
            -0.6756801605224609,
            0.29864734411239624
          ]
        ],
        "intents": [
          [
            0.0,
            0.0,
            0.0
          ],
          [
            0.0,
            0.0,
            0.0
          ],
          [
            0.0,
            0.0,
            0.0
          ],
          [
            0.0,
            0.0,
            0.0
          ]
        ],
        "economic_cost": 17929.59091040039,
        "step_total_cost": 17929.59091040039,
        "terminal_settlement_cost": 0.0,
        "terminal_battery_asset_value": 1262.663282595604,
        "terminal_h2_asset_value": 1038603.6328125,
        "terminal_undelivered_h2_energy": 10181.340694335937,
        "voltage_cost": 0.0,
        "voltage_violation_area": 0.0,
        "voltage_min_pu": 0.9887872526290623,
        "voltage_max_pu": 1.0,
        "pf_converged": true,
        "pcc_p_kw": [
          1269.2481689453125,
          133.42529296875,
          240.6892547607422,
          399.28167724609375
        ],
        "pcc_q_kvar": [
          -3971.908283217263,
          1458.9515022546361,
          -1851.0818954440927,
          -1303.2540814418326
        ],
        "p_el": [
          1630.1090087890625,
          2812.138427734375,
          468.5736999511719,
          701.7235717773438
        ],
        "p_bat": [
          219.87164306640625,
          7.52900741645135e-05,
          -5.662441253662109e-06,
          5.019338641432114e-05
        ],
        "soc": [
          0.14177560806274414,
          0.8999999761581421,
          0.10000000149011612,
          0.8999999761581421
        ],
        "p_ht": [
          0.0,
          -0.0,
          -195.11837768554688,
          -453.09466552734375
        ],
        "h2_emergency_buy_energy": [
          0.0,
          0.0,
          0.0,
          0.0
        ],
        "h2_planned_external_order_energy": [
          0.0,
          0.0,
          0.0,
          675.137939453125
        ],
        "h2_late_order_energy": [
          0.0,
          0.0,
          0.0,
          0.0
        ],
        "h2_level": [
          475.0,
          200.58596801757812,
          212.88427734375,
          230.23715209960938
        ],
        "e_h2_load": [
          150.88369750976562,
          99.87191009521484,
          476.2626037597656,
          909.2149658203125
        ],
        "pending_h2_energy_total": 10181.3408203125,
        "pending_h2_energy_agent": [
          0.0,
          0.0,
          4965.13623046875,
          5216.20458984375
        ],
        "external_min_eta": [
          0.0,
          0.16666666666666666,
          0.16666666666666666,
          0.0
        ]
      },
      {
        "step": 8,
        "actions": [
          [
            0.5821787118911743,
            0.17499284446239471,
            -0.5077630877494812,
            -0.4422539174556732,
            0.8604480624198914,
            0.6894062757492065,
            -0.6788415908813477,
            0.8391251564025879
          ],
          [
            0.866792619228363,
            0.29478806257247925,
            0.12158368527889252,
            0.23616740107536316,
            -0.15542657673358917,
            -0.583886444568634,
            -0.6984843015670776,
            -0.3286222219467163
          ],
          [
            0.8641582131385803,
            -0.4702208936214447,
            0.7238858342170715,
            0.7296861410140991,
            -0.49953752756118774,
            -0.5315985679626465,
            0.06310075521469116,
            0.34424638748168945
          ],
          [
            0.7722272872924805,
            0.5163012146949768,
            0.012620135210454464,
            0.6663004755973816,
            -0.41298937797546387,
            -0.4860645532608032,
            -0.6872832179069519,
            0.1281367391347885
          ]
        ],
        "intents": [
          [
            0.0,
            0.0,
            0.0
          ],
          [
            0.0,
            0.0,
            0.0
          ],
          [
            0.0,
            0.0,
            0.0
          ],
          [
            0.0,
            0.0,
            0.0
          ]
        ],
        "economic_cost": -2678.380359649658,
        "step_total_cost": -2678.380359649658,
        "terminal_settlement_cost": 0.0,
        "terminal_battery_asset_value": 1362.4093314810307,
        "terminal_h2_asset_value": 1079072.109375,
        "terminal_undelivered_h2_energy": 8963.201313964842,
        "voltage_cost": 0.0,
        "voltage_violation_area": 0.0,
        "voltage_min_pu": 0.9905078804600116,
        "voltage_max_pu": 1.0,
        "pf_converged": true,
        "pcc_p_kw": [
          464.7615966796875,
          71.463623046875,
          214.12203979492188,
          70.94789123535156
        ],
        "pcc_q_kvar": [
          -3476.2491269241127,
          1638.1021923918943,
          -1516.0450363778218,
          -422.65542698975764
        ],
        "p_el": [
          1582.1787109375,
          2800.18896484375,
          466.03955078125,
          708.8909301757812
        ],
        "p_bat": [
          349.9856872558594,
          7.52900741645135e-05,
          -5.662441253662109e-06,
          5.019338641432114e-05
        ],
        "soc": [
          0.20827288925647736,
          0.8999999761581421,
          0.10000000149011612,
          0.8999999761581421
        ],
        "p_ht": [
          0.0,
          -0.0,
          -424.8245544433594,
          -890.776123046875
        ],
        "h2_emergency_buy_energy": [
          0.0,
          0.0,
          0.0,
          0.0
        ],
        "h2_planned_external_order_energy": [
          0.0,
          0.0,
          0.0,
          0.0
        ],
        "h2_late_order_energy": [
          0.0,
          0.0,
          0.0,
          0.0
        ],
        "h2_level": [
          475.0,
          200.58596801757812,
          232.2222442626953,
          251.37181091308594
        ],
        "e_h2_load": [
          210.1659698486328,
          138.1246337890625,
          704.4483032226562,
          1351.55517578125
        ],
        "pending_h2_energy_total": 8963.201171875,
        "pending_h2_energy_agent": [
          0.0,
          0.0,
          5342.19091796875,
          3621.010498046875
        ],
        "external_min_eta": [
          0.0,
          0.16666666666666666,
          0.0,
          0.0
        ]
      },
      {
        "step": 9,
        "actions": [
          [
            0.5850929021835327,
            0.17593924701213837,
            -0.5183143615722656,
            -0.4139205813407898,
            0.8310019373893738,
            0.7073650360107422,
            -0.7185423970222473,
            0.7883608341217041
          ],
          [
            0.8595296740531921,
            0.3090551197528839,
            0.10654356330633163,
            0.2673056423664093,
            -0.14407505095005035,
            -0.5602290630340576,
            -0.751453161239624,
            -0.40712592005729675
          ],
          [
            0.8473329544067383,
            -0.5363026857376099,
            0.6733598709106445,
            0.7130899429321289,
            -0.515152096748352,
            -0.5332449674606323,
            0.060496557503938675,
            0.28346896171569824
          ],
          [
            0.7714130878448486,
            0.540404200553894,
            0.09362802654504776,
            0.6997182369232178,
            -0.40962713956832886,
            -0.4466378390789032,
            -0.692577600479126,
            -0.03267940506339073
          ]
        ],
        "intents": [
          [
            0.0,
            0.0,
            0.0
          ],
          [
            0.0,
            0.0,
            0.0
          ],
          [
            0.0,
            0.0,
            0.0
          ],
          [
            0.0,
            0.0,
            0.0
          ]
        ],
        "economic_cost": 40228.44641113281,
        "step_total_cost": 40228.44641113281,
        "terminal_settlement_cost": 0.0,
        "terminal_battery_asset_value": 1462.6945893722586,
        "terminal_h2_asset_value": 1111901.3671875,
        "terminal_undelivered_h2_energy": 9599.520256347658,
        "voltage_cost": 0.0,
        "voltage_violation_area": 0.0,
        "voltage_min_pu": 0.992583941496259,
        "voltage_max_pu": 1.0,
        "pf_converged": true,
        "pcc_p_kw": [
          -388.4021911621094,
          -191.676513671875,
          35.008663177490234,
          -204.66038513183594
        ],
        "pcc_q_kvar": [
          -2674.6588562866955,
          2024.6433247131868,
          -1181.844956099066,
          361.36363657839985
        ],
        "p_el": [
          1585.0928955078125,
          2789.29443359375,
          461.833251953125,
          708.5652465820312
        ],
        "p_bat": [
          351.87847900390625,
          7.52900741645135e-05,
          -5.662441253662109e-06,
          5.019338641432114e-05
        ],
        "soc": [
          0.2751297950744629,
          0.8999999761581421,
          0.10000000149011612,
          0.8999999761581421
        ],
        "p_ht": [
          0.0,
          -0.0,
          -638.478759765625,
          -1220.42822265625
        ],
        "h2_emergency_buy_energy": [
          0.0,
          0.0,
          0.0,
          0.0
        ],
        "h2_planned_external_order_energy": [
          0.0,
          0.0,
          0.0,
          1349.695068359375
        ],
        "h2_late_order_energy": [
          0.0,
          0.0,
          0.0,
          0.0
        ],
        "h2_level": [
          475.0,
          200.58596801757812,
          248.36842346191406,
          268.05810546875
        ],
        "e_h2_load": [
          284.35107421875,
          222.96273803710938,
          915.5787353515625,
          1680.99560546875
        ],
        "pending_h2_energy_total": 9599.51953125,
        "pending_h2_energy_agent": [
          0.0,
          0.0,
          5604.16552734375,
          3995.3544921875
        ],
        "external_min_eta": [
          0.16666666666666666,
          0.16666666666666666,
          0.0,
          0.0
        ]
      },
      {
        "step": 10,
        "actions": [
          [
            0.6408268809318542,
            -0.04274153709411621,
            -0.5505717396736145,
            -0.4757019281387329,
            0.8033900260925293,
            0.7093674540519714,
            -0.7957832217216492,
            0.709038496017456
          ],
          [
            0.8744348287582397,
            0.27028214931488037,
            0.07275702059268951,
            0.2628595232963562,
            -0.12088757753372192,
            -0.5290364027023315,
            -0.796980082988739,
            -0.4920312166213989
          ],
          [
            0.8298082947731018,
            -0.6552700996398926,
            0.6657478213310242,
            0.7047781944274902,
            -0.544202983379364,
            -0.5571509599685669,
            0.10155290365219116,
            0.22444680333137512
          ],
          [
            0.7392817139625549,
            0.6514157652854919,
            0.15922993421554565,
            0.7167942523956299,
            -0.4274839162826538,
            -0.4211234450340271,
            -0.6968957185745239,
            -0.1626223772764206
          ]
        ],
        "intents": [
          [
            0.0,
            0.0,
            0.0
          ],
          [
            0.0,
            0.0,
            0.0
          ],
          [
            0.0,
            0.0,
            0.0
          ],
          [
            0.0,
            0.0,
            0.0
          ]
        ],
        "economic_cost": 41915.94486236572,
        "step_total_cost": 41915.94486236572,
        "terminal_settlement_cost": 0.0,
        "terminal_battery_asset_value": 1462.6945893722586,
        "terminal_h2_asset_value": 1098659.0625,
        "terminal_undelivered_h2_energy": 11526.840047363283,
        "voltage_cost": 0.0,
        "voltage_violation_area": 0.0,
        "voltage_min_pu": 0.9949389962923448,
        "voltage_max_pu": 1.0,
        "pf_converged": true,
        "pcc_p_kw": [
          -1668.383544921875,
          -147.77587890625,
          -111.31529235839844,
          -480.00030517578125
        ],
        "pcc_q_kvar": [
          -1771.5554871573868,
          2410.5747042334942,
          -868.1605615488247,
          940.7871212727158
        ],
        "p_el": [
          1640.826904296875,
          2811.65234375,
          457.45208740234375,
          695.7127075195312
        ],
        "p_bat": [
          -0.0,
          7.52900741645135e-05,
          -0.0,
          5.019338641432114e-05
        ],
        "soc": [
          0.2751297950744629,
          0.8999999761581421,
          0.10000000149011612,
          0.8999999761581421
        ],
        "p_ht": [
          0.0,
          -0.0,
          -866.8348999023438,
          -1249.96728515625
        ],
        "h2_emergency_buy_energy": [
          0.0,
          0.0,
          0.0,
          0.0
        ],
        "h2_planned_external_order_energy": [
          0.0,
          0.0,
          0.0,
          1441.335205078125
        ],
        "h2_late_order_energy": [
          0.0,
          0.0,
          0.0,
          0.0
        ],
        "h2_level": [
          475.0,
          200.58596801757812,
          253.01968383789062,
          250.16331481933594
        ],
        "e_h2_load": [
          365.4271545410156,
          261.11541748046875,
          1141.30615234375,
          1702.1805419921875
        ],
        "pending_h2_energy_total": 11526.83984375,
        "pending_h2_energy_agent": [
          0.0,
          0.0,
          5946.2138671875,
          5580.6259765625
        ],
        "external_min_eta": [
          0.16666666666666666,
          0.0,
          0.0,
          0.16666666666666666
        ]
      },
      {
        "step": 11,
        "actions": [
          [
            0.6865041851997375,
            -0.20493412017822266,
            -0.6166564226150513,
            -0.509938657283783,
            0.7790247797966003,
            0.669201135635376,
            -0.826951265335083,
            0.6213720440864563
          ],
          [
            0.8769801259040833,
            0.26826077699661255,
            0.0628330335021019,
            0.24407391250133514,
            -0.11833803355693817,
            -0.4967319965362549,
            -0.832504391670227,
            -0.5651679039001465
          ],
          [
            0.8128025531768799,
            -0.70142662525177,
            0.6470150947570801,
            0.6976337432861328,
            -0.5507622957229614,
            -0.5758249759674072,
            0.18331114947795868,
            0.18305404484272003
          ],
          [
            0.7374318838119507,
            0.7399556636810303,
            0.14739438891410828,
            0.7217690348625183,
            -0.42629528045654297,
            -0.43923965096473694,
            -0.6388789415359497,
            -0.2435566484928131
          ]
        ],
        "intents": [
          [
            0.0,
            0.0,
            0.0
          ],
          [
            0.0,
            0.0,
            0.0
          ],
          [
            0.0,
            0.0,
            0.0
          ],
          [
            0.0,
            0.0,
            0.0
          ]
        ],
        "economic_cost": 37311.27320098877,
        "step_total_cost": 37311.27320098877,
        "terminal_settlement_cost": 0.0,
        "terminal_battery_asset_value": 1462.6945893722586,
        "terminal_h2_asset_value": 1093283.90625,
        "terminal_undelivered_h2_energy": 12540.96331591797,
        "voltage_cost": 0.0,
        "voltage_violation_area": 0.0,
        "voltage_min_pu": 0.9918063477981081,
        "voltage_max_pu": 1.0,
        "pf_converged": true,
        "pcc_p_kw": [
          -2536.5869140625,
          -325.675048828125,
          -68.54901123046875,
          -730.3529052734375
        ],
        "pcc_q_kvar": [
          224.59326171875,
          2748.4186779186084,
          -594.1069609919244,
          1294.8829267092237
        ],
        "p_el": [
          1686.504150390625,
          2815.47021484375,
          453.2006530761719,
          694.9727783203125
        ],
        "p_bat": [
          -0.0,
          7.52900741645135e-05,
          -0.0,
          5.019338641432114e-05
        ],
        "soc": [
          0.2751297950744629,
          0.8999999761581421,
          0.10000000149011612,
          0.8999999761581421
        ],
        "p_ht": [
          0.0,
          -0.0,
          -1261.9478759765625,
          -1345.2030029296875
        ],
        "h2_emergency_buy_energy": [
          0.0,
          0.0,
          0.0,
          0.0
        ],
        "h2_planned_external_order_energy": [
          0.0,
          0.0,
          0.0,
          1310.8304443359375
        ],
        "h2_late_order_energy": [
          0.0,
          0.0,
          0.0,
          0.0
        ],
        "h2_level": [
          475.0,
          200.58596801757812,
          252.2736358642578,
          245.53363037109375
        ],
        "e_h2_load": [
          357.302001953125,
          307.4789123535156,
          1533.8682861328125,
          1796.935302734375
        ],
        "pending_h2_energy_total": 12540.962890625,
        "pending_h2_energy_agent": [
          0.0,
          0.0,
          6006.21337890625,
          6534.74951171875
        ],
        "external_min_eta": [
          0.16666666666666666,
          0.0,
          0.0,
          0.3333333333333333
        ]
      },
      {
        "step": 12,
        "actions": [
          [
            0.7201825380325317,
            -0.34906795620918274,
            -0.6725139021873474,
            -0.5456562638282776,
            0.7687637209892273,
            0.6194947957992554,
            -0.8430145978927612,
            0.5275130867958069
          ],
          [
            0.8712091445922852,
            0.27420926094055176,
            0.055007606744766235,
            0.2125670462846756,
            -0.10799722373485565,
            -0.48064133524894714,
            -0.8537542223930359,
            -0.6233857274055481
          ],
          [
            0.7991737723350525,
            -0.7268187999725342,
            0.6178522706031799,
            0.6827507615089417,
            -0.5270256996154785,
            -0.6158545613288879,
            0.2912385165691376,
            0.21548210084438324
          ],
          [
            0.7562432289123535,
            0.7848648428916931,
            0.13550111651420593,
            0.7202602624893188,
            -0.384391725063324,
            -0.46117502450942993,
            -0.6070535182952881,
            -0.3031574487686157
          ]
        ],
        "intents": [
          [
            0.0,
            0.0,
            0.0
          ],
          [
            0.0,
            0.0,
            0.0
          ],
          [
            0.0,
            0.0,
            0.0
          ],
          [
            0.0,
            0.0,
            0.0
          ]
        ],
        "economic_cost": -5613.207946777344,
        "step_total_cost": -5613.207946777344,
        "terminal_settlement_cost": 0.0,
        "terminal_battery_asset_value": 1462.6945893722586,
        "terminal_h2_asset_value": 1027744.921875,
        "terminal_undelivered_h2_energy": 12850.98298388672,
        "voltage_cost": 0.0,
        "voltage_violation_area": 0.0,
        "voltage_min_pu": 0.9936366470312268,
        "voltage_max_pu": 1.0,
        "pf_converged": true,
        "pcc_p_kw": [
          -2871.23193359375,
          -550.67431640625,
          -66.5972900390625,
          -802.8221435546875
        ],
        "pcc_q_kvar": [
          229.09454345703125,
          3003.6760664652124,
          -674.2579332462119,
          1558.507467659677
        ],
        "p_el": [
          1720.1824951171875,
          2806.813720703125,
          449.79345703125,
          702.497314453125
        ],
        "p_bat": [
          -0.0,
          7.52900741645135e-05,
          -0.0,
          5.019338641432114e-05
        ],
        "soc": [
          0.2751297950744629,
          0.8999999761581421,
          0.10000000149011612,
          0.8999999761581421
        ],
        "p_ht": [
          0.0,
          -0.0,
          -1681.2132568359375,
          -1364.88720703125
        ],
        "h2_emergency_buy_energy": [
          0.0,
          0.0,
          0.0,
          0.0
        ],
        "h2_planned_external_order_energy": [
          0.0,
          0.0,
          0.0,
          0.0
        ],
        "h2_late_order_energy": [
          0.0,
          0.0,
          0.0,
          0.0
        ],
        "h2_level": [
          475.0,
          200.58596801757812,
          227.67872619628906,
          204.58291625976562
        ],
        "e_h2_load": [
          358.834716796875,
          336.9229431152344,
          1951.08935546875,
          1821.5103759765625
        ],
        "pending_h2_energy_total": 12850.982421875,
        "pending_h2_energy_agent": [
          0.0,
          0.0,
          6316.2333984375,
          6534.74951171875
        ],
        "external_min_eta": [
          0.16666666666666666,
          0.0,
          0.0,
          0.16666666666666666
        ]
      },
      {
        "step": 13,
        "actions": [
          [
            0.7388920783996582,
            -0.4624664783477783,
            -0.7093977928161621,
            -0.5739582180976868,
            0.7687389254570007,
            0.5661565661430359,
            -0.8495593667030334,
            0.45246660709381104
          ],
          [
            0.8580156564712524,
            0.27816203236579895,
            0.06957714259624481,
            0.1356213539838791,
            -0.056571196764707565,
            -0.5044459104537964,
            -0.8531363606452942,
            -0.6771877408027649
          ],
          [
            0.7937326431274414,
            -0.746510922908783,
            0.5851555466651917,
            0.6420803070068359,
            -0.48690858483314514,
            -0.6703047752380371,
            0.422855406999588,
            0.27438315749168396
          ],
          [
            0.7788171172142029,
            0.8266692757606506,
            0.07873166352510452,
            0.6956580877304077,
            -0.36558619141578674,
            -0.48857197165489197,
            -0.5600162744522095,
            -0.3125685155391693
          ]
        ],
        "intents": [
          [
            0.0,
            0.0,
            0.0
          ],
          [
            0.0,
            0.0,
            0.0
          ],
          [
            0.0,
            0.0,
            0.0
          ],
          [
            0.0,
            0.0,
            0.0
          ]
        ],
        "economic_cost": 19197.12875366211,
        "step_total_cost": 19197.12875366211,
        "terminal_settlement_cost": 0.0,
        "terminal_battery_asset_value": 1462.6945893722586,
        "terminal_h2_asset_value": 1000556.015625,
        "terminal_undelivered_h2_energy": 14083.753896972656,
        "voltage_cost": 0.0,
        "voltage_violation_area": 0.0,
        "voltage_min_pu": 0.995810260741211,
        "voltage_max_pu": 1.0,
        "pf_converged": true,
        "pcc_p_kw": [
          -2924.557373046875,
          -632.9483642578125,
          -159.83148193359375,
          -911.033203125
        ],
        "pcc_q_kvar": [
          198.31002807617188,
          3235.242600077375,
          -1004.5463327008445,
          1575.0695357815725
        ],
        "p_el": [
          1738.89208984375,
          2787.0234375,
          448.43316650390625,
          711.52685546875
        ],
        "p_bat": [
          -0.0,
          7.52900741645135e-05,
          -0.0,
          5.019338641432114e-05
        ],
        "soc": [
          0.2751297950744629,
          0.8999999761581421,
          0.10000000149011612,
          0.8999999761581421
        ],
        "p_ht": [
          0.0,
          -0.0,
          -1443.5443115234375,
          -1218.65966796875
        ],
        "h2_emergency_buy_energy": [
          0.0,
          0.0,
          3.0517578125e-05,
          0.0
        ],
        "h2_planned_external_order_energy": [
          0.0,
          0.0,
          0.0,
          724.7576904296875
        ],
        "h2_late_order_energy": [
          0.0,
          0.0,
          0.0,
          0.0
        ],
        "h2_level": [
          475.0,
          200.58596801757812,
          198.17550659179688,
          206.8945770263672
        ],
        "e_h2_load": [
          332.7169494628906,
          271.6446838378906,
          1712.604248046875,
          1681.152099609375
        ],
        "pending_h2_energy_total": 14083.75390625,
        "pending_h2_energy_agent": [
          0.0,
          0.0,
          6867.53662109375,
          7216.21728515625
        ],
        "external_min_eta": [
          0.16666666666666666,
          0.0,
          0.0,
          0.16666666666666666
        ]
      },
      {
        "step": 14,
        "actions": [
          [
            0.7434327006340027,
            -0.5426269173622131,
            -0.7307011485099792,
            -0.5942522287368774,
            0.7763704061508179,
            0.5198348760604858,
            -0.8496721386909485,
            0.4165025055408478
          ],
          [
            0.8489229679107666,
            0.27403882145881653,
            0.14331403374671936,
            0.050477124750614166,
            -0.003138347063213587,
            -0.5288214087486267,
            -0.8574603796005249,
            -0.6855035424232483
          ],
          [
            0.7929100394248962,
            -0.7671735286712646,
            0.5632663369178772,
            0.5751628279685974,
            -0.452385276556015,
            -0.7377123236656189,
            0.5488624572753906,
            0.33465734124183655
          ],
          [
            0.8232187628746033,
            0.8586942553520203,
            0.13086065649986267,
            0.6760796308517456,
            -0.3656870424747467,
            -0.49133822321891785,
            -0.5505733489990234,
            -0.320404589176178
          ]
        ],
        "intents": [
          [
            0.0,
            0.0,
            0.0
          ],
          [
            0.0,
            0.0,
            0.0
          ],
          [
            0.0,
            0.0,
            0.0
          ],
          [
            0.0,
            0.0,
            0.0
          ]
        ],
        "economic_cost": 9833.846378326416,
        "step_total_cost": 9833.846378326416,
        "terminal_settlement_cost": 0.0,
        "terminal_battery_asset_value": 1462.6945893722586,
        "terminal_h2_asset_value": 1003613.203125,
        "terminal_undelivered_h2_energy": 15225.205411621093,
        "voltage_cost": 0.0,
        "voltage_violation_area": 0.0,
        "voltage_min_pu": 0.9963347593302152,
        "voltage_max_pu": 1.0,
        "pf_converged": true,
        "pcc_p_kw": [
          -2646.90283203125,
          -865.586669921875,
          -24.173797607421875,
          -955.17236328125
        ],
        "pcc_q_kvar": [
          204.09439086914062,
          3266.6228200880755,
          -1410.3359574558117,
          1580.067814409657
        ],
        "p_el": [
          1743.4327392578125,
          2773.384521484375,
          448.2275085449219,
          729.2874755859375
        ],
        "p_bat": [
          -0.0,
          7.52900741645135e-05,
          -0.0,
          5.019338641432114e-05
        ],
        "soc": [
          0.2751297950744629,
          0.8999999761581421,
          0.10000000149011612,
          0.8999999761581421
        ],
        "p_ht": [
          0.0,
          -0.0,
          -723.07373046875,
          -815.841552734375
        ],
        "h2_emergency_buy_energy": [
          0.0,
          0.0,
          0.0,
          3.0517578125e-05
        ],
        "h2_planned_external_order_energy": [
          0.0,
          0.0,
          0.0,
          410.1451416015625
        ],
        "h2_late_order_energy": [
          0.0,
          0.0,
          852.4349365234375,
          2066.438232421875
        ],
        "h2_level": [
          475.0,
          200.58596801757812,
          200.0515899658203,
          208.0760040283203
        ],
        "e_h2_load": [
          323.3879699707031,
          190.98684692382812,
          992.01025390625,
          1289.87841796875
        ],
        "pending_h2_energy_total": 15225.205078125,
        "pending_h2_energy_agent": [
          0.0,
          0.0,
          6886.63134765625,
          8338.57421875
        ],
        "external_min_eta": [
          0.16666666666666666,
          0.0,
          0.0,
          0.16666666666666666
        ]
      },
      {
        "step": 15,
        "actions": [
          [
            0.7327947020530701,
            -0.5405372381210327,
            -0.7454413771629333,
            -0.5767310857772827,
            0.7729164361953735,
            0.4834045171737671,
            -0.831062912940979,
            0.43203005194664
          ],
          [
            0.8244547843933105,
            0.2984982132911682,
            0.23449847102165222,
            0.01848318800330162,
            0.015104135498404503,
            -0.5408450365066528,
            -0.8687930703163147,
            -0.6319358944892883
          ],
          [
            0.777911901473999,
            -0.7315780520439148,
            0.48624518513679504,
            0.5426530838012695,
            -0.4305156171321869,
            -0.7640955448150635,
            0.6417056918144226,
            0.38726606965065
          ],
          [
            0.8542538285255432,
            0.8690782189369202,
            0.09224193543195724,
            0.6454166769981384,
            -0.36375463008880615,
            -0.5497273206710815,
            -0.45809289813041687,
            -0.2914193272590637
          ]
        ],
        "intents": [
          [
            0.0,
            0.0,
            0.0
          ],
          [
            0.0,
            0.0,
            0.0
          ],
          [
            0.0,
            0.0,
            0.0
          ],
          [
            0.0,
            0.0,
            0.0
          ]
        ],
        "economic_cost": -6595.237846374512,
        "step_total_cost": -6595.237846374512,
        "terminal_settlement_cost": 0.0,
        "terminal_battery_asset_value": 1462.6945893722586,
        "terminal_h2_asset_value": 1134002.8125,
        "terminal_undelivered_h2_energy": 10385.91552441406,
        "voltage_cost": 0.0,
        "voltage_violation_area": 0.0,
        "voltage_min_pu": 0.9981580809930034,
        "voltage_max_pu": 1.001653017444315,
        "pf_converged": true,
        "pcc_p_kw": [
          -2405.36865234375,
          -966.2191162109375,
          -108.6080322265625,
          -747.5289916992188
        ],
        "pcc_q_kvar": [
          -454.4201169880074,
          3034.1697011314304,
          -1713.1238851159674,
          1472.4445673155803
        ],
        "p_el": [
          1732.794677734375,
          2736.68212890625,
          444.47796630859375,
          741.7015380859375
        ],
        "p_bat": [
          -0.0,
          7.52900741645135e-05,
          -0.0,
          5.019338641432114e-05
        ],
        "soc": [
          0.2751297950744629,
          0.8999999761581421,
          0.10000000149011612,
          0.8999999761581421
        ],
        "p_ht": [
          0.0,
          30.208271026611328,
          -471.2239074707031,
          -775.7130126953125
        ],
        "h2_emergency_buy_energy": [
          0.0,
          0.0,
          0.0,
          0.0
        ],
        "h2_planned_external_order_energy": [
          0.0,
          0.0,
          0.0,
          0.0
        ],
        "h2_late_order_energy": [
          0.0,
          0.0,
          766.689453125,
          0.0
        ],
        "h2_level": [
          475.0,
          201.4923095703125,
          257.790771484375,
          279.8330078125
        ],
        "e_h2_load": [
          298.09814453125,
          191.62567138671875,
          737.9107055664062,
          1257.8189697265625
        ],
        "pending_h2_energy_total": 10385.916015625,
        "pending_h2_energy_agent": [
          0.0,
          0.0,
          5214.71484375,
          5171.201171875
        ],
        "external_min_eta": [
          0.16666666666666666,
          0.0,
          0.0,
          0.3333333333333333
        ]
      },
      {
        "step": 16,
        "actions": [
          [
            0.7069912552833557,
            -0.5075957775115967,
            -0.7435141801834106,
            -0.5577594637870789,
            0.7901411652565002,
            0.5112852454185486,
            -0.820940375328064,
            0.43643054366111755
          ],
          [
            0.753277063369751,
            0.2595817446708679,
            0.28677549958229065,
            -0.06217803433537483,
            0.0955871045589447,
            -0.6230746507644653,
            -0.8605567812919617,
            -0.5246534943580627
          ],
          [
            0.7405272722244263,
            -0.781570553779602,
            0.2575404644012451,
            0.5488470196723938,
            -0.4707696735858917,
            -0.8040611743927002,
            0.638796329498291,
            0.5795423984527588
          ],
          [
            0.8002926111221313,
            0.8660270571708679,
            0.026073936372995377,
            0.5934561491012573,
            -0.3803873360157013,
            -0.6402739882469177,
            -0.46705693006515503,
            -0.19807681441307068
          ]
        ],
        "intents": [
          [
            0.0,
            0.0,
            0.0
          ],
          [
            0.0,
            0.0,
            0.0
          ],
          [
            0.0,
            0.0,
            0.0
          ],
          [
            0.0,
            0.0,
            0.0
          ]
        ],
        "economic_cost": -5900.419609069824,
        "step_total_cost": -5900.419609069824,
        "terminal_settlement_cost": 0.0,
        "terminal_battery_asset_value": 1462.6945893722586,
        "terminal_h2_asset_value": 1128094.21875,
        "terminal_undelivered_h2_energy": 9860.70812890625,
        "voltage_cost": 0.0,
        "voltage_violation_area": 0.0,
        "voltage_min_pu": 0.9984722034556938,
        "voltage_max_pu": 1.0041823112268096,
        "pf_converged": true,
        "pcc_p_kw": [
          -1675.1343994140625,
          -767.1676025390625,
          -353.95404052734375,
          -347.8096923828125
        ],
        "pcc_q_kvar": [
          -1121.6030215144929,
          2552.003916555796,
          -2617.214944909971,
          1089.3882211462014
        ],
        "p_el": [
          1706.9912109375,
          2629.91552734375,
          435.1318054199219,
          720.1170654296875
        ],
        "p_bat": [
          -0.0,
          7.52900741645135e-05,
          -0.0,
          5.019338641432114e-05
        ],
        "soc": [
          0.2751297950744629,
          0.8999999761581421,
          0.10000000149011612,
          0.8999999761581421
        ],
        "p_ht": [
          0.0,
          191.17420959472656,
          -610.3004150390625,
          -904.1748046875
        ],
        "h2_emergency_buy_energy": [
          0.0,
          0.0,
          0.0,
          0.0
        ],
        "h2_planned_external_order_energy": [
          0.0,
          0.0,
          0.0,
          0.0
        ],
        "h2_late_order_energy": [
          0.0,
          0.0,
          636.8012084960938,
          0.0
        ],
        "h2_level": [
          475.0,
          207.2281036376953,
          273.27374267578125,
          252.70504760742188
        ],
        "e_h2_load": [
          297.3777160644531,
          178.9867706298828,
          871.3795166015625,
          1372.2508544921875
        ],
        "pending_h2_energy_total": 9860.708984375,
        "pending_h2_energy_agent": [
          0.0,
          0.0,
          4689.50732421875,
          5171.201171875
        ],
        "external_min_eta": [
          0.3333333333333333,
          0.16666666666666666,
          0.0,
          0.3333333333333333
        ]
      },
      {
        "step": 17,
        "actions": [
          [
            0.6533365249633789,
            -0.5084012746810913,
            -0.7225869297981262,
            -0.5389621257781982,
            0.8158742189407349,
            0.5386295914649963,
            -0.7979769110679626,
            0.5374584794044495
          ],
          [
            0.6696227788925171,
            0.20414768159389496,
            0.38571277260780334,
            -0.17211909592151642,
            0.18019983172416687,
            -0.7103612422943115,
            -0.8563728332519531,
            -0.28102773427963257
          ],
          [
            0.696343183517456,
            -0.8387237787246704,
            0.02148238755762577,
            0.5435851812362671,
            -0.5292868614196777,
            -0.8487787842750549,
            0.5893968939781189,
            0.6830072402954102
          ],
          [
            0.7610281109809875,
            0.855864405632019,
            -0.041063059121370316,
            0.5369176268577576,
            -0.41359081864356995,
            -0.6793760061264038,
            -0.5003742575645447,
            -0.006903463508933783
          ]
        ],
        "intents": [
          [
            0.0,
            0.0,
            0.0
          ],
          [
            0.0,
            0.0,
            0.0
          ],
          [
            0.0,
            0.0,
            0.0
          ],
          [
            0.0,
            0.0,
            0.0
          ]
        ],
        "economic_cost": -1040.7315673828125,
        "step_total_cost": -1040.7315673828125,
        "terminal_settlement_cost": 0.0,
        "terminal_battery_asset_value": 1462.6945893722586,
        "terminal_h2_asset_value": 1124618.4375,
        "terminal_undelivered_h2_energy": 10217.882968994141,
        "voltage_cost": 0.0,
        "voltage_violation_area": 0.0,
        "voltage_min_pu": 0.9987884387981912,
        "voltage_max_pu": 1.0058919004813922,
        "pf_converged": true,
        "pcc_p_kw": [
          -513.4993896484375,
          -520.90576171875,
          -533.892822265625,
          33.396240234375
        ],
        "pcc_q_kvar": [
          -2003.9254089567212,
          1427.5268549702341,
          -3099.348603368828,
          236.93135544789618
        ],
        "p_el": [
          1653.3365478515625,
          2504.43408203125,
          424.0857849121094,
          704.4112548828125
        ],
        "p_bat": [
          -0.0,
          7.52900741645135e-05,
          -0.0,
          5.019338641432114e-05
        ],
        "soc": [
          0.2751297950744629,
          0.8999999761581421,
          0.10000000149011612,
          0.8999999761581421
        ],
        "p_ht": [
          0.0,
          360.399658203125,
          -660.2421875,
          -1157.968017578125
        ],
        "h2_emergency_buy_energy": [
          0.0,
          0.0,
          0.0,
          0.0
        ],
        "h2_planned_external_order_energy": [
          0.0,
          0.0,
          0.0,
          0.0
        ],
        "h2_late_order_energy": [
          0.0,
          0.0,
          491.4689636230469,
          1302.5350341796875
        ],
        "h2_level": [
          475.0,
          218.04116821289062,
          253.46449279785156,
          258.2252197265625
        ],
        "e_h2_load": [
          288.3995361328125,
          174.5757598876953,
          914.6936645507812,
          1615.8353271484375
        ],
        "pending_h2_energy_total": 10217.8828125,
        "pending_h2_energy_agent": [
          0.0,
          0.0,
          5157.3857421875,
          5060.4970703125
        ],
        "external_min_eta": [
          0.16666666666666666,
          0.3333333333333333,
          0.0,
          0.0
        ]
      },
      {
        "step": 18,
        "actions": [
          [
            0.5927379131317139,
            -0.5699588656425476,
            -0.6857193112373352,
            -0.5466974377632141,
            0.8442456722259521,
            0.5504762530326843,
            -0.7782787680625916,
            0.6803463697433472
          ],
          [
            0.6547892093658447,
            0.08870003372430801,
            0.47392362356185913,
            -0.31266504526138306,
            0.2695704996585846,
            -0.792747974395752,
            -0.8515576124191284,
            -0.031426310539245605
          ],
          [
            0.6766061186790466,
            -0.8755395412445068,
            -0.1957249790430069,
            0.5248963832855225,
            -0.582464873790741,
            -0.8877861499786377,
            0.5299642086029053,
            0.7190057039260864
          ],
          [
            0.6646192073822021,
            0.8607455492019653,
            -0.13037964701652527,
            0.5007176399230957,
            -0.47851696610450745,
            -0.7362457513809204,
            -0.534371554851532,
            0.22585032880306244
          ]
        ],
        "intents": [
          [
            0.0,
            0.0,
            0.0
          ],
          [
            0.0,
            0.0,
            0.0
          ],
          [
            0.0,
            0.0,
            0.0
          ],
          [
            0.0,
            0.0,
            0.0
          ]
        ],
        "economic_cost": -5399.20426940918,
        "step_total_cost": -5399.20426940918,
        "terminal_settlement_cost": 0.0,
        "terminal_battery_asset_value": 1210.7493645171053,
        "terminal_h2_asset_value": 1132921.0546875,
        "terminal_undelivered_h2_energy": 8670.63847680664,
        "voltage_cost": 0.0,
        "voltage_violation_area": 0.0,
        "voltage_min_pu": 0.999294608323904,
        "voltage_max_pu": 1.0115008445260791,
        "pf_converged": true,
        "pcc_p_kw": [
          3.0517578125e-05,
          -388.260986328125,
          -804.8411254882812,
          476.20013427734375
        ],
        "pcc_q_kvar": [
          -2786.793296468474,
          256.42669694570816,
          -3281.217038268045,
          -872.7220143055681
        ],
        "p_el": [
          1592.7379150390625,
          2482.183837890625,
          419.1515197753906,
          665.84765625
        ],
        "p_bat": [
          -797.8267822265625,
          7.52900741645135e-05,
          -0.0,
          5.019338641432114e-05
        ],
        "soc": [
          0.10716626048088074,
          0.8999999761581421,
          0.10000000149011612,
          0.8999999761581421
        ],
        "p_ht": [
          0.0,
          539.1409912109375,
          -632.3377685546875,
          -1177.29296875
        ],
        "h2_emergency_buy_energy": [
          0.0,
          0.0,
          0.0,
          0.0
        ],
        "h2_planned_external_order_energy": [
          0.0,
          0.0,
          0.0,
          0.0
        ],
        "h2_late_order_energy": [
          0.0,
          0.0,
          0.0,
          0.0
        ],
        "h2_level": [
          475.0,
          234.21701049804688,
          234.49246215820312,
          269.3248596191406
        ],
        "e_h2_load": [
          306.9000549316406,
          213.99221801757812,
          883.8286743164062,
          1610.0938720703125
        ],
        "pending_h2_energy_total": 8670.638671875,
        "pending_h2_energy_agent": [
          0.0,
          0.0,
          5157.3857421875,
          3513.252685546875
        ],
        "external_min_eta": [
          0.0,
          0.16666666666666666,
          0.0,
          0.0
        ]
      },
      {
        "step": 19,
        "actions": [
          [
            0.5471485257148743,
            -0.65714031457901,
            -0.6453368067741394,
            -0.5780436992645264,
            0.8628807663917542,
            0.5945918560028076,
            -0.7898231148719788,
            0.7825104594230652
          ],
          [
            0.6600334644317627,
            -0.012536732479929924,
            0.4657963216304779,
            -0.3985143303871155,
            0.3767282962799072,
            -0.8197643756866455,
            -0.8271823525428772,
            0.21421721577644348
          ],
          [
            0.6381537318229675,
            -0.8979765176773071,
            -0.2869469225406647,
            0.4936917722225189,
            -0.6060285568237305,
            -0.9130094051361084,
            0.45267677307128906,
            0.724177360534668
          ],
          [
            0.5632287263870239,
            0.8769267797470093,
            -0.1939946860074997,
            0.45109668374061584,
            -0.5261493921279907,
            -0.7649465799331665,
            -0.5329726934432983,
            0.36759865283966064
          ]
        ],
        "intents": [
          [
            0.0,
            0.0,
            0.0
          ],
          [
            0.0,
            0.0,
            0.0
          ],
          [
            0.0,
            0.0,
            0.0
          ],
          [
            0.0,
            0.0,
            0.0
          ]
        ],
        "economic_cost": 1375.6486625671387,
        "step_total_cost": 1375.6486625671387,
        "terminal_settlement_cost": 0.0,
        "terminal_battery_asset_value": 1199.999901199335,
        "terminal_h2_asset_value": 1177985.15625,
        "terminal_undelivered_h2_energy": 6864.563291748047,
        "voltage_cost": 0.0,
        "voltage_violation_area": 0.0,
        "voltage_min_pu": 0.9981863896666703,
        "voltage_max_pu": 1.005234618251669,
        "pf_converged": true,
        "pcc_p_kw": [
          1741.424560546875,
          -156.97421264648438,
          -881.8946533203125,
          824.810546875
        ],
        "pcc_q_kvar": [
          -3526.8187552229742,
          -897.5794549317666,
          -3262.5249715815626,
          -1548.6144495683964
        ],
        "p_el": [
          1547.1485595703125,
          2490.05029296875,
          409.5384216308594,
          625.29150390625
        ],
        "p_bat": [
          -34.039737701416016,
          -0.0,
          -0.0,
          5.019338641432114e-05
        ],
        "soc": [
          0.10000000149011612,
          0.8999999761581421,
          0.10000000149011612,
          0.8999999761581421
        ],
        "p_ht": [
          0.0,
          753.4566040039062,
          -911.4956665039062,
          -1331.75732421875
        ],
        "h2_emergency_buy_energy": [
          0.0,
          0.0,
          1.52587890625e-05,
          0.0
        ],
        "h2_planned_external_order_energy": [
          0.0,
          0.0,
          0.0,
          0.0
        ],
        "h2_late_order_energy": [
          0.0,
          0.0,
          282.71942138671875,
          954.904541015625
        ],
        "h2_level": [
          475.0,
          256.8229675292969,
          260.4146423339844,
          265.8653259277344
        ],
        "e_h2_load": [
          358.4935607910156,
          269.2809143066406,
          1157.21875,
          1738.19677734375
        ],
        "pending_h2_energy_total": 6864.5634765625,
        "pending_h2_energy_agent": [
          0.0,
          0.0,
          3651.052978515625,
          3213.51025390625
        ],
        "external_min_eta": [
          0.0,
          0.16666666666666666,
          0.16666666666666666,
          0.0
        ]
      },
      {
        "step": 20,
        "actions": [
          [
            0.5381562113761902,
            -0.651255190372467,
            -0.6009941101074219,
            -0.5937482118606567,
            0.8772885799407959,
            0.6466268301010132,
            -0.7948467135429382,
            0.8364266157150269
          ],
          [
            0.6556913256645203,
            -0.11336623877286911,
            0.45061615109443665,
            -0.4272395968437195,
            0.39611878991127014,
            -0.8228326439857483,
            -0.8247076869010925,
            0.39689457416534424
          ],
          [
            0.5849382877349854,
            -0.921521782875061,
            -0.3823563754558563,
            0.551267147064209,
            -0.6482908129692078,
            -0.9253109693527222,
            0.3229580521583557,
            0.7279437184333801
          ],
          [
            0.4325222373008728,
            0.8651447296142578,
            -0.2506062388420105,
            0.4085356891155243,
            -0.5757466554641724,
            -0.8067408204078674,
            -0.5086330771446228,
            0.5035262107849121
          ]
        ],
        "intents": [
          [
            0.0,
            0.0,
            0.0
          ],
          [
            0.0,
            0.0,
            0.0
          ],
          [
            0.0,
            0.0,
            0.0
          ],
          [
            0.0,
            0.0,
            0.0
          ]
        ],
        "economic_cost": 1999.3656339645386,
        "step_total_cost": 1999.3656339645386,
        "terminal_settlement_cost": 0.0,
        "terminal_battery_asset_value": 1199.999901199335,
        "terminal_h2_asset_value": 1190070.5859375,
        "terminal_undelivered_h2_energy": 4594.147747070312,
        "voltage_cost": 0.0,
        "voltage_violation_area": 0.0,
        "voltage_min_pu": 0.996965609641134,
        "voltage_max_pu": 1.000041031887315,
        "pf_converged": true,
        "pcc_p_kw": [
          2205.309814453125,
          -17.549877166748047,
          -268.1006774902344,
          1044.739013671875
        ],
        "pcc_q_kvar": [
          -3746.3171241749055,
          -1729.7843376677092,
          -3146.028635878467,
          -2160.4529530934683
        ],
        "p_el": [
          1538.15625,
          2483.537109375,
          396.23455810546875,
          573.0089111328125
        ],
        "p_bat": [
          -7.078051567077637e-06,
          -0.0,
          -0.0,
          5.019338641432114e-05
        ],
        "soc": [
          0.10000000149011612,
          0.8999999761581421,
          0.10000000149011612,
          0.8999999761581421
        ],
        "p_ht": [
          0.0,
          792.2376098632812,
          -1711.4476318359375,
          -1698.01220703125
        ],
        "h2_emergency_buy_energy": [
          0.0,
          0.0,
          0.0,
          3.0517578125e-05
        ],
        "h2_planned_external_order_energy": [
          0.0,
          0.0,
          0.0,
          0.0
        ],
        "h2_late_order_energy": [
          0.0,
          0.0,
          0.0,
          785.1154174804688
        ],
        "h2_level": [
          475.0,
          280.59246826171875,
          256.7447814941406,
          257.852294921875
        ],
        "e_h2_load": [
          430.5545959472656,
          358.79022216796875,
          1949.1883544921875,
          2070.468017578125
        ],
        "pending_h2_energy_total": 4594.1474609375,
        "pending_h2_energy_agent": [
          0.0,
          0.0,
          2061.92236328125,
          2532.22509765625
        ],
        "external_min_eta": [
          0.0,
          0.16666666666666666,
          0.16666666666666666,
          0.0
        ]
      },
      {
        "step": 21,
        "actions": [
          [
            0.5513803958892822,
            -0.5700777769088745,
            -0.5550194382667542,
            -0.5826241970062256,
            0.8845915794372559,
            0.6983897089958191,
            -0.7825466990470886,
            0.8667808771133423
          ],
          [
            0.6648963689804077,
            -0.15834027528762817,
            0.38414114713668823,
            -0.3707597553730011,
            0.39838141202926636,
            -0.7932460904121399,
            -0.8187769651412964,
            0.47151753306388855
          ],
          [
            0.5039072036743164,
            -0.9259068369865417,
            -0.3920843005180359,
            0.6035991907119751,
            -0.6630120277404785,
            -0.9344967603683472,
            0.19344645738601685,
            0.657257080078125
          ],
          [
            0.3392040431499481,
            0.8240504860877991,
            -0.3204059600830078,
            0.35308417677879333,
            -0.5813196897506714,
            -0.8332898616790771,
            -0.4602605402469635,
            0.6029397249221802
          ]
        ],
        "intents": [
          [
            0.0,
            0.0,
            0.0
          ],
          [
            0.0,
            0.0,
            0.0
          ],
          [
            0.0,
            0.0,
            0.0
          ],
          [
            0.0,
            0.0,
            0.0
          ]
        ],
        "economic_cost": 952.5615978240967,
        "step_total_cost": 952.5615978240967,
        "terminal_settlement_cost": 0.0,
        "terminal_battery_asset_value": 1199.999901199335,
        "terminal_h2_asset_value": 1123808.4375,
        "terminal_undelivered_h2_energy": 4516.668770019531,
        "voltage_cost": 0.0,
        "voltage_violation_area": 0.0,
        "voltage_min_pu": 0.9968496480701835,
        "voltage_max_pu": 1.0000476279627015,
        "pf_converged": true,
        "pcc_p_kw": [
          2324.449462890625,
          -63.71875,
          -144.9468994140625,
          1112.3621826171875
        ],
        "pcc_q_kvar": [
          -3857.108329772949,
          -2076.0579624176025,
          -2810.1011352539062,
          -2603.5857467651367
        ],
        "p_el": [
          1551.38037109375,
          2497.344482421875,
          375.976806640625,
          535.681640625
        ],
        "p_bat": [
          -7.078051567077637e-06,
          -0.0,
          -0.0,
          5.019338641432114e-05
        ],
        "soc": [
          0.10000000149011612,
          0.8999999761581421,
          0.10000000149011612,
          0.8999999761581421
        ],
        "p_ht": [
          0.0,
          796.7628173828125,
          -1606.4486083984375,
          -2122.80712890625
        ],
        "h2_emergency_buy_energy": [
          0.0,
          0.0,
          0.0,
          6.103515625e-05
        ],
        "h2_planned_external_order_energy": [
          0.0,
          0.0,
          0.0,
          0.0
        ],
        "h2_late_order_energy": [
          0.0,
          0.0,
          0.0,
          677.2599487304688
        ],
        "h2_level": [
          475.0,
          304.49774169921875,
          230.26132202148438,
          194.16171264648438
        ],
        "e_h2_load": [
          503.98095703125,
          397.8164978027344,
          1832.03466796875,
          2471.000244140625
        ],
        "pending_h2_energy_total": 4516.6689453125,
        "pending_h2_energy_agent": [
          0.0,
          0.0,
          1338.167724609375,
          3178.5009765625
        ],
        "external_min_eta": [
          0.0,
          0.0,
          0.16666666666666666,
          0.0
        ]
      },
      {
        "step": 22,
        "actions": [
          [
            0.549839437007904,
            -0.41598838567733765,
            -0.4786452353000641,
            -0.5387176871299744,
            0.8933643102645874,
            0.7336130738258362,
            -0.7497554421424866,
            0.8751407265663147
          ],
          [
            0.6922858953475952,
            -0.1820211112499237,
            0.3457872271537781,
            -0.3111637532711029,
            0.4004513621330261,
            -0.7953307628631592,
            -0.8127171397209167,
            0.39774808287620544
          ],
          [
            0.46330735087394714,
            -0.9076031446456909,
            -0.3929957449436188,
            0.6653085350990295,
            -0.6580042839050293,
            -0.9372159838676453,
            0.09858066588640213,
            0.4972216784954071
          ],
          [
            0.3397306501865387,
            0.7720978856086731,
            -0.3213794231414795,
            0.32975563406944275,
            -0.5710291266441345,
            -0.8473900556564331,
            -0.42587247490882874,
            0.6584412455558777
          ]
        ],
        "intents": [
          [
            0.0,
            0.0,
            0.0
          ],
          [
            0.0,
            0.0,
            0.0
          ],
          [
            0.0,
            0.0,
            0.0
          ],
          [
            0.0,
            0.0,
            0.0
          ]
        ],
        "economic_cost": -122.80290985107422,
        "step_total_cost": -122.80290985107422,
        "terminal_settlement_cost": 0.0,
        "terminal_battery_asset_value": 1199.999901199335,
        "terminal_h2_asset_value": 1091349.9609375,
        "terminal_undelivered_h2_energy": 4042.828764892579,
        "voltage_cost": 0.0,
        "voltage_violation_area": 0.0,
        "voltage_min_pu": 0.9972552494680095,
        "voltage_max_pu": 1.0008326846467253,
        "pf_converged": true,
        "pcc_p_kw": [
          2167.503662109375,
          -196.301513671875,
          -229.2886962890625,
          995.3790283203125
        ],
        "pcc_q_kvar": [
          -3953.1232261657715,
          -1759.3298664093018,
          -2121.0012760162354,
          -2906.469165802002
        ],
        "p_el": [
          1549.8394775390625,
          2538.428955078125,
          365.82684326171875,
          535.8922729492188
        ],
        "p_bat": [
          -7.078051567077637e-06,
          -0.0,
          -0.0,
          5.019338641432114e-05
        ],
        "soc": [
          0.10000000149011612,
          0.8999999761581421,
          0.10000000149011612,
          0.8999999761581421
        ],
        "p_ht": [
          0.0,
          800.9027099609375,
          -1196.6585693359375,
          -1755.2086181640625
        ],
        "h2_emergency_buy_energy": [
          0.0,
          0.0,
          0.0,
          0.0
        ],
        "h2_planned_external_order_energy": [
          0.0,
          0.0,
          0.0,
          0.0
        ],
        "h2_late_order_energy": [
          0.0,
          0.0,
          0.0,
          619.9779052734375
        ],
        "h2_level": [
          475.0,
          328.5272216796875,
          226.43173217773438,
          141.50018310546875
        ],
        "e_h2_load": [
          396.1825256347656,
          313.05194091796875,
          1416.1546630859375,
          2103.53857421875
        ],
        "pending_h2_energy_total": 4042.82861328125,
        "pending_h2_energy_agent": [
          0.0,
          0.0,
          269.1488952636719,
          3773.6796875
        ],
        "external_min_eta": [
          0.0,
          0.0,
          0.16666666666666666,
          0.0
        ]
      },
      {
        "step": 23,
        "actions": [
          [
            0.5403844714164734,
            -0.20998835563659668,
            -0.3879261314868927,
            -0.4742047190666199,
            0.8966566920280457,
            0.770241916179657,
            -0.7170705795288086,
            0.8743714690208435
          ],
          [
            0.7193179130554199,
            -0.17017798125743866,
            0.29030734300613403,
            -0.19334031641483307,
            0.40447893738746643,
            -0.7864598631858826,
            -0.8093191385269165,
            0.3125939667224884
          ],
          [
            0.4036679267883301,
            -0.8922604918479919,
            -0.30202755331993103,
            0.6806422472000122,
            -0.642351508140564,
            -0.9376084208488464,
            0.034005261957645416,
            0.3053957223892212
          ],
          [
            0.4157654941082001,
            0.6984657645225525,
            -0.30940788984298706,
            0.30709412693977356,
            -0.5339362621307373,
            -0.8482979536056519,
            -0.37697237730026245,
            0.6545440554618835
          ]
        ],
        "intents": [
          [
            0.0,
            0.0,
            0.0
          ],
          [
            0.0,
            0.0,
            0.0
          ],
          [
            0.0,
            0.0,
            0.0
          ],
          [
            0.0,
            0.0,
            0.0
          ]
        ],
        "economic_cost": -3443.285934448242,
        "step_total_cost": -524295.4342063903,
        "terminal_settlement_cost": -520852.14827194205,
        "terminal_battery_asset_value": 1199.999901199335,
        "terminal_h2_asset_value": 1081276.171875,
        "terminal_undelivered_h2_energy": 2991.6065134277346,
        "voltage_cost": 0.0,
        "voltage_violation_area": 0.0,
        "voltage_min_pu": 0.997666825076045,
        "voltage_max_pu": 1.0017017793528802,
        "pf_converged": true,
        "pcc_p_kw": [
          2011.3779296875,
          -306.954833984375,
          -530.015869140625,
          880.390869140625
        ],
        "pcc_q_kvar": [
          -4002.647861480713,
          -1379.6600856781006,
          -1266.1196823120117,
          -2937.597629547119
        ],
        "p_el": [
          1540.384521484375,
          2578.976806640625,
          350.9169921875,
          566.3062133789062
        ],
        "p_bat": [
          -7.078051567077637e-06,
          -0.0,
          -0.0,
          5.019338641432114e-05
        ],
        "soc": [
          0.10000000149011612,
          0.8999999761581421,
          0.10000000149011612,
          0.8999999761581421
        ],
        "p_ht": [
          0.0,
          808.9578857421875,
          -869.9168701171875,
          -1326.05859375
        ],
        "h2_emergency_buy_energy": [
          0.0,
          0.0,
          0.0,
          0.0
        ],
        "h2_planned_external_order_energy": [
          0.0,
          0.0,
          0.0,
          0.0
        ],
        "h2_late_order_energy": [
          0.0,
          0.0,
          0.0,
          0.0
        ],
        "h2_level": [
          475.0,
          352.7983703613281,
          200.3316192626953,
          133.2542724609375
        ],
        "e_h2_load": [
          307.501708984375,
          243.0540771484375,
          1080.467041015625,
          1694.1575927734375
        ],
        "pending_h2_energy_total": 2991.6064453125,
        "pending_h2_energy_agent": [
          0.0,
          0.0,
          269.1488952636719,
          2722.45751953125
        ],
        "external_min_eta": [
          0.0,
          0.0,
          0.16666666666666666,
          0.0
        ]
      }
    ]
  }
}
