{
  "variant": "v6q_nocomm_gru_macpo_softc8_knee98",
  "exploratory": true,
  "target_updates": 1000,
  "resumed_from_update": 750,
  "dimensions": {
    "num_agents": 4,
    "action_dim": 8,
    "base_obs_dim": 32,
    "actor_obs_dim": 40
  },
  "metrics": [
    {
      "update": 751,
      "algorithm": "macpo",
      "actor_loss": -0.1558380126953125,
      "reward_critic_loss": 0.0010741021251305938,
      "cost_critic_loss": 0.8802511096000671,
      "reward_critic_loss_last": 0.0009890946093946695,
      "cost_critic_loss_last": 0.5993416905403137,
      "critic_epochs": 8,
      "daily_voltage_cost": 0.006955594755709171,
      "daily_voltage_cost_raw": 0.006955594755709171,
      "daily_voltage_cost_normalized": 0.3477797508239746,
      "daily_economic_return_raw_yuan": -1097501.875,
      "daily_economic_return_normalized": -0.34822481870651245,
      "daily_economic_cost_raw_yuan": 1097501.875,
      "economic_reward_scale_yuan": 3151704.8194007874,
      "lagrange_multiplier": 0.0,
      "cost_budget": 1.0,
      "cost_budget_raw": 0.02,
      "cost_budget_normalized": 1.0,
      "algorithm_cost_mode": "separate_cost",
      "fixed_cost_penalty_coef": 0.0,
      "log_std_max": -2.3,
      "accepted": true,
      "mode": "constrained_reward",
      "reward_before": 9.665200906283644e-08,
      "reward_after": 0.1558380126953125,
      "cost_before": 0.3477715849876404,
      "cost_after": 0.17587153613567352,
      "kl_before": -2.384185791015625e-07,
      "kl_after": 0.00513350497931242,
      "cost_gap": -0.6522284150123596,
      "cost_recoverable": true,
      "cost_quadratic": 3386.341796875,
      "reward_quadratic": 2.8329648971557617,
      "reward_cost_cross": 42.695518493652344,
      "max_linear_cost_drop": 11.638456593337452,
      "rollout_wall_seconds": 6.83677508495748,
      "update_wall_seconds": 19.88654954172671,
      "total_wall_seconds": 26.72332601994276
    },
    {
      "update": 752,
      "algorithm": "macpo",
      "actor_loss": -0.15766268968582153,
      "reward_critic_loss": 0.0010667713358998299,
      "cost_critic_loss": 0.051196109503507614,
      "reward_critic_loss_last": 0.0009807477472350001,
      "cost_critic_loss_last": 0.05285900458693504,
      "critic_epochs": 8,
      "daily_voltage_cost": 0.004248214885592461,
      "daily_voltage_cost_raw": 0.004248214885592461,
      "daily_voltage_cost_normalized": 0.21241074800491333,
      "daily_economic_return_raw_yuan": -1321660.375,
      "daily_economic_return_normalized": -0.4193477928638458,
      "daily_economic_cost_raw_yuan": 1321660.375,
      "economic_reward_scale_yuan": 3151704.8194007874,
      "lagrange_multiplier": 0.0,
      "cost_budget": 1.0,
      "cost_budget_raw": 0.02,
      "cost_budget_normalized": 1.0,
      "algorithm_cost_mode": "separate_cost",
      "fixed_cost_penalty_coef": 0.0,
      "log_std_max": -2.3,
      "accepted": true,
      "mode": "reward",
      "reward_before": -3.1259239108294423e-07,
      "reward_after": 0.15766268968582153,
      "cost_before": 0.21240775287151337,
      "cost_after": 0.49189165234565735,
      "kl_before": -2.384185791015625e-07,
      "kl_after": 0.005026180762797594,
      "cost_gap": -0.7875922471284866,
      "cost_recoverable": true,
      "cost_quadratic": 135.181884765625,
      "reward_quadratic": 2.4367563724517822,
      "reward_cost_cross": 4.521905899047852,
      "max_linear_cost_drop": 2.3253548956288372,
      "rollout_wall_seconds": 1.7873958218842745,
      "update_wall_seconds": 1.2601986695080996,
      "total_wall_seconds": 3.0475963950157166
    },
    {
      "update": 753,
      "algorithm": "macpo",
      "actor_loss": -0.3003352880477905,
      "reward_critic_loss": 0.0009846322936937213,
      "cost_critic_loss": 0.19197696447372437,
      "reward_critic_loss_last": 0.0009048347128555179,
      "cost_critic_loss_last": 0.18348310887813568,
      "critic_epochs": 8,
      "daily_voltage_cost": 0.0072515299543738365,
      "daily_voltage_cost_raw": 0.0072515299543738365,
      "daily_voltage_cost_normalized": 0.3625764846801758,
      "daily_economic_return_raw_yuan": -1272639.875,
      "daily_economic_return_normalized": -0.4037941098213196,
      "daily_economic_cost_raw_yuan": 1272639.875,
      "economic_reward_scale_yuan": 3151704.8194007874,
      "lagrange_multiplier": 0.0,
      "cost_budget": 1.0,
      "cost_budget_raw": 0.02,
      "cost_budget_normalized": 1.0,
      "algorithm_cost_mode": "separate_cost",
      "fixed_cost_penalty_coef": 0.0,
      "log_std_max": -2.3,
      "accepted": true,
      "mode": "reward",
      "reward_before": -4.2672911604313413e-07,
      "reward_after": 0.3003352880477905,
      "cost_before": 0.3625794053077698,
      "cost_after": -0.08614644408226013,
      "kl_before": -2.384185791015625e-07,
      "kl_after": 0.019961964339017868,
      "cost_gap": -0.6374205946922302,
      "cost_recoverable": true,
      "cost_quadratic": 439.88214111328125,
      "reward_quadratic": 2.183063268661499,
      "reward_cost_cross": -3.793653726577759,
      "max_linear_cost_drop": 4.194673484853291,
      "rollout_wall_seconds": 1.5375480074435472,
      "update_wall_seconds": 1.4334632270038128,
      "total_wall_seconds": 2.9710128847509623
    },
    {
      "update": 754,
      "algorithm": "macpo",
      "actor_loss": 0.022481121122837067,
      "reward_critic_loss": 0.0008078757673501968,
      "cost_critic_loss": 2.140744924545288,
      "reward_critic_loss_last": 0.0007759424624964595,
      "cost_critic_loss_last": 1.8006937503814697,
      "critic_epochs": 8,
      "daily_voltage_cost": 0.03741335868835449,
      "daily_voltage_cost_raw": 0.03741335868835449,
      "daily_voltage_cost_normalized": 1.870667815208435,
      "daily_economic_return_raw_yuan": -1178533.375,
      "daily_economic_return_normalized": -0.3739352226257324,
      "daily_economic_cost_raw_yuan": 1178533.375,
      "economic_reward_scale_yuan": 3151704.8194007874,
      "lagrange_multiplier": 0.0,
      "cost_budget": 1.0,
      "cost_budget_raw": 0.02,
      "cost_budget_normalized": 1.0,
      "algorithm_cost_mode": "separate_cost",
      "fixed_cost_penalty_coef": 0.0,
      "log_std_max": -2.3,
      "accepted": true,
      "mode": "cost_recovery",
      "reward_before": 2.3633364776287635e-07,
      "reward_after": -0.022481121122837067,
      "cost_before": 1.8707048892974854,
      "cost_after": -11.373030662536621,
      "kl_before": -2.384185791015625e-07,
      "kl_after": 0.01987770013511181,
      "cost_gap": 0.8707048892974854,
      "cost_recoverable": true,
      "cost_quadratic": 5876.1650390625,
      "reward_quadratic": 1.9329239130020142,
      "reward_cost_cross": 10.447985649108887,
      "max_linear_cost_drop": 15.33122961678221,
      "rollout_wall_seconds": 2.027946462854743,
      "update_wall_seconds": 1.4208290372043848,
      "total_wall_seconds": 3.448777573183179
    },
    {
      "update": 755,
      "algorithm": "macpo",
      "actor_loss": -0.016597306355834007,
      "reward_critic_loss": 0.0007688928162679076,
      "cost_critic_loss": 0.8591902256011963,
      "reward_critic_loss_last": 0.0006953388219699264,
      "cost_critic_loss_last": 0.7144788503646851,
      "critic_epochs": 8,
      "daily_voltage_cost": 0.028181008994579315,
      "daily_voltage_cost_raw": 0.028181008994579315,
      "daily_voltage_cost_normalized": 1.4090505838394165,
      "daily_economic_return_raw_yuan": -1114333.5,
      "daily_economic_return_normalized": -0.3535653054714203,
      "daily_economic_cost_raw_yuan": 1114333.5,
      "economic_reward_scale_yuan": 3151704.8194007874,
      "lagrange_multiplier": 0.0,
      "cost_budget": 1.0,
      "cost_budget_raw": 0.02,
      "cost_budget_normalized": 1.0,
      "algorithm_cost_mode": "separate_cost",
      "fixed_cost_penalty_coef": 0.0,
      "log_std_max": -2.3,
      "accepted": true,
      "mode": "cost_recovery",
      "reward_before": -1.2189207154733595e-07,
      "reward_after": 0.016597306355834007,
      "cost_before": 1.409072756767273,
      "cost_after": -6.972574710845947,
      "kl_before": -2.384185791015625e-07,
      "kl_after": 0.01997319795191288,
      "cost_gap": 0.40907275676727295,
      "cost_recoverable": true,
      "cost_quadratic": 2205.015869140625,
      "reward_quadratic": 1.6648809909820557,
      "reward_cost_cross": -2.0778799057006836,
      "max_linear_cost_drop": 9.391519300178485,
      "rollout_wall_seconds": 1.6177710685878992,
      "update_wall_seconds": 1.4481207989156246,
      "total_wall_seconds": 3.065893741324544
    },
    {
      "update": 756,
      "algorithm": "macpo",
      "actor_loss": -0.15211082994937897,
      "reward_critic_loss": 0.0010009382385760546,
      "cost_critic_loss": 1.6481561660766602,
      "reward_critic_loss_last": 0.0008432228351011872,
      "cost_critic_loss_last": 1.5902042388916016,
      "critic_epochs": 8,
      "daily_voltage_cost": 0.019941240549087524,
      "daily_voltage_cost_raw": 0.019941240549087524,
      "daily_voltage_cost_normalized": 0.9970620274543762,
      "daily_economic_return_raw_yuan": -1203967.125,
      "daily_economic_return_normalized": -0.3820050358772278,
      "daily_economic_cost_raw_yuan": 1203967.125,
      "economic_reward_scale_yuan": 3151704.8194007874,
      "lagrange_multiplier": 0.0,
      "cost_budget": 1.0,
      "cost_budget_raw": 0.02,
      "cost_budget_normalized": 1.0,
      "algorithm_cost_mode": "separate_cost",
      "fixed_cost_penalty_coef": 0.0,
      "log_std_max": -2.3,
      "accepted": true,
      "mode": "constrained_reward",
      "reward_before": -2.4329577286152926e-07,
      "reward_after": 0.15211082994937897,
      "cost_before": 0.997053861618042,
      "cost_after": 0.7584547400474548,
      "kl_before": -2.384185791015625e-07,
      "kl_after": 0.00508827343583107,
      "cost_gap": -0.002946138381958008,
      "cost_recoverable": true,
      "cost_quadratic": 4912.7763671875,
      "reward_quadratic": 2.7082767486572266,
      "reward_cost_cross": 37.07183837890625,
      "max_linear_cost_drop": 14.018240070975386,
      "rollout_wall_seconds": 1.620167512446642,
      "update_wall_seconds": 1.397576879709959,
      "total_wall_seconds": 3.0177463069558144
    },
    {
      "update": 757,
      "algorithm": "macpo",
      "actor_loss": -0.2721468210220337,
      "reward_critic_loss": 0.0006997428718023002,
      "cost_critic_loss": 0.1543101966381073,
      "reward_critic_loss_last": 0.0006155799492262304,
      "cost_critic_loss_last": 0.0835401639342308,
      "critic_epochs": 8,
      "daily_voltage_cost": 0.004404039587825537,
      "daily_voltage_cost_raw": 0.004404039587825537,
      "daily_voltage_cost_normalized": 0.22020196914672852,
      "daily_economic_return_raw_yuan": -1149118.0,
      "daily_economic_return_normalized": -0.3646020293235779,
      "daily_economic_cost_raw_yuan": 1149118.0,
      "economic_reward_scale_yuan": 3151704.8194007874,
      "lagrange_multiplier": 0.0,
      "cost_budget": 1.0,
      "cost_budget_raw": 0.02,
      "cost_budget_normalized": 1.0,
      "algorithm_cost_mode": "separate_cost",
      "fixed_cost_penalty_coef": 0.0,
      "log_std_max": -2.3,
      "accepted": true,
      "mode": "reward",
      "reward_before": 5.09432140916033e-07,
      "reward_after": 0.2721468210220337,
      "cost_before": 0.22019816935062408,
      "cost_after": -0.6374952793121338,
      "kl_before": -2.384185791015625e-07,
      "kl_after": 0.019920319318771362,
      "cost_gap": -0.7798018306493759,
      "cost_recoverable": true,
      "cost_quadratic": 370.37188720703125,
      "reward_quadratic": 1.7001131772994995,
      "reward_cost_cross": -4.0006561279296875,
      "max_linear_cost_drop": 3.849009676303926,
      "rollout_wall_seconds": 1.7031857911497355,
      "update_wall_seconds": 1.6691116224974394,
      "total_wall_seconds": 3.3722993806004524
    },
    {
      "update": 758,
      "algorithm": "macpo",
      "actor_loss": 0.07609092444181442,
      "reward_critic_loss": 0.0008310004486702383,
      "cost_critic_loss": 10.947382926940918,
      "reward_critic_loss_last": 0.0007982173701748252,
      "cost_critic_loss_last": 10.738454818725586,
      "critic_epochs": 8,
      "daily_voltage_cost": 0.06508509814739227,
      "daily_voltage_cost_raw": 0.06508509814739227,
      "daily_voltage_cost_normalized": 3.2542548179626465,
      "daily_economic_return_raw_yuan": -1176501.5,
      "daily_economic_return_normalized": -0.3732905089855194,
      "daily_economic_cost_raw_yuan": 1176501.5,
      "economic_reward_scale_yuan": 3151704.8194007874,
      "lagrange_multiplier": 0.0,
      "cost_budget": 1.0,
      "cost_budget_raw": 0.02,
      "cost_budget_normalized": 1.0,
      "algorithm_cost_mode": "separate_cost",
      "fixed_cost_penalty_coef": 0.0,
      "log_std_max": -2.3,
      "accepted": true,
      "mode": "cost_recovery",
      "reward_before": -5.653819243889302e-07,
      "reward_after": -0.07609092444181442,
      "cost_before": 3.254307508468628,
      "cost_after": -26.574745178222656,
      "kl_before": -2.384185791015625e-07,
      "kl_after": 0.019711880013346672,
      "cost_gap": 2.254307508468628,
      "cost_recoverable": true,
      "cost_quadratic": 35320.26953125,
      "reward_quadratic": 2.1988885402679443,
      "reward_cost_cross": 85.95252990722656,
      "max_linear_cost_drop": 37.58737529078081,
      "rollout_wall_seconds": 1.5322660524398088,
      "update_wall_seconds": 1.6177880838513374,
      "total_wall_seconds": 3.150058364495635
    },
    {
      "update": 759,
      "algorithm": "macpo",
      "actor_loss": -0.2695540189743042,
      "reward_critic_loss": 0.0007672648644074798,
      "cost_critic_loss": 0.4395153522491455,
      "reward_critic_loss_last": 0.0007251296192407608,
      "cost_critic_loss_last": 0.41613397002220154,
      "critic_epochs": 8,
      "daily_voltage_cost": 0.001632317784242332,
      "daily_voltage_cost_raw": 0.001632317784242332,
      "daily_voltage_cost_normalized": 0.08161589503288269,
      "daily_economic_return_raw_yuan": -1168307.125,
      "daily_economic_return_normalized": -0.3706905245780945,
      "daily_economic_cost_raw_yuan": 1168307.125,
      "economic_reward_scale_yuan": 3151704.8194007874,
      "lagrange_multiplier": 0.0,
      "cost_budget": 1.0,
      "cost_budget_raw": 0.02,
      "cost_budget_normalized": 1.0,
      "algorithm_cost_mode": "separate_cost",
      "fixed_cost_penalty_coef": 0.0,
      "log_std_max": -2.3,
      "accepted": true,
      "mode": "constrained_reward",
      "reward_before": -2.7078004904979025e-07,
      "reward_after": 0.2695540189743042,
      "cost_before": 0.08160443603992462,
      "cost_after": 0.8555262088775635,
      "kl_before": -2.384185791015625e-07,
      "kl_after": 0.019900500774383545,
      "cost_gap": -0.9183955639600754,
      "cost_recoverable": true,
      "cost_quadratic": 1635.0367431640625,
      "reward_quadratic": 1.730531930923462,
      "reward_cost_cross": 10.070512771606445,
      "max_linear_cost_drop": 8.087117516554493,
      "rollout_wall_seconds": 1.4529492370784283,
      "update_wall_seconds": 1.6582852192223072,
      "total_wall_seconds": 3.1112363524734974
    },
    {
      "update": 760,
      "algorithm": "macpo",
      "actor_loss": 0.006888477597385645,
      "reward_critic_loss": 0.0008654340053908527,
      "cost_critic_loss": 5.350741386413574,
      "reward_critic_loss_last": 0.0008141607977449894,
      "cost_critic_loss_last": 5.213876724243164,
      "critic_epochs": 8,
      "daily_voltage_cost": 0.03995244950056076,
      "daily_voltage_cost_raw": 0.03995244950056076,
      "daily_voltage_cost_normalized": 1.9976227283477783,
      "daily_economic_return_raw_yuan": -1090822.375,
      "daily_economic_return_normalized": -0.34610551595687866,
      "daily_economic_cost_raw_yuan": 1090822.375,
      "economic_reward_scale_yuan": 3151704.8194007874,
      "lagrange_multiplier": 0.0,
      "cost_budget": 1.0,
      "cost_budget_raw": 0.02,
      "cost_budget_normalized": 1.0,
      "algorithm_cost_mode": "separate_cost",
      "fixed_cost_penalty_coef": 0.0,
      "log_std_max": -2.3,
      "accepted": true,
      "mode": "cost_recovery",
      "reward_before": 2.567354613347561e-07,
      "reward_after": -0.006888477597385645,
      "cost_before": 1.9976651668548584,
      "cost_after": -19.092622756958008,
      "kl_before": -2.384185791015625e-07,
      "kl_after": 0.019839026033878326,
      "cost_gap": 0.9976651668548584,
      "cost_recoverable": true,
      "cost_quadratic": 16003.6328125,
      "reward_quadratic": 2.134798765182495,
      "reward_cost_cross": 6.673734664916992,
      "max_linear_cost_drop": 25.301093108796703,
      "rollout_wall_seconds": 1.4686232153326273,
      "update_wall_seconds": 1.579936794936657,
      "total_wall_seconds": 3.0485619492828846
    },
    {
      "update": 761,
      "algorithm": "macpo",
      "actor_loss": -0.3556387424468994,
      "reward_critic_loss": 0.0006998255848884583,
      "cost_critic_loss": 0.3724139928817749,
      "reward_critic_loss_last": 0.0006006634212099016,
      "cost_critic_loss_last": 0.3473287522792816,
      "critic_epochs": 8,
      "daily_voltage_cost": 0.009666776284575462,
      "daily_voltage_cost_raw": 0.009666776284575462,
      "daily_voltage_cost_normalized": 0.4833388328552246,
      "daily_economic_return_raw_yuan": -1141776.125,
      "daily_economic_return_normalized": -0.36227256059646606,
      "daily_economic_cost_raw_yuan": 1141776.125,
      "economic_reward_scale_yuan": 3151704.8194007874,
      "lagrange_multiplier": 0.0,
      "cost_budget": 1.0,
      "cost_budget_raw": 0.02,
      "cost_budget_normalized": 1.0,
      "algorithm_cost_mode": "separate_cost",
      "fixed_cost_penalty_coef": 0.0,
      "log_std_max": -2.3,
      "accepted": true,
      "mode": "reward",
      "reward_before": 3.202205220986798e-07,
      "reward_after": 0.3556387424468994,
      "cost_before": 0.48333239555358887,
      "cost_after": -0.9284102916717529,
      "kl_before": -2.384185791015625e-07,
      "kl_after": 0.01992986351251602,
      "cost_gap": -0.5166676044464111,
      "cost_recoverable": true,
      "cost_quadratic": 1196.094970703125,
      "reward_quadratic": 1.9111077785491943,
      "reward_cost_cross": -5.747326850891113,
      "max_linear_cost_drop": 6.91692119574345,
      "rollout_wall_seconds": 1.7392628341913223,
      "update_wall_seconds": 1.3366183564066887,
      "total_wall_seconds": 3.0758832041174173
    },
    {
      "update": 762,
      "algorithm": "macpo",
      "actor_loss": 0.07180792093276978,
      "reward_critic_loss": 0.000904541346244514,
      "cost_critic_loss": 2.312182664871216,
      "reward_critic_loss_last": 0.0008040752145461738,
      "cost_critic_loss_last": 2.247230052947998,
      "critic_epochs": 8,
      "daily_voltage_cost": 0.02350601740181446,
      "daily_voltage_cost_raw": 0.02350601740181446,
      "daily_voltage_cost_normalized": 1.1753009557724,
      "daily_economic_return_raw_yuan": -1203557.875,
      "daily_economic_return_normalized": -0.3818751871585846,
      "daily_economic_cost_raw_yuan": 1203557.875,
      "economic_reward_scale_yuan": 3151704.8194007874,
      "lagrange_multiplier": 0.0,
      "cost_budget": 1.0,
      "cost_budget_raw": 0.02,
      "cost_budget_normalized": 1.0,
      "algorithm_cost_mode": "separate_cost",
      "fixed_cost_penalty_coef": 0.0,
      "log_std_max": -2.3,
      "accepted": true,
      "mode": "cost_recovery",
      "reward_before": -7.000369350862456e-07,
      "reward_after": -0.07180792093276978,
      "cost_before": 1.175315022468567,
      "cost_after": -12.125943183898926,
      "kl_before": -2.384185791015625e-07,
      "kl_after": 0.01992936059832573,
      "cost_gap": 0.1753150224685669,
      "cost_recoverable": true,
      "cost_quadratic": 8452.57421875,
      "reward_quadratic": 2.2165329456329346,
      "reward_cost_cross": 38.570823669433594,
      "max_linear_cost_drop": 18.38757647842695,
      "rollout_wall_seconds": 1.5884160790592432,
      "update_wall_seconds": 1.5276840180158615,
      "total_wall_seconds": 3.1161020677536726
    },
    {
      "update": 763,
      "algorithm": "macpo",
      "actor_loss": -0.015393063426017761,
      "reward_critic_loss": 0.0006765706930309534,
      "cost_critic_loss": 1.3121305704116821,
      "reward_critic_loss_last": 0.0006833334919065237,
      "cost_critic_loss_last": 1.1353429555892944,
      "critic_epochs": 8,
      "daily_voltage_cost": 0.03044227883219719,
      "daily_voltage_cost_raw": 0.03044227883219719,
      "daily_voltage_cost_normalized": 1.5221140384674072,
      "daily_economic_return_raw_yuan": -1066372.0,
      "daily_economic_return_normalized": -0.3383476734161377,
      "daily_economic_cost_raw_yuan": 1066372.0,
      "economic_reward_scale_yuan": 3151704.8194007874,
      "lagrange_multiplier": 0.0,
      "cost_budget": 1.0,
      "cost_budget_raw": 0.02,
      "cost_budget_normalized": 1.0,
      "algorithm_cost_mode": "separate_cost",
      "fixed_cost_penalty_coef": 0.0,
      "log_std_max": -2.3,
      "accepted": true,
      "mode": "cost_recovery",
      "reward_before": -5.92851392866578e-07,
      "reward_after": 0.015393063426017761,
      "cost_before": 1.522138237953186,
      "cost_after": -4.198758125305176,
      "kl_before": -2.384185791015625e-07,
      "kl_after": 0.005004554986953735,
      "cost_gap": 0.522138237953186,
      "cost_recoverable": true,
      "cost_quadratic": 3949.50634765625,
      "reward_quadratic": 1.8596911430358887,
      "reward_cost_cross": -10.865355491638184,
      "max_linear_cost_drop": 12.56901960799847,
      "rollout_wall_seconds": 1.4335478879511356,
      "update_wall_seconds": 1.4455657824873924,
      "total_wall_seconds": 2.879116164520383
    },
    {
      "update": 764,
      "algorithm": "macpo",
      "actor_loss": 0.01748744025826454,
      "reward_critic_loss": 0.0007587462896481156,
      "cost_critic_loss": 0.9750086069107056,
      "reward_critic_loss_last": 0.000682309502735734,
      "cost_critic_loss_last": 0.9103776216506958,
      "critic_epochs": 8,
      "daily_voltage_cost": 0.03112098202109337,
      "daily_voltage_cost_raw": 0.03112098202109337,
      "daily_voltage_cost_normalized": 1.5560492277145386,
      "daily_economic_return_raw_yuan": -1167151.75,
      "daily_economic_return_normalized": -0.37032395601272583,
      "daily_economic_cost_raw_yuan": 1167151.75,
      "economic_reward_scale_yuan": 3151704.8194007874,
      "lagrange_multiplier": 0.0,
      "cost_budget": 1.0,
      "cost_budget_raw": 0.02,
      "cost_budget_normalized": 1.0,
      "algorithm_cost_mode": "separate_cost",
      "fixed_cost_penalty_coef": 0.0,
      "log_std_max": -2.3,
      "accepted": true,
      "mode": "cost_recovery",
      "reward_before": -2.0062674366272404e-07,
      "reward_after": -0.01748744025826454,
      "cost_before": 1.5560311079025269,
      "cost_after": -6.418099880218506,
      "kl_before": -2.384185791015625e-07,
      "kl_after": 0.019889838993549347,
      "cost_gap": 0.5560311079025269,
      "cost_recoverable": true,
      "cost_quadratic": 2115.85986328125,
      "reward_quadratic": 1.9202916622161865,
      "reward_cost_cross": 3.2472047805786133,
      "max_linear_cost_drop": 9.199695349915126,
      "rollout_wall_seconds": 1.7812530994415283,
      "update_wall_seconds": 1.5770792532712221,
      "total_wall_seconds": 3.3583341762423515
    },
    {
      "update": 765,
      "algorithm": "macpo",
      "actor_loss": 0.05531949922442436,
      "reward_critic_loss": 0.000695313501637429,
      "cost_critic_loss": 1.8687515258789062,
      "reward_critic_loss_last": 0.0006192912696860731,
      "cost_critic_loss_last": 1.5800445079803467,
      "critic_epochs": 8,
      "daily_voltage_cost": 0.02331099845468998,
      "daily_voltage_cost_raw": 0.02331099845468998,
      "daily_voltage_cost_normalized": 1.1655499935150146,
      "daily_economic_return_raw_yuan": -1260182.5,
      "daily_economic_return_normalized": -0.3998415470123291,
      "daily_economic_cost_raw_yuan": 1260182.5,
      "economic_reward_scale_yuan": 3151704.8194007874,
      "lagrange_multiplier": 0.0,
      "cost_budget": 1.0,
      "cost_budget_raw": 0.02,
      "cost_budget_normalized": 1.0,
      "algorithm_cost_mode": "separate_cost",
      "fixed_cost_penalty_coef": 0.0,
      "log_std_max": -2.3,
      "accepted": true,
      "mode": "cost_recovery",
      "reward_before": 1.2848096275774878e-07,
      "reward_after": -0.05531949922442436,
      "cost_before": 1.1655184030532837,
      "cost_after": -6.0646467208862305,
      "kl_before": -2.384185791015625e-07,
      "kl_after": 0.005038794130086899,
      "cost_gap": 0.1655184030532837,
      "cost_recoverable": true,
      "cost_quadratic": 5037.36328125,
      "reward_quadratic": 2.014401435852051,
      "reward_cost_cross": 37.935516357421875,
      "max_linear_cost_drop": 14.19487693676842,
      "rollout_wall_seconds": 2.1677091922611,
      "update_wall_seconds": 1.6790602952241898,
      "total_wall_seconds": 3.84677143022418
    },
    {
      "update": 766,
      "algorithm": "macpo",
      "actor_loss": 0.06387922167778015,
      "reward_critic_loss": 0.0005909177707508206,
      "cost_critic_loss": 2.2487692832946777,
      "reward_critic_loss_last": 0.000564855698030442,
      "cost_critic_loss_last": 2.235334634780884,
      "critic_epochs": 8,
      "daily_voltage_cost": 0.021351326256990433,
      "daily_voltage_cost_raw": 0.021351326256990433,
      "daily_voltage_cost_normalized": 1.0675663948059082,
      "daily_economic_return_raw_yuan": -1202071.375,
      "daily_economic_return_normalized": -0.38140353560447693,
      "daily_economic_cost_raw_yuan": 1202071.375,
      "economic_reward_scale_yuan": 3151704.8194007874,
      "lagrange_multiplier": 0.0,
      "cost_budget": 1.0,
      "cost_budget_raw": 0.02,
      "cost_budget_normalized": 1.0,
      "algorithm_cost_mode": "separate_cost",
      "fixed_cost_penalty_coef": 0.0,
      "log_std_max": -2.3,
      "accepted": true,
      "mode": "cost_recovery",
      "reward_before": -1.0661467797490332e-07,
      "reward_after": -0.06387922167778015,
      "cost_before": 1.067561388015747,
      "cost_after": -10.854312896728516,
      "kl_before": -2.384185791015625e-07,
      "kl_after": 0.01993807591497898,
      "cost_gap": 0.06756138801574707,
      "cost_recoverable": true,
      "cost_quadratic": 6615.7685546875,
      "reward_quadratic": 1.702472448348999,
      "reward_cost_cross": 32.644317626953125,
      "max_linear_cost_drop": 16.267474978849666,
      "rollout_wall_seconds": 2.1012318450957537,
      "update_wall_seconds": 1.682032885029912,
      "total_wall_seconds": 3.7832664381712675
    },
    {
      "update": 767,
      "algorithm": "macpo",
      "actor_loss": 0.00038961973041296005,
      "reward_critic_loss": 0.0006703292019665241,
      "cost_critic_loss": 10.716489791870117,
      "reward_critic_loss_last": 0.0006056334241293371,
      "cost_critic_loss_last": 10.457452774047852,
      "critic_epochs": 8,
      "daily_voltage_cost": 0.046941131353378296,
      "daily_voltage_cost_raw": 0.046941131353378296,
      "daily_voltage_cost_normalized": 2.3470566272735596,
      "daily_economic_return_raw_yuan": -1102842.25,
      "daily_economic_return_normalized": -0.34991925954818726,
      "daily_economic_cost_raw_yuan": 1102842.25,
      "economic_reward_scale_yuan": 3151704.8194007874,
      "lagrange_multiplier": 0.0,
      "cost_budget": 1.0,
      "cost_budget_raw": 0.02,
      "cost_budget_normalized": 1.0,
      "algorithm_cost_mode": "separate_cost",
      "fixed_cost_penalty_coef": 0.0,
      "log_std_max": -2.3,
      "accepted": true,
      "mode": "cost_recovery",
      "reward_before": 1.060277980968749e-07,
      "reward_after": -0.00038961973041296005,
      "cost_before": 2.3470935821533203,
      "cost_after": -21.669923782348633,
      "kl_before": -2.384185791015625e-07,
      "kl_after": 0.01992734894156456,
      "cost_gap": 1.3470935821533203,
      "cost_recoverable": true,
      "cost_quadratic": 23694.240234375,
      "reward_quadratic": 1.3872267007827759,
      "reward_cost_cross": 3.924365520477295,
      "max_linear_cost_drop": 30.78586703951994,
      "rollout_wall_seconds": 2.021498015150428,
      "update_wall_seconds": 1.5322310719639063,
      "total_wall_seconds": 3.5537310279905796
    },
    {
      "update": 768,
      "algorithm": "macpo",
      "actor_loss": -0.13072335720062256,
      "reward_critic_loss": 0.0006396247772499919,
      "cost_critic_loss": 1.2873659133911133,
      "reward_critic_loss_last": 0.0005853660986758769,
      "cost_critic_loss_last": 1.2713381052017212,
      "critic_epochs": 8,
      "daily_voltage_cost": 0.011365744285285473,
      "daily_voltage_cost_raw": 0.011365744285285473,
      "daily_voltage_cost_normalized": 0.5682873129844666,
      "daily_economic_return_raw_yuan": -1245309.5,
      "daily_economic_return_normalized": -0.3951224982738495,
      "daily_economic_cost_raw_yuan": 1245309.5,
      "economic_reward_scale_yuan": 3151704.8194007874,
      "lagrange_multiplier": 0.0,
      "cost_budget": 1.0,
      "cost_budget_raw": 0.02,
      "cost_budget_normalized": 1.0,
      "algorithm_cost_mode": "separate_cost",
      "fixed_cost_penalty_coef": 0.0,
      "log_std_max": -2.3,
      "accepted": true,
      "mode": "constrained_reward",
      "reward_before": -6.249090347409947e-07,
      "reward_after": 0.13072335720062256,
      "cost_before": 0.568252682685852,
      "cost_after": 0.5998673439025879,
      "kl_before": -2.384185791015625e-07,
      "kl_after": 0.0051229423843324184,
      "cost_gap": -0.43174731731414795,
      "cost_recoverable": true,
      "cost_quadratic": 3414.565185546875,
      "reward_quadratic": 1.763519525527954,
      "reward_cost_cross": 15.714862823486328,
      "max_linear_cost_drop": 11.686856182133628,
      "rollout_wall_seconds": 1.6277971528470516,
      "update_wall_seconds": 1.527493305504322,
      "total_wall_seconds": 3.1552923657000065
    },
    {
      "update": 769,
      "algorithm": "macpo",
      "actor_loss": -0.08592537045478821,
      "reward_critic_loss": 0.000884685548953712,
      "cost_critic_loss": 1.148667812347412,
      "reward_critic_loss_last": 0.000822954811155796,
      "cost_critic_loss_last": 0.7238104343414307,
      "critic_epochs": 8,
      "daily_voltage_cost": 0.020825698971748352,
      "daily_voltage_cost_raw": 0.020825698971748352,
      "daily_voltage_cost_normalized": 1.0412849187850952,
      "daily_economic_return_raw_yuan": -1195686.25,
      "daily_economic_return_normalized": -0.3793776035308838,
      "daily_economic_cost_raw_yuan": 1195686.25,
      "economic_reward_scale_yuan": 3151704.8194007874,
      "lagrange_multiplier": 0.0,
      "cost_budget": 1.0,
      "cost_budget_raw": 0.02,
      "cost_budget_normalized": 1.0,
      "algorithm_cost_mode": "separate_cost",
      "fixed_cost_penalty_coef": 0.0,
      "log_std_max": -2.3,
      "accepted": true,
      "mode": "cost_recovery",
      "reward_before": 2.734708459684043e-09,
      "reward_after": 0.08592537045478821,
      "cost_before": 1.041260004043579,
      "cost_after": -10.940469741821289,
      "kl_before": -2.384185791015625e-07,
      "kl_after": 0.019801560789346695,
      "cost_gap": 0.0412600040435791,
      "cost_recoverable": true,
      "cost_quadratic": 3004.23193359375,
      "reward_quadratic": 2.171668529510498,
      "reward_cost_cross": -23.41844940185547,
      "max_linear_cost_drop": 10.962174845519934,
      "rollout_wall_seconds": 1.974275290966034,
      "update_wall_seconds": 1.6037796325981617,
      "total_wall_seconds": 3.578057076781988
    },
    {
      "update": 770,
      "algorithm": "macpo",
      "actor_loss": -0.27531981468200684,
      "reward_critic_loss": 0.0007279521087184548,
      "cost_critic_loss": 0.6651567816734314,
      "reward_critic_loss_last": 0.0006326790899038315,
      "cost_critic_loss_last": 0.4490625858306885,
      "critic_epochs": 8,
      "daily_voltage_cost": 0.009220175445079803,
      "daily_voltage_cost_raw": 0.009220175445079803,
      "daily_voltage_cost_normalized": 0.46100878715515137,
      "daily_economic_return_raw_yuan": -1175136.0,
      "daily_economic_return_normalized": -0.3728572726249695,
      "daily_economic_cost_raw_yuan": 1175136.0,
      "economic_reward_scale_yuan": 3151704.8194007874,
      "lagrange_multiplier": 0.0,
      "cost_budget": 1.0,
      "cost_budget_raw": 0.02,
      "cost_budget_normalized": 1.0,
      "algorithm_cost_mode": "separate_cost",
      "fixed_cost_penalty_coef": 0.0,
      "log_std_max": -2.3,
      "accepted": true,
      "mode": "constrained_reward",
      "reward_before": 3.7244728900986956e-07,
      "reward_after": 0.27531981468200684,
      "cost_before": 0.4609891474246979,
      "cost_after": 0.6276607513427734,
      "kl_before": -2.384185791015625e-07,
      "kl_after": 0.019772332161664963,
      "cost_gap": -0.5390108525753021,
      "cost_recoverable": true,
      "cost_quadratic": 1797.212158203125,
      "reward_quadratic": 1.8260600566864014,
      "reward_cost_cross": 8.098810195922852,
      "max_linear_cost_drop": 8.478707821839658,
      "rollout_wall_seconds": 1.581229843199253,
      "update_wall_seconds": 1.3846823368221521,
      "total_wall_seconds": 2.9659140054136515
    },
    {
      "update": 771,
      "algorithm": "macpo",
      "actor_loss": -0.333623468875885,
      "reward_critic_loss": 0.0009384147706441581,
      "cost_critic_loss": 0.1780133843421936,
      "reward_critic_loss_last": 0.0007738162530586123,
      "cost_critic_loss_last": 0.21027153730392456,
      "critic_epochs": 8,
      "daily_voltage_cost": 0.010529667139053345,
      "daily_voltage_cost_raw": 0.010529667139053345,
      "daily_voltage_cost_normalized": 0.5264833569526672,
      "daily_economic_return_raw_yuan": -1076402.375,
      "daily_economic_return_normalized": -0.3415302038192749,
      "daily_economic_cost_raw_yuan": 1076402.375,
      "economic_reward_scale_yuan": 3151704.8194007874,
      "lagrange_multiplier": 0.0,
      "cost_budget": 1.0,
      "cost_budget_raw": 0.02,
      "cost_budget_normalized": 1.0,
      "algorithm_cost_mode": "separate_cost",
      "fixed_cost_penalty_coef": 0.0,
      "log_std_max": -2.3,
      "accepted": true,
      "mode": "reward",
      "reward_before": 1.9074528267992719e-07,
      "reward_after": 0.333623468875885,
      "cost_before": 0.5264842510223389,
      "cost_after": 0.09266754984855652,
      "kl_before": -2.384185791015625e-07,
      "kl_after": 0.019968830049037933,
      "cost_gap": -0.47351574897766113,
      "cost_recoverable": true,
      "cost_quadratic": 461.4576416015625,
      "reward_quadratic": 2.4289207458496094,
      "reward_cost_cross": -2.3557546138763428,
      "max_linear_cost_drop": 4.296313031433173,
      "rollout_wall_seconds": 1.6413325890898705,
      "update_wall_seconds": 1.439583582803607,
      "total_wall_seconds": 3.0809180438518524
    },
    {
      "update": 772,
      "algorithm": "macpo",
      "actor_loss": -0.251751184463501,
      "reward_critic_loss": 0.0006608089315705001,
      "cost_critic_loss": 0.13877734541893005,
      "reward_critic_loss_last": 0.0005761610809713602,
      "cost_critic_loss_last": 0.08057257533073425,
      "critic_epochs": 8,
      "daily_voltage_cost": 0.0051491232588887215,
      "daily_voltage_cost_raw": 0.0051491232588887215,
      "daily_voltage_cost_normalized": 0.2574561536312103,
      "daily_economic_return_raw_yuan": -1132343.625,
      "daily_economic_return_normalized": -0.35927972197532654,
      "daily_economic_cost_raw_yuan": 1132343.625,
      "economic_reward_scale_yuan": 3151704.8194007874,
      "lagrange_multiplier": 0.0,
      "cost_budget": 1.0,
      "cost_budget_raw": 0.02,
      "cost_budget_normalized": 1.0,
      "algorithm_cost_mode": "separate_cost",
      "fixed_cost_penalty_coef": 0.0,
      "log_std_max": -2.3,
      "accepted": true,
      "mode": "reward",
      "reward_before": -2.252517248280128e-07,
      "reward_after": 0.251751184463501,
      "cost_before": 0.25744834542274475,
      "cost_after": -0.6895586252212524,
      "kl_before": -2.384185791015625e-07,
      "kl_after": 0.019897565245628357,
      "cost_gap": -0.7425516545772552,
      "cost_recoverable": true,
      "cost_quadratic": 304.2941589355469,
      "reward_quadratic": 1.4921702146530151,
      "reward_cost_cross": -5.651528358459473,
      "max_linear_cost_drop": 3.4888058641062094,
      "rollout_wall_seconds": 1.2231438010931015,
      "update_wall_seconds": 1.61353824660182,
      "total_wall_seconds": 2.8366839084774256
    },
    {
      "update": 773,
      "algorithm": "macpo",
      "actor_loss": -0.14138241112232208,
      "reward_critic_loss": 0.000858561834320426,
      "cost_critic_loss": 0.8286784887313843,
      "reward_critic_loss_last": 0.0006906785420142114,
      "cost_critic_loss_last": 0.7215088605880737,
      "critic_epochs": 8,
      "daily_voltage_cost": 0.016108963638544083,
      "daily_voltage_cost_raw": 0.016108963638544083,
      "daily_voltage_cost_normalized": 0.8054481744766235,
      "daily_economic_return_raw_yuan": -1126261.625,
      "daily_economic_return_normalized": -0.3573499917984009,
      "daily_economic_cost_raw_yuan": 1126261.625,
      "economic_reward_scale_yuan": 3151704.8194007874,
      "lagrange_multiplier": 0.0,
      "cost_budget": 1.0,
      "cost_budget_raw": 0.02,
      "cost_budget_normalized": 1.0,
      "algorithm_cost_mode": "separate_cost",
      "fixed_cost_penalty_coef": 0.0,
      "log_std_max": -2.3,
      "accepted": true,
      "mode": "constrained_reward",
      "reward_before": 3.389001790310431e-08,
      "reward_after": 0.14138241112232208,
      "cost_before": 0.805446207523346,
      "cost_after": 0.9353993535041809,
      "kl_before": -2.384185791015625e-07,
      "kl_after": 0.005036088638007641,
      "cost_gap": -0.19455379247665405,
      "cost_recoverable": true,
      "cost_quadratic": 2370.58203125,
      "reward_quadratic": 2.0778684616088867,
      "reward_cost_cross": 3.210371971130371,
      "max_linear_cost_drop": 9.737724644392037,
      "rollout_wall_seconds": 1.3672164417803288,
      "update_wall_seconds": 1.6030910294502974,
      "total_wall_seconds": 2.970309279859066
    },
    {
      "update": 774,
      "algorithm": "macpo",
      "actor_loss": -0.2908012866973877,
      "reward_critic_loss": 0.0008852837490849197,
      "cost_critic_loss": 0.6208781599998474,
      "reward_critic_loss_last": 0.0008105764864012599,
      "cost_critic_loss_last": 0.5610209703445435,
      "critic_epochs": 8,
      "daily_voltage_cost": 0.014138513244688511,
      "daily_voltage_cost_raw": 0.014138513244688511,
      "daily_voltage_cost_normalized": 0.706925630569458,
      "daily_economic_return_raw_yuan": -1184055.5,
      "daily_economic_return_normalized": -0.37568730115890503,
      "daily_economic_cost_raw_yuan": 1184055.5,
      "economic_reward_scale_yuan": 3151704.8194007874,
      "lagrange_multiplier": 0.0,
      "cost_budget": 1.0,
      "cost_budget_raw": 0.02,
      "cost_budget_normalized": 1.0,
      "algorithm_cost_mode": "separate_cost",
      "fixed_cost_penalty_coef": 0.0,
      "log_std_max": -2.3,
      "accepted": true,
      "mode": "reward",
      "reward_before": 5.259493036646745e-07,
      "reward_after": 0.2908012866973877,
      "cost_before": 0.7069320678710938,
      "cost_after": 0.31435009837150574,
      "kl_before": -2.384185791015625e-07,
      "kl_after": 0.019858036190271378,
      "cost_gap": -0.29306793212890625,
      "cost_recoverable": true,
      "cost_quadratic": 1384.99267578125,
      "reward_quadratic": 2.3618054389953613,
      "reward_cost_cross": -2.4750280380249023,
      "max_linear_cost_drop": 7.443097945832099,
      "rollout_wall_seconds": 1.3625443372875452,
      "update_wall_seconds": 1.451311843469739,
      "total_wall_seconds": 2.813857961446047
    },
    {
      "update": 775,
      "algorithm": "macpo",
      "actor_loss": -0.06651471555233002,
      "reward_critic_loss": 0.0007954981992952526,
      "cost_critic_loss": 0.4680803418159485,
      "reward_critic_loss_last": 0.0007192158373072743,
      "cost_critic_loss_last": 0.47513851523399353,
      "critic_epochs": 8,
      "daily_voltage_cost": 0.017297904938459396,
      "daily_voltage_cost_raw": 0.017297904938459396,
      "daily_voltage_cost_normalized": 0.8648953437805176,
      "daily_economic_return_raw_yuan": -1193516.625,
      "daily_economic_return_normalized": -0.3786892294883728,
      "daily_economic_cost_raw_yuan": 1193516.625,
      "economic_reward_scale_yuan": 3151704.8194007874,
      "lagrange_multiplier": 0.0,
      "cost_budget": 1.0,
      "cost_budget_raw": 0.02,
      "cost_budget_normalized": 1.0,
      "algorithm_cost_mode": "separate_cost",
      "fixed_cost_penalty_coef": 0.0,
      "log_std_max": -2.3,
      "accepted": true,
      "mode": "constrained_reward",
      "reward_before": -6.934493512744666e-08,
      "reward_after": 0.06651471555233002,
      "cost_before": 0.8649096488952637,
      "cost_after": 0.9302249550819397,
      "kl_before": -2.384185791015625e-07,
      "kl_after": 0.0012482455931603909,
      "cost_gap": -0.13509035110473633,
      "cost_recoverable": true,
      "cost_quadratic": 1640.6024169921875,
      "reward_quadratic": 1.9638011455535889,
      "reward_cost_cross": 18.707860946655273,
      "max_linear_cost_drop": 8.100870118677838,
      "rollout_wall_seconds": 1.5415776744484901,
      "update_wall_seconds": 1.4356554001569748,
      "total_wall_seconds": 2.97723500803113
    },
    {
      "update": 776,
      "algorithm": "macpo",
      "actor_loss": -0.039185963571071625,
      "reward_critic_loss": 0.0006258123321458697,
      "cost_critic_loss": 0.3716390132904053,
      "reward_critic_loss_last": 0.0005735760787501931,
      "cost_critic_loss_last": 0.317749559879303,
      "critic_epochs": 8,
      "daily_voltage_cost": 0.027166098356246948,
      "daily_voltage_cost_raw": 0.027166098356246948,
      "daily_voltage_cost_normalized": 1.3583048582077026,
      "daily_economic_return_raw_yuan": -1123701.375,
      "daily_economic_return_normalized": -0.3565376400947571,
      "daily_economic_cost_raw_yuan": 1123701.375,
      "economic_reward_scale_yuan": 3151704.8194007874,
      "lagrange_multiplier": 0.0,
      "cost_budget": 1.0,
      "cost_budget_raw": 0.02,
      "cost_budget_normalized": 1.0,
      "algorithm_cost_mode": "separate_cost",
      "fixed_cost_penalty_coef": 0.0,
      "log_std_max": -2.3,
      "accepted": true,
      "mode": "cost_recovery",
      "reward_before": 4.472584294035187e-07,
      "reward_after": 0.039185963571071625,
      "cost_before": 1.3583029508590698,
      "cost_after": -3.8448405265808105,
      "kl_before": -2.384185791015625e-07,
      "kl_after": 0.019979901611804962,
      "cost_gap": 0.3583029508590698,
      "cost_recoverable": true,
      "cost_quadratic": 784.8294677734375,
      "reward_quadratic": 1.436023235321045,
      "reward_cost_cross": -6.322415351867676,
      "max_linear_cost_drop": 5.60296160177254,
      "rollout_wall_seconds": 1.3934621047228575,
      "update_wall_seconds": 1.5257153827697039,
      "total_wall_seconds": 2.9191798623651266
    },
    {
      "update": 777,
      "algorithm": "macpo",
      "actor_loss": 0.030084900557994843,
      "reward_critic_loss": 0.0013661354314535856,
      "cost_critic_loss": 0.9114825129508972,
      "reward_critic_loss_last": 0.0010275794193148613,
      "cost_critic_loss_last": 0.8532700538635254,
      "critic_epochs": 8,
      "daily_voltage_cost": 0.02311350218951702,
      "daily_voltage_cost_raw": 0.02311350218951702,
      "daily_voltage_cost_normalized": 1.1556751728057861,
      "daily_economic_return_raw_yuan": -1079845.25,
      "daily_economic_return_normalized": -0.3426226079463959,
      "daily_economic_cost_raw_yuan": 1079845.25,
      "economic_reward_scale_yuan": 3151704.8194007874,
      "lagrange_multiplier": 0.0,
      "cost_budget": 1.0,
      "cost_budget_raw": 0.02,
      "cost_budget_normalized": 1.0,
      "algorithm_cost_mode": "separate_cost",
      "fixed_cost_penalty_coef": 0.0,
      "log_std_max": -2.3,
      "accepted": true,
      "mode": "cost_recovery",
      "reward_before": -2.6811062525666784e-07,
      "reward_after": -0.030084900557994843,
      "cost_before": 1.1556833982467651,
      "cost_after": -3.24106764793396,
      "kl_before": -2.384185791015625e-07,
      "kl_after": 0.004958386532962322,
      "cost_gap": 0.15568339824676514,
      "cost_recoverable": true,
      "cost_quadratic": 2317.104736328125,
      "reward_quadratic": 3.1288883686065674,
      "reward_cost_cross": 15.75666618347168,
      "max_linear_cost_drop": 9.62726282248101,
      "rollout_wall_seconds": 1.6519477758556604,
      "update_wall_seconds": 1.6421568058431149,
      "total_wall_seconds": 3.2941063195466995
    },
    {
      "update": 778,
      "algorithm": "macpo",
      "actor_loss": -0.25039857625961304,
      "reward_critic_loss": 0.0005677504232153296,
      "cost_critic_loss": 0.3291110098361969,
      "reward_critic_loss_last": 0.0005649492959491909,
      "cost_critic_loss_last": 0.3113071620464325,
      "critic_epochs": 8,
      "daily_voltage_cost": 0.01328226923942566,
      "daily_voltage_cost_raw": 0.01328226923942566,
      "daily_voltage_cost_normalized": 0.6641134023666382,
      "daily_economic_return_raw_yuan": -1080777.75,
      "daily_economic_return_normalized": -0.3429184556007385,
      "daily_economic_cost_raw_yuan": 1080777.75,
      "economic_reward_scale_yuan": 3151704.8194007874,
      "lagrange_multiplier": 0.0,
      "cost_budget": 1.0,
      "cost_budget_raw": 0.02,
      "cost_budget_normalized": 1.0,
      "algorithm_cost_mode": "separate_cost",
      "fixed_cost_penalty_coef": 0.0,
      "log_std_max": -2.3,
      "accepted": true,
      "mode": "reward",
      "reward_before": -9.675649437212996e-08,
      "reward_after": 0.25039857625961304,
      "cost_before": 0.6641164422035217,
      "cost_after": 0.4049496650695801,
      "kl_before": -2.384185791015625e-07,
      "kl_after": 0.019947929307818413,
      "cost_gap": -0.33588355779647827,
      "cost_recoverable": true,
      "cost_quadratic": 861.9388427734375,
      "reward_quadratic": 1.465187907218933,
      "reward_cost_cross": -1.6975263357162476,
      "max_linear_cost_drop": 5.871758996326186,
      "rollout_wall_seconds": 1.7013579811900854,
      "update_wall_seconds": 1.7081130146980286,
      "total_wall_seconds": 3.409472867846489
    },
    {
      "update": 779,
      "algorithm": "macpo",
      "actor_loss": -0.2759975790977478,
      "reward_critic_loss": 0.0007188196759670973,
      "cost_critic_loss": 0.11607446521520615,
      "reward_critic_loss_last": 0.0005874417256563902,
      "cost_critic_loss_last": 0.10719083994626999,
      "critic_epochs": 8,
      "daily_voltage_cost": 0.004477386362850666,
      "daily_voltage_cost_raw": 0.004477386362850666,
      "daily_voltage_cost_normalized": 0.22386932373046875,
      "daily_economic_return_raw_yuan": -1075413.625,
      "daily_economic_return_normalized": -0.341216504573822,
      "daily_economic_cost_raw_yuan": 1075413.625,
      "economic_reward_scale_yuan": 3151704.8194007874,
      "lagrange_multiplier": 0.0,
      "cost_budget": 1.0,
      "cost_budget_raw": 0.02,
      "cost_budget_normalized": 1.0,
      "algorithm_cost_mode": "separate_cost",
      "fixed_cost_penalty_coef": 0.0,
      "log_std_max": -2.3,
      "accepted": true,
      "mode": "reward",
      "reward_before": 4.08430622655942e-08,
      "reward_after": 0.2759975790977478,
      "cost_before": 0.22386564314365387,
      "cost_after": 0.5977141857147217,
      "kl_before": -2.384185791015625e-07,
      "kl_after": 0.019907474517822266,
      "cost_gap": -0.7761343568563461,
      "cost_recoverable": true,
      "cost_quadratic": 289.49761962890625,
      "reward_quadratic": 1.753104567527771,
      "reward_cost_cross": 2.628227710723877,
      "max_linear_cost_drop": 3.4029259153199694,
      "rollout_wall_seconds": 1.3601900320500135,
      "update_wall_seconds": 1.5341558288782835,
      "total_wall_seconds": 2.8943476900458336
    },
    {
      "update": 780,
      "algorithm": "macpo",
      "actor_loss": -0.12659472227096558,
      "reward_critic_loss": 0.0006782216369174421,
      "cost_critic_loss": 1.18004310131073,
      "reward_critic_loss_last": 0.0006105164648033679,
      "cost_critic_loss_last": 1.0411994457244873,
      "critic_epochs": 8,
      "daily_voltage_cost": 0.013697654008865356,
      "daily_voltage_cost_raw": 0.013697654008865356,
      "daily_voltage_cost_normalized": 0.6848827600479126,
      "daily_economic_return_raw_yuan": -1139614.625,
      "daily_economic_return_normalized": -0.3615867495536804,
      "daily_economic_cost_raw_yuan": 1139614.625,
      "economic_reward_scale_yuan": 3151704.8194007874,
      "lagrange_multiplier": 0.0,
      "cost_budget": 1.0,
      "cost_budget_raw": 0.02,
      "cost_budget_normalized": 1.0,
      "algorithm_cost_mode": "separate_cost",
      "fixed_cost_penalty_coef": 0.0,
      "log_std_max": -2.3,
      "accepted": true,
      "mode": "constrained_reward",
      "reward_before": 4.574242211674573e-07,
      "reward_after": 0.12659472227096558,
      "cost_before": 0.6848641633987427,
      "cost_after": 0.9995893836021423,
      "kl_before": -2.384185791015625e-07,
      "kl_after": 0.004963187500834465,
      "cost_gap": -0.3151358366012573,
      "cost_recoverable": true,
      "cost_quadratic": 3607.30029296875,
      "reward_quadratic": 1.642486810684204,
      "reward_cost_cross": 6.028180122375488,
      "max_linear_cost_drop": 12.012160992875096,
      "rollout_wall_seconds": 1.947069900110364,
      "update_wall_seconds": 1.8660480678081512,
      "total_wall_seconds": 3.8131209909915924
    },
    {
      "update": 781,
      "algorithm": "macpo",
      "actor_loss": -0.307996928691864,
      "reward_critic_loss": 0.0011251149699091911,
      "cost_critic_loss": 0.18865430355072021,
      "reward_critic_loss_last": 0.0009636034956201911,
      "cost_critic_loss_last": 0.11010166257619858,
      "critic_epochs": 8,
      "daily_voltage_cost": 0.006540645379573107,
      "daily_voltage_cost_raw": 0.006540645379573107,
      "daily_voltage_cost_normalized": 0.32703226804733276,
      "daily_economic_return_raw_yuan": -1250755.875,
      "daily_economic_return_normalized": -0.3968505859375,
      "daily_economic_cost_raw_yuan": 1250755.875,
      "economic_reward_scale_yuan": 3151704.8194007874,
      "lagrange_multiplier": 0.0,
      "cost_budget": 1.0,
      "cost_budget_raw": 0.02,
      "cost_budget_normalized": 1.0,
      "algorithm_cost_mode": "separate_cost",
      "fixed_cost_penalty_coef": 0.0,
      "log_std_max": -2.3,
      "accepted": true,
      "mode": "reward",
      "reward_before": 3.7572345945591223e-07,
      "reward_after": 0.307996928691864,
      "cost_before": 0.3270222246646881,
      "cost_after": 0.029519200325012207,
      "kl_before": -2.384185791015625e-07,
      "kl_after": 0.019959304481744766,
      "cost_gap": -0.6729777753353119,
      "cost_recoverable": true,
      "cost_quadratic": 497.1363220214844,
      "reward_quadratic": 2.6324422359466553,
      "reward_cost_cross": -1.8270714282989502,
      "max_linear_cost_drop": 4.459310807833356,
      "rollout_wall_seconds": 2.1238551884889603,
      "update_wall_seconds": 1.9667888190597296,
      "total_wall_seconds": 4.090645972639322
    },
    {
      "update": 782,
      "algorithm": "macpo",
      "actor_loss": -0.28553444147109985,
      "reward_critic_loss": 0.0010160120436921716,
      "cost_critic_loss": 0.08154052495956421,
      "reward_critic_loss_last": 0.0008310640114359558,
      "cost_critic_loss_last": 0.08207987248897552,
      "critic_epochs": 8,
      "daily_voltage_cost": 0.0023494702763855457,
      "daily_voltage_cost_raw": 0.0023494702763855457,
      "daily_voltage_cost_normalized": 0.11747351288795471,
      "daily_economic_return_raw_yuan": -1119755.875,
      "daily_economic_return_normalized": -0.35528576374053955,
      "daily_economic_cost_raw_yuan": 1119755.875,
      "economic_reward_scale_yuan": 3151704.8194007874,
      "lagrange_multiplier": 0.0,
      "cost_budget": 1.0,
      "cost_budget_raw": 0.02,
      "cost_budget_normalized": 1.0,
      "algorithm_cost_mode": "separate_cost",
      "fixed_cost_penalty_coef": 0.0,
      "log_std_max": -2.3,
      "accepted": true,
      "mode": "reward",
      "reward_before": -8.065226211328991e-07,
      "reward_after": 0.28553444147109985,
      "cost_before": 0.11747436970472336,
      "cost_after": 0.29356884956359863,
      "kl_before": -2.384185791015625e-07,
      "kl_after": 0.019943591207265854,
      "cost_gap": -0.8825256302952766,
      "cost_recoverable": true,
      "cost_quadratic": 178.5225830078125,
      "reward_quadratic": 2.1119742393493652,
      "reward_cost_cross": 1.6032899618148804,
      "max_linear_cost_drop": 2.6722468673968915,
      "rollout_wall_seconds": 2.1825067158788443,
      "update_wall_seconds": 1.7636361084878445,
      "total_wall_seconds": 3.9461447447538376
    },
    {
      "update": 783,
      "algorithm": "macpo",
      "actor_loss": 0.02626698650419712,
      "reward_critic_loss": 0.0018802046542987227,
      "cost_critic_loss": 1.1232858896255493,
      "reward_critic_loss_last": 0.0016786528285592794,
      "cost_critic_loss_last": 1.070888638496399,
      "critic_epochs": 8,
      "daily_voltage_cost": 0.02139272168278694,
      "daily_voltage_cost_raw": 0.02139272168278694,
      "daily_voltage_cost_normalized": 1.0696359872817993,
      "daily_economic_return_raw_yuan": -1295863.25,
      "daily_economic_return_normalized": -0.4111626446247101,
      "daily_economic_cost_raw_yuan": 1295863.25,
      "economic_reward_scale_yuan": 3151704.8194007874,
      "lagrange_multiplier": 0.0,
      "cost_budget": 1.0,
      "cost_budget_raw": 0.02,
      "cost_budget_normalized": 1.0,
      "algorithm_cost_mode": "separate_cost",
      "fixed_cost_penalty_coef": 0.0,
      "log_std_max": -2.3,
      "accepted": true,
      "mode": "cost_recovery",
      "reward_before": -1.1380000159988413e-06,
      "reward_after": -0.02626698650419712,
      "cost_before": 1.0696645975112915,
      "cost_after": -4.0351762771606445,
      "kl_before": -2.384185791015625e-07,
      "kl_after": 0.005009102635085583,
      "cost_gap": 0.0696645975112915,
      "cost_recoverable": true,
      "cost_quadratic": 3168.33447265625,
      "reward_quadratic": 4.68699836730957,
      "reward_cost_cross": 16.62619400024414,
      "max_linear_cost_drop": 11.257592056308045,
      "rollout_wall_seconds": 1.485885152593255,
      "update_wall_seconds": 1.4265569522976875,
      "total_wall_seconds": 2.912443934008479
    },
    {
      "update": 784,
      "algorithm": "macpo",
      "actor_loss": -0.15309220552444458,
      "reward_critic_loss": 0.0008867783471941948,
      "cost_critic_loss": 1.229608416557312,
      "reward_critic_loss_last": 0.0008524040458723903,
      "cost_critic_loss_last": 1.029015064239502,
      "critic_epochs": 8,
      "daily_voltage_cost": 0.013597390614449978,
      "daily_voltage_cost_raw": 0.013597390614449978,
      "daily_voltage_cost_normalized": 0.679869532585144,
      "daily_economic_return_raw_yuan": -1215492.5,
      "daily_economic_return_normalized": -0.38566190004348755,
      "daily_economic_cost_raw_yuan": 1215492.5,
      "economic_reward_scale_yuan": 3151704.8194007874,
      "lagrange_multiplier": 0.0,
      "cost_budget": 1.0,
      "cost_budget_raw": 0.02,
      "cost_budget_normalized": 1.0,
      "algorithm_cost_mode": "separate_cost",
      "fixed_cost_penalty_coef": 0.0,
      "log_std_max": -2.3,
      "accepted": true,
      "mode": "constrained_reward",
      "reward_before": 5.415088821791869e-08,
      "reward_after": 0.15309220552444458,
      "cost_before": 0.6798700094223022,
      "cost_after": 0.9683270454406738,
      "kl_before": -2.384185791015625e-07,
      "kl_after": 0.004945406690239906,
      "cost_gap": -0.32012999057769775,
      "cost_recoverable": true,
      "cost_quadratic": 3915.875,
      "reward_quadratic": 2.5919089317321777,
      "reward_cost_cross": 12.744909286499023,
      "max_linear_cost_drop": 12.515390525269277,
      "rollout_wall_seconds": 1.5240425169467926,
      "update_wall_seconds": 1.4031449295580387,
      "total_wall_seconds": 2.9271901957690716
    },
    {
      "update": 785,
      "algorithm": "macpo",
      "actor_loss": -0.1472158133983612,
      "reward_critic_loss": 0.0007892875000834465,
      "cost_critic_loss": 0.5766171813011169,
      "reward_critic_loss_last": 0.0007284526946023107,
      "cost_critic_loss_last": 0.6014402508735657,
      "critic_epochs": 8,
      "daily_voltage_cost": 0.010878656059503555,
      "daily_voltage_cost_raw": 0.010878656059503555,
      "daily_voltage_cost_normalized": 0.5439327955245972,
      "daily_economic_return_raw_yuan": -1165617.375,
      "daily_economic_return_normalized": -0.36983710527420044,
      "daily_economic_cost_raw_yuan": 1165617.375,
      "economic_reward_scale_yuan": 3151704.8194007874,
      "lagrange_multiplier": 0.0,
      "cost_budget": 1.0,
      "cost_budget_raw": 0.02,
      "cost_budget_normalized": 1.0,
      "algorithm_cost_mode": "separate_cost",
      "fixed_cost_penalty_coef": 0.0,
      "log_std_max": -2.3,
      "accepted": true,
      "mode": "constrained_reward",
      "reward_before": 5.605507453765313e-07,
      "reward_after": 0.1472158133983612,
      "cost_before": 0.5439468622207642,
      "cost_after": 0.7774750590324402,
      "kl_before": -2.384185791015625e-07,
      "kl_after": 0.0049993908032774925,
      "cost_gap": -0.45605313777923584,
      "cost_recoverable": true,
      "cost_quadratic": 1855.353271484375,
      "reward_quadratic": 2.119931221008301,
      "reward_cost_cross": 7.415101051330566,
      "max_linear_cost_drop": 8.614762379739501,
      "rollout_wall_seconds": 1.4257387686520815,
      "update_wall_seconds": 1.3781010266393423,
      "total_wall_seconds": 2.803841507062316
    },
    {
      "update": 786,
      "algorithm": "macpo",
      "actor_loss": 0.010553919710218906,
      "reward_critic_loss": 0.0010530026629567146,
      "cost_critic_loss": 10.436650276184082,
      "reward_critic_loss_last": 0.0007498173508793116,
      "cost_critic_loss_last": 10.179061889648438,
      "critic_epochs": 8,
      "daily_voltage_cost": 0.05012189596891403,
      "daily_voltage_cost_raw": 0.05012189596891403,
      "daily_voltage_cost_normalized": 2.5060949325561523,
      "daily_economic_return_raw_yuan": -1099552.0,
      "daily_economic_return_normalized": -0.3488753139972687,
      "daily_economic_cost_raw_yuan": 1099552.0,
      "economic_reward_scale_yuan": 3151704.8194007874,
      "lagrange_multiplier": 0.0,
      "cost_budget": 1.0,
      "cost_budget_raw": 0.02,
      "cost_budget_normalized": 1.0,
      "algorithm_cost_mode": "separate_cost",
      "fixed_cost_penalty_coef": 0.0,
      "log_std_max": -2.3,
      "accepted": true,
      "mode": "cost_recovery",
      "reward_before": 9.746370324137388e-07,
      "reward_after": -0.010553919710218906,
      "cost_before": 2.506070852279663,
      "cost_after": -19.864734649658203,
      "kl_before": -2.384185791015625e-07,
      "kl_after": 0.019873278215527534,
      "cost_gap": 1.506070852279663,
      "cost_recoverable": true,
      "cost_quadratic": 21240.0,
      "reward_quadratic": 2.734989881515503,
      "reward_cost_cross": 6.135314464569092,
      "max_linear_cost_drop": 29.147898723578688,
      "rollout_wall_seconds": 1.798132872208953,
      "update_wall_seconds": 1.4940724354237318,
      "total_wall_seconds": 3.292208217084408
    },
    {
      "update": 787,
      "algorithm": "macpo",
      "actor_loss": 0.07740013301372528,
      "reward_critic_loss": 0.0007202783599495888,
      "cost_critic_loss": 2.797165870666504,
      "reward_critic_loss_last": 0.0007386293145827949,
      "cost_critic_loss_last": 2.596292018890381,
      "critic_epochs": 8,
      "daily_voltage_cost": 0.04129587113857269,
      "daily_voltage_cost_raw": 0.04129587113857269,
      "daily_voltage_cost_normalized": 2.064793586730957,
      "daily_economic_return_raw_yuan": -1216406.5,
      "daily_economic_return_normalized": -0.3859519362449646,
      "daily_economic_cost_raw_yuan": 1216406.5,
      "economic_reward_scale_yuan": 3151704.8194007874,
      "lagrange_multiplier": 0.0,
      "cost_budget": 1.0,
      "cost_budget_raw": 0.02,
      "cost_budget_normalized": 1.0,
      "algorithm_cost_mode": "separate_cost",
      "fixed_cost_penalty_coef": 0.0,
      "log_std_max": -2.3,
      "accepted": true,
      "mode": "cost_recovery",
      "reward_before": -4.61749294800029e-07,
      "reward_after": -0.07740013301372528,
      "cost_before": 2.0647735595703125,
      "cost_after": -12.678553581237793,
      "kl_before": -2.384185791015625e-07,
      "kl_after": 0.01984250545501709,
      "cost_gap": 1.0647735595703125,
      "cost_recoverable": true,
      "cost_quadratic": 7837.146484375,
      "reward_quadratic": 1.7519453763961792,
      "reward_cost_cross": 40.1973876953125,
      "max_linear_cost_drop": 17.705531886249563,
      "rollout_wall_seconds": 2.2473915331065655,
      "update_wall_seconds": 1.7813207916915417,
      "total_wall_seconds": 4.028714368119836
    },
    {
      "update": 788,
      "algorithm": "macpo",
      "actor_loss": -0.14719921350479126,
      "reward_critic_loss": 0.0008908826857805252,
      "cost_critic_loss": 0.7169406414031982,
      "reward_critic_loss_last": 0.0008712352137081325,
      "cost_critic_loss_last": 0.7171764373779297,
      "critic_epochs": 8,
      "daily_voltage_cost": 0.016369927674531937,
      "daily_voltage_cost_raw": 0.016369927674531937,
      "daily_voltage_cost_normalized": 0.8184963464736938,
      "daily_economic_return_raw_yuan": -1074263.75,
      "daily_economic_return_normalized": -0.34085166454315186,
      "daily_economic_cost_raw_yuan": 1074263.75,
      "economic_reward_scale_yuan": 3151704.8194007874,
      "lagrange_multiplier": 0.0,
      "cost_budget": 1.0,
      "cost_budget_raw": 0.02,
      "cost_budget_normalized": 1.0,
      "algorithm_cost_mode": "separate_cost",
      "fixed_cost_penalty_coef": 0.0,
      "log_std_max": -2.3,
      "accepted": true,
      "mode": "constrained_reward",
      "reward_before": -2.5529863023621147e-07,
      "reward_after": 0.14719921350479126,
      "cost_before": 0.8184941411018372,
      "cost_after": 0.9543988704681396,
      "kl_before": -2.384185791015625e-07,
      "kl_after": 0.004951012320816517,
      "cost_gap": -0.18150585889816284,
      "cost_recoverable": true,
      "cost_quadratic": 2097.71435546875,
      "reward_quadratic": 2.2397522926330566,
      "reward_cost_cross": 11.198064804077148,
      "max_linear_cost_drop": 9.160162346746372,
      "rollout_wall_seconds": 2.2566856183111668,
      "update_wall_seconds": 1.9346200432628393,
      "total_wall_seconds": 4.1913075894117355
    },
    {
      "update": 789,
      "algorithm": "macpo",
      "actor_loss": -0.1408117264509201,
      "reward_critic_loss": 0.0008517974056303501,
      "cost_critic_loss": 0.6328609585762024,
      "reward_critic_loss_last": 0.0007136056665331125,
      "cost_critic_loss_last": 0.34984228014945984,
      "critic_epochs": 8,
      "daily_voltage_cost": 0.011313783004879951,
      "daily_voltage_cost_raw": 0.011313783004879951,
      "daily_voltage_cost_normalized": 0.565689206123352,
      "daily_economic_return_raw_yuan": -1226716.5,
      "daily_economic_return_normalized": -0.3892231583595276,
      "daily_economic_cost_raw_yuan": 1226716.5,
      "economic_reward_scale_yuan": 3151704.8194007874,
      "lagrange_multiplier": 0.0,
      "cost_budget": 1.0,
      "cost_budget_raw": 0.02,
      "cost_budget_normalized": 1.0,
      "algorithm_cost_mode": "separate_cost",
      "fixed_cost_penalty_coef": 0.0,
      "log_std_max": -2.3,
      "accepted": true,
      "mode": "constrained_reward",
      "reward_before": -2.847017412932473e-07,
      "reward_after": 0.1408117264509201,
      "cost_before": 0.5656647682189941,
      "cost_after": 0.6495511531829834,
      "kl_before": -2.384185791015625e-07,
      "kl_after": 0.005014059133827686,
      "cost_gap": -0.43433523178100586,
      "cost_recoverable": true,
      "cost_quadratic": 1889.226318359375,
      "reward_quadratic": 2.2680823802948,
      "reward_cost_cross": 16.475753784179688,
      "max_linear_cost_drop": 8.693046228703434,
      "rollout_wall_seconds": 2.447688514366746,
      "update_wall_seconds": 1.890420574694872,
      "total_wall_seconds": 4.338111154735088
    },
    {
      "update": 790,
      "algorithm": "macpo",
      "actor_loss": -0.2822796106338501,
      "reward_critic_loss": 0.000728634069673717,
      "cost_critic_loss": 0.6678144335746765,
      "reward_critic_loss_last": 0.0007105324184522033,
      "cost_critic_loss_last": 0.418729305267334,
      "critic_epochs": 8,
      "daily_voltage_cost": 0.0074486746452748775,
      "daily_voltage_cost_raw": 0.0074486746452748775,
      "daily_voltage_cost_normalized": 0.37243372201919556,
      "daily_economic_return_raw_yuan": -1080107.5,
      "daily_economic_return_normalized": -0.34270578622817993,
      "daily_economic_cost_raw_yuan": 1080107.5,
      "economic_reward_scale_yuan": 3151704.8194007874,
      "lagrange_multiplier": 0.0,
      "cost_budget": 1.0,
      "cost_budget_raw": 0.02,
      "cost_budget_normalized": 1.0,
      "algorithm_cost_mode": "separate_cost",
      "fixed_cost_penalty_coef": 0.0,
      "log_std_max": -2.3,
      "accepted": true,
      "mode": "reward",
      "reward_before": -2.0165964542684378e-07,
      "reward_after": 0.2822796106338501,
      "cost_before": 0.37241700291633606,
      "cost_after": -1.8567755222320557,
      "kl_before": -2.384185791015625e-07,
      "kl_after": 0.019922299310564995,
      "cost_gap": -0.6275829970836639,
      "cost_recoverable": true,
      "cost_quadratic": 1957.21240234375,
      "reward_quadratic": 1.787482500076294,
      "reward_cost_cross": -10.341754913330078,
      "max_linear_cost_drop": 8.848078666792583,
      "rollout_wall_seconds": 2.1200989559292793,
      "update_wall_seconds": 1.7002176214009523,
      "total_wall_seconds": 3.8203187342733145
    },
    {
      "update": 791,
      "algorithm": "macpo",
      "actor_loss": -0.3326914608478546,
      "reward_critic_loss": 0.0011350647546350956,
      "cost_critic_loss": 0.4057982563972473,
      "reward_critic_loss_last": 0.0011061880504712462,
      "cost_critic_loss_last": 0.38930845260620117,
      "critic_epochs": 8,
      "daily_voltage_cost": 0.016022074967622757,
      "daily_voltage_cost_raw": 0.016022074967622757,
      "daily_voltage_cost_normalized": 0.8011037111282349,
      "daily_economic_return_raw_yuan": -1146420.125,
      "daily_economic_return_normalized": -0.3637460470199585,
      "daily_economic_cost_raw_yuan": 1146420.125,
      "economic_reward_scale_yuan": 3151704.8194007874,
      "lagrange_multiplier": 0.0,
      "cost_budget": 1.0,
      "cost_budget_raw": 0.02,
      "cost_budget_normalized": 1.0,
      "algorithm_cost_mode": "separate_cost",
      "fixed_cost_penalty_coef": 0.0,
      "log_std_max": -2.3,
      "accepted": true,
      "mode": "reward",
      "reward_before": -2.8854930178567884e-07,
      "reward_after": 0.3326914608478546,
      "cost_before": 0.8010995984077454,
      "cost_after": -0.9445476531982422,
      "kl_before": -2.384185791015625e-07,
      "kl_after": 0.01988959312438965,
      "cost_gap": -0.19890040159225464,
      "cost_recoverable": true,
      "cost_quadratic": 1033.6947021484375,
      "reward_quadratic": 2.694783926010132,
      "reward_cost_cross": -12.944456100463867,
      "max_linear_cost_drop": 6.430224575078036,
      "rollout_wall_seconds": 1.6514444146305323,
      "update_wall_seconds": 1.7320362366735935,
      "total_wall_seconds": 3.383482787758112
    },
    {
      "update": 792,
      "algorithm": "macpo",
      "actor_loss": -0.33834272623062134,
      "reward_critic_loss": 0.0009483674075454473,
      "cost_critic_loss": 0.5413626432418823,
      "reward_critic_loss_last": 0.0008775120368227363,
      "cost_critic_loss_last": 0.45247969031333923,
      "critic_epochs": 8,
      "daily_voltage_cost": 0.012225721962749958,
      "daily_voltage_cost_raw": 0.012225721962749958,
      "daily_voltage_cost_normalized": 0.6112861037254333,
      "daily_economic_return_raw_yuan": -1080472.5,
      "daily_economic_return_normalized": -0.3428215980529785,
      "daily_economic_cost_raw_yuan": 1080472.5,
      "economic_reward_scale_yuan": 3151704.8194007874,
      "lagrange_multiplier": 0.0,
      "cost_budget": 1.0,
      "cost_budget_raw": 0.02,
      "cost_budget_normalized": 1.0,
      "algorithm_cost_mode": "separate_cost",
      "fixed_cost_penalty_coef": 0.0,
      "log_std_max": -2.3,
      "accepted": true,
      "mode": "reward",
      "reward_before": -2.2180553571615746e-07,
      "reward_after": 0.33834272623062134,
      "cost_before": 0.6112897992134094,
      "cost_after": -0.5202667117118835,
      "kl_before": -2.384185791015625e-07,
      "kl_after": 0.019987808540463448,
      "cost_gap": -0.3887102007865906,
      "cost_recoverable": true,
      "cost_quadratic": 1859.31689453125,
      "reward_quadratic": 2.5837278366088867,
      "reward_cost_cross": -9.106708526611328,
      "max_linear_cost_drop": 8.62395940280623,
      "rollout_wall_seconds": 1.4647750537842512,
      "update_wall_seconds": 1.5155402198433876,
      "total_wall_seconds": 2.9803174007683992
    },
    {
      "update": 793,
      "algorithm": "macpo",
      "actor_loss": -0.010457277297973633,
      "reward_critic_loss": 0.0014541118871420622,
      "cost_critic_loss": 2.5412678718566895,
      "reward_critic_loss_last": 0.0014012949541211128,
      "cost_critic_loss_last": 2.531033754348755,
      "critic_epochs": 8,
      "daily_voltage_cost": 0.03512085974216461,
      "daily_voltage_cost_raw": 0.03512085974216461,
      "daily_voltage_cost_normalized": 1.7560431957244873,
      "daily_economic_return_raw_yuan": -1234539.5,
      "daily_economic_return_normalized": -0.39170533418655396,
      "daily_economic_cost_raw_yuan": 1234539.5,
      "economic_reward_scale_yuan": 3151704.8194007874,
      "lagrange_multiplier": 0.0,
      "cost_budget": 1.0,
      "cost_budget_raw": 0.02,
      "cost_budget_normalized": 1.0,
      "algorithm_cost_mode": "separate_cost",
      "fixed_cost_penalty_coef": 0.0,
      "log_std_max": -2.3,
      "accepted": true,
      "mode": "cost_recovery",
      "reward_before": -5.570680627897673e-08,
      "reward_after": 0.010457277297973633,
      "cost_before": 1.7560598850250244,
      "cost_after": -10.755066871643066,
      "kl_before": -2.384185791015625e-07,
      "kl_after": 0.019888734444975853,
      "cost_gap": 0.7560598850250244,
      "cost_recoverable": true,
      "cost_quadratic": 5849.4541015625,
      "reward_quadratic": 3.497058391571045,
      "reward_cost_cross": -6.428642272949219,
      "max_linear_cost_drop": 15.29634479418204,
      "rollout_wall_seconds": 1.0874688643962145,
      "update_wall_seconds": 1.6285070814192295,
      "total_wall_seconds": 2.7159777898341417
    },
    {
      "update": 794,
      "algorithm": "macpo",
      "actor_loss": 0.06112458556890488,
      "reward_critic_loss": 0.0005571248475462198,
      "cost_critic_loss": 1.5882257223129272,
      "reward_critic_loss_last": 0.0005287774838507175,
      "cost_critic_loss_last": 1.4268357753753662,
      "critic_epochs": 8,
      "daily_voltage_cost": 0.022867299616336823,
      "daily_voltage_cost_raw": 0.022867299616336823,
      "daily_voltage_cost_normalized": 1.1433650255203247,
      "daily_economic_return_raw_yuan": -1010191.125,
      "daily_economic_return_normalized": -0.32052212953567505,
      "daily_economic_cost_raw_yuan": 1010191.125,
      "economic_reward_scale_yuan": 3151704.8194007874,
      "lagrange_multiplier": 0.0,
      "cost_budget": 1.0,
      "cost_budget_raw": 0.02,
      "cost_budget_normalized": 1.0,
      "algorithm_cost_mode": "separate_cost",
      "fixed_cost_penalty_coef": 0.0,
      "log_std_max": -2.3,
      "accepted": true,
      "mode": "cost_recovery",
      "reward_before": 3.617911659148376e-08,
      "reward_after": -0.06112458556890488,
      "cost_before": 1.1434015035629272,
      "cost_after": -11.661345481872559,
      "kl_before": -2.384185791015625e-07,
      "kl_after": 0.019840199500322342,
      "cost_gap": 0.14340150356292725,
      "cost_recoverable": true,
      "cost_quadratic": 5299.27685546875,
      "reward_quadratic": 1.3690543174743652,
      "reward_cost_cross": 22.815807342529297,
      "max_linear_cost_drop": 14.55922642926986,
      "rollout_wall_seconds": 1.160964723676443,
      "update_wall_seconds": 1.5523410104215145,
      "total_wall_seconds": 2.713307550176978
    },
    {
      "update": 795,
      "algorithm": "macpo",
      "actor_loss": -0.2715489864349365,
      "reward_critic_loss": 0.0007756030536256731,
      "cost_critic_loss": 0.21094036102294922,
      "reward_critic_loss_last": 0.0006812738138251007,
      "cost_critic_loss_last": 0.23494933545589447,
      "critic_epochs": 8,
      "daily_voltage_cost": 0.006537093315273523,
      "daily_voltage_cost_raw": 0.006537093315273523,
      "daily_voltage_cost_normalized": 0.3268546462059021,
      "daily_economic_return_raw_yuan": -1138306.125,
      "daily_economic_return_normalized": -0.36117154359817505,
      "daily_economic_cost_raw_yuan": 1138306.125,
      "economic_reward_scale_yuan": 3151704.8194007874,
      "lagrange_multiplier": 0.0,
      "cost_budget": 1.0,
      "cost_budget_raw": 0.02,
      "cost_budget_normalized": 1.0,
      "algorithm_cost_mode": "separate_cost",
      "fixed_cost_penalty_coef": 0.0,
      "log_std_max": -2.3,
      "accepted": true,
      "mode": "reward",
      "reward_before": 1.9242833104726742e-08,
      "reward_after": 0.2715489864349365,
      "cost_before": 0.32684749364852905,
      "cost_after": 0.5005085468292236,
      "kl_before": -2.384185791015625e-07,
      "kl_after": 0.01992589235305786,
      "cost_gap": -0.673152506351471,
      "cost_recoverable": true,
      "cost_quadratic": 598.968505859375,
      "reward_quadratic": 1.8162267208099365,
      "reward_cost_cross": 2.2037599086761475,
      "max_linear_cost_drop": 4.8947666169466135,
      "rollout_wall_seconds": 1.736864984035492,
      "update_wall_seconds": 1.688967552036047,
      "total_wall_seconds": 3.425835495814681
    },
    {
      "update": 796,
      "algorithm": "macpo",
      "actor_loss": -0.13956347107887268,
      "reward_critic_loss": 0.0007881269557401538,
      "cost_critic_loss": 0.2511557340621948,
      "reward_critic_loss_last": 0.0007793313125148416,
      "cost_critic_loss_last": 0.2442147135734558,
      "critic_epochs": 8,
      "daily_voltage_cost": 0.01015766803175211,
      "daily_voltage_cost_raw": 0.01015766803175211,
      "daily_voltage_cost_normalized": 0.5078834295272827,
      "daily_economic_return_raw_yuan": -1195520.375,
      "daily_economic_return_normalized": -0.3793249726295471,
      "daily_economic_cost_raw_yuan": 1195520.375,
      "economic_reward_scale_yuan": 3151704.8194007874,
      "lagrange_multiplier": 0.0,
      "cost_budget": 1.0,
      "cost_budget_raw": 0.02,
      "cost_budget_normalized": 1.0,
      "algorithm_cost_mode": "separate_cost",
      "fixed_cost_penalty_coef": 0.0,
      "log_std_max": -2.3,
      "accepted": true,
      "mode": "constrained_reward",
      "reward_before": 2.264582690258976e-07,
      "reward_after": 0.13956347107887268,
      "cost_before": 0.5078884959220886,
      "cost_after": 0.783654510974884,
      "kl_before": -2.384185791015625e-07,
      "kl_after": 0.004991905298084021,
      "cost_gap": -0.4921115040779114,
      "cost_recoverable": true,
      "cost_quadratic": 760.4027099609375,
      "reward_quadratic": 1.9780341386795044,
      "reward_cost_cross": 5.051259994506836,
      "max_linear_cost_drop": 5.515080089938631,
      "rollout_wall_seconds": 1.8270984962582588,
      "update_wall_seconds": 1.8422240130603313,
      "total_wall_seconds": 3.6693241614848375
    },
    {
      "update": 797,
      "algorithm": "macpo",
      "actor_loss": 0.014322007074952126,
      "reward_critic_loss": 0.001114156562834978,
      "cost_critic_loss": 3.5577311515808105,
      "reward_critic_loss_last": 0.0008809355786070228,
      "cost_critic_loss_last": 3.34393572807312,
      "critic_epochs": 8,
      "daily_voltage_cost": 0.036391302943229675,
      "daily_voltage_cost_raw": 0.036391302943229675,
      "daily_voltage_cost_normalized": 1.8195650577545166,
      "daily_economic_return_raw_yuan": -1238849.0,
      "daily_economic_return_normalized": -0.3930726647377014,
      "daily_economic_cost_raw_yuan": 1238849.0,
      "economic_reward_scale_yuan": 3151704.8194007874,
      "lagrange_multiplier": 0.0,
      "cost_budget": 1.0,
      "cost_budget_raw": 0.02,
      "cost_budget_normalized": 1.0,
      "algorithm_cost_mode": "separate_cost",
      "fixed_cost_penalty_coef": 0.0,
      "log_std_max": -2.3,
      "accepted": true,
      "mode": "cost_recovery",
      "reward_before": -6.535776151395112e-07,
      "reward_after": -0.014322007074952126,
      "cost_before": 1.819606065750122,
      "cost_after": -13.771123886108398,
      "kl_before": -2.384185791015625e-07,
      "kl_after": 0.019975755363702774,
      "cost_gap": 0.8196060657501221,
      "cost_recoverable": true,
      "cost_quadratic": 9158.548828125,
      "reward_quadratic": 2.487399101257324,
      "reward_cost_cross": 7.797623634338379,
      "max_linear_cost_drop": 19.140061471296274,
      "rollout_wall_seconds": 1.9353618491441011,
      "update_wall_seconds": 1.5894684232771397,
      "total_wall_seconds": 3.5248322300612926
    },
    {
      "update": 798,
      "algorithm": "macpo",
      "actor_loss": -0.04348595440387726,
      "reward_critic_loss": 0.001161522581242025,
      "cost_critic_loss": 0.5196143388748169,
      "reward_critic_loss_last": 0.0009744048002175987,
      "cost_critic_loss_last": 0.45229801535606384,
      "critic_epochs": 8,
      "daily_voltage_cost": 0.02337198704481125,
      "daily_voltage_cost_raw": 0.02337198704481125,
      "daily_voltage_cost_normalized": 1.1685993671417236,
      "daily_economic_return_raw_yuan": -1105326.25,
      "daily_economic_return_normalized": -0.35070744156837463,
      "daily_economic_cost_raw_yuan": 1105326.25,
      "economic_reward_scale_yuan": 3151704.8194007874,
      "lagrange_multiplier": 0.0,
      "cost_budget": 1.0,
      "cost_budget_raw": 0.02,
      "cost_budget_normalized": 1.0,
      "algorithm_cost_mode": "separate_cost",
      "fixed_cost_penalty_coef": 0.0,
      "log_std_max": -2.3,
      "accepted": true,
      "mode": "cost_recovery",
      "reward_before": -7.821041947408958e-08,
      "reward_after": 0.04348595440387726,
      "cost_before": 1.1686040163040161,
      "cost_after": -2.557854175567627,
      "kl_before": -2.384185791015625e-07,
      "kl_after": 0.005004463717341423,
      "cost_gap": 0.1686040163040161,
      "cost_recoverable": true,
      "cost_quadratic": 1586.7889404296875,
      "reward_quadratic": 2.7554244995117188,
      "reward_cost_cross": -17.461654663085938,
      "max_linear_cost_drop": 7.966903891549559,
      "rollout_wall_seconds": 1.9072033185511827,
      "update_wall_seconds": 1.5092106983065605,
      "total_wall_seconds": 3.4164163898676634
    },
    {
      "update": 799,
      "algorithm": "macpo",
      "actor_loss": -0.3081105947494507,
      "reward_critic_loss": 0.001043027499690652,
      "cost_critic_loss": 0.1753285974264145,
      "reward_critic_loss_last": 0.0009134650463238358,
      "cost_critic_loss_last": 0.13913419842720032,
      "critic_epochs": 8,
      "daily_voltage_cost": 0.0022339164279401302,
      "daily_voltage_cost_raw": 0.0022339164279401302,
      "daily_voltage_cost_normalized": 0.11169582605361938,
      "daily_economic_return_raw_yuan": -1213741.0,
      "daily_economic_return_normalized": -0.3851062059402466,
      "daily_economic_cost_raw_yuan": 1213741.0,
      "economic_reward_scale_yuan": 3151704.8194007874,
      "lagrange_multiplier": 0.0,
      "cost_budget": 1.0,
      "cost_budget_raw": 0.02,
      "cost_budget_normalized": 1.0,
      "algorithm_cost_mode": "separate_cost",
      "fixed_cost_penalty_coef": 0.0,
      "log_std_max": -2.3,
      "accepted": true,
      "mode": "reward",
      "reward_before": 6.569884192231257e-09,
      "reward_after": 0.3081105947494507,
      "cost_before": 0.11168456822633743,
      "cost_after": 0.08791235089302063,
      "kl_before": -2.384185791015625e-07,
      "kl_after": 0.01998104155063629,
      "cost_gap": -0.8883154317736626,
      "cost_recoverable": true,
      "cost_quadratic": 482.38946533203125,
      "reward_quadratic": 2.812150478363037,
      "reward_cost_cross": 1.7265689373016357,
      "max_linear_cost_drop": 4.392673287791985,
      "rollout_wall_seconds": 1.9315308723598719,
      "update_wall_seconds": 1.360604327172041,
      "total_wall_seconds": 3.2921374943107367
    },
    {
      "update": 800,
      "algorithm": "macpo",
      "actor_loss": -0.1387258619070053,
      "reward_critic_loss": 0.0006463119643740356,
      "cost_critic_loss": 1.6148438453674316,
      "reward_critic_loss_last": 0.0006055677076801658,
      "cost_critic_loss_last": 1.5388730764389038,
      "critic_epochs": 8,
      "daily_voltage_cost": 0.019877588376402855,
      "daily_voltage_cost_raw": 0.019877588376402855,
      "daily_voltage_cost_normalized": 0.9938794374465942,
      "daily_economic_return_raw_yuan": -1075439.75,
      "daily_economic_return_normalized": -0.3412247598171234,
      "daily_economic_cost_raw_yuan": 1075439.75,
      "economic_reward_scale_yuan": 3151704.8194007874,
      "lagrange_multiplier": 0.0,
      "cost_budget": 1.0,
      "cost_budget_raw": 0.02,
      "cost_budget_normalized": 1.0,
      "algorithm_cost_mode": "separate_cost",
      "fixed_cost_penalty_coef": 0.0,
      "log_std_max": -2.3,
      "accepted": true,
      "mode": "constrained_reward",
      "reward_before": 4.3993247800244717e-07,
      "reward_after": 0.1387258619070053,
      "cost_before": 0.9938996434211731,
      "cost_after": 0.9219926595687866,
      "kl_before": -2.384185791015625e-07,
      "kl_after": 0.005010765045881271,
      "cost_gap": -0.006100356578826904,
      "cost_recoverable": true,
      "cost_quadratic": 3687.80126953125,
      "reward_quadratic": 1.8892805576324463,
      "reward_cost_cross": 2.611578941345215,
      "max_linear_cost_drop": 12.14545391417093,
      "rollout_wall_seconds": 1.804311839863658,
      "update_wall_seconds": 1.332065112888813,
      "total_wall_seconds": 3.136378776282072
    },
    {
      "update": 801,
      "algorithm": "macpo",
      "actor_loss": -0.2701162099838257,
      "reward_critic_loss": 0.0007609733147546649,
      "cost_critic_loss": 1.483986258506775,
      "reward_critic_loss_last": 0.000747665180824697,
      "cost_critic_loss_last": 1.3702316284179688,
      "critic_epochs": 8,
      "daily_voltage_cost": 0.01855206862092018,
      "daily_voltage_cost_raw": 0.01855206862092018,
      "daily_voltage_cost_normalized": 0.9276033639907837,
      "daily_economic_return_raw_yuan": -1128413.875,
      "daily_economic_return_normalized": -0.35803288221359253,
      "daily_economic_cost_raw_yuan": 1128413.875,
      "economic_reward_scale_yuan": 3151704.8194007874,
      "lagrange_multiplier": 0.0,
      "cost_budget": 1.0,
      "cost_budget_raw": 0.02,
      "cost_budget_normalized": 1.0,
      "algorithm_cost_mode": "separate_cost",
      "fixed_cost_penalty_coef": 0.0,
      "log_std_max": -2.3,
      "accepted": true,
      "mode": "reward",
      "reward_before": 6.982318154769018e-07,
      "reward_after": 0.2701162099838257,
      "cost_before": 0.9276110529899597,
      "cost_after": -0.651801586151123,
      "kl_before": -2.384185791015625e-07,
      "kl_after": 0.019956637173891068,
      "cost_gap": -0.07238894701004028,
      "cost_recoverable": true,
      "cost_quadratic": 5628.689453125,
      "reward_quadratic": 1.7759450674057007,
      "reward_cost_cross": -9.133936882019043,
      "max_linear_cost_drop": 15.004918464456912,
      "rollout_wall_seconds": 1.4490870665758848,
      "update_wall_seconds": 1.4433610998094082,
      "total_wall_seconds": 2.892449926584959
    },
    {
      "update": 802,
      "algorithm": "macpo",
      "actor_loss": -0.005241274833679199,
      "reward_critic_loss": 0.000893914548214525,
      "cost_critic_loss": 0.8040913343429565,
      "reward_critic_loss_last": 0.0008262735791504383,
      "cost_critic_loss_last": 0.7639278173446655,
      "critic_epochs": 8,
      "daily_voltage_cost": 0.02197886072099209,
      "daily_voltage_cost_raw": 0.02197886072099209,
      "daily_voltage_cost_normalized": 1.0989429950714111,
      "daily_economic_return_raw_yuan": -1053098.625,
      "daily_economic_return_normalized": -0.3341361880302429,
      "daily_economic_cost_raw_yuan": 1053098.625,
      "economic_reward_scale_yuan": 3151704.8194007874,
      "lagrange_multiplier": 0.0,
      "cost_budget": 1.0,
      "cost_budget_raw": 0.02,
      "cost_budget_normalized": 1.0,
      "algorithm_cost_mode": "separate_cost",
      "fixed_cost_penalty_coef": 0.0,
      "log_std_max": -2.3,
      "accepted": true,
      "mode": "cost_recovery",
      "reward_before": 2.6489499305171194e-07,
      "reward_after": 0.005241274833679199,
      "cost_before": 1.0989503860473633,
      "cost_after": -3.7736895084381104,
      "kl_before": -2.384185791015625e-07,
      "kl_after": 0.005010390654206276,
      "cost_gap": 0.09895038604736328,
      "cost_recoverable": true,
      "cost_quadratic": 2154.13037109375,
      "reward_quadratic": 1.9853118658065796,
      "reward_cost_cross": -1.6693724393844604,
      "max_linear_cost_drop": 9.28252200879427,
      "rollout_wall_seconds": 1.785302560776472,
      "update_wall_seconds": 1.4546788278967142,
      "total_wall_seconds": 3.239983107894659
    },
    {
      "update": 803,
      "algorithm": "macpo",
      "actor_loss": 0.050237368792295456,
      "reward_critic_loss": 0.001107407151721418,
      "cost_critic_loss": 5.54257345199585,
      "reward_critic_loss_last": 0.001074071042239666,
      "cost_critic_loss_last": 5.405190467834473,
      "critic_epochs": 8,
      "daily_voltage_cost": 0.03741374611854553,
      "daily_voltage_cost_raw": 0.03741374611854553,
      "daily_voltage_cost_normalized": 1.8706873655319214,
      "daily_economic_return_raw_yuan": -1119161.875,
      "daily_economic_return_normalized": -0.35509729385375977,
      "daily_economic_cost_raw_yuan": 1119161.875,
      "economic_reward_scale_yuan": 3151704.8194007874,
      "lagrange_multiplier": 0.0,
      "cost_budget": 1.0,
      "cost_budget_raw": 0.02,
      "cost_budget_normalized": 1.0,
      "algorithm_cost_mode": "separate_cost",
      "fixed_cost_penalty_coef": 0.0,
      "log_std_max": -2.3,
      "accepted": true,
      "mode": "cost_recovery",
      "reward_before": 6.904264182594488e-08,
      "reward_after": -0.050237368792295456,
      "cost_before": 1.8707014322280884,
      "cost_after": -16.26557731628418,
      "kl_before": -2.384185791015625e-07,
      "kl_after": 0.0199764184653759,
      "cost_gap": 0.8707014322280884,
      "cost_recoverable": true,
      "cost_quadratic": 11601.236328125,
      "reward_quadratic": 2.555682897567749,
      "reward_cost_cross": 34.09226989746094,
      "max_linear_cost_drop": 21.541807099800145,
      "rollout_wall_seconds": 1.9521989729255438,
      "update_wall_seconds": 1.4888792000710964,
      "total_wall_seconds": 3.4410800393670797
    },
    {
      "update": 804,
      "algorithm": "macpo",
      "actor_loss": -0.2500168979167938,
      "reward_critic_loss": 0.0006487688515335321,
      "cost_critic_loss": 0.7328519821166992,
      "reward_critic_loss_last": 0.0006097725126892328,
      "cost_critic_loss_last": 0.6774163246154785,
      "critic_epochs": 8,
      "daily_voltage_cost": 0.013671550899744034,
      "daily_voltage_cost_raw": 0.013671550899744034,
      "daily_voltage_cost_normalized": 0.6835776567459106,
      "daily_economic_return_raw_yuan": -1112109.5,
      "daily_economic_return_normalized": -0.3528596758842468,
      "daily_economic_cost_raw_yuan": 1112109.5,
      "economic_reward_scale_yuan": 3151704.8194007874,
      "lagrange_multiplier": 0.0,
      "cost_budget": 1.0,
      "cost_budget_raw": 0.02,
      "cost_budget_normalized": 1.0,
      "algorithm_cost_mode": "separate_cost",
      "fixed_cost_penalty_coef": 0.0,
      "log_std_max": -2.3,
      "accepted": true,
      "mode": "reward",
      "reward_before": -4.2571264202706516e-07,
      "reward_after": 0.2500168979167938,
      "cost_before": 0.68356853723526,
      "cost_after": 0.11235201358795166,
      "kl_before": -2.384185791015625e-07,
      "kl_after": 0.01992056891322136,
      "cost_gap": -0.31643146276474,
      "cost_recoverable": true,
      "cost_quadratic": 1977.31982421875,
      "reward_quadratic": 1.5545116662979126,
      "reward_cost_cross": -1.5208178758621216,
      "max_linear_cost_drop": 8.893412897687254,
      "rollout_wall_seconds": 1.9655921924859285,
      "update_wall_seconds": 1.4909678641706705,
      "total_wall_seconds": 3.456562351435423
    },
    {
      "update": 805,
      "algorithm": "macpo",
      "actor_loss": -0.14436525106430054,
      "reward_critic_loss": 0.0010261645074933767,
      "cost_critic_loss": 1.1106781959533691,
      "reward_critic_loss_last": 0.0008851019665598869,
      "cost_critic_loss_last": 0.8470083475112915,
      "critic_epochs": 8,
      "daily_voltage_cost": 0.019816363230347633,
      "daily_voltage_cost_raw": 0.019816363230347633,
      "daily_voltage_cost_normalized": 0.9908181428909302,
      "daily_economic_return_raw_yuan": -1271607.75,
      "daily_economic_return_normalized": -0.4034666419029236,
      "daily_economic_cost_raw_yuan": 1271607.75,
      "economic_reward_scale_yuan": 3151704.8194007874,
      "lagrange_multiplier": 0.0,
      "cost_budget": 1.0,
      "cost_budget_raw": 0.02,
      "cost_budget_normalized": 1.0,
      "algorithm_cost_mode": "separate_cost",
      "fixed_cost_penalty_coef": 0.0,
      "log_std_max": -2.3,
      "accepted": true,
      "mode": "constrained_reward",
      "reward_before": -2.075836960102606e-07,
      "reward_after": 0.14436525106430054,
      "cost_before": 0.9907864332199097,
      "cost_after": 0.8321744203567505,
      "kl_before": -2.384185791015625e-07,
      "kl_after": 0.0050379615277051926,
      "cost_gap": -0.009213566780090332,
      "cost_recoverable": true,
      "cost_quadratic": 2725.26025390625,
      "reward_quadratic": 2.241313934326172,
      "reward_cost_cross": 19.73870277404785,
      "max_linear_cost_drop": 10.440805053071818,
      "rollout_wall_seconds": 2.175783760845661,
      "update_wall_seconds": 1.9647939093410969,
      "total_wall_seconds": 4.140579579398036
    },
    {
      "update": 806,
      "algorithm": "macpo",
      "actor_loss": 0.002044258639216423,
      "reward_critic_loss": 0.0008044454152695835,
      "cost_critic_loss": 1.044614315032959,
      "reward_critic_loss_last": 0.0006978085148148239,
      "cost_critic_loss_last": 1.0625158548355103,
      "critic_epochs": 8,
      "daily_voltage_cost": 0.034270577132701874,
      "daily_voltage_cost_raw": 0.034270577132701874,
      "daily_voltage_cost_normalized": 1.713529109954834,
      "daily_economic_return_raw_yuan": -1162678.75,
      "daily_economic_return_normalized": -0.368904709815979,
      "daily_economic_cost_raw_yuan": 1162678.75,
      "economic_reward_scale_yuan": 3151704.8194007874,
      "lagrange_multiplier": 0.0,
      "cost_budget": 1.0,
      "cost_budget_raw": 0.02,
      "cost_budget_normalized": 1.0,
      "algorithm_cost_mode": "separate_cost",
      "fixed_cost_penalty_coef": 0.0,
      "log_std_max": -2.3,
      "accepted": true,
      "mode": "cost_recovery",
      "reward_before": -6.177571094667655e-07,
      "reward_after": -0.002044258639216423,
      "cost_before": 1.7135288715362549,
      "cost_after": -7.822086811065674,
      "kl_before": -2.384185791015625e-07,
      "kl_after": 0.01999858021736145,
      "cost_gap": 0.7135288715362549,
      "cost_recoverable": true,
      "cost_quadratic": 3193.3671875,
      "reward_quadratic": 2.191276788711548,
      "reward_cost_cross": 0.5557001829147339,
      "max_linear_cost_drop": 11.301977150038837,
      "rollout_wall_seconds": 2.1591547895222902,
      "update_wall_seconds": 1.8719353061169386,
      "total_wall_seconds": 4.031092129647732
    },
    {
      "update": 807,
      "algorithm": "macpo",
      "actor_loss": 0.05417903512716293,
      "reward_critic_loss": 0.0005821057129651308,
      "cost_critic_loss": 12.52178955078125,
      "reward_critic_loss_last": 0.0005734203150495887,
      "cost_critic_loss_last": 12.088018417358398,
      "critic_epochs": 8,
      "daily_voltage_cost": 0.05916805565357208,
      "daily_voltage_cost_raw": 0.05916805565357208,
      "daily_voltage_cost_normalized": 2.958402633666992,
      "daily_economic_return_raw_yuan": -1136479.5,
      "daily_economic_return_normalized": -0.3605920076370239,
      "daily_economic_cost_raw_yuan": 1136479.5,
      "economic_reward_scale_yuan": 3151704.8194007874,
      "lagrange_multiplier": 0.0,
      "cost_budget": 1.0,
      "cost_budget_raw": 0.02,
      "cost_budget_normalized": 1.0,
      "algorithm_cost_mode": "separate_cost",
      "fixed_cost_penalty_coef": 0.0,
      "log_std_max": -2.3,
      "accepted": true,
      "mode": "cost_recovery",
      "reward_before": -5.086599230708089e-08,
      "reward_after": -0.05417903512716293,
      "cost_before": 2.9584221839904785,
      "cost_after": -24.871164321899414,
      "kl_before": -2.384185791015625e-07,
      "kl_after": 0.01988300308585167,
      "cost_gap": 1.9584221839904785,
      "cost_recoverable": true,
      "cost_quadratic": 28356.865234375,
      "reward_quadratic": 1.4128390550613403,
      "reward_cost_cross": 51.6775016784668,
      "max_linear_cost_drop": 33.67899359207457,
      "rollout_wall_seconds": 1.7372615188360214,
      "update_wall_seconds": 1.4647731687873602,
      "total_wall_seconds": 3.2020367681980133
    },
    {
      "update": 808,
      "algorithm": "macpo",
      "actor_loss": 0.06637734919786453,
      "reward_critic_loss": 0.001046499121002853,
      "cost_critic_loss": 3.150871992111206,
      "reward_critic_loss_last": 0.001010028994642198,
      "cost_critic_loss_last": 2.6951987743377686,
      "critic_epochs": 8,
      "daily_voltage_cost": 0.023754088208079338,
      "daily_voltage_cost_raw": 0.023754088208079338,
      "daily_voltage_cost_normalized": 1.1877044439315796,
      "daily_economic_return_raw_yuan": -1074616.0,
      "daily_economic_return_normalized": -0.3409634232521057,
      "daily_economic_cost_raw_yuan": 1074616.0,
      "economic_reward_scale_yuan": 3151704.8194007874,
      "lagrange_multiplier": 0.0,
      "cost_budget": 1.0,
      "cost_budget_raw": 0.02,
      "cost_budget_normalized": 1.0,
      "algorithm_cost_mode": "separate_cost",
      "fixed_cost_penalty_coef": 0.0,
      "log_std_max": -2.3,
      "accepted": true,
      "mode": "cost_recovery",
      "reward_before": 2.7446969852462644e-07,
      "reward_after": -0.06637734919786453,
      "cost_before": 1.1877453327178955,
      "cost_after": -14.87861442565918,
      "kl_before": -2.384185791015625e-07,
      "kl_after": 0.019902460277080536,
      "cost_gap": 0.1877453327178955,
      "cost_recoverable": true,
      "cost_quadratic": 11113.3515625,
      "reward_quadratic": 2.5285372734069824,
      "reward_cost_cross": 43.75520324707031,
      "max_linear_cost_drop": 21.083976439467012,
      "rollout_wall_seconds": 1.8388946279883385,
      "update_wall_seconds": 1.5337741039693356,
      "total_wall_seconds": 3.3726706616580486
    },
    {
      "update": 809,
      "algorithm": "macpo",
      "actor_loss": -0.2654472291469574,
      "reward_critic_loss": 0.0005584496539086103,
      "cost_critic_loss": 1.654664397239685,
      "reward_critic_loss_last": 0.000528363510966301,
      "cost_critic_loss_last": 1.9345293045043945,
      "critic_epochs": 8,
      "daily_voltage_cost": 0.015335917472839355,
      "daily_voltage_cost_raw": 0.015335917472839355,
      "daily_voltage_cost_normalized": 0.7667958736419678,
      "daily_economic_return_raw_yuan": -1128451.75,
      "daily_economic_return_normalized": -0.3580448627471924,
      "daily_economic_cost_raw_yuan": 1128451.75,
      "economic_reward_scale_yuan": 3151704.8194007874,
      "lagrange_multiplier": 0.0,
      "cost_budget": 1.0,
      "cost_budget_raw": 0.02,
      "cost_budget_normalized": 1.0,
      "algorithm_cost_mode": "separate_cost",
      "fixed_cost_penalty_coef": 0.0,
      "log_std_max": -2.3,
      "accepted": true,
      "mode": "reward",
      "reward_before": 3.4851638019972597e-07,
      "reward_after": 0.2654472291469574,
      "cost_before": 0.7667502164840698,
      "cost_after": -2.247190237045288,
      "kl_before": -2.384185791015625e-07,
      "kl_after": 0.01995932310819626,
      "cost_gap": -0.23324978351593018,
      "cost_recoverable": true,
      "cost_quadratic": 4262.48779296875,
      "reward_quadratic": 1.4918767213821411,
      "reward_cost_cross": -17.315696716308594,
      "max_linear_cost_drop": 13.057546159931812,
      "rollout_wall_seconds": 1.875931665301323,
      "update_wall_seconds": 1.6215424872934818,
      "total_wall_seconds": 3.4974759444594383
    },
    {
      "update": 810,
      "algorithm": "macpo",
      "actor_loss": -0.1599661111831665,
      "reward_critic_loss": 0.0010741061996668577,
      "cost_critic_loss": 1.4567162990570068,
      "reward_critic_loss_last": 0.0010225694859400392,
      "cost_critic_loss_last": 1.0367541313171387,
      "critic_epochs": 8,
      "daily_voltage_cost": 0.01593456044793129,
      "daily_voltage_cost_raw": 0.01593456044793129,
      "daily_voltage_cost_normalized": 0.7967280149459839,
      "daily_economic_return_raw_yuan": -1162732.875,
      "daily_economic_return_normalized": -0.3689218759536743,
      "daily_economic_cost_raw_yuan": 1162732.875,
      "economic_reward_scale_yuan": 3151704.8194007874,
      "lagrange_multiplier": 0.0,
      "cost_budget": 1.0,
      "cost_budget_raw": 0.02,
      "cost_budget_normalized": 1.0,
      "algorithm_cost_mode": "separate_cost",
      "fixed_cost_penalty_coef": 0.0,
      "log_std_max": -2.3,
      "accepted": true,
      "mode": "constrained_reward",
      "reward_before": 2.823056206580077e-07,
      "reward_after": 0.1599661111831665,
      "cost_before": 0.7967034578323364,
      "cost_after": 0.7752574682235718,
      "kl_before": -2.384185791015625e-07,
      "kl_after": 0.005049845203757286,
      "cost_gap": -0.20329654216766357,
      "cost_recoverable": true,
      "cost_quadratic": 4030.232666015625,
      "reward_quadratic": 2.6771397590637207,
      "reward_cost_cross": 12.973053932189941,
      "max_linear_cost_drop": 12.69682269863705,
      "rollout_wall_seconds": 2.3538956083357334,
      "update_wall_seconds": 1.7101886291056871,
      "total_wall_seconds": 4.064086055383086
    },
    {
      "update": 811,
      "algorithm": "macpo",
      "actor_loss": -0.3287627398967743,
      "reward_critic_loss": 0.0010259232949465513,
      "cost_critic_loss": 0.6192504167556763,
      "reward_critic_loss_last": 0.0008514447836205363,
      "cost_critic_loss_last": 0.5491688251495361,
      "critic_epochs": 8,
      "daily_voltage_cost": 0.00794360600411892,
      "daily_voltage_cost_raw": 0.00794360600411892,
      "daily_voltage_cost_normalized": 0.3971802890300751,
      "daily_economic_return_raw_yuan": -980679.0625,
      "daily_economic_return_normalized": -0.31115829944610596,
      "daily_economic_cost_raw_yuan": 980679.0625,
      "economic_reward_scale_yuan": 3151704.8194007874,
      "lagrange_multiplier": 0.0,
      "cost_budget": 1.0,
      "cost_budget_raw": 0.02,
      "cost_budget_normalized": 1.0,
      "algorithm_cost_mode": "separate_cost",
      "fixed_cost_penalty_coef": 0.0,
      "log_std_max": -2.3,
      "accepted": true,
      "mode": "reward",
      "reward_before": 3.453542376519181e-07,
      "reward_after": 0.3287627398967743,
      "cost_before": 0.39718160033226013,
      "cost_after": 0.9443364143371582,
      "kl_before": -2.384185791015625e-07,
      "kl_after": 0.019950438290834427,
      "cost_gap": -0.6028183996677399,
      "cost_recoverable": true,
      "cost_quadratic": 1894.0948486328125,
      "reward_quadratic": 2.5004796981811523,
      "reward_cost_cross": 4.063600063323975,
      "max_linear_cost_drop": 8.704239998145301,
      "rollout_wall_seconds": 1.9417458418756723,
      "update_wall_seconds": 1.728791108354926,
      "total_wall_seconds": 3.6705395989120007
    },
    {
      "update": 812,
      "algorithm": "macpo",
      "actor_loss": 0.04094698280096054,
      "reward_critic_loss": 0.0008388426504097879,
      "cost_critic_loss": 4.273319721221924,
      "reward_critic_loss_last": 0.00081525684799999,
      "cost_critic_loss_last": 4.124652862548828,
      "critic_epochs": 8,
      "daily_voltage_cost": 0.03458831086754799,
      "daily_voltage_cost_raw": 0.03458831086754799,
      "daily_voltage_cost_normalized": 1.7294156551361084,
      "daily_economic_return_raw_yuan": -967510.75,
      "daily_economic_return_normalized": -0.3069801330566406,
      "daily_economic_cost_raw_yuan": 967510.75,
      "economic_reward_scale_yuan": 3151704.8194007874,
      "lagrange_multiplier": 0.0,
      "cost_budget": 1.0,
      "cost_budget_raw": 0.02,
      "cost_budget_normalized": 1.0,
      "algorithm_cost_mode": "separate_cost",
      "fixed_cost_penalty_coef": 0.0,
      "log_std_max": -2.3,
      "accepted": true,
      "mode": "cost_recovery",
      "reward_before": 3.2362925139750587e-07,
      "reward_after": -0.04094698280096054,
      "cost_before": 1.7294858694076538,
      "cost_after": -18.185956954956055,
      "kl_before": -2.384185791015625e-07,
      "kl_after": 0.019938355311751366,
      "cost_gap": 0.7294858694076538,
      "cost_recoverable": true,
      "cost_quadratic": 16282.3818359375,
      "reward_quadratic": 2.068336009979248,
      "reward_cost_cross": 28.659927368164062,
      "max_linear_cost_drop": 25.520487327586437,
      "rollout_wall_seconds": 2.06669345498085,
      "update_wall_seconds": 1.7624390106648207,
      "total_wall_seconds": 3.8291342053562403
    },
    {
      "update": 813,
      "algorithm": "macpo",
      "actor_loss": -0.2724791169166565,
      "reward_critic_loss": 0.0007107405690476298,
      "cost_critic_loss": 0.43264198303222656,
      "reward_critic_loss_last": 0.0005911929765716195,
      "cost_critic_loss_last": 0.4415566623210907,
      "critic_epochs": 8,
      "daily_voltage_cost": 0.007420154754072428,
      "daily_voltage_cost_raw": 0.007420154754072428,
      "daily_voltage_cost_normalized": 0.3710077404975891,
      "daily_economic_return_raw_yuan": -986465.625,
      "daily_economic_return_normalized": -0.3129943013191223,
      "daily_economic_cost_raw_yuan": 986465.625,
      "economic_reward_scale_yuan": 3151704.8194007874,
      "lagrange_multiplier": 0.0,
      "cost_budget": 1.0,
      "cost_budget_raw": 0.02,
      "cost_budget_normalized": 1.0,
      "algorithm_cost_mode": "separate_cost",
      "fixed_cost_penalty_coef": 0.0,
      "log_std_max": -2.3,
      "accepted": true,
      "mode": "reward",
      "reward_before": 5.708405126370053e-08,
      "reward_after": 0.2724791169166565,
      "cost_before": 0.3710114061832428,
      "cost_after": 0.16434356570243835,
      "kl_before": -2.384185791015625e-07,
      "kl_after": 0.019952405244112015,
      "cost_gap": -0.6289885938167572,
      "cost_recoverable": true,
      "cost_quadratic": 1268.4755859375,
      "reward_quadratic": 1.5823719501495361,
      "reward_cost_cross": -1.4046118259429932,
      "max_linear_cost_drop": 7.123132979068972,
      "rollout_wall_seconds": 2.142557106912136,
      "update_wall_seconds": 1.8113333955407143,
      "total_wall_seconds": 3.9538925625383854
    },
    {
      "update": 814,
      "algorithm": "macpo",
      "actor_loss": -0.14173093438148499,
      "reward_critic_loss": 0.0008766432292759418,
      "cost_critic_loss": 0.6088048219680786,
      "reward_critic_loss_last": 0.0007239707047119737,
      "cost_critic_loss_last": 0.5557730197906494,
      "critic_epochs": 8,
      "daily_voltage_cost": 0.014343100599944592,
      "daily_voltage_cost_raw": 0.014343100599944592,
      "daily_voltage_cost_normalized": 0.7171550393104553,
      "daily_economic_return_raw_yuan": -1084759.5,
      "daily_economic_return_normalized": -0.3441818356513977,
      "daily_economic_cost_raw_yuan": 1084759.5,
      "economic_reward_scale_yuan": 3151704.8194007874,
      "lagrange_multiplier": 0.0,
      "cost_budget": 1.0,
      "cost_budget_raw": 0.02,
      "cost_budget_normalized": 1.0,
      "algorithm_cost_mode": "separate_cost",
      "fixed_cost_penalty_coef": 0.0,
      "log_std_max": -2.3,
      "accepted": true,
      "mode": "reward",
      "reward_before": -3.697547299452708e-07,
      "reward_after": 0.14173093438148499,
      "cost_before": 0.7171679735183716,
      "cost_after": -0.07858628034591675,
      "kl_before": -2.384185791015625e-07,
      "kl_after": 0.005014185793697834,
      "cost_gap": -0.2828320264816284,
      "cost_recoverable": true,
      "cost_quadratic": 1856.698974609375,
      "reward_quadratic": 2.1713552474975586,
      "reward_cost_cross": -11.627044677734375,
      "max_linear_cost_drop": 8.617885992769631,
      "rollout_wall_seconds": 2.0877062994986773,
      "update_wall_seconds": 1.539846196770668,
      "total_wall_seconds": 3.6275544743984938
    },
    {
      "update": 815,
      "algorithm": "macpo",
      "actor_loss": 0.004700313322246075,
      "reward_critic_loss": 0.0007801730534993112,
      "cost_critic_loss": 2.068772315979004,
      "reward_critic_loss_last": 0.000635480391792953,
      "cost_critic_loss_last": 2.0344862937927246,
      "critic_epochs": 8,
      "daily_voltage_cost": 0.03528076782822609,
      "daily_voltage_cost_raw": 0.03528076782822609,
      "daily_voltage_cost_normalized": 1.7640384435653687,
      "daily_economic_return_raw_yuan": -1132150.25,
      "daily_economic_return_normalized": -0.35921838879585266,
      "daily_economic_cost_raw_yuan": 1132150.25,
      "economic_reward_scale_yuan": 3151704.8194007874,
      "lagrange_multiplier": 0.0,
      "cost_budget": 1.0,
      "cost_budget_raw": 0.02,
      "cost_budget_normalized": 1.0,
      "algorithm_cost_mode": "separate_cost",
      "fixed_cost_penalty_coef": 0.0,
      "log_std_max": -2.3,
      "accepted": true,
      "mode": "cost_recovery",
      "reward_before": -3.820227618689387e-07,
      "reward_after": -0.004700313322246075,
      "cost_before": 1.7640446424484253,
      "cost_after": -5.455768585205078,
      "kl_before": -2.384185791015625e-07,
      "kl_after": 0.005012504756450653,
      "cost_gap": 0.7640446424484253,
      "cost_recoverable": true,
      "cost_quadratic": 5762.18798828125,
      "reward_quadratic": 1.9103068113327026,
      "reward_cost_cross": 3.1448512077331543,
      "max_linear_cost_drop": 15.181815422776355,
      "rollout_wall_seconds": 2.055163200944662,
      "update_wall_seconds": 1.7044016681611538,
      "total_wall_seconds": 3.7595671117305756
    },
    {
      "update": 816,
      "algorithm": "macpo",
      "actor_loss": -0.02821626327931881,
      "reward_critic_loss": 0.0007959736976772547,
      "cost_critic_loss": 5.222188949584961,
      "reward_critic_loss_last": 0.0007513989694416523,
      "cost_critic_loss_last": 4.892087936401367,
      "critic_epochs": 8,
      "daily_voltage_cost": 0.03668830916285515,
      "daily_voltage_cost_raw": 0.03668830916285515,
      "daily_voltage_cost_normalized": 1.8344156742095947,
      "daily_economic_return_raw_yuan": -1018062.0,
      "daily_economic_return_normalized": -0.32301947474479675,
      "daily_economic_cost_raw_yuan": 1018062.0,
      "economic_reward_scale_yuan": 3151704.8194007874,
      "lagrange_multiplier": 0.0,
      "cost_budget": 1.0,
      "cost_budget_raw": 0.02,
      "cost_budget_normalized": 1.0,
      "algorithm_cost_mode": "separate_cost",
      "fixed_cost_penalty_coef": 0.0,
      "log_std_max": -2.3,
      "accepted": true,
      "mode": "cost_recovery",
      "reward_before": -4.6579634727095254e-07,
      "reward_after": 0.02821626327931881,
      "cost_before": 1.8344459533691406,
      "cost_after": -8.158044815063477,
      "kl_before": -2.384185791015625e-07,
      "kl_after": 0.0050022234208881855,
      "cost_gap": 0.8344459533691406,
      "cost_recoverable": true,
      "cost_quadratic": 12829.58203125,
      "reward_quadratic": 1.947530746459961,
      "reward_cost_cross": -33.735748291015625,
      "max_linear_cost_drop": 22.65354897692633,
      "rollout_wall_seconds": 2.1927985306829214,
      "update_wall_seconds": 1.7583196684718132,
      "total_wall_seconds": 3.9511200673878193
    },
    {
      "update": 817,
      "algorithm": "macpo",
      "actor_loss": -0.029045699164271355,
      "reward_critic_loss": 0.0006970403483137488,
      "cost_critic_loss": 1.9588897228240967,
      "reward_critic_loss_last": 0.0006342254346236587,
      "cost_critic_loss_last": 1.8970617055892944,
      "critic_epochs": 8,
      "daily_voltage_cost": 0.02631026692688465,
      "daily_voltage_cost_raw": 0.02631026692688465,
      "daily_voltage_cost_normalized": 1.3155133724212646,
      "daily_economic_return_raw_yuan": -1110730.0,
      "daily_economic_return_normalized": -0.35242196917533875,
      "daily_economic_cost_raw_yuan": 1110730.0,
      "economic_reward_scale_yuan": 3151704.8194007874,
      "lagrange_multiplier": 0.0,
      "cost_budget": 1.0,
      "cost_budget_raw": 0.02,
      "cost_budget_normalized": 1.0,
      "algorithm_cost_mode": "separate_cost",
      "fixed_cost_penalty_coef": 0.0,
      "log_std_max": -2.3,
      "accepted": true,
      "mode": "cost_recovery",
      "reward_before": -3.1147746426540834e-07,
      "reward_after": 0.029045699164271355,
      "cost_before": 1.3155187368392944,
      "cost_after": -4.510709762573242,
      "kl_before": -2.384185791015625e-07,
      "kl_after": 0.005008806474506855,
      "cost_gap": 0.31551873683929443,
      "cost_recoverable": true,
      "cost_quadratic": 4361.904296875,
      "reward_quadratic": 1.8009064197540283,
      "reward_cost_cross": -22.89041519165039,
      "max_linear_cost_drop": 13.208942874999497,
      "rollout_wall_seconds": 2.087376195937395,
      "update_wall_seconds": 1.3789318762719631,
      "total_wall_seconds": 3.466310089454055
    },
    {
      "update": 818,
      "algorithm": "macpo",
      "actor_loss": 0.0498482808470726,
      "reward_critic_loss": 0.0008098473772406578,
      "cost_critic_loss": 2.5264029502868652,
      "reward_critic_loss_last": 0.0007423752686008811,
      "cost_critic_loss_last": 2.3678503036499023,
      "critic_epochs": 8,
      "daily_voltage_cost": 0.03360642492771149,
      "daily_voltage_cost_raw": 0.03360642492771149,
      "daily_voltage_cost_normalized": 1.680321216583252,
      "daily_economic_return_raw_yuan": -1031448.1875,
      "daily_economic_return_normalized": -0.32726675271987915,
      "daily_economic_cost_raw_yuan": 1031448.1875,
      "economic_reward_scale_yuan": 3151704.8194007874,
      "lagrange_multiplier": 0.0,
      "cost_budget": 1.0,
      "cost_budget_raw": 0.02,
      "cost_budget_normalized": 1.0,
      "algorithm_cost_mode": "separate_cost",
      "fixed_cost_penalty_coef": 0.0,
      "log_std_max": -2.3,
      "accepted": true,
      "mode": "cost_recovery",
      "reward_before": 1.4540186157319113e-06,
      "reward_after": -0.0498482808470726,
      "cost_before": 1.6803677082061768,
      "cost_after": -11.502140045166016,
      "kl_before": -2.384185791015625e-07,
      "kl_after": 0.019975198432803154,
      "cost_gap": 0.6803677082061768,
      "cost_recoverable": true,
      "cost_quadratic": 6915.8173828125,
      "reward_quadratic": 2.204688549041748,
      "reward_cost_cross": 22.676822662353516,
      "max_linear_cost_drop": 16.632278716775403,
      "rollout_wall_seconds": 2.112755946815014,
      "update_wall_seconds": 1.432655856013298,
      "total_wall_seconds": 3.545413963496685
    },
    {
      "update": 819,
      "algorithm": "macpo",
      "actor_loss": 0.020453326404094696,
      "reward_critic_loss": 0.0007993373437784612,
      "cost_critic_loss": 2.766827344894409,
      "reward_critic_loss_last": 0.000751616433262825,
      "cost_critic_loss_last": 2.6188783645629883,
      "critic_epochs": 8,
      "daily_voltage_cost": 0.03943919390439987,
      "daily_voltage_cost_raw": 0.03943919390439987,
      "daily_voltage_cost_normalized": 1.9719597101211548,
      "daily_economic_return_raw_yuan": -1129687.75,
      "daily_economic_return_normalized": -0.35843706130981445,
      "daily_economic_cost_raw_yuan": 1129687.75,
      "economic_reward_scale_yuan": 3151704.8194007874,
      "lagrange_multiplier": 0.0,
      "cost_budget": 1.0,
      "cost_budget_raw": 0.02,
      "cost_budget_normalized": 1.0,
      "algorithm_cost_mode": "separate_cost",
      "fixed_cost_penalty_coef": 0.0,
      "log_std_max": -2.3,
      "accepted": true,
      "mode": "cost_recovery",
      "reward_before": -3.863962660943798e-08,
      "reward_after": -0.020453326404094696,
      "cost_before": 1.971940040588379,
      "cost_after": -6.637087345123291,
      "kl_before": -2.384185791015625e-07,
      "kl_after": 0.005024842452257872,
      "cost_gap": 0.9719400405883789,
      "cost_recoverable": true,
      "cost_quadratic": 8069.63720703125,
      "reward_quadratic": 1.9480315446853638,
      "reward_cost_cross": 17.230396270751953,
      "max_linear_cost_drop": 17.966231888775397,
      "rollout_wall_seconds": 1.9175844006240368,
      "update_wall_seconds": 1.6649035420268774,
      "total_wall_seconds": 3.582490462809801
    },
    {
      "update": 820,
      "algorithm": "macpo",
      "actor_loss": -0.0911608338356018,
      "reward_critic_loss": 0.0013227572198957205,
      "cost_critic_loss": 0.8634182810783386,
      "reward_critic_loss_last": 0.0010773208923637867,
      "cost_critic_loss_last": 0.6032665371894836,
      "critic_epochs": 8,
      "daily_voltage_cost": 0.020701313391327858,
      "daily_voltage_cost_raw": 0.020701313391327858,
      "daily_voltage_cost_normalized": 1.035065770149231,
      "daily_economic_return_raw_yuan": -1039329.6875,
      "daily_economic_return_normalized": -0.32976746559143066,
      "daily_economic_cost_raw_yuan": 1039329.6875,
      "economic_reward_scale_yuan": 3151704.8194007874,
      "lagrange_multiplier": 0.0,
      "cost_budget": 1.0,
      "cost_budget_raw": 0.02,
      "cost_budget_normalized": 1.0,
      "algorithm_cost_mode": "separate_cost",
      "fixed_cost_penalty_coef": 0.0,
      "log_std_max": -2.3,
      "accepted": true,
      "mode": "cost_recovery",
      "reward_before": 6.63283685753413e-07,
      "reward_after": 0.0911608338356018,
      "cost_before": 1.0350590944290161,
      "cost_after": -9.776264190673828,
      "kl_before": -2.384185791015625e-07,
      "kl_after": 0.019951146095991135,
      "cost_gap": 0.03505909442901611,
      "cost_recoverable": true,
      "cost_quadratic": 2375.7373046875,
      "reward_quadratic": 3.3405237197875977,
      "reward_cost_cross": -17.57056427001953,
      "max_linear_cost_drop": 9.748307144704665,
      "rollout_wall_seconds": 1.8809147737920284,
      "update_wall_seconds": 1.5383053068071604,
      "total_wall_seconds": 3.41922246851027
    },
    {
      "update": 821,
      "algorithm": "macpo",
      "actor_loss": -0.2255140244960785,
      "reward_critic_loss": 0.0005213816766627133,
      "cost_critic_loss": 0.5634759664535522,
      "reward_critic_loss_last": 0.0005284409853629768,
      "cost_critic_loss_last": 0.3736099600791931,
      "critic_epochs": 8,
      "daily_voltage_cost": 0.008056605234742165,
      "daily_voltage_cost_raw": 0.008056605234742165,
      "daily_voltage_cost_normalized": 0.40283024311065674,
      "daily_economic_return_raw_yuan": -1116904.5,
      "daily_economic_return_normalized": -0.35438108444213867,
      "daily_economic_cost_raw_yuan": 1116904.5,
      "economic_reward_scale_yuan": 3151704.8194007874,
      "lagrange_multiplier": 0.0,
      "cost_budget": 1.0,
      "cost_budget_raw": 0.02,
      "cost_budget_normalized": 1.0,
      "algorithm_cost_mode": "separate_cost",
      "fixed_cost_penalty_coef": 0.0,
      "log_std_max": -2.3,
      "accepted": true,
      "mode": "reward",
      "reward_before": -7.640735475433758e-07,
      "reward_after": 0.2255140244960785,
      "cost_before": 0.4028231203556061,
      "cost_after": -0.9493035078048706,
      "kl_before": -2.384185791015625e-07,
      "kl_after": 0.019972344860434532,
      "cost_gap": -0.5971768796443939,
      "cost_recoverable": true,
      "cost_quadratic": 1579.9681396484375,
      "reward_quadratic": 1.2636966705322266,
      "reward_cost_cross": -5.353940963745117,
      "max_linear_cost_drop": 7.949762611923547,
      "rollout_wall_seconds": 1.9547243602573872,
      "update_wall_seconds": 1.5077208187431097,
      "total_wall_seconds": 3.4624474681913853
    },
    {
      "update": 822,
      "algorithm": "macpo",
      "actor_loss": -0.4144943654537201,
      "reward_critic_loss": 0.0017214473336935043,
      "cost_critic_loss": 0.47905802726745605,
      "reward_critic_loss_last": 0.0015958271687850356,
      "cost_critic_loss_last": 0.3756394386291504,
      "critic_epochs": 8,
      "daily_voltage_cost": 0.009813288226723671,
      "daily_voltage_cost_raw": 0.009813288226723671,
      "daily_voltage_cost_normalized": 0.49066445231437683,
      "daily_economic_return_raw_yuan": -1087873.75,
      "daily_economic_return_normalized": -0.34516996145248413,
      "daily_economic_cost_raw_yuan": 1087873.75,
      "economic_reward_scale_yuan": 3151704.8194007874,
      "lagrange_multiplier": 0.0,
      "cost_budget": 1.0,
      "cost_budget_raw": 0.02,
      "cost_budget_normalized": 1.0,
      "algorithm_cost_mode": "separate_cost",
      "fixed_cost_penalty_coef": 0.0,
      "log_std_max": -2.3,
      "accepted": true,
      "mode": "constrained_reward",
      "reward_before": 5.598509460469359e-07,
      "reward_after": 0.4144943654537201,
      "cost_before": 0.49066513776779175,
      "cost_after": 0.9186996221542358,
      "kl_before": -2.384185791015625e-07,
      "kl_after": 0.01994902454316616,
      "cost_gap": -0.5093348622322083,
      "cost_recoverable": true,
      "cost_quadratic": 1138.6641845703125,
      "reward_quadratic": 5.201183319091797,
      "reward_cost_cross": 7.788407325744629,
      "max_linear_cost_drop": 6.7488197029415815,
      "rollout_wall_seconds": 1.5991212371736765,
      "update_wall_seconds": 1.5051424596458673,
      "total_wall_seconds": 3.104265447705984
    },
    {
      "update": 823,
      "algorithm": "macpo",
      "actor_loss": -0.2733176350593567,
      "reward_critic_loss": 0.000703894707839936,
      "cost_critic_loss": 0.4452734887599945,
      "reward_critic_loss_last": 0.0006738402298651636,
      "cost_critic_loss_last": 0.3843492269515991,
      "critic_epochs": 8,
      "daily_voltage_cost": 0.014498785138130188,
      "daily_voltage_cost_raw": 0.014498785138130188,
      "daily_voltage_cost_normalized": 0.7249392867088318,
      "daily_economic_return_raw_yuan": -1052559.875,
      "daily_economic_return_normalized": -0.3339652419090271,
      "daily_economic_cost_raw_yuan": 1052559.875,
      "economic_reward_scale_yuan": 3151704.8194007874,
      "lagrange_multiplier": 0.0,
      "cost_budget": 1.0,
      "cost_budget_raw": 0.02,
      "cost_budget_normalized": 1.0,
      "algorithm_cost_mode": "separate_cost",
      "fixed_cost_penalty_coef": 0.0,
      "log_std_max": -2.3,
      "accepted": true,
      "mode": "reward",
      "reward_before": 1.6937242719450296e-07,
      "reward_after": 0.2733176350593567,
      "cost_before": 0.724952220916748,
      "cost_after": 0.2697337865829468,
      "kl_before": -2.384185791015625e-07,
      "kl_after": 0.01994805783033371,
      "cost_gap": -0.27504777908325195,
      "cost_recoverable": true,
      "cost_quadratic": 1136.612060546875,
      "reward_quadratic": 1.6559648513793945,
      "reward_cost_cross": -4.598189353942871,
      "max_linear_cost_drop": 6.7427355295810765,
      "rollout_wall_seconds": 1.4137082751840353,
      "update_wall_seconds": 1.3849236890673637,
      "total_wall_seconds": 2.798633761703968
    },
    {
      "update": 824,
      "algorithm": "macpo",
      "actor_loss": -0.2906167507171631,
      "reward_critic_loss": 0.0008786007529124618,
      "cost_critic_loss": 0.4161958694458008,
      "reward_critic_loss_last": 0.0007569084409624338,
      "cost_critic_loss_last": 0.3597373366355896,
      "critic_epochs": 8,
      "daily_voltage_cost": 0.008495168760418892,
      "daily_voltage_cost_raw": 0.008495168760418892,
      "daily_voltage_cost_normalized": 0.4247584939002991,
      "daily_economic_return_raw_yuan": -1247625.875,
      "daily_economic_return_normalized": -0.39585748314857483,
      "daily_economic_cost_raw_yuan": 1247625.875,
      "economic_reward_scale_yuan": 3151704.8194007874,
      "lagrange_multiplier": 0.0,
      "cost_budget": 1.0,
      "cost_budget_raw": 0.02,
      "cost_budget_normalized": 1.0,
      "algorithm_cost_mode": "separate_cost",
      "fixed_cost_penalty_coef": 0.0,
      "log_std_max": -2.3,
      "accepted": true,
      "mode": "constrained_reward",
      "reward_before": -4.373116269107413e-07,
      "reward_after": 0.2906167507171631,
      "cost_before": 0.4247589111328125,
      "cost_after": 0.7830049395561218,
      "kl_before": -2.384185791015625e-07,
      "kl_after": 0.019955603405833244,
      "cost_gap": -0.5752410888671875,
      "cost_recoverable": true,
      "cost_quadratic": 1025.56640625,
      "reward_quadratic": 2.2462987899780273,
      "reward_cost_cross": 13.400343894958496,
      "max_linear_cost_drop": 6.404893148991636,
      "rollout_wall_seconds": 1.5700700115412474,
      "update_wall_seconds": 1.6319852657616138,
      "total_wall_seconds": 3.202057022601366
    },
    {
      "update": 825,
      "algorithm": "macpo",
      "actor_loss": -0.015775900334119797,
      "reward_critic_loss": 0.000880985870026052,
      "cost_critic_loss": 2.999542236328125,
      "reward_critic_loss_last": 0.0006782424170523882,
      "cost_critic_loss_last": 2.862583875656128,
      "critic_epochs": 8,
      "daily_voltage_cost": 0.023165905848145485,
      "daily_voltage_cost_raw": 0.023165905848145485,
      "daily_voltage_cost_normalized": 1.1582952737808228,
      "daily_economic_return_raw_yuan": -979851.9375,
      "daily_economic_return_normalized": -0.3108958601951599,
      "daily_economic_cost_raw_yuan": 979851.9375,
      "economic_reward_scale_yuan": 3151704.8194007874,
      "lagrange_multiplier": 0.0,
      "cost_budget": 1.0,
      "cost_budget_raw": 0.02,
      "cost_budget_normalized": 1.0,
      "algorithm_cost_mode": "separate_cost",
      "fixed_cost_penalty_coef": 0.0,
      "log_std_max": -2.3,
      "accepted": true,
      "mode": "cost_recovery",
      "reward_before": 7.963275265865377e-07,
      "reward_after": 0.015775900334119797,
      "cost_before": 1.1582585573196411,
      "cost_after": -13.577509880065918,
      "kl_before": -2.384185791015625e-07,
      "kl_after": 0.019899867475032806,
      "cost_gap": 0.1582585573196411,
      "cost_recoverable": true,
      "cost_quadratic": 8970.984375,
      "reward_quadratic": 2.18939208984375,
      "reward_cost_cross": -5.431588172912598,
      "max_linear_cost_drop": 18.94305611563245,
      "rollout_wall_seconds": 1.8104441203176975,
      "update_wall_seconds": 1.6186685301363468,
      "total_wall_seconds": 3.429114531725645
    },
    {
      "update": 826,
      "algorithm": "macpo",
      "actor_loss": 0.0805346816778183,
      "reward_critic_loss": 0.0015549033414572477,
      "cost_critic_loss": 8.886491775512695,
      "reward_critic_loss_last": 0.0013038961915299296,
      "cost_critic_loss_last": 7.928627967834473,
      "critic_epochs": 8,
      "daily_voltage_cost": 0.05503563955426216,
      "daily_voltage_cost_raw": 0.05503563955426216,
      "daily_voltage_cost_normalized": 2.751781940460205,
      "daily_economic_return_raw_yuan": -968270.8125,
      "daily_economic_return_normalized": -0.30722129344940186,
      "daily_economic_cost_raw_yuan": 968270.8125,
      "economic_reward_scale_yuan": 3151704.8194007874,
      "lagrange_multiplier": 0.0,
      "cost_budget": 1.0,
      "cost_budget_raw": 0.02,
      "cost_budget_normalized": 1.0,
      "algorithm_cost_mode": "separate_cost",
      "fixed_cost_penalty_coef": 0.0,
      "log_std_max": -2.3,
      "accepted": true,
      "mode": "cost_recovery",
      "reward_before": 1.4987302847657702e-06,
      "reward_after": -0.0805346816778183,
      "cost_before": 2.751875162124634,
      "cost_after": -24.201345443725586,
      "kl_before": -2.384185791015625e-07,
      "kl_after": 0.01991121657192707,
      "cost_gap": 1.7518751621246338,
      "cost_recoverable": true,
      "cost_quadratic": 25437.16015625,
      "reward_quadratic": 4.159692764282227,
      "reward_cost_cross": 79.26209259033203,
      "max_linear_cost_drop": 31.89806273506277,
      "rollout_wall_seconds": 1.6485195606946945,
      "update_wall_seconds": 1.4415198136121035,
      "total_wall_seconds": 3.0900418553501368
    },
    {
      "update": 827,
      "algorithm": "macpo",
      "actor_loss": -0.25450193881988525,
      "reward_critic_loss": 0.0007730480283498764,
      "cost_critic_loss": 0.23818711936473846,
      "reward_critic_loss_last": 0.0007566938875243068,
      "cost_critic_loss_last": 0.2724218964576721,
      "critic_epochs": 8,
      "daily_voltage_cost": 0.0037958950269967318,
      "daily_voltage_cost_raw": 0.0037958950269967318,
      "daily_voltage_cost_normalized": 0.18979476392269135,
      "daily_economic_return_raw_yuan": -999110.5,
      "daily_economic_return_normalized": -0.317006379365921,
      "daily_economic_cost_raw_yuan": 999110.5,
      "economic_reward_scale_yuan": 3151704.8194007874,
      "lagrange_multiplier": 0.0,
      "cost_budget": 1.0,
      "cost_budget_raw": 0.02,
      "cost_budget_normalized": 1.0,
      "algorithm_cost_mode": "separate_cost",
      "fixed_cost_penalty_coef": 0.0,
      "log_std_max": -2.3,
      "accepted": true,
      "mode": "reward",
      "reward_before": -3.294881594229082e-07,
      "reward_after": 0.25450193881988525,
      "cost_before": 0.1898026019334793,
      "cost_after": 0.7720207571983337,
      "kl_before": -2.384185791015625e-07,
      "kl_after": 0.019970258697867393,
      "cost_gap": -0.8101973980665207,
      "cost_recoverable": true,
      "cost_quadratic": 594.80419921875,
      "reward_quadratic": 1.7139699459075928,
      "reward_cost_cross": 4.512966632843018,
      "max_linear_cost_drop": 4.877721596068189,
      "rollout_wall_seconds": 1.5718011073768139,
      "update_wall_seconds": 1.360245393589139,
      "total_wall_seconds": 2.9320484530180693
    },
    {
      "update": 828,
      "algorithm": "macpo",
      "actor_loss": 0.0683448538184166,
      "reward_critic_loss": 0.0009828543988987803,
      "cost_critic_loss": 1.1519372463226318,
      "reward_critic_loss_last": 0.0009293113835155964,
      "cost_critic_loss_last": 1.0324492454528809,
      "critic_epochs": 8,
      "daily_voltage_cost": 0.027226176112890244,
      "daily_voltage_cost_raw": 0.027226176112890244,
      "daily_voltage_cost_normalized": 1.3613089323043823,
      "daily_economic_return_raw_yuan": -918981.1875,
      "daily_economic_return_normalized": -0.29158225655555725,
      "daily_economic_cost_raw_yuan": 918981.1875,
      "economic_reward_scale_yuan": 3151704.8194007874,
      "lagrange_multiplier": 0.0,
      "cost_budget": 1.0,
      "cost_budget_raw": 0.02,
      "cost_budget_normalized": 1.0,
      "algorithm_cost_mode": "separate_cost",
      "fixed_cost_penalty_coef": 0.0,
      "log_std_max": -2.3,
      "accepted": true,
      "mode": "cost_recovery",
      "reward_before": -3.738834664090973e-08,
      "reward_after": -0.0683448538184166,
      "cost_before": 1.361303448677063,
      "cost_after": -3.779879093170166,
      "kl_before": -2.384185791015625e-07,
      "kl_after": 0.0050329649820923805,
      "cost_gap": 0.361303448677063,
      "cost_recoverable": true,
      "cost_quadratic": 3207.14404296875,
      "reward_quadratic": 2.458045482635498,
      "reward_cost_cross": 42.836395263671875,
      "max_linear_cost_drop": 11.326330461307846,
      "rollout_wall_seconds": 1.7225303333252668,
      "update_wall_seconds": 1.4601418618112803,
      "total_wall_seconds": 3.182674093171954
    },
    {
      "update": 829,
      "algorithm": "macpo",
      "actor_loss": 0.0030255885794758797,
      "reward_critic_loss": 0.0007993343751877546,
      "cost_critic_loss": 2.5418624877929688,
      "reward_critic_loss_last": 0.0007678542751818895,
      "cost_critic_loss_last": 2.4815123081207275,
      "critic_epochs": 8,
      "daily_voltage_cost": 0.030805129557847977,
      "daily_voltage_cost_raw": 0.030805129557847977,
      "daily_voltage_cost_normalized": 1.5402565002441406,
      "daily_economic_return_raw_yuan": -910202.375,
      "daily_economic_return_normalized": -0.2887968420982361,
      "daily_economic_cost_raw_yuan": 910202.375,
      "economic_reward_scale_yuan": 3151704.8194007874,
      "lagrange_multiplier": 0.0,
      "cost_budget": 1.0,
      "cost_budget_raw": 0.02,
      "cost_budget_normalized": 1.0,
      "algorithm_cost_mode": "separate_cost",
      "fixed_cost_penalty_coef": 0.0,
      "log_std_max": -2.3,
      "accepted": true,
      "mode": "cost_recovery",
      "reward_before": -1.5149620935517305e-07,
      "reward_after": -0.0030255885794758797,
      "cost_before": 1.5402624607086182,
      "cost_after": -12.206991195678711,
      "kl_before": -2.384185791015625e-07,
      "kl_after": 0.01998254284262657,
      "cost_gap": 0.5402624607086182,
      "cost_recoverable": true,
      "cost_quadratic": 6736.1650390625,
      "reward_quadratic": 1.8862972259521484,
      "reward_cost_cross": -0.8198199272155762,
      "max_linear_cost_drop": 16.414828709508363,
      "rollout_wall_seconds": 1.9360969923436642,
      "update_wall_seconds": 1.4408807028084993,
      "total_wall_seconds": 3.376979596912861
    },
    {
      "update": 830,
      "algorithm": "macpo",
      "actor_loss": -0.24038031697273254,
      "reward_critic_loss": 0.0005258767632767558,
      "cost_critic_loss": 0.40411171317100525,
      "reward_critic_loss_last": 0.00042734824819490314,
      "cost_critic_loss_last": 0.3882468640804291,
      "critic_epochs": 8,
      "daily_voltage_cost": 0.017241287976503372,
      "daily_voltage_cost_raw": 0.017241287976503372,
      "daily_voltage_cost_normalized": 0.8620644211769104,
      "daily_economic_return_raw_yuan": -744573.3125,
      "daily_economic_return_normalized": -0.23624461889266968,
      "daily_economic_cost_raw_yuan": 744573.3125,
      "economic_reward_scale_yuan": 3151704.8194007874,
      "lagrange_multiplier": 0.0,
      "cost_budget": 1.0,
      "cost_budget_raw": 0.02,
      "cost_budget_normalized": 1.0,
      "algorithm_cost_mode": "separate_cost",
      "fixed_cost_penalty_coef": 0.0,
      "log_std_max": -2.3,
      "accepted": true,
      "mode": "reward",
      "reward_before": 9.828622182794788e-08,
      "reward_after": 0.24038031697273254,
      "cost_before": 0.8620576858520508,
      "cost_after": -0.1205974817276001,
      "kl_before": -2.384185791015625e-07,
      "kl_after": 0.01996772363781929,
      "cost_gap": -0.13794231414794922,
      "cost_recoverable": true,
      "cost_quadratic": 1203.58935546875,
      "reward_quadratic": 1.1688427925109863,
      "reward_cost_cross": -4.498730659484863,
      "max_linear_cost_drop": 6.938557070367729,
      "rollout_wall_seconds": 1.7900216691195965,
      "update_wall_seconds": 1.5303304847329855,
      "total_wall_seconds": 3.320355176925659
    },
    {
      "update": 831,
      "algorithm": "macpo",
      "actor_loss": -0.28137320280075073,
      "reward_critic_loss": 0.0009090312523767352,
      "cost_critic_loss": 0.6573476791381836,
      "reward_critic_loss_last": 0.0007003959035500884,
      "cost_critic_loss_last": 0.4789583683013916,
      "critic_epochs": 8,
      "daily_voltage_cost": 0.01049380749464035,
      "daily_voltage_cost_raw": 0.01049380749464035,
      "daily_voltage_cost_normalized": 0.5246903896331787,
      "daily_economic_return_raw_yuan": -1020758.25,
      "daily_economic_return_normalized": -0.32387495040893555,
      "daily_economic_cost_raw_yuan": 1020758.25,
      "economic_reward_scale_yuan": 3151704.8194007874,
      "lagrange_multiplier": 0.0,
      "cost_budget": 1.0,
      "cost_budget_raw": 0.02,
      "cost_budget_normalized": 1.0,
      "algorithm_cost_mode": "separate_cost",
      "fixed_cost_penalty_coef": 0.0,
      "log_std_max": -2.3,
      "accepted": true,
      "mode": "constrained_reward",
      "reward_before": -6.488088502010214e-07,
      "reward_after": 0.28137320280075073,
      "cost_before": 0.5246752500534058,
      "cost_after": 0.7665637135505676,
      "kl_before": -2.384185791015625e-07,
      "kl_after": 0.019950401037931442,
      "cost_gap": -0.47532474994659424,
      "cost_recoverable": true,
      "cost_quadratic": 1770.74853515625,
      "reward_quadratic": 2.144721031188965,
      "reward_cost_cross": 5.680532455444336,
      "max_linear_cost_drop": 8.416052602393238,
      "rollout_wall_seconds": 1.7332513686269522,
      "update_wall_seconds": 1.6447217110544443,
      "total_wall_seconds": 3.3779748883098364
    },
    {
      "update": 832,
      "algorithm": "macpo",
      "actor_loss": -0.1370173692703247,
      "reward_critic_loss": 0.0008385840337723494,
      "cost_critic_loss": 0.6896161437034607,
      "reward_critic_loss_last": 0.0007912785513326526,
      "cost_critic_loss_last": 0.30852317810058594,
      "critic_epochs": 8,
      "daily_voltage_cost": 0.014203496277332306,
      "daily_voltage_cost_raw": 0.014203496277332306,
      "daily_voltage_cost_normalized": 0.7101747989654541,
      "daily_economic_return_raw_yuan": -1072165.25,
      "daily_economic_return_normalized": -0.34018582105636597,
      "daily_economic_cost_raw_yuan": 1072165.25,
      "economic_reward_scale_yuan": 3151704.8194007874,
      "lagrange_multiplier": 0.0,
      "cost_budget": 1.0,
      "cost_budget_raw": 0.02,
      "cost_budget_normalized": 1.0,
      "algorithm_cost_mode": "separate_cost",
      "fixed_cost_penalty_coef": 0.0,
      "log_std_max": -2.3,
      "accepted": true,
      "mode": "constrained_reward",
      "reward_before": -1.6595855356626998e-07,
      "reward_after": 0.1370173692703247,
      "cost_before": 0.7101471424102783,
      "cost_after": 0.8435789942741394,
      "kl_before": -2.384185791015625e-07,
      "kl_after": 0.005052646622061729,
      "cost_gap": -0.2898528575897217,
      "cost_recoverable": true,
      "cost_quadratic": 1848.762939453125,
      "reward_quadratic": 1.8934478759765625,
      "reward_cost_cross": 8.547531127929688,
      "max_linear_cost_drop": 8.599448678730806,
      "rollout_wall_seconds": 1.4445905294269323,
      "update_wall_seconds": 1.7351393941789865,
      "total_wall_seconds": 3.1797318663448095
    },
    {
      "update": 833,
      "algorithm": "macpo",
      "actor_loss": 0.07913235574960709,
      "reward_critic_loss": 0.0011792266741394997,
      "cost_critic_loss": 5.429535865783691,
      "reward_critic_loss_last": 0.0011371977161616087,
      "cost_critic_loss_last": 5.5808868408203125,
      "critic_epochs": 8,
      "daily_voltage_cost": 0.04166925698518753,
      "daily_voltage_cost_raw": 0.04166925698518753,
      "daily_voltage_cost_normalized": 2.083462953567505,
      "daily_economic_return_raw_yuan": -821911.625,
      "daily_economic_return_normalized": -0.26078319549560547,
      "daily_economic_cost_raw_yuan": 821911.625,
      "economic_reward_scale_yuan": 3151704.8194007874,
      "lagrange_multiplier": 0.0,
      "cost_budget": 1.0,
      "cost_budget_raw": 0.02,
      "cost_budget_normalized": 1.0,
      "algorithm_cost_mode": "separate_cost",
      "fixed_cost_penalty_coef": 0.0,
      "log_std_max": -2.3,
      "accepted": true,
      "mode": "cost_recovery",
      "reward_before": 4.880657797912136e-07,
      "reward_after": -0.07913235574960709,
      "cost_before": 2.083493709564209,
      "cost_after": -16.759178161621094,
      "kl_before": -2.384185791015625e-07,
      "kl_after": 0.019939018413424492,
      "cost_gap": 1.083493709564209,
      "cost_recoverable": true,
      "cost_quadratic": 13598.26953125,
      "reward_quadratic": 2.927244186401367,
      "reward_cost_cross": 54.78167724609375,
      "max_linear_cost_drop": 23.322323667465042,
      "rollout_wall_seconds": 1.315430073067546,
      "update_wall_seconds": 1.9157069586217403,
      "total_wall_seconds": 3.2311401162296534
    },
    {
      "update": 834,
      "algorithm": "macpo",
      "actor_loss": -0.023463904857635498,
      "reward_critic_loss": 0.0005874326452612877,
      "cost_critic_loss": 2.005974531173706,
      "reward_critic_loss_last": 0.0005504346918314695,
      "cost_critic_loss_last": 1.7047383785247803,
      "critic_epochs": 8,
      "daily_voltage_cost": 0.03438366949558258,
      "daily_voltage_cost_raw": 0.03438366949558258,
      "daily_voltage_cost_normalized": 1.7191834449768066,
      "daily_economic_return_raw_yuan": -965433.4375,
      "daily_economic_return_normalized": -0.30632102489471436,
      "daily_economic_cost_raw_yuan": 965433.4375,
      "economic_reward_scale_yuan": 3151704.8194007874,
      "lagrange_multiplier": 0.0,
      "cost_budget": 1.0,
      "cost_budget_raw": 0.02,
      "cost_budget_normalized": 1.0,
      "algorithm_cost_mode": "separate_cost",
      "fixed_cost_penalty_coef": 0.0,
      "log_std_max": -2.3,
      "accepted": true,
      "mode": "cost_recovery",
      "reward_before": -1.6635206634418864e-07,
      "reward_after": 0.023463904857635498,
      "cost_before": 1.7191940546035767,
      "cost_after": -10.763570785522461,
      "kl_before": -2.384185791015625e-07,
      "kl_after": 0.019922396168112755,
      "cost_gap": 0.7191940546035767,
      "cost_recoverable": true,
      "cost_quadratic": 4950.8935546875,
      "reward_quadratic": 1.4780566692352295,
      "reward_cost_cross": -10.756206512451172,
      "max_linear_cost_drop": 14.072517265489498,
      "rollout_wall_seconds": 1.3791772034019232,
      "update_wall_seconds": 1.753673443570733,
      "total_wall_seconds": 3.1328534223139286
    },
    {
      "update": 835,
      "algorithm": "macpo",
      "actor_loss": -0.13991853594779968,
      "reward_critic_loss": 0.0006770266918465495,
      "cost_critic_loss": 0.623370885848999,
      "reward_critic_loss_last": 0.000666826032102108,
      "cost_critic_loss_last": 0.6170551776885986,
      "critic_epochs": 8,
      "daily_voltage_cost": 0.011689173057675362,
      "daily_voltage_cost_raw": 0.011689173057675362,
      "daily_voltage_cost_normalized": 0.5844586491584778,
      "daily_economic_return_raw_yuan": -1050341.875,
      "daily_economic_return_normalized": -0.33326148986816406,
      "daily_economic_cost_raw_yuan": 1050341.875,
      "economic_reward_scale_yuan": 3151704.8194007874,
      "lagrange_multiplier": 0.0,
      "cost_budget": 1.0,
      "cost_budget_raw": 0.02,
      "cost_budget_normalized": 1.0,
      "algorithm_cost_mode": "separate_cost",
      "fixed_cost_penalty_coef": 0.0,
      "log_std_max": -2.3,
      "accepted": true,
      "mode": "reward",
      "reward_before": 5.901116537643247e-07,
      "reward_after": 0.13991853594779968,
      "cost_before": 0.584467351436615,
      "cost_after": 0.6469662189483643,
      "kl_before": -2.384185791015625e-07,
      "kl_after": 0.005041934549808502,
      "cost_gap": -0.415532648563385,
      "cost_recoverable": true,
      "cost_quadratic": 1403.859375,
      "reward_quadratic": 1.8552393913269043,
      "reward_cost_cross": 0.5167648792266846,
      "max_linear_cost_drop": 7.493622288319582,
      "rollout_wall_seconds": 1.8462764210999012,
      "update_wall_seconds": 1.3864542488008738,
      "total_wall_seconds": 3.232732707634568
    },
    {
      "update": 836,
      "algorithm": "macpo",
      "actor_loss": 0.10608062148094177,
      "reward_critic_loss": 0.0009799683466553688,
      "cost_critic_loss": 1.3952112197875977,
      "reward_critic_loss_last": 0.000926713109947741,
      "cost_critic_loss_last": 1.3582113981246948,
      "critic_epochs": 8,
      "daily_voltage_cost": 0.024386251345276833,
      "daily_voltage_cost_raw": 0.024386251345276833,
      "daily_voltage_cost_normalized": 1.2193125486373901,
      "daily_economic_return_raw_yuan": -1106275.125,
      "daily_economic_return_normalized": -0.35100847482681274,
      "daily_economic_cost_raw_yuan": 1106275.125,
      "economic_reward_scale_yuan": 3151704.8194007874,
      "lagrange_multiplier": 0.0,
      "cost_budget": 1.0,
      "cost_budget_raw": 0.02,
      "cost_budget_normalized": 1.0,
      "algorithm_cost_mode": "separate_cost",
      "fixed_cost_penalty_coef": 0.0,
      "log_std_max": -2.3,
      "accepted": true,
      "mode": "cost_recovery",
      "reward_before": 1.5055709923217364e-07,
      "reward_after": -0.10608062148094177,
      "cost_before": 1.2193187475204468,
      "cost_after": -9.634003639221191,
      "kl_before": -2.384185791015625e-07,
      "kl_after": 0.01985904946923256,
      "cost_gap": 0.21931874752044678,
      "cost_recoverable": true,
      "cost_quadratic": 4247.6904296875,
      "reward_quadratic": 2.5668091773986816,
      "reward_cost_cross": 39.76451110839844,
      "max_linear_cost_drop": 13.03486160983307,
      "rollout_wall_seconds": 1.6377853881567717,
      "update_wall_seconds": 1.5895107556134462,
      "total_wall_seconds": 3.227298302575946
    },
    {
      "update": 837,
      "algorithm": "macpo",
      "actor_loss": -0.1435166597366333,
      "reward_critic_loss": 0.000805461488198489,
      "cost_critic_loss": 0.09970115125179291,
      "reward_critic_loss_last": 0.0007365710916928947,
      "cost_critic_loss_last": 0.08147326111793518,
      "critic_epochs": 8,
      "daily_voltage_cost": 0.0026636021211743355,
      "daily_voltage_cost_raw": 0.0026636021211743355,
      "daily_voltage_cost_normalized": 0.13318012654781342,
      "daily_economic_return_raw_yuan": -984434.4375,
      "daily_economic_return_normalized": -0.3123498260974884,
      "daily_economic_cost_raw_yuan": 984434.4375,
      "economic_reward_scale_yuan": 3151704.8194007874,
      "lagrange_multiplier": 0.0,
      "cost_budget": 1.0,
      "cost_budget_raw": 0.02,
      "cost_budget_normalized": 1.0,
      "algorithm_cost_mode": "separate_cost",
      "fixed_cost_penalty_coef": 0.0,
      "log_std_max": -2.3,
      "accepted": true,
      "mode": "reward",
      "reward_before": 3.572165780951764e-07,
      "reward_after": 0.1435166597366333,
      "cost_before": 0.13318537175655365,
      "cost_after": -0.1449645608663559,
      "kl_before": -2.384185791015625e-07,
      "kl_after": 0.004982186481356621,
      "cost_gap": -0.8668146282434464,
      "cost_recoverable": true,
      "cost_quadratic": 253.20223999023438,
      "reward_quadratic": 2.038625955581665,
      "reward_cost_cross": -3.5006675720214844,
      "max_linear_cost_drop": 3.1824659620503994,
      "rollout_wall_seconds": 1.811955127865076,
      "update_wall_seconds": 1.901729054749012,
      "total_wall_seconds": 3.713686166331172
    },
    {
      "update": 838,
      "algorithm": "macpo",
      "actor_loss": 0.0016646059229969978,
      "reward_critic_loss": 0.000749815022572875,
      "cost_critic_loss": 1.1460585594177246,
      "reward_critic_loss_last": 0.000695811933837831,
      "cost_critic_loss_last": 1.056459903717041,
      "critic_epochs": 8,
      "daily_voltage_cost": 0.02689153514802456,
      "daily_voltage_cost_raw": 0.02689153514802456,
      "daily_voltage_cost_normalized": 1.3445768356323242,
      "daily_economic_return_raw_yuan": -933099.3125,
      "daily_economic_return_normalized": -0.29606178402900696,
      "daily_economic_cost_raw_yuan": 933099.3125,
      "economic_reward_scale_yuan": 3151704.8194007874,
      "lagrange_multiplier": 0.0,
      "cost_budget": 1.0,
      "cost_budget_raw": 0.02,
      "cost_budget_normalized": 1.0,
      "algorithm_cost_mode": "separate_cost",
      "fixed_cost_penalty_coef": 0.0,
      "log_std_max": -2.3,
      "accepted": true,
      "mode": "cost_recovery",
      "reward_before": 9.114447721003671e-07,
      "reward_after": -0.0016646059229969978,
      "cost_before": 1.3445899486541748,
      "cost_after": -8.580345153808594,
      "kl_before": -2.384185791015625e-07,
      "kl_after": 0.019828826189041138,
      "cost_gap": 0.3445899486541748,
      "cost_recoverable": true,
      "cost_quadratic": 3233.18994140625,
      "reward_quadratic": 1.7833385467529297,
      "reward_cost_cross": 3.790512800216675,
      "max_linear_cost_drop": 11.372229229849792,
      "rollout_wall_seconds": 1.6123881805688143,
      "update_wall_seconds": 1.8062665443867445,
      "total_wall_seconds": 3.4186564069241285
    },
    {
      "update": 839,
      "algorithm": "macpo",
      "actor_loss": 0.06097610667347908,
      "reward_critic_loss": 0.0015208525583148003,
      "cost_critic_loss": 2.479945659637451,
      "reward_critic_loss_last": 0.001194523531012237,
      "cost_critic_loss_last": 2.4341702461242676,
      "critic_epochs": 8,
      "daily_voltage_cost": 0.039803020656108856,
      "daily_voltage_cost_raw": 0.039803020656108856,
      "daily_voltage_cost_normalized": 1.9901509284973145,
      "daily_economic_return_raw_yuan": -1032084.4375,
      "daily_economic_return_normalized": -0.3274686336517334,
      "daily_economic_cost_raw_yuan": 1032084.4375,
      "economic_reward_scale_yuan": 3151704.8194007874,
      "lagrange_multiplier": 0.0,
      "cost_budget": 1.0,
      "cost_budget_raw": 0.02,
      "cost_budget_normalized": 1.0,
      "algorithm_cost_mode": "separate_cost",
      "fixed_cost_penalty_coef": 0.0,
      "log_std_max": -2.3,
      "accepted": true,
      "mode": "cost_recovery",
      "reward_before": -5.146050625626231e-07,
      "reward_after": -0.06097610667347908,
      "cost_before": 1.9901553392410278,
      "cost_after": -12.02688217163086,
      "kl_before": -2.384185791015625e-07,
      "kl_after": 0.01999998651444912,
      "cost_gap": 0.9901553392410278,
      "cost_recoverable": true,
      "cost_quadratic": 5991.2216796875,
      "reward_quadratic": 3.827207088470459,
      "reward_cost_cross": 17.117862701416016,
      "max_linear_cost_drop": 15.48059647389273,
      "rollout_wall_seconds": 2.2680722549557686,
      "update_wall_seconds": 1.8693766631186008,
      "total_wall_seconds": 4.137450695037842
    },
    {
      "update": 840,
      "algorithm": "macpo",
      "actor_loss": -0.134967640042305,
      "reward_critic_loss": 0.000699544558301568,
      "cost_critic_loss": 0.4844779968261719,
      "reward_critic_loss_last": 0.0007044962840154767,
      "cost_critic_loss_last": 0.2746542692184448,
      "critic_epochs": 8,
      "daily_voltage_cost": 0.008515456691384315,
      "daily_voltage_cost_raw": 0.008515456691384315,
      "daily_voltage_cost_normalized": 0.42577284574508667,
      "daily_economic_return_raw_yuan": -949631.6875,
      "daily_economic_return_normalized": -0.3013073205947876,
      "daily_economic_cost_raw_yuan": 949631.6875,
      "economic_reward_scale_yuan": 3151704.8194007874,
      "lagrange_multiplier": 0.0,
      "cost_budget": 1.0,
      "cost_budget_raw": 0.02,
      "cost_budget_normalized": 1.0,
      "algorithm_cost_mode": "separate_cost",
      "fixed_cost_penalty_coef": 0.0,
      "log_std_max": -2.3,
      "accepted": true,
      "mode": "constrained_reward",
      "reward_before": -3.65752299558153e-08,
      "reward_after": 0.134967640042305,
      "cost_before": 0.42574837803840637,
      "cost_after": 0.6193584203720093,
      "kl_before": -2.384185791015625e-07,
      "kl_after": 0.005047833546996117,
      "cost_gap": -0.5742516219615936,
      "cost_recoverable": true,
      "cost_quadratic": 1353.6015625,
      "reward_quadratic": 1.856513261795044,
      "reward_cost_cross": 7.008386135101318,
      "max_linear_cost_drop": 7.358264910969162,
      "rollout_wall_seconds": 2.493048319593072,
      "update_wall_seconds": 1.7492814678698778,
      "total_wall_seconds": 4.242331488057971
    },
    {
      "update": 841,
      "algorithm": "macpo",
      "actor_loss": 0.06714457273483276,
      "reward_critic_loss": 0.0011817868798971176,
      "cost_critic_loss": 5.8098273277282715,
      "reward_critic_loss_last": 0.0010288748890161514,
      "cost_critic_loss_last": 6.008134365081787,
      "critic_epochs": 8,
      "daily_voltage_cost": 0.04914720356464386,
      "daily_voltage_cost_raw": 0.04914720356464386,
      "daily_voltage_cost_normalized": 2.45736026763916,
      "daily_economic_return_raw_yuan": -1095792.875,
      "daily_economic_return_normalized": -0.3476825952529907,
      "daily_economic_cost_raw_yuan": 1095792.875,
      "economic_reward_scale_yuan": 3151704.8194007874,
      "lagrange_multiplier": 0.0,
      "cost_budget": 1.0,
      "cost_budget_raw": 0.02,
      "cost_budget_normalized": 1.0,
      "algorithm_cost_mode": "separate_cost",
      "fixed_cost_penalty_coef": 0.0,
      "log_std_max": -2.3,
      "accepted": true,
      "mode": "cost_recovery",
      "reward_before": -1.128711915043823e-07,
      "reward_after": -0.06714457273483276,
      "cost_before": 2.4574296474456787,
      "cost_after": -17.013256072998047,
      "kl_before": -2.384185791015625e-07,
      "kl_after": 0.019930077716708183,
      "cost_gap": 1.4574296474456787,
      "cost_recoverable": true,
      "cost_quadratic": 13663.1220703125,
      "reward_quadratic": 3.353672742843628,
      "reward_cost_cross": 42.05277633666992,
      "max_linear_cost_drop": 23.377871648473477,
      "rollout_wall_seconds": 2.7395910378545523,
      "update_wall_seconds": 1.9810880273580551,
      "total_wall_seconds": 4.720681043341756
    },
    {
      "update": 842,
      "algorithm": "macpo",
      "actor_loss": -0.35472410917282104,
      "reward_critic_loss": 0.0010526329278945923,
      "cost_critic_loss": 0.22910252213478088,
      "reward_critic_loss_last": 0.0007256855606101453,
      "cost_critic_loss_last": 0.2230958193540573,
      "critic_epochs": 8,
      "daily_voltage_cost": 0.012334875762462616,
      "daily_voltage_cost_raw": 0.012334875762462616,
      "daily_voltage_cost_normalized": 0.616743803024292,
      "daily_economic_return_raw_yuan": -820015.6875,
      "daily_economic_return_normalized": -0.26018163561820984,
      "daily_economic_cost_raw_yuan": 820015.6875,
      "economic_reward_scale_yuan": 3151704.8194007874,
      "lagrange_multiplier": 0.0,
      "cost_budget": 1.0,
      "cost_budget_raw": 0.02,
      "cost_budget_normalized": 1.0,
      "algorithm_cost_mode": "separate_cost",
      "fixed_cost_penalty_coef": 0.0,
      "log_std_max": -2.3,
      "accepted": true,
      "mode": "reward",
      "reward_before": 1.365412174436642e-07,
      "reward_after": 0.35472410917282104,
      "cost_before": 0.6167464256286621,
      "cost_after": 0.5977998971939087,
      "kl_before": -2.384185791015625e-07,
      "kl_after": 0.019889114424586296,
      "cost_gap": -0.3832535743713379,
      "cost_recoverable": true,
      "cost_quadratic": 621.1510620117188,
      "reward_quadratic": 2.6844587326049805,
      "reward_cost_cross": -1.2171168327331543,
      "max_linear_cost_drop": 4.984580471862075,
      "rollout_wall_seconds": 1.6607389561831951,
      "update_wall_seconds": 1.4885536413639784,
      "total_wall_seconds": 3.1492942050099373
    },
    {
      "update": 843,
      "algorithm": "macpo",
      "actor_loss": -0.15598727762699127,
      "reward_critic_loss": 0.0010801359312608838,
      "cost_critic_loss": 0.6362854242324829,
      "reward_critic_loss_last": 0.0010839009191840887,
      "cost_critic_loss_last": 0.6272029876708984,
      "critic_epochs": 8,
      "daily_voltage_cost": 0.013200283981859684,
      "daily_voltage_cost_raw": 0.013200283981859684,
      "daily_voltage_cost_normalized": 0.660014271736145,
      "daily_economic_return_raw_yuan": -966670.5625,
      "daily_economic_return_normalized": -0.3067135512828827,
      "daily_economic_cost_raw_yuan": 966670.5625,
      "economic_reward_scale_yuan": 3151704.8194007874,
      "lagrange_multiplier": 0.0,
      "cost_budget": 1.0,
      "cost_budget_raw": 0.02,
      "cost_budget_normalized": 1.0,
      "algorithm_cost_mode": "separate_cost",
      "fixed_cost_penalty_coef": 0.0,
      "log_std_max": -2.3,
      "accepted": true,
      "mode": "constrained_reward",
      "reward_before": -5.345498834685714e-07,
      "reward_after": 0.15598727762699127,
      "cost_before": 0.6600067615509033,
      "cost_after": 0.8804855346679688,
      "kl_before": -2.384185791015625e-07,
      "kl_after": 0.005006094463169575,
      "cost_gap": -0.3399932384490967,
      "cost_recoverable": true,
      "cost_quadratic": 1447.8131103515625,
      "reward_quadratic": 2.5595176219940186,
      "reward_cost_cross": 2.983973503112793,
      "max_linear_cost_drop": 7.61002788523554,
      "rollout_wall_seconds": 2.004892887547612,
      "update_wall_seconds": 1.685975281521678,
      "total_wall_seconds": 3.690870225429535
    },
    {
      "update": 844,
      "algorithm": "macpo",
      "actor_loss": -0.16480347514152527,
      "reward_critic_loss": 0.001182864187285304,
      "cost_critic_loss": 0.5972408652305603,
      "reward_critic_loss_last": 0.0010391988325864077,
      "cost_critic_loss_last": 0.3969082236289978,
      "critic_epochs": 8,
      "daily_voltage_cost": 0.015360262244939804,
      "daily_voltage_cost_raw": 0.015360262244939804,
      "daily_voltage_cost_normalized": 0.7680131196975708,
      "daily_economic_return_raw_yuan": -1044012.875,
      "daily_economic_return_normalized": -0.33125337958335876,
      "daily_economic_cost_raw_yuan": 1044012.875,
      "economic_reward_scale_yuan": 3151704.8194007874,
      "lagrange_multiplier": 0.0,
      "cost_budget": 1.0,
      "cost_budget_raw": 0.02,
      "cost_budget_normalized": 1.0,
      "algorithm_cost_mode": "separate_cost",
      "fixed_cost_penalty_coef": 0.0,
      "log_std_max": -2.3,
      "accepted": true,
      "mode": "constrained_reward",
      "reward_before": -1.0797953109431546e-07,
      "reward_after": 0.16480347514152527,
      "cost_before": 0.7680020928382874,
      "cost_after": 0.7786563038825989,
      "kl_before": -2.384185791015625e-07,
      "kl_after": 0.005170770920813084,
      "cost_gap": -0.23199790716171265,
      "cost_recoverable": true,
      "cost_quadratic": 1305.98583984375,
      "reward_quadratic": 2.957580804824829,
      "reward_cost_cross": 15.012842178344727,
      "max_linear_cost_drop": 7.227685216841558,
      "rollout_wall_seconds": 2.3347479682415724,
      "update_wall_seconds": 1.672832639887929,
      "total_wall_seconds": 4.007582634687424
    },
    {
      "update": 845,
      "algorithm": "macpo",
      "actor_loss": -0.1599915325641632,
      "reward_critic_loss": 0.0010400796309113503,
      "cost_critic_loss": 0.5948872566223145,
      "reward_critic_loss_last": 0.0009690757724456489,
      "cost_critic_loss_last": 0.5390205383300781,
      "critic_epochs": 8,
      "daily_voltage_cost": 0.012254745699465275,
      "daily_voltage_cost_raw": 0.012254745699465275,
      "daily_voltage_cost_normalized": 0.6127372980117798,
      "daily_economic_return_raw_yuan": -1163805.25,
      "daily_economic_return_normalized": -0.36926212906837463,
      "daily_economic_cost_raw_yuan": 1163805.25,
      "economic_reward_scale_yuan": 3151704.8194007874,
      "lagrange_multiplier": 0.0,
      "cost_budget": 1.0,
      "cost_budget_raw": 0.02,
      "cost_budget_normalized": 1.0,
      "algorithm_cost_mode": "separate_cost",
      "fixed_cost_penalty_coef": 0.0,
      "log_std_max": -2.3,
      "accepted": true,
      "mode": "reward",
      "reward_before": 8.456768227915745e-07,
      "reward_after": 0.1599915325641632,
      "cost_before": 0.612719714641571,
      "cost_after": 0.32848066091537476,
      "kl_before": -2.384185791015625e-07,
      "kl_after": 0.005000665318220854,
      "cost_gap": -0.38728028535842896,
      "cost_recoverable": true,
      "cost_quadratic": 1691.67822265625,
      "reward_quadratic": 2.6029601097106934,
      "reward_cost_cross": -3.985381841659546,
      "max_linear_cost_drop": 8.226003215793805,
      "rollout_wall_seconds": 2.1484417878091335,
      "update_wall_seconds": 1.7534169871360064,
      "total_wall_seconds": 3.9018608294427395
    },
    {
      "update": 846,
      "algorithm": "macpo",
      "actor_loss": 0.03699749708175659,
      "reward_critic_loss": 0.0010827899677678943,
      "cost_critic_loss": 3.6633095741271973,
      "reward_critic_loss_last": 0.001055016997270286,
      "cost_critic_loss_last": 3.6537833213806152,
      "critic_epochs": 8,
      "daily_voltage_cost": 0.042061127722263336,
      "daily_voltage_cost_raw": 0.042061127722263336,
      "daily_voltage_cost_normalized": 2.1030564308166504,
      "daily_economic_return_raw_yuan": -1070099.375,
      "daily_economic_return_normalized": -0.339530348777771,
      "daily_economic_cost_raw_yuan": 1070099.375,
      "economic_reward_scale_yuan": 3151704.8194007874,
      "lagrange_multiplier": 0.0,
      "cost_budget": 1.0,
      "cost_budget_raw": 0.02,
      "cost_budget_normalized": 1.0,
      "algorithm_cost_mode": "separate_cost",
      "fixed_cost_penalty_coef": 0.0,
      "log_std_max": -2.3,
      "accepted": true,
      "mode": "cost_recovery",
      "reward_before": 3.561631558568479e-07,
      "reward_after": -0.03699749708175659,
      "cost_before": 2.1030964851379395,
      "cost_after": -14.326217651367188,
      "kl_before": -2.384185791015625e-07,
      "kl_after": 0.019957585260272026,
      "cost_gap": 1.1030964851379395,
      "cost_recoverable": true,
      "cost_quadratic": 9949.751953125,
      "reward_quadratic": 2.705747127532959,
      "reward_cost_cross": 19.73272132873535,
      "max_linear_cost_drop": 19.949688672382834,
      "rollout_wall_seconds": 2.2144143600016832,
      "update_wall_seconds": 1.5743380971252918,
      "total_wall_seconds": 3.7887542601674795
    },
    {
      "update": 847,
      "algorithm": "macpo",
      "actor_loss": -0.3277839422225952,
      "reward_critic_loss": 0.0010847095400094986,
      "cost_critic_loss": 0.10645957291126251,
      "reward_critic_loss_last": 0.0008837840287014842,
      "cost_critic_loss_last": 0.0963054895401001,
      "critic_epochs": 8,
      "daily_voltage_cost": 0.004638649057596922,
      "daily_voltage_cost_raw": 0.004638649057596922,
      "daily_voltage_cost_normalized": 0.23193246126174927,
      "daily_economic_return_raw_yuan": -959579.8125,
      "daily_economic_return_normalized": -0.3044637441635132,
      "daily_economic_cost_raw_yuan": 959579.8125,
      "economic_reward_scale_yuan": 3151704.8194007874,
      "lagrange_multiplier": 0.0,
      "cost_budget": 1.0,
      "cost_budget_raw": 0.02,
      "cost_budget_normalized": 1.0,
      "algorithm_cost_mode": "separate_cost",
      "fixed_cost_penalty_coef": 0.0,
      "log_std_max": -2.3,
      "accepted": true,
      "mode": "reward",
      "reward_before": 9.292458571508178e-07,
      "reward_after": 0.3277839422225952,
      "cost_before": 0.23193757236003876,
      "cost_after": -0.22793924808502197,
      "kl_before": -2.384185791015625e-07,
      "kl_after": 0.019895173609256744,
      "cost_gap": -0.7680624276399612,
      "cost_recoverable": true,
      "cost_quadratic": 258.8143005371094,
      "reward_quadratic": 2.436349630355835,
      "reward_cost_cross": -3.54716420173645,
      "max_linear_cost_drop": 3.2175413006649,
      "rollout_wall_seconds": 1.9985473696142435,
      "update_wall_seconds": 1.5231865476816893,
      "total_wall_seconds": 3.5217357836663723
    },
    {
      "update": 848,
      "algorithm": "macpo",
      "actor_loss": -0.27134570479393005,
      "reward_critic_loss": 0.0009738729568198323,
      "cost_critic_loss": 0.21949326992034912,
      "reward_critic_loss_last": 0.0008669951930642128,
      "cost_critic_loss_last": 0.20294980704784393,
      "critic_epochs": 8,
      "daily_voltage_cost": 0.006471405271440744,
      "daily_voltage_cost_raw": 0.006471405271440744,
      "daily_voltage_cost_normalized": 0.32357025146484375,
      "daily_economic_return_raw_yuan": -883181.25,
      "daily_economic_return_normalized": -0.2802233397960663,
      "daily_economic_cost_raw_yuan": 883181.25,
      "economic_reward_scale_yuan": 3151704.8194007874,
      "lagrange_multiplier": 0.0,
      "cost_budget": 1.0,
      "cost_budget_raw": 0.02,
      "cost_budget_normalized": 1.0,
      "algorithm_cost_mode": "separate_cost",
      "fixed_cost_penalty_coef": 0.0,
      "log_std_max": -2.3,
      "accepted": true,
      "mode": "constrained_reward",
      "reward_before": 3.362591769473511e-07,
      "reward_after": 0.27134570479393005,
      "cost_before": 0.32357093691825867,
      "cost_after": 0.9912806153297424,
      "kl_before": -2.384185791015625e-07,
      "kl_after": 0.01986674964427948,
      "cost_gap": -0.6764290630817413,
      "cost_recoverable": true,
      "cost_quadratic": 521.474853515625,
      "reward_quadratic": 1.9345502853393555,
      "reward_cost_cross": 5.920068740844727,
      "max_linear_cost_drop": 4.567164781418008,
      "rollout_wall_seconds": 2.006420934572816,
      "update_wall_seconds": 1.5536614637821913,
      "total_wall_seconds": 3.5600842628628016
    },
    {
      "update": 849,
      "algorithm": "macpo",
      "actor_loss": -0.17610366642475128,
      "reward_critic_loss": 0.0012895232066512108,
      "cost_critic_loss": 0.23500928282737732,
      "reward_critic_loss_last": 0.0011985222809016705,
      "cost_critic_loss_last": 0.15555685758590698,
      "critic_epochs": 8,
      "daily_voltage_cost": 0.0064999875612556934,
      "daily_voltage_cost_raw": 0.0064999875612556934,
      "daily_voltage_cost_normalized": 0.3249993622303009,
      "daily_economic_return_raw_yuan": -1000525.9375,
      "daily_economic_return_normalized": -0.3174554705619812,
      "daily_economic_cost_raw_yuan": 1000525.9375,
      "economic_reward_scale_yuan": 3151704.8194007874,
      "lagrange_multiplier": 0.0,
      "cost_budget": 1.0,
      "cost_budget_raw": 0.02,
      "cost_budget_normalized": 1.0,
      "algorithm_cost_mode": "separate_cost",
      "fixed_cost_penalty_coef": 0.0,
      "log_std_max": -2.3,
      "accepted": true,
      "mode": "constrained_reward",
      "reward_before": 3.6881453979731305e-07,
      "reward_after": 0.17610366642475128,
      "cost_before": 0.32498469948768616,
      "cost_after": 0.6328610181808472,
      "kl_before": -2.384185791015625e-07,
      "kl_after": 0.00515108834952116,
      "cost_gap": -0.6750153005123138,
      "cost_recoverable": true,
      "cost_quadratic": 770.9794921875,
      "reward_quadratic": 3.3852126598358154,
      "reward_cost_cross": 19.31654167175293,
      "max_linear_cost_drop": 5.5533034931921375,
      "rollout_wall_seconds": 1.9447729382663965,
      "update_wall_seconds": 1.646035972982645,
      "total_wall_seconds": 3.590810587629676
    },
    {
      "update": 850,
      "algorithm": "macpo",
      "actor_loss": -0.2709270119667053,
      "reward_critic_loss": 0.0009102944168262184,
      "cost_critic_loss": 0.6648517847061157,
      "reward_critic_loss_last": 0.0008266607183031738,
      "cost_critic_loss_last": 0.663966178894043,
      "critic_epochs": 8,
      "daily_voltage_cost": 0.013737209141254425,
      "daily_voltage_cost_raw": 0.013737209141254425,
      "daily_voltage_cost_normalized": 0.6868605017662048,
      "daily_economic_return_raw_yuan": -1093820.625,
      "daily_economic_return_normalized": -0.3470568060874939,
      "daily_economic_cost_raw_yuan": 1093820.625,
      "economic_reward_scale_yuan": 3151704.8194007874,
      "lagrange_multiplier": 0.0,
      "cost_budget": 1.0,
      "cost_budget_raw": 0.02,
      "cost_budget_normalized": 1.0,
      "algorithm_cost_mode": "separate_cost",
      "fixed_cost_penalty_coef": 0.0,
      "log_std_max": -2.3,
      "accepted": true,
      "mode": "constrained_reward",
      "reward_before": 2.7877493380401575e-07,
      "reward_after": 0.2709270119667053,
      "cost_before": 0.6868597865104675,
      "cost_after": 0.9198788404464722,
      "kl_before": -2.384185791015625e-07,
      "kl_after": 0.01993967965245247,
      "cost_gap": -0.31314021348953247,
      "cost_recoverable": true,
      "cost_quadratic": 1183.8106689453125,
      "reward_quadratic": 2.12083101272583,
      "reward_cost_cross": 7.003305435180664,
      "max_linear_cost_drop": 6.881309959434504,
      "rollout_wall_seconds": 1.7815327886492014,
      "update_wall_seconds": 1.7936613373458385,
      "total_wall_seconds": 3.575196074321866
    },
    {
      "update": 851,
      "algorithm": "macpo",
      "actor_loss": -0.33176082372665405,
      "reward_critic_loss": 0.0009860352147370577,
      "cost_critic_loss": 0.0692092627286911,
      "reward_critic_loss_last": 0.0006850212230347097,
      "cost_critic_loss_last": 0.06156758591532707,
      "critic_epochs": 8,
      "daily_voltage_cost": 0.002712830901145935,
      "daily_voltage_cost_raw": 0.002712830901145935,
      "daily_voltage_cost_normalized": 0.13564154505729675,
      "daily_economic_return_raw_yuan": -766792.6875,
      "daily_economic_return_normalized": -0.2432945817708969,
      "daily_economic_cost_raw_yuan": 766792.6875,
      "economic_reward_scale_yuan": 3151704.8194007874,
      "lagrange_multiplier": 0.0,
      "cost_budget": 1.0,
      "cost_budget_raw": 0.02,
      "cost_budget_normalized": 1.0,
      "algorithm_cost_mode": "separate_cost",
      "fixed_cost_penalty_coef": 0.0,
      "log_std_max": -2.3,
      "accepted": true,
      "mode": "reward",
      "reward_before": 8.461107654511579e-07,
      "reward_after": 0.33176082372665405,
      "cost_before": 0.13563790917396545,
      "cost_after": -0.43184587359428406,
      "kl_before": -2.384185791015625e-07,
      "kl_after": 0.01991141401231289,
      "cost_gap": -0.8643620908260345,
      "cost_recoverable": true,
      "cost_quadratic": 204.8209228515625,
      "reward_quadratic": 2.345991611480713,
      "reward_cost_cross": -3.8279783725738525,
      "max_linear_cost_drop": 2.8623132103357416,
      "rollout_wall_seconds": 1.7614018619060516,
      "update_wall_seconds": 1.6033420767635107,
      "total_wall_seconds": 3.3647462613880634
    },
    {
      "update": 852,
      "algorithm": "macpo",
      "actor_loss": -0.04257182776927948,
      "reward_critic_loss": 0.0012044409522786736,
      "cost_critic_loss": 1.2560532093048096,
      "reward_critic_loss_last": 0.0008529439801350236,
      "cost_critic_loss_last": 1.1444969177246094,
      "critic_epochs": 8,
      "daily_voltage_cost": 0.026920627802610397,
      "daily_voltage_cost_raw": 0.026920627802610397,
      "daily_voltage_cost_normalized": 1.3460314273834229,
      "daily_economic_return_raw_yuan": -1111602.125,
      "daily_economic_return_normalized": -0.3526986837387085,
      "daily_economic_cost_raw_yuan": 1111602.125,
      "economic_reward_scale_yuan": 3151704.8194007874,
      "lagrange_multiplier": 0.0,
      "cost_budget": 1.0,
      "cost_budget_raw": 0.02,
      "cost_budget_normalized": 1.0,
      "algorithm_cost_mode": "separate_cost",
      "fixed_cost_penalty_coef": 0.0,
      "log_std_max": -2.3,
      "accepted": true,
      "mode": "cost_recovery",
      "reward_before": -1.618101919120818e-07,
      "reward_after": 0.04257182776927948,
      "cost_before": 1.3460323810577393,
      "cost_after": -8.135318756103516,
      "kl_before": -2.384185791015625e-07,
      "kl_after": 0.019927499815821648,
      "cost_gap": 0.34603238105773926,
      "cost_recoverable": true,
      "cost_quadratic": 3365.1884765625,
      "reward_quadratic": 2.8755993843078613,
      "reward_cost_cross": -13.50849437713623,
      "max_linear_cost_drop": 11.602048916570727,
      "rollout_wall_seconds": 2.1925230491906404,
      "update_wall_seconds": 1.6372065152972937,
      "total_wall_seconds": 3.82973163574934
    },
    {
      "update": 853,
      "algorithm": "macpo",
      "actor_loss": -0.051471784710884094,
      "reward_critic_loss": 0.0008589937351644039,
      "cost_critic_loss": 1.4005510807037354,
      "reward_critic_loss_last": 0.0009087337530218065,
      "cost_critic_loss_last": 1.3034603595733643,
      "critic_epochs": 8,
      "daily_voltage_cost": 0.029428580775856972,
      "daily_voltage_cost_raw": 0.029428580775856972,
      "daily_voltage_cost_normalized": 1.4714289903640747,
      "daily_economic_return_raw_yuan": -884969.625,
      "daily_economic_return_normalized": -0.280790776014328,
      "daily_economic_cost_raw_yuan": 884969.625,
      "economic_reward_scale_yuan": 3151704.8194007874,
      "lagrange_multiplier": 0.0,
      "cost_budget": 1.0,
      "cost_budget_raw": 0.02,
      "cost_budget_normalized": 1.0,
      "algorithm_cost_mode": "separate_cost",
      "fixed_cost_penalty_coef": 0.0,
      "log_std_max": -2.3,
      "accepted": true,
      "mode": "cost_recovery",
      "reward_before": 1.3079294092221971e-07,
      "reward_after": 0.051471784710884094,
      "cost_before": 1.4714106321334839,
      "cost_after": -8.453202247619629,
      "kl_before": -2.384185791015625e-07,
      "kl_after": 0.01999969407916069,
      "cost_gap": 0.4714106321334839,
      "cost_recoverable": true,
      "cost_quadratic": 4058.61572265625,
      "reward_quadratic": 1.773169755935669,
      "reward_cost_cross": -20.604427337646484,
      "max_linear_cost_drop": 12.741453170900483,
      "rollout_wall_seconds": 2.105195516720414,
      "update_wall_seconds": 1.7388634029775858,
      "total_wall_seconds": 3.844061078503728
    },
    {
      "update": 854,
      "algorithm": "macpo",
      "actor_loss": 0.085602305829525,
      "reward_critic_loss": 0.0011336104944348335,
      "cost_critic_loss": 3.0582714080810547,
      "reward_critic_loss_last": 0.0009379080729559064,
      "cost_critic_loss_last": 2.8026843070983887,
      "critic_epochs": 8,
      "daily_voltage_cost": 0.03713766485452652,
      "daily_voltage_cost_raw": 0.03713766485452652,
      "daily_voltage_cost_normalized": 1.85688316822052,
      "daily_economic_return_raw_yuan": -891118.0625,
      "daily_economic_return_normalized": -0.28274160623550415,
      "daily_economic_cost_raw_yuan": 891118.0625,
      "economic_reward_scale_yuan": 3151704.8194007874,
      "lagrange_multiplier": 0.0,
      "cost_budget": 1.0,
      "cost_budget_raw": 0.02,
      "cost_budget_normalized": 1.0,
      "algorithm_cost_mode": "separate_cost",
      "fixed_cost_penalty_coef": 0.0,
      "log_std_max": -2.3,
      "accepted": true,
      "mode": "cost_recovery",
      "reward_before": 2.445585209898127e-07,
      "reward_after": -0.085602305829525,
      "cost_before": 1.8568668365478516,
      "cost_after": -11.876643180847168,
      "kl_before": -2.384185791015625e-07,
      "kl_after": 0.019947482272982597,
      "cost_gap": 0.8568668365478516,
      "cost_recoverable": true,
      "cost_quadratic": 6697.7509765625,
      "reward_quadratic": 2.657195568084717,
      "reward_cost_cross": 39.940879821777344,
      "max_linear_cost_drop": 16.367957693692272,
      "rollout_wall_seconds": 2.201378544792533,
      "update_wall_seconds": 1.763645751401782,
      "total_wall_seconds": 3.9650276359170675
    },
    {
      "update": 855,
      "algorithm": "macpo",
      "actor_loss": -0.1411415934562683,
      "reward_critic_loss": 0.001029870705679059,
      "cost_critic_loss": 1.7729578018188477,
      "reward_critic_loss_last": 0.0008734103757888079,
      "cost_critic_loss_last": 1.6351308822631836,
      "critic_epochs": 8,
      "daily_voltage_cost": 0.019275465980172157,
      "daily_voltage_cost_raw": 0.019275465980172157,
      "daily_voltage_cost_normalized": 0.9637733101844788,
      "daily_economic_return_raw_yuan": -954115.0625,
      "daily_economic_return_normalized": -0.30272984504699707,
      "daily_economic_cost_raw_yuan": 954115.0625,
      "economic_reward_scale_yuan": 3151704.8194007874,
      "lagrange_multiplier": 0.0,
      "cost_budget": 1.0,
      "cost_budget_raw": 0.02,
      "cost_budget_normalized": 1.0,
      "algorithm_cost_mode": "separate_cost",
      "fixed_cost_penalty_coef": 0.0,
      "log_std_max": -2.3,
      "accepted": true,
      "mode": "constrained_reward",
      "reward_before": -3.6028858119152574e-08,
      "reward_after": 0.1411415934562683,
      "cost_before": 0.9637778401374817,
      "cost_after": 0.8834182024002075,
      "kl_before": -2.384185791015625e-07,
      "kl_after": 0.005091183353215456,
      "cost_gap": -0.03622215986251831,
      "cost_recoverable": true,
      "cost_quadratic": 5871.48681640625,
      "reward_quadratic": 2.2849280834198,
      "reward_cost_cross": 32.28607177734375,
      "max_linear_cost_drop": 15.325125534763165,
      "rollout_wall_seconds": 2.240074083209038,
      "update_wall_seconds": 1.5975667741149664,
      "total_wall_seconds": 3.837642999365926
    },
    {
      "update": 856,
      "algorithm": "macpo",
      "actor_loss": 0.043548017740249634,
      "reward_critic_loss": 0.0008854841580614448,
      "cost_critic_loss": 1.2926188707351685,
      "reward_critic_loss_last": 0.0008375731995329261,
      "cost_critic_loss_last": 1.0944331884384155,
      "critic_epochs": 8,
      "daily_voltage_cost": 0.03891562670469284,
      "daily_voltage_cost_raw": 0.03891562670469284,
      "daily_voltage_cost_normalized": 1.9457813501358032,
      "daily_economic_return_raw_yuan": -1027827.8125,
      "daily_economic_return_normalized": -0.3261180520057678,
      "daily_economic_cost_raw_yuan": 1027827.8125,
      "economic_reward_scale_yuan": 3151704.8194007874,
      "lagrange_multiplier": 0.0,
      "cost_budget": 1.0,
      "cost_budget_raw": 0.02,
      "cost_budget_normalized": 1.0,
      "algorithm_cost_mode": "separate_cost",
      "fixed_cost_penalty_coef": 0.0,
      "log_std_max": -2.3,
      "accepted": true,
      "mode": "cost_recovery",
      "reward_before": -4.613580415480101e-07,
      "reward_after": -0.043548017740249634,
      "cost_before": 1.9457727670669556,
      "cost_after": -3.3463454246520996,
      "kl_before": -2.384185791015625e-07,
      "kl_after": 0.005001012235879898,
      "cost_gap": 0.9457727670669556,
      "cost_recoverable": true,
      "cost_quadratic": 3362.63671875,
      "reward_quadratic": 2.149393320083618,
      "reward_cost_cross": 27.55503273010254,
      "max_linear_cost_drop": 11.597649276900901,
      "rollout_wall_seconds": 1.973094528540969,
      "update_wall_seconds": 1.6756505463272333,
      "total_wall_seconds": 3.648747332394123
    },
    {
      "update": 857,
      "algorithm": "macpo",
      "actor_loss": -0.28580498695373535,
      "reward_critic_loss": 0.0007548386929556727,
      "cost_critic_loss": 0.3760756850242615,
      "reward_critic_loss_last": 0.0006867797928862274,
      "cost_critic_loss_last": 0.3992793560028076,
      "critic_epochs": 8,
      "daily_voltage_cost": 0.007157565094530582,
      "daily_voltage_cost_raw": 0.007157565094530582,
      "daily_voltage_cost_normalized": 0.35787829756736755,
      "daily_economic_return_raw_yuan": -927990.5,
      "daily_economic_return_normalized": -0.2944408059120178,
      "daily_economic_cost_raw_yuan": 927990.5,
      "economic_reward_scale_yuan": 3151704.8194007874,
      "lagrange_multiplier": 0.0,
      "cost_budget": 1.0,
      "cost_budget_raw": 0.02,
      "cost_budget_normalized": 1.0,
      "algorithm_cost_mode": "separate_cost",
      "fixed_cost_penalty_coef": 0.0,
      "log_std_max": -2.3,
      "accepted": true,
      "mode": "reward",
      "reward_before": 3.707367284278007e-07,
      "reward_after": 0.28580498695373535,
      "cost_before": 0.35786303877830505,
      "cost_after": -0.9936785697937012,
      "kl_before": -2.384185791015625e-07,
      "kl_after": 0.019836192950606346,
      "cost_gap": -0.642136961221695,
      "cost_recoverable": true,
      "cost_quadratic": 1089.568115234375,
      "reward_quadratic": 1.9482214450836182,
      "reward_cost_cross": -7.104754447937012,
      "max_linear_cost_drop": 6.60172133684655,
      "rollout_wall_seconds": 1.5154746510088444,
      "update_wall_seconds": 1.5317878443747759,
      "total_wall_seconds": 3.0472645480185747
    },
    {
      "update": 858,
      "algorithm": "macpo",
      "actor_loss": -0.2549826204776764,
      "reward_critic_loss": 0.0007638228125870228,
      "cost_critic_loss": 0.6849300265312195,
      "reward_critic_loss_last": 0.0006842041620984674,
      "cost_critic_loss_last": 0.5531197786331177,
      "critic_epochs": 8,
      "daily_voltage_cost": 0.010684005916118622,
      "daily_voltage_cost_raw": 0.010684005916118622,
      "daily_voltage_cost_normalized": 0.5342003107070923,
      "daily_economic_return_raw_yuan": -997097.5625,
      "daily_economic_return_normalized": -0.3163676857948303,
      "daily_economic_cost_raw_yuan": 997097.5625,
      "economic_reward_scale_yuan": 3151704.8194007874,
      "lagrange_multiplier": 0.0,
      "cost_budget": 1.0,
      "cost_budget_raw": 0.02,
      "cost_budget_normalized": 1.0,
      "algorithm_cost_mode": "separate_cost",
      "fixed_cost_penalty_coef": 0.0,
      "log_std_max": -2.3,
      "accepted": true,
      "mode": "constrained_reward",
      "reward_before": -5.100807811686536e-07,
      "reward_after": 0.2549826204776764,
      "cost_before": 0.5341792702674866,
      "cost_after": 0.7902877926826477,
      "kl_before": -2.384185791015625e-07,
      "kl_after": 0.019932955503463745,
      "cost_gap": -0.4658207297325134,
      "cost_recoverable": true,
      "cost_quadratic": 1960.8486328125,
      "reward_quadratic": 1.9082533121109009,
      "reward_cost_cross": 3.543447494506836,
      "max_linear_cost_drop": 8.856294107159044,
      "rollout_wall_seconds": 1.50429030880332,
      "update_wall_seconds": 1.4712162986397743,
      "total_wall_seconds": 2.975508464500308
    },
    {
      "update": 859,
      "algorithm": "macpo",
      "actor_loss": -0.02803337387740612,
      "reward_critic_loss": 0.0010356574784964323,
      "cost_critic_loss": 2.428307056427002,
      "reward_critic_loss_last": 0.0010223299032077193,
      "cost_critic_loss_last": 2.4245762825012207,
      "critic_epochs": 8,
      "daily_voltage_cost": 0.05161971226334572,
      "daily_voltage_cost_raw": 0.05161971226334572,
      "daily_voltage_cost_normalized": 2.5809857845306396,
      "daily_economic_return_raw_yuan": -964843.4375,
      "daily_economic_return_normalized": -0.30613383650779724,
      "daily_economic_cost_raw_yuan": 964843.4375,
      "economic_reward_scale_yuan": 3151704.8194007874,
      "lagrange_multiplier": 0.0,
      "cost_budget": 1.0,
      "cost_budget_raw": 0.02,
      "cost_budget_normalized": 1.0,
      "algorithm_cost_mode": "separate_cost",
      "fixed_cost_penalty_coef": 0.0,
      "log_std_max": -2.3,
      "accepted": true,
      "mode": "cost_recovery",
      "reward_before": -4.68122919983216e-07,
      "reward_after": 0.02803337387740612,
      "cost_before": 2.5810067653656006,
      "cost_after": -10.700640678405762,
      "kl_before": -2.384185791015625e-07,
      "kl_after": 0.019952867180109024,
      "cost_gap": 1.5810067653656006,
      "cost_recoverable": true,
      "cost_quadratic": 6521.2021484375,
      "reward_quadratic": 2.2069764137268066,
      "reward_cost_cross": -10.161230087280273,
      "max_linear_cost_drop": 16.150792114862355,
      "rollout_wall_seconds": 1.524002905935049,
      "update_wall_seconds": 1.5180786047130823,
      "total_wall_seconds": 3.042083589360118
    },
    {
      "update": 860,
      "algorithm": "macpo",
      "actor_loss": 0.03755299746990204,
      "reward_critic_loss": 0.0008731243433430791,
      "cost_critic_loss": 7.715237617492676,
      "reward_critic_loss_last": 0.0008044139249250293,
      "cost_critic_loss_last": 6.9795074462890625,
      "critic_epochs": 8,
      "daily_voltage_cost": 0.06798471510410309,
      "daily_voltage_cost_raw": 0.06798471510410309,
      "daily_voltage_cost_normalized": 3.399235486984253,
      "daily_economic_return_raw_yuan": -1040252.5625,
      "daily_economic_return_normalized": -0.33006027340888977,
      "daily_economic_cost_raw_yuan": 1040252.5625,
      "economic_reward_scale_yuan": 3151704.8194007874,
      "lagrange_multiplier": 0.0,
      "cost_budget": 1.0,
      "cost_budget_raw": 0.02,
      "cost_budget_normalized": 1.0,
      "algorithm_cost_mode": "separate_cost",
      "fixed_cost_penalty_coef": 0.0,
      "log_std_max": -2.3,
      "accepted": true,
      "mode": "cost_recovery",
      "reward_before": -1.9911334447897389e-07,
      "reward_after": -0.03755299746990204,
      "cost_before": 3.3992745876312256,
      "cost_after": -20.288002014160156,
      "kl_before": -2.384185791015625e-07,
      "kl_after": 0.019874686375260353,
      "cost_gap": 2.3992745876312256,
      "cost_recoverable": true,
      "cost_quadratic": 19560.61328125,
      "reward_quadratic": 2.332613229751587,
      "reward_cost_cross": 28.706340789794922,
      "max_linear_cost_drop": 27.971852481557242,
      "rollout_wall_seconds": 1.8468361664563417,
      "update_wall_seconds": 1.5937782488763332,
      "total_wall_seconds": 3.4406166821718216
    },
    {
      "update": 861,
      "algorithm": "macpo",
      "actor_loss": 0.08086597174406052,
      "reward_critic_loss": 0.0011003767140209675,
      "cost_critic_loss": 4.454272270202637,
      "reward_critic_loss_last": 0.0009867161279544234,
      "cost_critic_loss_last": 4.128996849060059,
      "critic_epochs": 8,
      "daily_voltage_cost": 0.03134486824274063,
      "daily_voltage_cost_raw": 0.03134486824274063,
      "daily_voltage_cost_normalized": 1.567243218421936,
      "daily_economic_return_raw_yuan": -854770.4375,
      "daily_economic_return_normalized": -0.27120891213417053,
      "daily_economic_cost_raw_yuan": 854770.4375,
      "economic_reward_scale_yuan": 3151704.8194007874,
      "lagrange_multiplier": 0.0,
      "cost_budget": 1.0,
      "cost_budget_raw": 0.02,
      "cost_budget_normalized": 1.0,
      "algorithm_cost_mode": "separate_cost",
      "fixed_cost_penalty_coef": 0.0,
      "log_std_max": -2.3,
      "accepted": true,
      "mode": "cost_recovery",
      "reward_before": -6.30381435939853e-08,
      "reward_after": -0.08086597174406052,
      "cost_before": 1.5672703981399536,
      "cost_after": -17.74559783935547,
      "kl_before": -2.384185791015625e-07,
      "kl_after": 0.019866494461894035,
      "cost_gap": 0.5672703981399536,
      "cost_recoverable": true,
      "cost_quadratic": 15479.78125,
      "reward_quadratic": 2.82485294342041,
      "reward_cost_cross": 65.62037658691406,
      "max_linear_cost_drop": 24.883553805676552,
      "rollout_wall_seconds": 1.6741648633033037,
      "update_wall_seconds": 1.5470080897212029,
      "total_wall_seconds": 3.221174791455269
    },
    {
      "update": 862,
      "algorithm": "macpo",
      "actor_loss": 0.016670560464262962,
      "reward_critic_loss": 0.0007386053912341595,
      "cost_critic_loss": 3.5772013664245605,
      "reward_critic_loss_last": 0.0007223620777949691,
      "cost_critic_loss_last": 3.3583569526672363,
      "critic_epochs": 8,
      "daily_voltage_cost": 0.027830053120851517,
      "daily_voltage_cost_raw": 0.027830053120851517,
      "daily_voltage_cost_normalized": 1.3915026187896729,
      "daily_economic_return_raw_yuan": -911353.0,
      "daily_economic_return_normalized": -0.28916192054748535,
      "daily_economic_cost_raw_yuan": 911353.0,
      "economic_reward_scale_yuan": 3151704.8194007874,
      "lagrange_multiplier": 0.0,
      "cost_budget": 1.0,
      "cost_budget_raw": 0.02,
      "cost_budget_normalized": 1.0,
      "algorithm_cost_mode": "separate_cost",
      "fixed_cost_penalty_coef": 0.0,
      "log_std_max": -2.3,
      "accepted": true,
      "mode": "cost_recovery",
      "reward_before": 1.8280012170635018e-07,
      "reward_after": -0.016670560464262962,
      "cost_before": 1.3914635181427002,
      "cost_after": -14.846412658691406,
      "kl_before": -2.384185791015625e-07,
      "kl_after": 0.019871322438120842,
      "cost_gap": 0.3914635181427002,
      "cost_recoverable": true,
      "cost_quadratic": 14057.751953125,
      "reward_quadratic": 1.7603797912597656,
      "reward_cost_cross": 18.354257583618164,
      "max_linear_cost_drop": 23.71307820855403,
      "rollout_wall_seconds": 1.7694627977907658,
      "update_wall_seconds": 1.6619794480502605,
      "total_wall_seconds": 3.431444438174367
    },
    {
      "update": 863,
      "algorithm": "macpo",
      "actor_loss": -0.030726801604032516,
      "reward_critic_loss": 0.0012272004969418049,
      "cost_critic_loss": 1.1794264316558838,
      "reward_critic_loss_last": 0.0011734925210475922,
      "cost_critic_loss_last": 1.1273609399795532,
      "critic_epochs": 8,
      "daily_voltage_cost": 0.021711144596338272,
      "daily_voltage_cost_raw": 0.021711144596338272,
      "daily_voltage_cost_normalized": 1.085557222366333,
      "daily_economic_return_raw_yuan": -1079024.125,
      "daily_economic_return_normalized": -0.34236204624176025,
      "daily_economic_cost_raw_yuan": 1079024.125,
      "economic_reward_scale_yuan": 3151704.8194007874,
      "lagrange_multiplier": 0.0,
      "cost_budget": 1.0,
      "cost_budget_raw": 0.02,
      "cost_budget_normalized": 1.0,
      "algorithm_cost_mode": "separate_cost",
      "fixed_cost_penalty_coef": 0.0,
      "log_std_max": -2.3,
      "accepted": true,
      "mode": "cost_recovery",
      "reward_before": 1.352431553414135e-07,
      "reward_after": 0.030726801604032516,
      "cost_before": 1.0855329036712646,
      "cost_after": -4.646066665649414,
      "kl_before": -2.384185791015625e-07,
      "kl_after": 0.005035148933529854,
      "cost_gap": 0.08553290367126465,
      "cost_recoverable": true,
      "cost_quadratic": 3273.589599609375,
      "reward_quadratic": 3.253615617752075,
      "reward_cost_cross": -17.890932083129883,
      "max_linear_cost_drop": 11.44305833177368,
      "rollout_wall_seconds": 1.8693612851202488,
      "update_wall_seconds": 1.48767314478755,
      "total_wall_seconds": 3.3570363372564316
    },
    {
      "update": 864,
      "algorithm": "macpo",
      "actor_loss": -0.2833114266395569,
      "reward_critic_loss": 0.0009867940098047256,
      "cost_critic_loss": 1.2992230653762817,
      "reward_critic_loss_last": 0.0008616865961812437,
      "cost_critic_loss_last": 1.1161671876907349,
      "critic_epochs": 8,
      "daily_voltage_cost": 0.011013861745595932,
      "daily_voltage_cost_raw": 0.011013861745595932,
      "daily_voltage_cost_normalized": 0.5506930947303772,
      "daily_economic_return_raw_yuan": -1143080.75,
      "daily_economic_return_normalized": -0.36268648505210876,
      "daily_economic_cost_raw_yuan": 1143080.75,
      "economic_reward_scale_yuan": 3151704.8194007874,
      "lagrange_multiplier": 0.0,
      "cost_budget": 1.0,
      "cost_budget_raw": 0.02,
      "cost_budget_normalized": 1.0,
      "algorithm_cost_mode": "separate_cost",
      "fixed_cost_penalty_coef": 0.0,
      "log_std_max": -2.3,
      "accepted": true,
      "mode": "reward",
      "reward_before": -4.003012463726918e-07,
      "reward_after": 0.2833114266395569,
      "cost_before": 0.5506653785705566,
      "cost_after": -0.6904788613319397,
      "kl_before": -2.384185791015625e-07,
      "kl_after": 0.019957900047302246,
      "cost_gap": -0.44933462142944336,
      "cost_recoverable": true,
      "cost_quadratic": 3893.51123046875,
      "reward_quadratic": 2.1236767768859863,
      "reward_cost_cross": -6.233781814575195,
      "max_linear_cost_drop": 12.479601324511533,
      "rollout_wall_seconds": 1.7346599195152521,
      "update_wall_seconds": 1.4350488502532244,
      "total_wall_seconds": 3.169710524380207
    },
    {
      "update": 865,
      "algorithm": "macpo",
      "actor_loss": -0.11765816807746887,
      "reward_critic_loss": 0.0005403662798926234,
      "cost_critic_loss": 0.49817967414855957,
      "reward_critic_loss_last": 0.0005077538080513477,
      "cost_critic_loss_last": 0.3423647880554199,
      "critic_epochs": 8,
      "daily_voltage_cost": 0.005250298883765936,
      "daily_voltage_cost_raw": 0.005250298883765936,
      "daily_voltage_cost_normalized": 0.26251497864723206,
      "daily_economic_return_raw_yuan": -868832.5,
      "daily_economic_return_normalized": -0.2756706476211548,
      "daily_economic_cost_raw_yuan": 868832.5,
      "economic_reward_scale_yuan": 3151704.8194007874,
      "lagrange_multiplier": 0.0,
      "cost_budget": 1.0,
      "cost_budget_raw": 0.02,
      "cost_budget_normalized": 1.0,
      "algorithm_cost_mode": "separate_cost",
      "fixed_cost_penalty_coef": 0.0,
      "log_std_max": -2.3,
      "accepted": true,
      "mode": "reward",
      "reward_before": 6.429766017390648e-07,
      "reward_after": 0.11765816807746887,
      "cost_before": 0.2625170648097992,
      "cost_after": -0.3082636296749115,
      "kl_before": -2.384185791015625e-07,
      "kl_after": 0.004996322561055422,
      "cost_gap": -0.7374829351902008,
      "cost_recoverable": true,
      "cost_quadratic": 2114.788818359375,
      "reward_quadratic": 1.3019062280654907,
      "reward_cost_cross": -4.958120346069336,
      "max_linear_cost_drop": 9.197366619547957,
      "rollout_wall_seconds": 1.827215177938342,
      "update_wall_seconds": 1.530419509857893,
      "total_wall_seconds": 3.3576366920024157
    },
    {
      "update": 866,
      "algorithm": "macpo",
      "actor_loss": 0.0635090321302414,
      "reward_critic_loss": 0.0007959873182699084,
      "cost_critic_loss": 2.9933040142059326,
      "reward_critic_loss_last": 0.0007303717429749668,
      "cost_critic_loss_last": 2.4944019317626953,
      "critic_epochs": 8,
      "daily_voltage_cost": 0.026920514181256294,
      "daily_voltage_cost_raw": 0.026920514181256294,
      "daily_voltage_cost_normalized": 1.3460257053375244,
      "daily_economic_return_raw_yuan": -1021391.125,
      "daily_economic_return_normalized": -0.32407575845718384,
      "daily_economic_cost_raw_yuan": 1021391.125,
      "economic_reward_scale_yuan": 3151704.8194007874,
      "lagrange_multiplier": 0.0,
      "cost_budget": 1.0,
      "cost_budget_raw": 0.02,
      "cost_budget_normalized": 1.0,
      "algorithm_cost_mode": "separate_cost",
      "fixed_cost_penalty_coef": 0.0,
      "log_std_max": -2.3,
      "accepted": true,
      "mode": "cost_recovery",
      "reward_before": -6.179745781764723e-08,
      "reward_after": -0.0635090321302414,
      "cost_before": 1.345967411994934,
      "cost_after": -14.739168167114258,
      "kl_before": -2.384185791015625e-07,
      "kl_after": 0.01992778107523918,
      "cost_gap": 0.3459674119949341,
      "cost_recoverable": true,
      "cost_quadratic": 9779.5078125,
      "reward_quadratic": 2.151045322418213,
      "reward_cost_cross": 43.274356842041016,
      "max_linear_cost_drop": 19.77827880529547,
      "rollout_wall_seconds": 1.994890559464693,
      "update_wall_seconds": 1.677026741206646,
      "total_wall_seconds": 3.6719190198928118
    },
    {
      "update": 867,
      "algorithm": "macpo",
      "actor_loss": -0.2994629144668579,
      "reward_critic_loss": 0.0009501257445663214,
      "cost_critic_loss": 0.920164942741394,
      "reward_critic_loss_last": 0.000850479060318321,
      "cost_critic_loss_last": 0.5809399485588074,
      "critic_epochs": 8,
      "daily_voltage_cost": 0.0072851101867854595,
      "daily_voltage_cost_raw": 0.0072851101867854595,
      "daily_voltage_cost_normalized": 0.36425548791885376,
      "daily_economic_return_raw_yuan": -1039504.3125,
      "daily_economic_return_normalized": -0.3298228681087494,
      "daily_economic_cost_raw_yuan": 1039504.3125,
      "economic_reward_scale_yuan": 3151704.8194007874,
      "lagrange_multiplier": 0.0,
      "cost_budget": 1.0,
      "cost_budget_raw": 0.02,
      "cost_budget_normalized": 1.0,
      "algorithm_cost_mode": "separate_cost",
      "fixed_cost_penalty_coef": 0.0,
      "log_std_max": -2.3,
      "accepted": true,
      "mode": "constrained_reward",
      "reward_before": -6.581001343874959e-07,
      "reward_after": 0.2994629144668579,
      "cost_before": 0.36423906683921814,
      "cost_after": 0.6564599871635437,
      "kl_before": -2.384185791015625e-07,
      "kl_after": 0.019715692847967148,
      "cost_gap": -0.6357609331607819,
      "cost_recoverable": true,
      "cost_quadratic": 2333.12060546875,
      "reward_quadratic": 2.190058946609497,
      "reward_cost_cross": 15.49833869934082,
      "max_linear_cost_drop": 9.660477432236462,
      "rollout_wall_seconds": 1.596509963274002,
      "update_wall_seconds": 1.515520092099905,
      "total_wall_seconds": 3.112031916156411
    },
    {
      "update": 868,
      "algorithm": "macpo",
      "actor_loss": -0.3845070004463196,
      "reward_critic_loss": 0.0014958613319322467,
      "cost_critic_loss": 0.9442989230155945,
      "reward_critic_loss_last": 0.0013111488660797477,
      "cost_critic_loss_last": 0.9916549921035767,
      "critic_epochs": 8,
      "daily_voltage_cost": 0.01584697514772415,
      "daily_voltage_cost_raw": 0.01584697514772415,
      "daily_voltage_cost_normalized": 0.7923487424850464,
      "daily_economic_return_raw_yuan": -1015519.75,
      "daily_economic_return_normalized": -0.3222128450870514,
      "daily_economic_cost_raw_yuan": 1015519.75,
      "economic_reward_scale_yuan": 3151704.8194007874,
      "lagrange_multiplier": 0.0,
      "cost_budget": 1.0,
      "cost_budget_raw": 0.02,
      "cost_budget_normalized": 1.0,
      "algorithm_cost_mode": "separate_cost",
      "fixed_cost_penalty_coef": 0.0,
      "log_std_max": -2.3,
      "accepted": true,
      "mode": "reward",
      "reward_before": 2.549772943893913e-07,
      "reward_after": 0.3845070004463196,
      "cost_before": 0.7923346757888794,
      "cost_after": 0.5583757162094116,
      "kl_before": -2.384185791015625e-07,
      "kl_after": 0.019979095086455345,
      "cost_gap": -0.2076653242111206,
      "cost_recoverable": true,
      "cost_quadratic": 2585.780517578125,
      "reward_quadratic": 3.4411728382110596,
      "reward_cost_cross": -0.8902867436408997,
      "max_linear_cost_drop": 10.1701140948922,
      "rollout_wall_seconds": 1.8769978899508715,
      "update_wall_seconds": 1.4675993714481592,
      "total_wall_seconds": 3.3445992823690176
    },
    {
      "update": 869,
      "algorithm": "macpo",
      "actor_loss": -0.17449909448623657,
      "reward_critic_loss": 0.0010601701214909554,
      "cost_critic_loss": 0.1070956140756607,
      "reward_critic_loss_last": 0.0009142138296738267,
      "cost_critic_loss_last": 0.08667834848165512,
      "critic_epochs": 8,
      "daily_voltage_cost": 0.002922187792137265,
      "daily_voltage_cost_raw": 0.002922187792137265,
      "daily_voltage_cost_normalized": 0.14610938727855682,
      "daily_economic_return_raw_yuan": -906120.25,
      "daily_economic_return_normalized": -0.28750163316726685,
      "daily_economic_cost_raw_yuan": 906120.25,
      "economic_reward_scale_yuan": 3151704.8194007874,
      "lagrange_multiplier": 0.0,
      "cost_budget": 1.0,
      "cost_budget_raw": 0.02,
      "cost_budget_normalized": 1.0,
      "algorithm_cost_mode": "separate_cost",
      "fixed_cost_penalty_coef": 0.0,
      "log_std_max": -2.3,
      "accepted": true,
      "mode": "reward",
      "reward_before": 9.556227951179608e-07,
      "reward_after": 0.17449909448623657,
      "cost_before": 0.14610186219215393,
      "cost_after": -0.4906858801841736,
      "kl_before": -2.384185791015625e-07,
      "kl_after": 0.004987938329577446,
      "cost_gap": -0.8538981378078461,
      "cost_recoverable": true,
      "cost_quadratic": 339.412353515625,
      "reward_quadratic": 2.792332649230957,
      "reward_cost_cross": -9.608936309814453,
      "max_linear_cost_drop": 3.684629444140211,
      "rollout_wall_seconds": 1.979153722524643,
      "update_wall_seconds": 1.5317368488758802,
      "total_wall_seconds": 3.5108928102999926
    },
    {
      "update": 870,
      "algorithm": "macpo",
      "actor_loss": -0.28373783826828003,
      "reward_critic_loss": 0.000964679173193872,
      "cost_critic_loss": 0.15221846103668213,
      "reward_critic_loss_last": 0.0008749791304580867,
      "cost_critic_loss_last": 0.15190604329109192,
      "critic_epochs": 8,
      "daily_voltage_cost": 0.008456707932054996,
      "daily_voltage_cost_raw": 0.008456707932054996,
      "daily_voltage_cost_normalized": 0.42283543944358826,
      "daily_economic_return_raw_yuan": -1031254.875,
      "daily_economic_return_normalized": -0.3272054195404053,
      "daily_economic_cost_raw_yuan": 1031254.875,
      "economic_reward_scale_yuan": 3151704.8194007874,
      "lagrange_multiplier": 0.0,
      "cost_budget": 1.0,
      "cost_budget_raw": 0.02,
      "cost_budget_normalized": 1.0,
      "algorithm_cost_mode": "separate_cost",
      "fixed_cost_penalty_coef": 0.0,
      "log_std_max": -2.3,
      "accepted": true,
      "mode": "reward",
      "reward_before": 1.8133272305931314e-07,
      "reward_after": 0.28373783826828003,
      "cost_before": 0.4228375554084778,
      "cost_after": 0.5637945532798767,
      "kl_before": -2.384185791015625e-07,
      "kl_after": 0.019991684705018997,
      "cost_gap": -0.5771624445915222,
      "cost_recoverable": true,
      "cost_quadratic": 350.3194580078125,
      "reward_quadratic": 2.3043212890625,
      "reward_cost_cross": 1.3839495182037354,
      "max_linear_cost_drop": 3.7433645721880335,
      "rollout_wall_seconds": 1.7794397342950106,
      "update_wall_seconds": 1.4863400347530842,
      "total_wall_seconds": 3.265782115980983
    },
    {
      "update": 871,
      "algorithm": "macpo",
      "actor_loss": 0.024534564465284348,
      "reward_critic_loss": 0.0011052812915295362,
      "cost_critic_loss": 1.4642086029052734,
      "reward_critic_loss_last": 0.0009502627654001117,
      "cost_critic_loss_last": 1.3308048248291016,
      "critic_epochs": 8,
      "daily_voltage_cost": 0.026058226823806763,
      "daily_voltage_cost_raw": 0.026058226823806763,
      "daily_voltage_cost_normalized": 1.3029112815856934,
      "daily_economic_return_raw_yuan": -984689.375,
      "daily_economic_return_normalized": -0.3124307096004486,
      "daily_economic_cost_raw_yuan": 984689.375,
      "economic_reward_scale_yuan": 3151704.8194007874,
      "lagrange_multiplier": 0.0,
      "cost_budget": 1.0,
      "cost_budget_raw": 0.02,
      "cost_budget_normalized": 1.0,
      "algorithm_cost_mode": "separate_cost",
      "fixed_cost_penalty_coef": 0.0,
      "log_std_max": -2.3,
      "accepted": true,
      "mode": "cost_recovery",
      "reward_before": -4.782880864695471e-07,
      "reward_after": -0.024534564465284348,
      "cost_before": 1.3029201030731201,
      "cost_after": -9.96223258972168,
      "kl_before": -2.384185791015625e-07,
      "kl_after": 0.019921304658055305,
      "cost_gap": 0.3029201030731201,
      "cost_recoverable": true,
      "cost_quadratic": 4588.2431640625,
      "reward_quadratic": 2.846921682357788,
      "reward_cost_cross": 12.671930313110352,
      "max_linear_cost_drop": 13.547314367154105,
      "rollout_wall_seconds": 1.9084465000778437,
      "update_wall_seconds": 1.4499134253710508,
      "total_wall_seconds": 3.3583620227873325
    },
    {
      "update": 872,
      "algorithm": "macpo",
      "actor_loss": -0.29242104291915894,
      "reward_critic_loss": 0.0010213743662461638,
      "cost_critic_loss": 0.049753956496715546,
      "reward_critic_loss_last": 0.0009345964062958956,
      "cost_critic_loss_last": 0.05823173373937607,
      "critic_epochs": 8,
      "daily_voltage_cost": 0.0032308429945260286,
      "daily_voltage_cost_raw": 0.0032308429945260286,
      "daily_voltage_cost_normalized": 0.1615421622991562,
      "daily_economic_return_raw_yuan": -938150.125,
      "daily_economic_return_normalized": -0.2976643443107605,
      "daily_economic_cost_raw_yuan": 938150.125,
      "economic_reward_scale_yuan": 3151704.8194007874,
      "lagrange_multiplier": 0.0,
      "cost_budget": 1.0,
      "cost_budget_raw": 0.02,
      "cost_budget_normalized": 1.0,
      "algorithm_cost_mode": "separate_cost",
      "fixed_cost_penalty_coef": 0.0,
      "log_std_max": -2.3,
      "accepted": true,
      "mode": "reward",
      "reward_before": -8.713382726455166e-08,
      "reward_after": 0.29242104291915894,
      "cost_before": 0.16154512763023376,
      "cost_after": 0.056100085377693176,
      "kl_before": -2.384185791015625e-07,
      "kl_after": 0.019977539777755737,
      "cost_gap": -0.8384548723697662,
      "cost_recoverable": true,
      "cost_quadratic": 156.78265380859375,
      "reward_quadratic": 2.3296561241149902,
      "reward_cost_cross": -0.4752677083015442,
      "max_linear_cost_drop": 2.5042576050286343,
      "rollout_wall_seconds": 1.6352476552128792,
      "update_wall_seconds": 1.3633530884981155,
      "total_wall_seconds": 2.9986025914549828
    },
    {
      "update": 873,
      "algorithm": "macpo",
      "actor_loss": -0.1409381926059723,
      "reward_critic_loss": 0.000864779285620898,
      "cost_critic_loss": 0.29001927375793457,
      "reward_critic_loss_last": 0.0007245424203574657,
      "cost_critic_loss_last": 0.2775811553001404,
      "critic_epochs": 8,
      "daily_voltage_cost": 0.011355582624673843,
      "daily_voltage_cost_raw": 0.011355582624673843,
      "daily_voltage_cost_normalized": 0.5677791237831116,
      "daily_economic_return_raw_yuan": -1021902.4375,
      "daily_economic_return_normalized": -0.32423800230026245,
      "daily_economic_cost_raw_yuan": 1021902.4375,
      "economic_reward_scale_yuan": 3151704.8194007874,
      "lagrange_multiplier": 0.0,
      "cost_budget": 1.0,
      "cost_budget_raw": 0.02,
      "cost_budget_normalized": 1.0,
      "algorithm_cost_mode": "separate_cost",
      "fixed_cost_penalty_coef": 0.0,
      "log_std_max": -2.3,
      "accepted": true,
      "mode": "reward",
      "reward_before": -7.731833875368466e-07,
      "reward_after": 0.1409381926059723,
      "cost_before": 0.5677706003189087,
      "cost_after": 0.3813791275024414,
      "kl_before": -2.384185791015625e-07,
      "kl_after": 0.00500638410449028,
      "cost_gap": -0.4322293996810913,
      "cost_recoverable": true,
      "cost_quadratic": 801.7200927734375,
      "reward_quadratic": 2.1980392932891846,
      "reward_cost_cross": -2.5353195667266846,
      "max_linear_cost_drop": 5.662932430370108,
      "rollout_wall_seconds": 1.4204322881996632,
      "update_wall_seconds": 1.4859480950981379,
      "total_wall_seconds": 2.9063824601471424
    },
    {
      "update": 874,
      "algorithm": "macpo",
      "actor_loss": -0.04346400871872902,
      "reward_critic_loss": 0.0008550994098186493,
      "cost_critic_loss": 0.549352765083313,
      "reward_critic_loss_last": 0.0008056111983023584,
      "cost_critic_loss_last": 0.5119923949241638,
      "critic_epochs": 8,
      "daily_voltage_cost": 0.02366492711007595,
      "daily_voltage_cost_raw": 0.02366492711007595,
      "daily_voltage_cost_normalized": 1.183246374130249,
      "daily_economic_return_raw_yuan": -944697.3125,
      "daily_economic_return_normalized": -0.2997416853904724,
      "daily_economic_cost_raw_yuan": 944697.3125,
      "economic_reward_scale_yuan": 3151704.8194007874,
      "lagrange_multiplier": 0.0,
      "cost_budget": 1.0,
      "cost_budget_raw": 0.02,
      "cost_budget_normalized": 1.0,
      "algorithm_cost_mode": "separate_cost",
      "fixed_cost_penalty_coef": 0.0,
      "log_std_max": -2.3,
      "accepted": true,
      "mode": "cost_recovery",
      "reward_before": 2.8994028866691224e-07,
      "reward_after": 0.04346400871872902,
      "cost_before": 1.1832367181777954,
      "cost_after": -5.095340728759766,
      "kl_before": -2.384185791015625e-07,
      "kl_after": 0.0199242252856493,
      "cost_gap": 0.1832367181777954,
      "cost_recoverable": true,
      "cost_quadratic": 1414.712158203125,
      "reward_quadratic": 2.0300426483154297,
      "reward_cost_cross": -8.921481132507324,
      "max_linear_cost_drop": 7.522531909412216,
      "rollout_wall_seconds": 1.3535351175814867,
      "update_wall_seconds": 1.6077345367521048,
      "total_wall_seconds": 2.9612715896219015
    },
    {
      "update": 875,
      "algorithm": "macpo",
      "actor_loss": 0.14494554698467255,
      "reward_critic_loss": 0.0014272502157837152,
      "cost_critic_loss": 11.76623821258545,
      "reward_critic_loss_last": 0.0011440976522862911,
      "cost_critic_loss_last": 11.051241874694824,
      "critic_epochs": 8,
      "daily_voltage_cost": 0.047620709985494614,
      "daily_voltage_cost_raw": 0.047620709985494614,
      "daily_voltage_cost_normalized": 2.381035327911377,
      "daily_economic_return_raw_yuan": -963780.125,
      "daily_economic_return_normalized": -0.30579644441604614,
      "daily_economic_cost_raw_yuan": 963780.125,
      "economic_reward_scale_yuan": 3151704.8194007874,
      "lagrange_multiplier": 0.0,
      "cost_budget": 1.0,
      "cost_budget_raw": 0.02,
      "cost_budget_normalized": 1.0,
      "algorithm_cost_mode": "separate_cost",
      "fixed_cost_penalty_coef": 0.0,
      "log_std_max": -2.3,
      "accepted": true,
      "mode": "cost_recovery",
      "reward_before": 1.0476437637407798e-06,
      "reward_after": -0.14494554698467255,
      "cost_before": 2.381075620651245,
      "cost_after": -28.4652156829834,
      "kl_before": -2.384185791015625e-07,
      "kl_after": 0.019898010417819023,
      "cost_gap": 1.3810756206512451,
      "cost_recoverable": true,
      "cost_quadratic": 33092.90625,
      "reward_quadratic": 3.682992458343506,
      "reward_cost_cross": 152.28201293945312,
      "max_linear_cost_drop": 36.38291151076285,
      "rollout_wall_seconds": 2.141442036256194,
      "update_wall_seconds": 1.5859463308006525,
      "total_wall_seconds": 3.7273906469345093
    },
    {
      "update": 876,
      "algorithm": "macpo",
      "actor_loss": -0.14395099878311157,
      "reward_critic_loss": 0.0009355542133562267,
      "cost_critic_loss": 0.8156647682189941,
      "reward_critic_loss_last": 0.0007470002165064216,
      "cost_critic_loss_last": 0.8129578828811646,
      "critic_epochs": 8,
      "daily_voltage_cost": 0.015468357130885124,
      "daily_voltage_cost_raw": 0.015468357130885124,
      "daily_voltage_cost_normalized": 0.7734178304672241,
      "daily_economic_return_raw_yuan": -1077865.625,
      "daily_economic_return_normalized": -0.3419944643974304,
      "daily_economic_cost_raw_yuan": 1077865.625,
      "economic_reward_scale_yuan": 3151704.8194007874,
      "lagrange_multiplier": 0.0,
      "cost_budget": 1.0,
      "cost_budget_raw": 0.02,
      "cost_budget_normalized": 1.0,
      "algorithm_cost_mode": "separate_cost",
      "fixed_cost_penalty_coef": 0.0,
      "log_std_max": -2.3,
      "accepted": true,
      "mode": "reward",
      "reward_before": -9.61788828135468e-07,
      "reward_after": 0.14395099878311157,
      "cost_before": 0.7734143733978271,
      "cost_after": 0.6511878371238708,
      "kl_before": -2.384185791015625e-07,
      "kl_after": 0.005024958401918411,
      "cost_gap": -0.22658562660217285,
      "cost_recoverable": true,
      "cost_quadratic": 1942.141845703125,
      "reward_quadratic": 2.165501832962036,
      "reward_cost_cross": -1.9951436519622803,
      "max_linear_cost_drop": 8.813947686940569,
      "rollout_wall_seconds": 1.7518177758902311,
      "update_wall_seconds": 1.6147727128118277,
      "total_wall_seconds": 3.3665923923254013
    },
    {
      "update": 877,
      "algorithm": "macpo",
      "actor_loss": -0.06026989221572876,
      "reward_critic_loss": 0.0007498314371332526,
      "cost_critic_loss": 1.4802618026733398,
      "reward_critic_loss_last": 0.0007557484786957502,
      "cost_critic_loss_last": 1.4254564046859741,
      "critic_epochs": 8,
      "daily_voltage_cost": 0.017262209206819534,
      "daily_voltage_cost_raw": 0.017262209206819534,
      "daily_voltage_cost_normalized": 0.8631105422973633,
      "daily_economic_return_raw_yuan": -1094623.625,
      "daily_economic_return_normalized": -0.3473115861415863,
      "daily_economic_cost_raw_yuan": 1094623.625,
      "economic_reward_scale_yuan": 3151704.8194007874,
      "lagrange_multiplier": 0.0,
      "cost_budget": 1.0,
      "cost_budget_raw": 0.02,
      "cost_budget_normalized": 1.0,
      "algorithm_cost_mode": "separate_cost",
      "fixed_cost_penalty_coef": 0.0,
      "log_std_max": -2.3,
      "accepted": true,
      "mode": "constrained_reward",
      "reward_before": -1.6970979288544186e-07,
      "reward_after": 0.06026989221572876,
      "cost_before": 0.8631188869476318,
      "cost_after": 0.9862150549888611,
      "kl_before": -2.384185791015625e-07,
      "kl_after": 0.0011818530037999153,
      "cost_gap": -0.13688111305236816,
      "cost_recoverable": true,
      "cost_quadratic": 3335.65673828125,
      "reward_quadratic": 1.7191187143325806,
      "reward_cost_cross": 30.99664306640625,
      "max_linear_cost_drop": 11.551028938205029,
      "rollout_wall_seconds": 1.764395460486412,
      "update_wall_seconds": 1.6364030316472054,
      "total_wall_seconds": 3.4008001144975424
    },
    {
      "update": 878,
      "algorithm": "macpo",
      "actor_loss": -0.007401681505143642,
      "reward_critic_loss": 0.0004770380328409374,
      "cost_critic_loss": 2.1061487197875977,
      "reward_critic_loss_last": 0.00045697129098698497,
      "cost_critic_loss_last": 2.046283721923828,
      "critic_epochs": 8,
      "daily_voltage_cost": 0.025876998901367188,
      "daily_voltage_cost_raw": 0.025876998901367188,
      "daily_voltage_cost_normalized": 1.2938499450683594,
      "daily_economic_return_raw_yuan": -1047805.375,
      "daily_economic_return_normalized": -0.33245670795440674,
      "daily_economic_cost_raw_yuan": 1047805.375,
      "economic_reward_scale_yuan": 3151704.8194007874,
      "lagrange_multiplier": 0.0,
      "cost_budget": 1.0,
      "cost_budget_raw": 0.02,
      "cost_budget_normalized": 1.0,
      "algorithm_cost_mode": "separate_cost",
      "fixed_cost_penalty_coef": 0.0,
      "log_std_max": -2.3,
      "accepted": true,
      "mode": "cost_recovery",
      "reward_before": 2.8093433002140955e-07,
      "reward_after": 0.007401681505143642,
      "cost_before": 1.2938445806503296,
      "cost_after": -11.375158309936523,
      "kl_before": -2.384185791015625e-07,
      "kl_after": 0.01997317373752594,
      "cost_gap": 0.2938445806503296,
      "cost_recoverable": true,
      "cost_quadratic": 6399.25048828125,
      "reward_quadratic": 1.302207112312317,
      "reward_cost_cross": -2.087125778198242,
      "max_linear_cost_drop": 15.999063082919887,
      "rollout_wall_seconds": 1.5086936112493277,
      "update_wall_seconds": 1.3626951556652784,
      "total_wall_seconds": 2.871390664950013
    },
    {
      "update": 879,
      "algorithm": "macpo",
      "actor_loss": -0.305144339799881,
      "reward_critic_loss": 0.0009024911560118198,
      "cost_critic_loss": 0.16862457990646362,
      "reward_critic_loss_last": 0.0008688392117619514,
      "cost_critic_loss_last": 0.15477941930294037,
      "critic_epochs": 8,
      "daily_voltage_cost": 0.014727607369422913,
      "daily_voltage_cost_raw": 0.014727607369422913,
      "daily_voltage_cost_normalized": 0.7363804578781128,
      "daily_economic_return_raw_yuan": -1012094.1875,
      "daily_economic_return_normalized": -0.32112595438957214,
      "daily_economic_cost_raw_yuan": 1012094.1875,
      "economic_reward_scale_yuan": 3151704.8194007874,
      "lagrange_multiplier": 0.0,
      "cost_budget": 1.0,
      "cost_budget_raw": 0.02,
      "cost_budget_normalized": 1.0,
      "algorithm_cost_mode": "separate_cost",
      "fixed_cost_penalty_coef": 0.0,
      "log_std_max": -2.3,
      "accepted": true,
      "mode": "reward",
      "reward_before": -1.4944509985070908e-07,
      "reward_after": 0.305144339799881,
      "cost_before": 0.7363888025283813,
      "cost_after": 0.13260900974273682,
      "kl_before": -2.384185791015625e-07,
      "kl_after": 0.01990465074777603,
      "cost_gap": -0.26361119747161865,
      "cost_recoverable": true,
      "cost_quadratic": 602.484375,
      "reward_quadratic": 2.226436138153076,
      "reward_cost_cross": -4.252216339111328,
      "max_linear_cost_drop": 4.9091114267248,
      "rollout_wall_seconds": 1.6562985144555569,
      "update_wall_seconds": 1.5331054888665676,
      "total_wall_seconds": 3.1894059479236603
    },
    {
      "update": 880,
      "algorithm": "macpo",
      "actor_loss": -0.30356717109680176,
      "reward_critic_loss": 0.0008750873384997249,
      "cost_critic_loss": 0.1745644509792328,
      "reward_critic_loss_last": 0.0008228148217312992,
      "cost_critic_loss_last": 0.15623292326927185,
      "critic_epochs": 8,
      "daily_voltage_cost": 0.009954053908586502,
      "daily_voltage_cost_raw": 0.009954053908586502,
      "daily_voltage_cost_normalized": 0.4977027475833893,
      "daily_economic_return_raw_yuan": -1042676.1875,
      "daily_economic_return_normalized": -0.3308292627334595,
      "daily_economic_cost_raw_yuan": 1042676.1875,
      "economic_reward_scale_yuan": 3151704.8194007874,
      "lagrange_multiplier": 0.0,
      "cost_budget": 1.0,
      "cost_budget_raw": 0.02,
      "cost_budget_normalized": 1.0,
      "algorithm_cost_mode": "separate_cost",
      "fixed_cost_penalty_coef": 0.0,
      "log_std_max": -2.3,
      "accepted": true,
      "mode": "reward",
      "reward_before": 2.0386687538120896e-07,
      "reward_after": 0.30356717109680176,
      "cost_before": 0.4976966679096222,
      "cost_after": 0.4659614562988281,
      "kl_before": -2.384185791015625e-07,
      "kl_after": 0.019988423213362694,
      "cost_gap": -0.5023033320903778,
      "cost_recoverable": true,
      "cost_quadratic": 395.8648376464844,
      "reward_quadratic": 2.1517064571380615,
      "reward_cost_cross": 0.6706303358078003,
      "max_linear_cost_drop": 3.979270474076797,
      "rollout_wall_seconds": 1.772700596600771,
      "update_wall_seconds": 1.5047340765595436,
      "total_wall_seconds": 3.277436776086688
    },
    {
      "update": 881,
      "algorithm": "macpo",
      "actor_loss": 0.005701275542378426,
      "reward_critic_loss": 0.0009654566529206932,
      "cost_critic_loss": 8.503379821777344,
      "reward_critic_loss_last": 0.0008850706508383155,
      "cost_critic_loss_last": 8.474531173706055,
      "critic_epochs": 8,
      "daily_voltage_cost": 0.044614002108573914,
      "daily_voltage_cost_raw": 0.044614002108573914,
      "daily_voltage_cost_normalized": 2.2307000160217285,
      "daily_economic_return_raw_yuan": -1059221.625,
      "daily_economic_return_normalized": -0.336078941822052,
      "daily_economic_cost_raw_yuan": 1059221.625,
      "economic_reward_scale_yuan": 3151704.8194007874,
      "lagrange_multiplier": 0.0,
      "cost_budget": 1.0,
      "cost_budget_raw": 0.02,
      "cost_budget_normalized": 1.0,
      "algorithm_cost_mode": "separate_cost",
      "fixed_cost_penalty_coef": 0.0,
      "log_std_max": -2.3,
      "accepted": true,
      "mode": "cost_recovery",
      "reward_before": -4.10287327667902e-07,
      "reward_after": -0.005701275542378426,
      "cost_before": 2.230691432952881,
      "cost_after": -20.260831832885742,
      "kl_before": -2.384185791015625e-07,
      "kl_after": 0.019846275448799133,
      "cost_gap": 1.2306914329528809,
      "cost_recoverable": true,
      "cost_quadratic": 23683.625,
      "reward_quadratic": 2.5200986862182617,
      "reward_cost_cross": 16.93216323852539,
      "max_linear_cost_drop": 30.778970093230864,
      "rollout_wall_seconds": 1.9741249233484268,
      "update_wall_seconds": 1.465732991695404,
      "total_wall_seconds": 3.439860887825489
    },
    {
      "update": 882,
      "algorithm": "macpo",
      "actor_loss": -0.26902884244918823,
      "reward_critic_loss": 0.000833680562209338,
      "cost_critic_loss": 0.5028631687164307,
      "reward_critic_loss_last": 0.0008133864030241966,
      "cost_critic_loss_last": 0.4877750277519226,
      "critic_epochs": 8,
      "daily_voltage_cost": 0.01565026119351387,
      "daily_voltage_cost_raw": 0.01565026119351387,
      "daily_voltage_cost_normalized": 0.7825131416320801,
      "daily_economic_return_raw_yuan": -968096.125,
      "daily_economic_return_normalized": -0.30716586112976074,
      "daily_economic_cost_raw_yuan": 968096.125,
      "economic_reward_scale_yuan": 3151704.8194007874,
      "lagrange_multiplier": 0.0,
      "cost_budget": 1.0,
      "cost_budget_raw": 0.02,
      "cost_budget_normalized": 1.0,
      "algorithm_cost_mode": "separate_cost",
      "fixed_cost_penalty_coef": 0.0,
      "log_std_max": -2.3,
      "accepted": true,
      "mode": "constrained_reward",
      "reward_before": 1.0040196229965659e-08,
      "reward_after": 0.26902884244918823,
      "cost_before": 0.7825085520744324,
      "cost_after": 0.909373939037323,
      "kl_before": -2.384185791015625e-07,
      "kl_after": 0.019886543974280357,
      "cost_gap": -0.21749144792556763,
      "cost_recoverable": true,
      "cost_quadratic": 1145.5106201171875,
      "reward_quadratic": 2.0896754264831543,
      "reward_cost_cross": 3.7357900142669678,
      "max_linear_cost_drop": 6.769078578705339,
      "rollout_wall_seconds": 2.059083729982376,
      "update_wall_seconds": 1.7087533045560122,
      "total_wall_seconds": 3.7678392063826323
    },
    {
      "update": 883,
      "algorithm": "macpo",
      "actor_loss": -0.007832705043256283,
      "reward_critic_loss": 0.0008481249096803367,
      "cost_critic_loss": 2.7267777919769287,
      "reward_critic_loss_last": 0.0007416591979563236,
      "cost_critic_loss_last": 2.6110734939575195,
      "critic_epochs": 8,
      "daily_voltage_cost": 0.04967828094959259,
      "daily_voltage_cost_raw": 0.04967828094959259,
      "daily_voltage_cost_normalized": 2.4839138984680176,
      "daily_economic_return_raw_yuan": -1158124.125,
      "daily_economic_return_normalized": -0.36745959520339966,
      "daily_economic_cost_raw_yuan": 1158124.125,
      "economic_reward_scale_yuan": 3151704.8194007874,
      "lagrange_multiplier": 0.0,
      "cost_budget": 1.0,
      "cost_budget_raw": 0.02,
      "cost_budget_normalized": 1.0,
      "algorithm_cost_mode": "separate_cost",
      "fixed_cost_penalty_coef": 0.0,
      "log_std_max": -2.3,
      "accepted": true,
      "mode": "cost_recovery",
      "reward_before": -8.793410870566731e-07,
      "reward_after": 0.007832705043256283,
      "cost_before": 2.4838924407958984,
      "cost_after": -10.993257522583008,
      "kl_before": -2.384185791015625e-07,
      "kl_after": 0.019994700327515602,
      "cost_gap": 1.4838924407958984,
      "cost_recoverable": true,
      "cost_quadratic": 6354.763671875,
      "reward_quadratic": 2.162598133087158,
      "reward_cost_cross": -4.914902687072754,
      "max_linear_cost_drop": 15.943354316924653,
      "rollout_wall_seconds": 2.418567690998316,
      "update_wall_seconds": 1.841453142464161,
      "total_wall_seconds": 4.260022908449173
    },
    {
      "update": 884,
      "algorithm": "macpo",
      "actor_loss": 0.0036120470613241196,
      "reward_critic_loss": 0.0011545890010893345,
      "cost_critic_loss": 0.5590206384658813,
      "reward_critic_loss_last": 0.0011048319283872843,
      "cost_critic_loss_last": 0.5568389296531677,
      "critic_epochs": 8,
      "daily_voltage_cost": 0.021667782217264175,
      "daily_voltage_cost_raw": 0.021667782217264175,
      "daily_voltage_cost_normalized": 1.083389163017273,
      "daily_economic_return_raw_yuan": -934065.75,
      "daily_economic_return_normalized": -0.29636842012405396,
      "daily_economic_cost_raw_yuan": 934065.75,
      "economic_reward_scale_yuan": 3151704.8194007874,
      "lagrange_multiplier": 0.0,
      "cost_budget": 1.0,
      "cost_budget_raw": 0.02,
      "cost_budget_normalized": 1.0,
      "algorithm_cost_mode": "separate_cost",
      "fixed_cost_penalty_coef": 0.0,
      "log_std_max": -2.3,
      "accepted": true,
      "mode": "cost_recovery",
      "reward_before": 8.946367984208337e-07,
      "reward_after": -0.0036120470613241196,
      "cost_before": 1.0833789110183716,
      "cost_after": -2.1778812408447266,
      "kl_before": -2.384185791015625e-07,
      "kl_after": 0.005028234329074621,
      "cost_gap": 0.08337891101837158,
      "cost_recoverable": true,
      "cost_quadratic": 1123.5869140625,
      "reward_quadratic": 2.5840249061584473,
      "reward_cost_cross": 2.616895914077759,
      "max_linear_cost_drop": 6.703989600417053,
      "rollout_wall_seconds": 2.3571778684854507,
      "update_wall_seconds": 1.712600277736783,
      "total_wall_seconds": 4.069779880344868
    },
    {
      "update": 885,
      "algorithm": "macpo",
      "actor_loss": -0.29685544967651367,
      "reward_critic_loss": 0.0008024375420063734,
      "cost_critic_loss": 2.345024347305298,
      "reward_critic_loss_last": 0.0007206660229712725,
      "cost_critic_loss_last": 2.257554054260254,
      "critic_epochs": 8,
      "daily_voltage_cost": 0.018314441666007042,
      "daily_voltage_cost_raw": 0.018314441666007042,
      "daily_voltage_cost_normalized": 0.915722131729126,
      "daily_economic_return_raw_yuan": -974866.0,
      "daily_economic_return_normalized": -0.3093138635158539,
      "daily_economic_cost_raw_yuan": 974866.0,
      "economic_reward_scale_yuan": 3151704.8194007874,
      "lagrange_multiplier": 0.0,
      "cost_budget": 1.0,
      "cost_budget_raw": 0.02,
      "cost_budget_normalized": 1.0,
      "algorithm_cost_mode": "separate_cost",
      "fixed_cost_penalty_coef": 0.0,
      "log_std_max": -2.3,
      "accepted": true,
      "mode": "constrained_reward",
      "reward_before": 3.597022555368312e-07,
      "reward_after": 0.29685544967651367,
      "cost_before": 0.9157107472419739,
      "cost_after": 0.8038823008537292,
      "kl_before": -2.384185791015625e-07,
      "kl_after": 0.019910961389541626,
      "cost_gap": -0.08428925275802612,
      "cost_recoverable": true,
      "cost_quadratic": 5961.83740234375,
      "reward_quadratic": 1.867685079574585,
      "reward_cost_cross": 8.615189552307129,
      "max_linear_cost_drop": 15.442587091991744,
      "rollout_wall_seconds": 1.8753338046371937,
      "update_wall_seconds": 1.6696009319275618,
      "total_wall_seconds": 3.544936502352357
    },
    {
      "update": 886,
      "algorithm": "macpo",
      "actor_loss": -0.2807624340057373,
      "reward_critic_loss": 0.0008391211740672588,
      "cost_critic_loss": 3.7863643169403076,
      "reward_critic_loss_last": 0.0007467118557542562,
      "cost_critic_loss_last": 3.6933610439300537,
      "critic_epochs": 8,
      "daily_voltage_cost": 0.019240017980337143,
      "daily_voltage_cost_raw": 0.019240017980337143,
      "daily_voltage_cost_normalized": 0.9620007872581482,
      "daily_economic_return_raw_yuan": -993609.25,
      "daily_economic_return_normalized": -0.3152608871459961,
      "daily_economic_cost_raw_yuan": 993609.25,
      "economic_reward_scale_yuan": 3151704.8194007874,
      "lagrange_multiplier": 0.0,
      "cost_budget": 1.0,
      "cost_budget_raw": 0.02,
      "cost_budget_normalized": 1.0,
      "algorithm_cost_mode": "separate_cost",
      "fixed_cost_penalty_coef": 0.0,
      "log_std_max": -2.3,
      "accepted": true,
      "mode": "constrained_reward",
      "reward_before": 1.4629813449573703e-07,
      "reward_after": 0.2807624340057373,
      "cost_before": 0.9619991779327393,
      "cost_after": 0.9389036297798157,
      "kl_before": -2.384185791015625e-07,
      "kl_after": 0.01978069171309471,
      "cost_gap": -0.03800082206726074,
      "cost_recoverable": true,
      "cost_quadratic": 10625.658203125,
      "reward_quadratic": 2.2251009941101074,
      "reward_cost_cross": 22.567829132080078,
      "max_linear_cost_drop": 20.61616666902458,
      "rollout_wall_seconds": 1.7941404655575752,
      "update_wall_seconds": 1.5404071360826492,
      "total_wall_seconds": 3.334549482911825
    },
    {
      "update": 887,
      "algorithm": "macpo",
      "actor_loss": -0.2533542811870575,
      "reward_critic_loss": 0.0005714852013625205,
      "cost_critic_loss": 0.4802416265010834,
      "reward_critic_loss_last": 0.0005386881530284882,
      "cost_critic_loss_last": 0.4496396481990814,
      "critic_epochs": 8,
      "daily_voltage_cost": 0.011957520619034767,
      "daily_voltage_cost_raw": 0.011957520619034767,
      "daily_voltage_cost_normalized": 0.5978760719299316,
      "daily_economic_return_raw_yuan": -1044895.3125,
      "daily_economic_return_normalized": -0.33153337240219116,
      "daily_economic_cost_raw_yuan": 1044895.3125,
      "economic_reward_scale_yuan": 3151704.8194007874,
      "lagrange_multiplier": 0.0,
      "cost_budget": 1.0,
      "cost_budget_raw": 0.02,
      "cost_budget_normalized": 1.0,
      "algorithm_cost_mode": "separate_cost",
      "fixed_cost_penalty_coef": 0.0,
      "log_std_max": -2.3,
      "accepted": true,
      "mode": "constrained_reward",
      "reward_before": 5.357176178222289e-07,
      "reward_after": 0.2533542811870575,
      "cost_before": 0.597865879535675,
      "cost_after": 0.9672622680664062,
      "kl_before": -2.384185791015625e-07,
      "kl_after": 0.01999969780445099,
      "cost_gap": -0.40213412046432495,
      "cost_recoverable": true,
      "cost_quadratic": 1157.478515625,
      "reward_quadratic": 1.5695977210998535,
      "reward_cost_cross": 2.79079270362854,
      "max_linear_cost_drop": 6.804347185807027,
      "rollout_wall_seconds": 1.8508878611028194,
      "update_wall_seconds": 1.5913647022098303,
      "total_wall_seconds": 3.4422543831169605
    },
    {
      "update": 888,
      "algorithm": "macpo",
      "actor_loss": 0.07639066874980927,
      "reward_critic_loss": 0.0008596711559221148,
      "cost_critic_loss": 2.027259588241577,
      "reward_critic_loss_last": 0.0007502381922677159,
      "cost_critic_loss_last": 1.9658665657043457,
      "critic_epochs": 8,
      "daily_voltage_cost": 0.03220275789499283,
      "daily_voltage_cost_raw": 0.03220275789499283,
      "daily_voltage_cost_normalized": 1.610137939453125,
      "daily_economic_return_raw_yuan": -968620.4375,
      "daily_economic_return_normalized": -0.30733221769332886,
      "daily_economic_cost_raw_yuan": 968620.4375,
      "economic_reward_scale_yuan": 3151704.8194007874,
      "lagrange_multiplier": 0.0,
      "cost_budget": 1.0,
      "cost_budget_raw": 0.02,
      "cost_budget_normalized": 1.0,
      "algorithm_cost_mode": "separate_cost",
      "fixed_cost_penalty_coef": 0.0,
      "log_std_max": -2.3,
      "accepted": true,
      "mode": "cost_recovery",
      "reward_before": 1.6581034856244514e-07,
      "reward_after": -0.07639066874980927,
      "cost_before": 1.6101208925247192,
      "cost_after": -9.924625396728516,
      "kl_before": -2.384185791015625e-07,
      "kl_after": 0.01994556188583374,
      "cost_gap": 0.6101208925247192,
      "cost_recoverable": true,
      "cost_quadratic": 5077.677734375,
      "reward_quadratic": 2.312147855758667,
      "reward_cost_cross": 32.198246002197266,
      "max_linear_cost_drop": 14.251565155273298,
      "rollout_wall_seconds": 1.961469305679202,
      "update_wall_seconds": 1.742265846580267,
      "total_wall_seconds": 3.7037368789315224
    },
    {
      "update": 889,
      "algorithm": "macpo",
      "actor_loss": -0.3090879023075104,
      "reward_critic_loss": 0.001155730802565813,
      "cost_critic_loss": 0.09389772266149521,
      "reward_critic_loss_last": 0.0010132902534678578,
      "cost_critic_loss_last": 0.0890338271856308,
      "critic_epochs": 8,
      "daily_voltage_cost": 0.003486963687464595,
      "daily_voltage_cost_raw": 0.003486963687464595,
      "daily_voltage_cost_normalized": 0.17434817552566528,
      "daily_economic_return_raw_yuan": -961372.9375,
      "daily_economic_return_normalized": -0.3050326704978943,
      "daily_economic_cost_raw_yuan": 961372.9375,
      "economic_reward_scale_yuan": 3151704.8194007874,
      "lagrange_multiplier": 0.0,
      "cost_budget": 1.0,
      "cost_budget_raw": 0.02,
      "cost_budget_normalized": 1.0,
      "algorithm_cost_mode": "separate_cost",
      "fixed_cost_penalty_coef": 0.0,
      "log_std_max": -2.3,
      "accepted": true,
      "mode": "reward",
      "reward_before": -1.1097607739429804e-06,
      "reward_after": 0.3090879023075104,
      "cost_before": 0.1743396669626236,
      "cost_after": 0.7552580237388611,
      "kl_before": -2.384185791015625e-07,
      "kl_after": 0.019846132025122643,
      "cost_gap": -0.8256603330373764,
      "cost_recoverable": true,
      "cost_quadratic": 269.99884033203125,
      "reward_quadratic": 2.938262701034546,
      "reward_cost_cross": 6.258220672607422,
      "max_linear_cost_drop": 3.2863282875089106,
      "rollout_wall_seconds": 2.078921841457486,
      "update_wall_seconds": 1.6573479436337948,
      "total_wall_seconds": 3.736271670088172
    },
    {
      "update": 890,
      "algorithm": "macpo",
      "actor_loss": -0.2509509325027466,
      "reward_critic_loss": 0.0006817309185862541,
      "cost_critic_loss": 0.3839759826660156,
      "reward_critic_loss_last": 0.0006456502014771104,
      "cost_critic_loss_last": 0.36240458488464355,
      "critic_epochs": 8,
      "daily_voltage_cost": 0.0072800274938344955,
      "daily_voltage_cost_raw": 0.0072800274938344955,
      "daily_voltage_cost_normalized": 0.36400139331817627,
      "daily_economic_return_raw_yuan": -895932.25,
      "daily_economic_return_normalized": -0.2842690944671631,
      "daily_economic_cost_raw_yuan": 895932.25,
      "economic_reward_scale_yuan": 3151704.8194007874,
      "lagrange_multiplier": 0.0,
      "cost_budget": 1.0,
      "cost_budget_raw": 0.02,
      "cost_budget_normalized": 1.0,
      "algorithm_cost_mode": "separate_cost",
      "fixed_cost_penalty_coef": 0.0,
      "log_std_max": -2.3,
      "accepted": true,
      "mode": "reward",
      "reward_before": 5.284054509502312e-07,
      "reward_after": 0.2509509325027466,
      "cost_before": 0.36400896310806274,
      "cost_after": -0.9064899682998657,
      "kl_before": -2.384185791015625e-07,
      "kl_after": 0.01993434503674507,
      "cost_gap": -0.6359910368919373,
      "cost_recoverable": true,
      "cost_quadratic": 918.9820556640625,
      "reward_quadratic": 1.498060941696167,
      "reward_cost_cross": -6.772390842437744,
      "max_linear_cost_drop": 6.062943363298267,
      "rollout_wall_seconds": 1.9619699474424124,
      "update_wall_seconds": 1.7015961278229952,
      "total_wall_seconds": 3.663567630574107
    },
    {
      "update": 891,
      "algorithm": "macpo",
      "actor_loss": -0.2475603073835373,
      "reward_critic_loss": 0.0006655465695075691,
      "cost_critic_loss": 0.04588210582733154,
      "reward_critic_loss_last": 0.0006173340952955186,
      "cost_critic_loss_last": 0.035068538039922714,
      "critic_epochs": 8,
      "daily_voltage_cost": 0.0025333287194371223,
      "daily_voltage_cost_raw": 0.0025333287194371223,
      "daily_voltage_cost_normalized": 0.12666642665863037,
      "daily_economic_return_raw_yuan": -992355.375,
      "daily_economic_return_normalized": -0.31486305594444275,
      "daily_economic_cost_raw_yuan": 992355.375,
      "economic_reward_scale_yuan": 3151704.8194007874,
      "lagrange_multiplier": 0.0,
      "cost_budget": 1.0,
      "cost_budget_raw": 0.02,
      "cost_budget_normalized": 1.0,
      "algorithm_cost_mode": "separate_cost",
      "fixed_cost_penalty_coef": 0.0,
      "log_std_max": -2.3,
      "accepted": true,
      "mode": "reward",
      "reward_before": 2.107771592818608e-07,
      "reward_after": 0.2475603073835373,
      "cost_before": 0.1266627013683319,
      "cost_after": -0.2780333459377289,
      "kl_before": -2.384185791015625e-07,
      "kl_after": 0.019990243017673492,
      "cost_gap": -0.8733372986316681,
      "cost_recoverable": true,
      "cost_quadratic": 112.85064697265625,
      "reward_quadratic": 1.508399486541748,
      "reward_cost_cross": -1.8963223695755005,
      "max_linear_cost_drop": 2.1246237028957036,
      "rollout_wall_seconds": 2.3359266351908445,
      "update_wall_seconds": 2.073932843282819,
      "total_wall_seconds": 4.409861478954554
    },
    {
      "update": 892,
      "algorithm": "macpo",
      "actor_loss": -0.24853730201721191,
      "reward_critic_loss": 0.0008303694194182754,
      "cost_critic_loss": 0.554715096950531,
      "reward_critic_loss_last": 0.0008165566250681877,
      "cost_critic_loss_last": 0.5031044483184814,
      "critic_epochs": 8,
      "daily_voltage_cost": 0.015115100890398026,
      "daily_voltage_cost_raw": 0.015115100890398026,
      "daily_voltage_cost_normalized": 0.7557550668716431,
      "daily_economic_return_raw_yuan": -1078206.375,
      "daily_economic_return_normalized": -0.342102587223053,
      "daily_economic_cost_raw_yuan": 1078206.375,
      "economic_reward_scale_yuan": 3151704.8194007874,
      "lagrange_multiplier": 0.0,
      "cost_budget": 1.0,
      "cost_budget_raw": 0.02,
      "cost_budget_normalized": 1.0,
      "algorithm_cost_mode": "separate_cost",
      "fixed_cost_penalty_coef": 0.0,
      "log_std_max": -2.3,
      "accepted": true,
      "mode": "reward",
      "reward_before": 3.352868134243181e-07,
      "reward_after": 0.24853730201721191,
      "cost_before": 0.7557351589202881,
      "cost_after": 0.5882387757301331,
      "kl_before": -2.384185791015625e-07,
      "kl_after": 0.019922660663723946,
      "cost_gap": -0.24426484107971191,
      "cost_recoverable": true,
      "cost_quadratic": 1551.4814453125,
      "reward_quadratic": 1.7170476913452148,
      "reward_cost_cross": -1.144974946975708,
      "max_linear_cost_drop": 7.877769850186028,
      "rollout_wall_seconds": 1.8240727484226227,
      "update_wall_seconds": 1.8844779767096043,
      "total_wall_seconds": 3.7085529677569866
    },
    {
      "update": 893,
      "algorithm": "macpo",
      "actor_loss": -0.12273845821619034,
      "reward_critic_loss": 0.0007845539366826415,
      "cost_critic_loss": 0.4523693323135376,
      "reward_critic_loss_last": 0.0006816177628934383,
      "cost_critic_loss_last": 0.44514596462249756,
      "critic_epochs": 8,
      "daily_voltage_cost": 0.01894647628068924,
      "daily_voltage_cost_raw": 0.01894647628068924,
      "daily_voltage_cost_normalized": 0.9473237991333008,
      "daily_economic_return_raw_yuan": -871130.5625,
      "daily_economic_return_normalized": -0.27639979124069214,
      "daily_economic_cost_raw_yuan": 871130.5625,
      "economic_reward_scale_yuan": 3151704.8194007874,
      "lagrange_multiplier": 0.0,
      "cost_budget": 1.0,
      "cost_budget_raw": 0.02,
      "cost_budget_normalized": 1.0,
      "algorithm_cost_mode": "separate_cost",
      "fixed_cost_penalty_coef": 0.0,
      "log_std_max": -2.3,
      "accepted": true,
      "mode": "constrained_reward",
      "reward_before": 1.5989411394912167e-07,
      "reward_after": 0.12273845821619034,
      "cost_before": 0.9473220705986023,
      "cost_after": 0.996048092842102,
      "kl_before": -2.384185791015625e-07,
      "kl_after": 0.004969825968146324,
      "cost_gap": -0.052677929401397705,
      "cost_recoverable": true,
      "cost_quadratic": 1102.6234130859375,
      "reward_quadratic": 1.5148108005523682,
      "reward_cost_cross": 5.034310340881348,
      "max_linear_cost_drop": 6.641154758280935,
      "rollout_wall_seconds": 1.7179284393787384,
      "update_wall_seconds": 1.5706225130707026,
      "total_wall_seconds": 3.2885539159178734
    },
    {
      "update": 894,
      "algorithm": "macpo",
      "actor_loss": -0.14695695042610168,
      "reward_critic_loss": 0.0009571093833073974,
      "cost_critic_loss": 0.04466366767883301,
      "reward_critic_loss_last": 0.0008237202418968081,
      "cost_critic_loss_last": 0.04496508464217186,
      "critic_epochs": 8,
      "daily_voltage_cost": 0.0025763092562556267,
      "daily_voltage_cost_raw": 0.0025763092562556267,
      "daily_voltage_cost_normalized": 0.12881547212600708,
      "daily_economic_return_raw_yuan": -779455.1875,
      "daily_economic_return_normalized": -0.2473122477531433,
      "daily_economic_cost_raw_yuan": 779455.1875,
      "economic_reward_scale_yuan": 3151704.8194007874,
      "lagrange_multiplier": 0.0,
      "cost_budget": 1.0,
      "cost_budget_raw": 0.02,
      "cost_budget_normalized": 1.0,
      "algorithm_cost_mode": "separate_cost",
      "fixed_cost_penalty_coef": 0.0,
      "log_std_max": -2.3,
      "accepted": true,
      "mode": "reward",
      "reward_before": -7.681323666020035e-08,
      "reward_after": 0.14695695042610168,
      "cost_before": 0.1288156360387802,
      "cost_after": 0.10155192762613297,
      "kl_before": -2.384185791015625e-07,
      "kl_after": 0.005000963807106018,
      "cost_gap": -0.8711843639612198,
      "cost_recoverable": true,
      "cost_quadratic": 147.78463745117188,
      "reward_quadratic": 2.1513752937316895,
      "reward_cost_cross": -0.23798102140426636,
      "max_linear_cost_drop": 2.431334098400891,
      "rollout_wall_seconds": 2.1798327937722206,
      "update_wall_seconds": 1.6578686330467463,
      "total_wall_seconds": 3.8377034068107605
    },
    {
      "update": 895,
      "algorithm": "macpo",
      "actor_loss": -0.29952946305274963,
      "reward_critic_loss": 0.00100785493850708,
      "cost_critic_loss": 0.2555168867111206,
      "reward_critic_loss_last": 0.0008778533665463328,
      "cost_critic_loss_last": 0.24496446549892426,
      "critic_epochs": 8,
      "daily_voltage_cost": 0.012833282351493835,
      "daily_voltage_cost_raw": 0.012833282351493835,
      "daily_voltage_cost_normalized": 0.6416641473770142,
      "daily_economic_return_raw_yuan": -898971.6875,
      "daily_economic_return_normalized": -0.2852334678173065,
      "daily_economic_cost_raw_yuan": 898971.6875,
      "economic_reward_scale_yuan": 3151704.8194007874,
      "lagrange_multiplier": 0.0,
      "cost_budget": 1.0,
      "cost_budget_raw": 0.02,
      "cost_budget_normalized": 1.0,
      "algorithm_cost_mode": "separate_cost",
      "fixed_cost_penalty_coef": 0.0,
      "log_std_max": -2.3,
      "accepted": true,
      "mode": "reward",
      "reward_before": 6.144713893263543e-08,
      "reward_after": 0.29952946305274963,
      "cost_before": 0.641670286655426,
      "cost_after": 0.9706434011459351,
      "kl_before": -2.384185791015625e-07,
      "kl_after": 0.019838888198137283,
      "cost_gap": -0.358329713344574,
      "cost_recoverable": true,
      "cost_quadratic": 707.9292602539062,
      "reward_quadratic": 2.602254629135132,
      "reward_cost_cross": 1.3224672079086304,
      "max_linear_cost_drop": 5.32138801537308,
      "rollout_wall_seconds": 2.3668225277215242,
      "update_wall_seconds": 1.628159238025546,
      "total_wall_seconds": 3.994984829798341
    },
    {
      "update": 896,
      "algorithm": "macpo",
      "actor_loss": -0.16557976603507996,
      "reward_critic_loss": 0.0010646504815667868,
      "cost_critic_loss": 0.16475161910057068,
      "reward_critic_loss_last": 0.000884257722645998,
      "cost_critic_loss_last": 0.1458522081375122,
      "critic_epochs": 8,
      "daily_voltage_cost": 0.003214955562725663,
      "daily_voltage_cost_raw": 0.003214955562725663,
      "daily_voltage_cost_normalized": 0.16074776649475098,
      "daily_economic_return_raw_yuan": -880535.5625,
      "daily_economic_return_normalized": -0.27938389778137207,
      "daily_economic_cost_raw_yuan": 880535.5625,
      "economic_reward_scale_yuan": 3151704.8194007874,
      "lagrange_multiplier": 0.0,
      "cost_budget": 1.0,
      "cost_budget_raw": 0.02,
      "cost_budget_normalized": 1.0,
      "algorithm_cost_mode": "separate_cost",
      "fixed_cost_penalty_coef": 0.0,
      "log_std_max": -2.3,
      "accepted": true,
      "mode": "reward",
      "reward_before": 3.6348319554235786e-07,
      "reward_after": 0.16557976603507996,
      "cost_before": 0.16074690222740173,
      "cost_after": -0.40427327156066895,
      "kl_before": -2.384185791015625e-07,
      "kl_after": 0.005023881793022156,
      "cost_gap": -0.8392530977725983,
      "cost_recoverable": true,
      "cost_quadratic": 498.6776428222656,
      "reward_quadratic": 2.730778217315674,
      "reward_cost_cross": -8.168142318725586,
      "max_linear_cost_drop": 4.466218278688428,
      "rollout_wall_seconds": 1.867129396647215,
      "update_wall_seconds": 1.5211913883686066,
      "total_wall_seconds": 3.388322990387678
    },
    {
      "update": 897,
      "algorithm": "macpo",
      "actor_loss": 0.02241249941289425,
      "reward_critic_loss": 0.0010701845167204738,
      "cost_critic_loss": 28.350120544433594,
      "reward_critic_loss_last": 0.0010622021509334445,
      "cost_critic_loss_last": 28.0534725189209,
      "critic_epochs": 8,
      "daily_voltage_cost": 0.06060459464788437,
      "daily_voltage_cost_raw": 0.06060459464788437,
      "daily_voltage_cost_normalized": 3.0302298069000244,
      "daily_economic_return_raw_yuan": -933724.25,
      "daily_economic_return_normalized": -0.2962600588798523,
      "daily_economic_cost_raw_yuan": 933724.25,
      "economic_reward_scale_yuan": 3151704.8194007874,
      "lagrange_multiplier": 0.0,
      "cost_budget": 1.0,
      "cost_budget_raw": 0.02,
      "cost_budget_normalized": 1.0,
      "algorithm_cost_mode": "separate_cost",
      "fixed_cost_penalty_coef": 0.0,
      "log_std_max": -2.3,
      "accepted": true,
      "mode": "cost_recovery",
      "reward_before": -1.6488715459672676e-07,
      "reward_after": -0.02241249941289425,
      "cost_before": 3.0302908420562744,
      "cost_after": -36.542808532714844,
      "kl_before": -2.384185791015625e-07,
      "kl_after": 0.019748400896787643,
      "cost_gap": 2.0302908420562744,
      "cost_recoverable": true,
      "cost_quadratic": 97142.4765625,
      "reward_quadratic": 2.5181899070739746,
      "reward_cost_cross": 60.711334228515625,
      "max_linear_cost_drop": 62.335375690694285,
      "rollout_wall_seconds": 1.7281628903001547,
      "update_wall_seconds": 1.3487604260444641,
      "total_wall_seconds": 3.0769253466278315
    },
    {
      "update": 898,
      "algorithm": "macpo",
      "actor_loss": 0.06859247386455536,
      "reward_critic_loss": 0.0013952141162008047,
      "cost_critic_loss": 0.8645841479301453,
      "reward_critic_loss_last": 0.001289541251026094,
      "cost_critic_loss_last": 0.8478589057922363,
      "critic_epochs": 8,
      "daily_voltage_cost": 0.02026941627264023,
      "daily_voltage_cost_raw": 0.02026941627264023,
      "daily_voltage_cost_normalized": 1.0134708881378174,
      "daily_economic_return_raw_yuan": -1097906.625,
      "daily_economic_return_normalized": -0.3483532667160034,
      "daily_economic_cost_raw_yuan": 1097906.625,
      "economic_reward_scale_yuan": 3151704.8194007874,
      "lagrange_multiplier": 0.0,
      "cost_budget": 1.0,
      "cost_budget_raw": 0.02,
      "cost_budget_normalized": 1.0,
      "algorithm_cost_mode": "separate_cost",
      "fixed_cost_penalty_coef": 0.0,
      "log_std_max": -2.3,
      "accepted": true,
      "mode": "cost_recovery",
      "reward_before": 2.767467606190621e-07,
      "reward_after": -0.06859247386455536,
      "cost_before": 1.0134406089782715,
      "cost_after": -8.52884578704834,
      "kl_before": -2.384185791015625e-07,
      "kl_after": 0.01995093934237957,
      "cost_gap": 0.013440608978271484,
      "cost_recoverable": true,
      "cost_quadratic": 2113.7255859375,
      "reward_quadratic": 3.0701136589050293,
      "reward_cost_cross": 10.762035369873047,
      "max_linear_cost_drop": 9.19505429225407,
      "rollout_wall_seconds": 1.839275835081935,
      "update_wall_seconds": 1.5578679777681828,
      "total_wall_seconds": 3.397146062925458
    },
    {
      "update": 899,
      "algorithm": "macpo",
      "actor_loss": 0.01833517849445343,
      "reward_critic_loss": 0.000902526720892638,
      "cost_critic_loss": 3.1968374252319336,
      "reward_critic_loss_last": 0.0007385639473795891,
      "cost_critic_loss_last": 3.1421010494232178,
      "critic_epochs": 8,
      "daily_voltage_cost": 0.02103457972407341,
      "daily_voltage_cost_raw": 0.02103457972407341,
      "daily_voltage_cost_normalized": 1.0517289638519287,
      "daily_economic_return_raw_yuan": -918196.875,
      "daily_economic_return_normalized": -0.29133340716362,
      "daily_economic_cost_raw_yuan": 918196.875,
      "economic_reward_scale_yuan": 3151704.8194007874,
      "lagrange_multiplier": 0.0,
      "cost_budget": 1.0,
      "cost_budget_raw": 0.02,
      "cost_budget_normalized": 1.0,
      "algorithm_cost_mode": "separate_cost",
      "fixed_cost_penalty_coef": 0.0,
      "log_std_max": -2.3,
      "accepted": true,
      "mode": "cost_recovery",
      "reward_before": 2.6977281208928616e-07,
      "reward_after": -0.01833517849445343,
      "cost_before": 1.0517206192016602,
      "cost_after": -6.853213310241699,
      "kl_before": -2.384185791015625e-07,
      "kl_after": 0.00498922448605299,
      "cost_gap": 0.051720619201660156,
      "cost_recoverable": true,
      "cost_quadratic": 8054.64599609375,
      "reward_quadratic": 2.253032684326172,
      "reward_cost_cross": 20.3966121673584,
      "max_linear_cost_drop": 17.949535922796166,
      "rollout_wall_seconds": 1.8138939086347818,
      "update_wall_seconds": 1.542793931439519,
      "total_wall_seconds": 3.35669007897377
    },
    {
      "update": 900,
      "algorithm": "macpo",
      "actor_loss": -0.28244876861572266,
      "reward_critic_loss": 0.001009916653856635,
      "cost_critic_loss": 0.02330460399389267,
      "reward_critic_loss_last": 0.0009695494081825018,
      "cost_critic_loss_last": 0.021551664918661118,
      "critic_epochs": 8,
      "daily_voltage_cost": 0.00012005994358332828,
      "daily_voltage_cost_raw": 0.00012005994358332828,
      "daily_voltage_cost_normalized": 0.006002997513860464,
      "daily_economic_return_raw_yuan": -877914.375,
      "daily_economic_return_normalized": -0.27855223417282104,
      "daily_economic_cost_raw_yuan": 877914.375,
      "economic_reward_scale_yuan": 3151704.8194007874,
      "lagrange_multiplier": 0.0,
      "cost_budget": 1.0,
      "cost_budget_raw": 0.02,
      "cost_budget_normalized": 1.0,
      "algorithm_cost_mode": "separate_cost",
      "fixed_cost_penalty_coef": 0.0,
      "log_std_max": -2.3,
      "accepted": true,
      "mode": "reward",
      "reward_before": -5.157952500667307e-07,
      "reward_after": 0.28244876861572266,
      "cost_before": 0.006005279254168272,
      "cost_after": 0.011767517775297165,
      "kl_before": -2.384185791015625e-07,
      "kl_after": 0.01993516832590103,
      "cost_gap": -0.9939947207458317,
      "cost_recoverable": true,
      "cost_quadratic": 54.286895751953125,
      "reward_quadratic": 2.1481337547302246,
      "reward_cost_cross": 0.19698351621627808,
      "max_linear_cost_drop": 1.4735928304922377,
      "rollout_wall_seconds": 1.4798297304660082,
      "update_wall_seconds": 1.5293667986989021,
      "total_wall_seconds": 3.0091983769088984
    },
    {
      "update": 901,
      "algorithm": "macpo",
      "actor_loss": 0.009295022115111351,
      "reward_critic_loss": 0.0006299796514213085,
      "cost_critic_loss": 4.144585132598877,
      "reward_critic_loss_last": 0.0005971485516056418,
      "cost_critic_loss_last": 4.067694664001465,
      "critic_epochs": 8,
      "daily_voltage_cost": 0.035906754434108734,
      "daily_voltage_cost_raw": 0.035906754434108734,
      "daily_voltage_cost_normalized": 1.7953376770019531,
      "daily_economic_return_raw_yuan": -962198.5625,
      "daily_economic_return_normalized": -0.30529463291168213,
      "daily_economic_cost_raw_yuan": 962198.5625,
      "economic_reward_scale_yuan": 3151704.8194007874,
      "lagrange_multiplier": 0.0,
      "cost_budget": 1.0,
      "cost_budget_raw": 0.02,
      "cost_budget_normalized": 1.0,
      "algorithm_cost_mode": "separate_cost",
      "fixed_cost_penalty_coef": 0.0,
      "log_std_max": -2.3,
      "accepted": true,
      "mode": "cost_recovery",
      "reward_before": -1.4101989620485256e-07,
      "reward_after": -0.009295022115111351,
      "cost_before": 1.7953712940216064,
      "cost_after": -8.705096244812012,
      "kl_before": -2.384185791015625e-07,
      "kl_after": 0.005046110134571791,
      "cost_gap": 0.7953712940216064,
      "cost_recoverable": true,
      "cost_quadratic": 14181.134765625,
      "reward_quadratic": 1.5555474758148193,
      "reward_cost_cross": 15.236164093017578,
      "max_linear_cost_drop": 23.816913960985794,
      "rollout_wall_seconds": 1.376055732369423,
      "update_wall_seconds": 1.659064568579197,
      "total_wall_seconds": 3.0351222082972527
    },
    {
      "update": 902,
      "algorithm": "macpo",
      "actor_loss": -0.26015612483024597,
      "reward_critic_loss": 0.0008709514513611794,
      "cost_critic_loss": 1.1562349796295166,
      "reward_critic_loss_last": 0.0008214556146413088,
      "cost_critic_loss_last": 1.1139801740646362,
      "critic_epochs": 8,
      "daily_voltage_cost": 0.015422452241182327,
      "daily_voltage_cost_raw": 0.015422452241182327,
      "daily_voltage_cost_normalized": 0.7711225748062134,
      "daily_economic_return_raw_yuan": -998405.375,
      "daily_economic_return_normalized": -0.3167826533317566,
      "daily_economic_cost_raw_yuan": 998405.375,
      "economic_reward_scale_yuan": 3151704.8194007874,
      "lagrange_multiplier": 0.0,
      "cost_budget": 1.0,
      "cost_budget_raw": 0.02,
      "cost_budget_normalized": 1.0,
      "algorithm_cost_mode": "separate_cost",
      "fixed_cost_penalty_coef": 0.0,
      "log_std_max": -2.3,
      "accepted": true,
      "mode": "reward",
      "reward_before": 3.531652623678383e-07,
      "reward_after": 0.26015612483024597,
      "cost_before": 0.7711279392242432,
      "cost_after": -2.1917848587036133,
      "kl_before": -2.384185791015625e-07,
      "kl_after": 0.01994265243411064,
      "cost_gap": -0.22887206077575684,
      "cost_recoverable": true,
      "cost_quadratic": 3050.696533203125,
      "reward_quadratic": 1.9075217247009277,
      "reward_cost_cross": -24.888469696044922,
      "max_linear_cost_drop": 11.046622168252384,
      "rollout_wall_seconds": 2.116475485265255,
      "update_wall_seconds": 1.7678257524967194,
      "total_wall_seconds": 3.8843034859746695
    },
    {
      "update": 903,
      "algorithm": "macpo",
      "actor_loss": -0.06383679807186127,
      "reward_critic_loss": 0.0007623314741067588,
      "cost_critic_loss": 2.659465789794922,
      "reward_critic_loss_last": 0.0007361407624557614,
      "cost_critic_loss_last": 2.638242721557617,
      "critic_epochs": 8,
      "daily_voltage_cost": 0.014199318364262581,
      "daily_voltage_cost_raw": 0.014199318364262581,
      "daily_voltage_cost_normalized": 0.7099659442901611,
      "daily_economic_return_raw_yuan": -1024581.0,
      "daily_economic_return_normalized": -0.32508787512779236,
      "daily_economic_cost_raw_yuan": 1024581.0,
      "economic_reward_scale_yuan": 3151704.8194007874,
      "lagrange_multiplier": 0.0,
      "cost_budget": 1.0,
      "cost_budget_raw": 0.02,
      "cost_budget_normalized": 1.0,
      "algorithm_cost_mode": "separate_cost",
      "fixed_cost_penalty_coef": 0.0,
      "log_std_max": -2.3,
      "accepted": true,
      "mode": "constrained_reward",
      "reward_before": 1.4805294767938904e-07,
      "reward_after": 0.06383679807186127,
      "cost_before": 0.7099692225456238,
      "cost_after": 0.8586801886558533,
      "kl_before": -2.384185791015625e-07,
      "kl_after": 0.0012624661903828382,
      "cost_gap": -0.2900307774543762,
      "cost_recoverable": true,
      "cost_quadratic": 8522.921875,
      "reward_quadratic": 1.675640344619751,
      "reward_cost_cross": 25.323684692382812,
      "max_linear_cost_drop": 18.463934439874944,
      "rollout_wall_seconds": 1.861598901450634,
      "update_wall_seconds": 2.050546880811453,
      "total_wall_seconds": 3.912147641181946
    },
    {
      "update": 904,
      "algorithm": "macpo",
      "actor_loss": -0.04072447493672371,
      "reward_critic_loss": 0.0008213915280066431,
      "cost_critic_loss": 1.3481615781784058,
      "reward_critic_loss_last": 0.0007617060909979045,
      "cost_critic_loss_last": 1.3329941034317017,
      "critic_epochs": 8,
      "daily_voltage_cost": 0.0220827367156744,
      "daily_voltage_cost_raw": 0.0220827367156744,
      "daily_voltage_cost_normalized": 1.1041368246078491,
      "daily_economic_return_raw_yuan": -927485.5,
      "daily_economic_return_normalized": -0.2942805886268616,
      "daily_economic_cost_raw_yuan": 927485.5,
      "economic_reward_scale_yuan": 3151704.8194007874,
      "lagrange_multiplier": 0.0,
      "cost_budget": 1.0,
      "cost_budget_raw": 0.02,
      "cost_budget_normalized": 1.0,
      "algorithm_cost_mode": "separate_cost",
      "fixed_cost_penalty_coef": 0.0,
      "log_std_max": -2.3,
      "accepted": true,
      "mode": "cost_recovery",
      "reward_before": -2.3610516564076534e-07,
      "reward_after": 0.04072447493672371,
      "cost_before": 1.1041051149368286,
      "cost_after": -7.819810390472412,
      "kl_before": -2.384185791015625e-07,
      "kl_after": 0.01992334984242916,
      "cost_gap": 0.10410511493682861,
      "cost_recoverable": true,
      "cost_quadratic": 3331.2109375,
      "reward_quadratic": 1.7320622205734253,
      "reward_cost_cross": -14.853595733642578,
      "max_linear_cost_drop": 11.543328701029006,
      "rollout_wall_seconds": 2.0410889461636543,
      "update_wall_seconds": 1.5598068609833717,
      "total_wall_seconds": 3.60089766792953
    },
    {
      "update": 905,
      "algorithm": "macpo",
      "actor_loss": -0.307039737701416,
      "reward_critic_loss": 0.0010178067022934556,
      "cost_critic_loss": 0.2972352206707001,
      "reward_critic_loss_last": 0.001001066411845386,
      "cost_critic_loss_last": 0.28868287801742554,
      "critic_epochs": 8,
      "daily_voltage_cost": 0.005056662950664759,
      "daily_voltage_cost_raw": 0.005056662950664759,
      "daily_voltage_cost_normalized": 0.25283312797546387,
      "daily_economic_return_raw_yuan": -1078095.0,
      "daily_economic_return_normalized": -0.34206727147102356,
      "daily_economic_cost_raw_yuan": 1078095.0,
      "economic_reward_scale_yuan": 3151704.8194007874,
      "lagrange_multiplier": 0.0,
      "cost_budget": 1.0,
      "cost_budget_raw": 0.02,
      "cost_budget_normalized": 1.0,
      "algorithm_cost_mode": "separate_cost",
      "fixed_cost_penalty_coef": 0.0,
      "log_std_max": -2.3,
      "accepted": true,
      "mode": "constrained_reward",
      "reward_before": -5.080531764178886e-07,
      "reward_after": 0.307039737701416,
      "cost_before": 0.2528301179409027,
      "cost_after": 0.9694987535476685,
      "kl_before": -2.384185791015625e-07,
      "kl_after": 0.01996879279613495,
      "cost_gap": -0.7471698820590973,
      "cost_recoverable": true,
      "cost_quadratic": 736.0203857421875,
      "reward_quadratic": 2.597806692123413,
      "reward_cost_cross": 15.241987228393555,
      "max_linear_cost_drop": 5.42593912882254,
      "rollout_wall_seconds": 2.1579072140157223,
      "update_wall_seconds": 1.7832664232701063,
      "total_wall_seconds": 3.9411758054047823
    },
    {
      "update": 906,
      "algorithm": "macpo",
      "actor_loss": -0.2735111117362976,
      "reward_critic_loss": 0.0006899812142364681,
      "cost_critic_loss": 0.07636334747076035,
      "reward_critic_loss_last": 0.0006531734252348542,
      "cost_critic_loss_last": 0.05705627053976059,
      "critic_epochs": 8,
      "daily_voltage_cost": 0.003089265199378133,
      "daily_voltage_cost_raw": 0.003089265199378133,
      "daily_voltage_cost_normalized": 0.1544632464647293,
      "daily_economic_return_raw_yuan": -885192.25,
      "daily_economic_return_normalized": -0.28086140751838684,
      "daily_economic_cost_raw_yuan": 885192.25,
      "economic_reward_scale_yuan": 3151704.8194007874,
      "lagrange_multiplier": 0.0,
      "cost_budget": 1.0,
      "cost_budget_raw": 0.02,
      "cost_budget_normalized": 1.0,
      "algorithm_cost_mode": "separate_cost",
      "fixed_cost_penalty_coef": 0.0,
      "log_std_max": -2.3,
      "accepted": true,
      "mode": "reward",
      "reward_before": 2.3786660108271462e-07,
      "reward_after": 0.2735111117362976,
      "cost_before": 0.15445639193058014,
      "cost_after": 0.3537328839302063,
      "kl_before": -2.384185791015625e-07,
      "kl_after": 0.019970882683992386,
      "cost_gap": -0.8455436080694199,
      "cost_recoverable": true,
      "cost_quadratic": 200.101806640625,
      "reward_quadratic": 1.8672680854797363,
      "reward_cost_cross": 2.6928396224975586,
      "max_linear_cost_drop": 2.82914691481814,
      "rollout_wall_seconds": 1.7119552921503782,
      "update_wall_seconds": 1.552141034975648,
      "total_wall_seconds": 3.2640985883772373
    },
    {
      "update": 907,
      "algorithm": "macpo",
      "actor_loss": -0.3274647295475006,
      "reward_critic_loss": 0.0012120554456487298,
      "cost_critic_loss": 0.9865050315856934,
      "reward_critic_loss_last": 0.0011496793013066053,
      "cost_critic_loss_last": 0.9871813654899597,
      "critic_epochs": 8,
      "daily_voltage_cost": 0.012202052399516106,
      "daily_voltage_cost_raw": 0.012202052399516106,
      "daily_voltage_cost_normalized": 0.610102653503418,
      "daily_economic_return_raw_yuan": -1029300.125,
      "daily_economic_return_normalized": -0.32658520340919495,
      "daily_economic_cost_raw_yuan": 1029300.125,
      "economic_reward_scale_yuan": 3151704.8194007874,
      "lagrange_multiplier": 0.0,
      "cost_budget": 1.0,
      "cost_budget_raw": 0.02,
      "cost_budget_normalized": 1.0,
      "algorithm_cost_mode": "separate_cost",
      "fixed_cost_penalty_coef": 0.0,
      "log_std_max": -2.3,
      "accepted": true,
      "mode": "reward",
      "reward_before": -4.907298034595442e-08,
      "reward_after": 0.3274647295475006,
      "cost_before": 0.6101122498512268,
      "cost_after": 0.2937386631965637,
      "kl_before": -2.384185791015625e-07,
      "kl_after": 0.01993715763092041,
      "cost_gap": -0.3898877501487732,
      "cost_recoverable": true,
      "cost_quadratic": 2440.73095703125,
      "reward_quadratic": 2.9879064559936523,
      "reward_cost_cross": -1.9225126504898071,
      "max_linear_cost_drop": 9.88075089662977,
      "rollout_wall_seconds": 1.3373766038566828,
      "update_wall_seconds": 1.6459310855716467,
      "total_wall_seconds": 2.983309479430318
    },
    {
      "update": 908,
      "algorithm": "macpo",
      "actor_loss": -0.35396018624305725,
      "reward_critic_loss": 0.001218857360072434,
      "cost_critic_loss": 0.18221090734004974,
      "reward_critic_loss_last": 0.0009721079841256142,
      "cost_critic_loss_last": 0.17619696259498596,
      "critic_epochs": 8,
      "daily_voltage_cost": 0.005035777576267719,
      "daily_voltage_cost_raw": 0.005035777576267719,
      "daily_voltage_cost_normalized": 0.251788854598999,
      "daily_economic_return_raw_yuan": -899682.6875,
      "daily_economic_return_normalized": -0.28545907139778137,
      "daily_economic_cost_raw_yuan": 899682.6875,
      "economic_reward_scale_yuan": 3151704.8194007874,
      "lagrange_multiplier": 0.0,
      "cost_budget": 1.0,
      "cost_budget_raw": 0.02,
      "cost_budget_normalized": 1.0,
      "algorithm_cost_mode": "separate_cost",
      "fixed_cost_penalty_coef": 0.0,
      "log_std_max": -2.3,
      "accepted": true,
      "mode": "reward",
      "reward_before": 4.1615888335400086e-07,
      "reward_after": 0.35396018624305725,
      "cost_before": 0.25178956985473633,
      "cost_after": -0.4257659316062927,
      "kl_before": -2.384185791015625e-07,
      "kl_after": 0.01999259926378727,
      "cost_gap": -0.7482104301452637,
      "cost_recoverable": true,
      "cost_quadratic": 399.8597717285156,
      "reward_quadratic": 2.7664597034454346,
      "reward_cost_cross": -5.654397010803223,
      "max_linear_cost_drop": 3.999298797181904,
      "rollout_wall_seconds": 1.2478431966155767,
      "update_wall_seconds": 1.5355945397168398,
      "total_wall_seconds": 2.7834392692893744
    },
    {
      "update": 909,
      "algorithm": "macpo",
      "actor_loss": -0.15887567400932312,
      "reward_critic_loss": 0.0013075643219053745,
      "cost_critic_loss": 0.3457717299461365,
      "reward_critic_loss_last": 0.0011882665567100048,
      "cost_critic_loss_last": 0.300983726978302,
      "critic_epochs": 8,
      "daily_voltage_cost": 0.017228063195943832,
      "daily_voltage_cost_raw": 0.017228063195943832,
      "daily_voltage_cost_normalized": 0.861403226852417,
      "daily_economic_return_raw_yuan": -987581.1875,
      "daily_economic_return_normalized": -0.31334826350212097,
      "daily_economic_cost_raw_yuan": 987581.1875,
      "economic_reward_scale_yuan": 3151704.8194007874,
      "lagrange_multiplier": 0.0,
      "cost_budget": 1.0,
      "cost_budget_raw": 0.02,
      "cost_budget_normalized": 1.0,
      "algorithm_cost_mode": "separate_cost",
      "fixed_cost_penalty_coef": 0.0,
      "log_std_max": -2.3,
      "accepted": true,
      "mode": "constrained_reward",
      "reward_before": 3.152166527797817e-08,
      "reward_after": 0.15887567400932312,
      "cost_before": 0.8613999485969543,
      "cost_after": 0.9887292385101318,
      "kl_before": -2.384185791015625e-07,
      "kl_after": 0.005080296192318201,
      "cost_gap": -0.13860005140304565,
      "cost_recoverable": true,
      "cost_quadratic": 895.6768798828125,
      "reward_quadratic": 2.7316970825195312,
      "reward_cost_cross": 8.464818000793457,
      "max_linear_cost_drop": 5.985572252952302,
      "rollout_wall_seconds": 1.6044066958129406,
      "update_wall_seconds": 1.8916983641684055,
      "total_wall_seconds": 3.4961072336882353
    },
    {
      "update": 910,
      "algorithm": "macpo",
      "actor_loss": 0.051170412451028824,
      "reward_critic_loss": 0.0007290627108886838,
      "cost_critic_loss": 9.240191459655762,
      "reward_critic_loss_last": 0.0007187537266872823,
      "cost_critic_loss_last": 9.132610321044922,
      "critic_epochs": 8,
      "daily_voltage_cost": 0.05767430365085602,
      "daily_voltage_cost_raw": 0.05767430365085602,
      "daily_voltage_cost_normalized": 2.8837153911590576,
      "daily_economic_return_raw_yuan": -950842.0625,
      "daily_economic_return_normalized": -0.30169135332107544,
      "daily_economic_cost_raw_yuan": 950842.0625,
      "economic_reward_scale_yuan": 3151704.8194007874,
      "lagrange_multiplier": 0.0,
      "cost_budget": 1.0,
      "cost_budget_raw": 0.02,
      "cost_budget_normalized": 1.0,
      "algorithm_cost_mode": "separate_cost",
      "fixed_cost_penalty_coef": 0.0,
      "log_std_max": -2.3,
      "accepted": true,
      "mode": "cost_recovery",
      "reward_before": 1.978972647975752e-07,
      "reward_after": -0.051170412451028824,
      "cost_before": 2.8837363719940186,
      "cost_after": -20.903820037841797,
      "kl_before": -2.384185791015625e-07,
      "kl_after": 0.019865838810801506,
      "cost_gap": 1.8837363719940186,
      "cost_recoverable": true,
      "cost_quadratic": 18953.40234375,
      "reward_quadratic": 1.6071879863739014,
      "reward_cost_cross": 41.496734619140625,
      "max_linear_cost_drop": 27.53427125874226,
      "rollout_wall_seconds": 2.1009350791573524,
      "update_wall_seconds": 1.7202023472636938,
      "total_wall_seconds": 3.8211390674114227
    },
    {
      "update": 911,
      "algorithm": "macpo",
      "actor_loss": 0.050344157963991165,
      "reward_critic_loss": 0.0008277574088424444,
      "cost_critic_loss": 2.1070609092712402,
      "reward_critic_loss_last": 0.0008080365369096398,
      "cost_critic_loss_last": 2.036494731903076,
      "critic_epochs": 8,
      "daily_voltage_cost": 0.0319397933781147,
      "daily_voltage_cost_raw": 0.0319397933781147,
      "daily_voltage_cost_normalized": 1.5969898700714111,
      "daily_economic_return_raw_yuan": -936141.3125,
      "daily_economic_return_normalized": -0.29702696204185486,
      "daily_economic_cost_raw_yuan": 936141.3125,
      "economic_reward_scale_yuan": 3151704.8194007874,
      "lagrange_multiplier": 0.0,
      "cost_budget": 1.0,
      "cost_budget_raw": 0.02,
      "cost_budget_normalized": 1.0,
      "algorithm_cost_mode": "separate_cost",
      "fixed_cost_penalty_coef": 0.0,
      "log_std_max": -2.3,
      "accepted": true,
      "mode": "cost_recovery",
      "reward_before": 1.4420589877772727e-07,
      "reward_after": -0.050344157963991165,
      "cost_before": 1.5970032215118408,
      "cost_after": -9.780328750610352,
      "kl_before": -2.384185791015625e-07,
      "kl_after": 0.01997719705104828,
      "cost_gap": 0.5970032215118408,
      "cost_recoverable": true,
      "cost_quadratic": 4723.8251953125,
      "reward_quadratic": 2.0781030654907227,
      "reward_cost_cross": 18.11676788330078,
      "max_linear_cost_drop": 13.746017889283427,
      "rollout_wall_seconds": 1.9761882275342941,
      "update_wall_seconds": 1.644743898883462,
      "total_wall_seconds": 3.620933873578906
    },
    {
      "update": 912,
      "algorithm": "macpo",
      "actor_loss": -0.13400371372699738,
      "reward_critic_loss": 0.0008132987422868609,
      "cost_critic_loss": 0.1605684757232666,
      "reward_critic_loss_last": 0.0007903815130703151,
      "cost_critic_loss_last": 0.17127135396003723,
      "critic_epochs": 8,
      "daily_voltage_cost": 0.01408015750348568,
      "daily_voltage_cost_raw": 0.01408015750348568,
      "daily_voltage_cost_normalized": 0.7040079236030579,
      "daily_economic_return_raw_yuan": -987835.9375,
      "daily_economic_return_normalized": -0.3134290874004364,
      "daily_economic_cost_raw_yuan": 987835.9375,
      "economic_reward_scale_yuan": 3151704.8194007874,
      "lagrange_multiplier": 0.0,
      "cost_budget": 1.0,
      "cost_budget_raw": 0.02,
      "cost_budget_normalized": 1.0,
      "algorithm_cost_mode": "separate_cost",
      "fixed_cost_penalty_coef": 0.0,
      "log_std_max": -2.3,
      "accepted": true,
      "mode": "constrained_reward",
      "reward_before": 2.3226124312714092e-07,
      "reward_after": 0.13400371372699738,
      "cost_before": 0.7040044069290161,
      "cost_after": 0.8640590906143188,
      "kl_before": -2.384185791015625e-07,
      "kl_after": 0.004985066596418619,
      "cost_gap": -0.2959955930709839,
      "cost_recoverable": true,
      "cost_quadratic": 393.67205810546875,
      "reward_quadratic": 1.7964363098144531,
      "reward_cost_cross": 3.9314823150634766,
      "max_linear_cost_drop": 3.968234156929093,
      "rollout_wall_seconds": 1.7290689162909985,
      "update_wall_seconds": 1.5769505500793457,
      "total_wall_seconds": 3.3060217164456844
    },
    {
      "update": 913,
      "algorithm": "macpo",
      "actor_loss": -0.2981748580932617,
      "reward_critic_loss": 0.0008950240444391966,
      "cost_critic_loss": 0.1405409574508667,
      "reward_critic_loss_last": 0.0008733092108741403,
      "cost_critic_loss_last": 0.13350556790828705,
      "critic_epochs": 8,
      "daily_voltage_cost": 0.007709149271249771,
      "daily_voltage_cost_raw": 0.007709149271249771,
      "daily_voltage_cost_normalized": 0.38545745611190796,
      "daily_economic_return_raw_yuan": -766162.5,
      "daily_economic_return_normalized": -0.24309463798999786,
      "daily_economic_cost_raw_yuan": 766162.5,
      "economic_reward_scale_yuan": 3151704.8194007874,
      "lagrange_multiplier": 0.0,
      "cost_budget": 1.0,
      "cost_budget_raw": 0.02,
      "cost_budget_normalized": 1.0,
      "algorithm_cost_mode": "separate_cost",
      "fixed_cost_penalty_coef": 0.0,
      "log_std_max": -2.3,
      "accepted": true,
      "mode": "reward",
      "reward_before": -2.4475397708556557e-08,
      "reward_after": 0.2981748580932617,
      "cost_before": 0.38545581698417664,
      "cost_after": -0.3017200231552124,
      "kl_before": -2.384185791015625e-07,
      "kl_after": 0.019989198073744774,
      "cost_gap": -0.6145441830158234,
      "cost_recoverable": true,
      "cost_quadratic": 333.50006103515625,
      "reward_quadratic": 2.2196130752563477,
      "reward_cost_cross": -3.9418764114379883,
      "max_linear_cost_drop": 3.6523968077696938,
      "rollout_wall_seconds": 1.7011930849403143,
      "update_wall_seconds": 1.617452608421445,
      "total_wall_seconds": 3.31864788942039
    },
    {
      "update": 914,
      "algorithm": "macpo",
      "actor_loss": -0.013405674137175083,
      "reward_critic_loss": 0.0008188180509023368,
      "cost_critic_loss": 3.2711169719696045,
      "reward_critic_loss_last": 0.0007902306388132274,
      "cost_critic_loss_last": 3.2389333248138428,
      "critic_epochs": 8,
      "daily_voltage_cost": 0.04092138260602951,
      "daily_voltage_cost_raw": 0.04092138260602951,
      "daily_voltage_cost_normalized": 2.0460691452026367,
      "daily_economic_return_raw_yuan": -957959.5,
      "daily_economic_return_normalized": -0.30394962430000305,
      "daily_economic_cost_raw_yuan": 957959.5,
      "economic_reward_scale_yuan": 3151704.8194007874,
      "lagrange_multiplier": 0.0,
      "cost_budget": 1.0,
      "cost_budget_raw": 0.02,
      "cost_budget_normalized": 1.0,
      "algorithm_cost_mode": "separate_cost",
      "fixed_cost_penalty_coef": 0.0,
      "log_std_max": -2.3,
      "accepted": true,
      "mode": "cost_recovery",
      "reward_before": 6.543295683059114e-08,
      "reward_after": 0.013405674137175083,
      "cost_before": 2.0460991859436035,
      "cost_after": -5.917342662811279,
      "kl_before": -2.384185791015625e-07,
      "kl_after": 0.004984026774764061,
      "cost_gap": 1.0460991859436035,
      "cost_recoverable": true,
      "cost_quadratic": 8309.185546875,
      "reward_quadratic": 1.682340145111084,
      "reward_cost_cross": -11.861970901489258,
      "max_linear_cost_drop": 18.230946817842458,
      "rollout_wall_seconds": 1.2079077381640673,
      "update_wall_seconds": 1.5152469407767057,
      "total_wall_seconds": 2.7231566682457924
    },
    {
      "update": 915,
      "algorithm": "macpo",
      "actor_loss": 0.047282200306653976,
      "reward_critic_loss": 0.0007431373815052211,
      "cost_critic_loss": 4.68365478515625,
      "reward_critic_loss_last": 0.0007297940319404006,
      "cost_critic_loss_last": 4.608101844787598,
      "critic_epochs": 8,
      "daily_voltage_cost": 0.04036840423941612,
      "daily_voltage_cost_raw": 0.04036840423941612,
      "daily_voltage_cost_normalized": 2.0184202194213867,
      "daily_economic_return_raw_yuan": -941671.5,
      "daily_economic_return_normalized": -0.2987816333770752,
      "daily_economic_cost_raw_yuan": 941671.5,
      "economic_reward_scale_yuan": 3151704.8194007874,
      "lagrange_multiplier": 0.0,
      "cost_budget": 1.0,
      "cost_budget_raw": 0.02,
      "cost_budget_normalized": 1.0,
      "algorithm_cost_mode": "separate_cost",
      "fixed_cost_penalty_coef": 0.0,
      "log_std_max": -2.3,
      "accepted": true,
      "mode": "cost_recovery",
      "reward_before": 2.8529817086564435e-07,
      "reward_after": -0.047282200306653976,
      "cost_before": 2.0184342861175537,
      "cost_after": -14.98405933380127,
      "kl_before": -2.384185791015625e-07,
      "kl_after": 0.019969802349805832,
      "cost_gap": 1.0184342861175537,
      "cost_recoverable": true,
      "cost_quadratic": 13289.0,
      "reward_quadratic": 1.8631787300109863,
      "reward_cost_cross": 36.794368743896484,
      "max_linear_cost_drop": 23.055585006674633,
      "rollout_wall_seconds": 1.6472947746515274,
      "update_wall_seconds": 1.3578717969357967,
      "total_wall_seconds": 3.0051684118807316
    },
    {
      "update": 916,
      "algorithm": "macpo",
      "actor_loss": -0.3111428916454315,
      "reward_critic_loss": 0.0009464900940656662,
      "cost_critic_loss": 0.1278057098388672,
      "reward_critic_loss_last": 0.0009064969490282238,
      "cost_critic_loss_last": 0.1375662386417389,
      "critic_epochs": 8,
      "daily_voltage_cost": 0.006442752666771412,
      "daily_voltage_cost_raw": 0.006442752666771412,
      "daily_voltage_cost_normalized": 0.32213765382766724,
      "daily_economic_return_raw_yuan": -861000.75,
      "daily_economic_return_normalized": -0.27318572998046875,
      "daily_economic_cost_raw_yuan": 861000.75,
      "economic_reward_scale_yuan": 3151704.8194007874,
      "lagrange_multiplier": 0.0,
      "cost_budget": 1.0,
      "cost_budget_raw": 0.02,
      "cost_budget_normalized": 1.0,
      "algorithm_cost_mode": "separate_cost",
      "fixed_cost_penalty_coef": 0.0,
      "log_std_max": -2.3,
      "accepted": true,
      "mode": "reward",
      "reward_before": 3.375683661488438e-07,
      "reward_after": 0.3111428916454315,
      "cost_before": 0.32213085889816284,
      "cost_after": -0.09150603413581848,
      "kl_before": -2.384185791015625e-07,
      "kl_after": 0.019887007772922516,
      "cost_gap": -0.6778691411018372,
      "cost_recoverable": true,
      "cost_quadratic": 311.2729797363281,
      "reward_quadratic": 2.1930363178253174,
      "reward_cost_cross": -2.0657782554626465,
      "max_linear_cost_drop": 3.5285860042590893,
      "rollout_wall_seconds": 1.6529792193323374,
      "update_wall_seconds": 1.4745679125189781,
      "total_wall_seconds": 3.127549160271883
    },
    {
      "update": 917,
      "algorithm": "macpo",
      "actor_loss": 0.07526393234729767,
      "reward_critic_loss": 0.0008148490451276302,
      "cost_critic_loss": 1.4002048969268799,
      "reward_critic_loss_last": 0.0007567591965198517,
      "cost_critic_loss_last": 1.3161914348602295,
      "critic_epochs": 8,
      "daily_voltage_cost": 0.028498660773038864,
      "daily_voltage_cost_raw": 0.028498660773038864,
      "daily_voltage_cost_normalized": 1.4249329566955566,
      "daily_economic_return_raw_yuan": -947975.875,
      "daily_economic_return_normalized": -0.3007819354534149,
      "daily_economic_cost_raw_yuan": 947975.875,
      "economic_reward_scale_yuan": 3151704.8194007874,
      "lagrange_multiplier": 0.0,
      "cost_budget": 1.0,
      "cost_budget_raw": 0.02,
      "cost_budget_normalized": 1.0,
      "algorithm_cost_mode": "separate_cost",
      "fixed_cost_penalty_coef": 0.0,
      "log_std_max": -2.3,
      "accepted": true,
      "mode": "cost_recovery",
      "reward_before": -1.9192833633496775e-07,
      "reward_after": -0.07526393234729767,
      "cost_before": 1.4249454736709595,
      "cost_after": -9.02083969116211,
      "kl_before": -2.384185791015625e-07,
      "kl_after": 0.019841041415929794,
      "cost_gap": 0.4249454736709595,
      "cost_recoverable": true,
      "cost_quadratic": 3220.009765625,
      "reward_quadratic": 1.88588285446167,
      "reward_cost_cross": 21.775278091430664,
      "max_linear_cost_drop": 11.349025976928592,
      "rollout_wall_seconds": 1.8739441558718681,
      "update_wall_seconds": 1.4449258670210838,
      "total_wall_seconds": 3.3188719786703587
    },
    {
      "update": 918,
      "algorithm": "macpo",
      "actor_loss": -0.2602390646934509,
      "reward_critic_loss": 0.0007377950823865831,
      "cost_critic_loss": 0.48233017325401306,
      "reward_critic_loss_last": 0.0007383510237559676,
      "cost_critic_loss_last": 0.3145279288291931,
      "critic_epochs": 8,
      "daily_voltage_cost": 0.013589789159595966,
      "daily_voltage_cost_raw": 0.013589789159595966,
      "daily_voltage_cost_normalized": 0.6794894933700562,
      "daily_economic_return_raw_yuan": -898337.5625,
      "daily_economic_return_normalized": -0.2850322723388672,
      "daily_economic_cost_raw_yuan": 898337.5625,
      "economic_reward_scale_yuan": 3151704.8194007874,
      "lagrange_multiplier": 0.0,
      "cost_budget": 1.0,
      "cost_budget_raw": 0.02,
      "cost_budget_normalized": 1.0,
      "algorithm_cost_mode": "separate_cost",
      "fixed_cost_penalty_coef": 0.0,
      "log_std_max": -2.3,
      "accepted": true,
      "mode": "reward",
      "reward_before": 1.687711090880839e-07,
      "reward_after": 0.2602390646934509,
      "cost_before": 0.6794723272323608,
      "cost_after": 0.10064661502838135,
      "kl_before": -2.384185791015625e-07,
      "kl_after": 0.01996200904250145,
      "cost_gap": -0.32052767276763916,
      "cost_recoverable": true,
      "cost_quadratic": 1271.3289794921875,
      "reward_quadratic": 1.667661428451538,
      "reward_cost_cross": -2.53855562210083,
      "max_linear_cost_drop": 7.131140103776359,
      "rollout_wall_seconds": 1.1381573043763638,
      "update_wall_seconds": 1.4374916013330221,
      "total_wall_seconds": 2.5756507739424706
    },
    {
      "update": 919,
      "algorithm": "macpo",
      "actor_loss": -0.14343340694904327,
      "reward_critic_loss": 0.0008881557732820511,
      "cost_critic_loss": 0.7901269793510437,
      "reward_critic_loss_last": 0.0008077064994722605,
      "cost_critic_loss_last": 0.8009438514709473,
      "critic_epochs": 8,
      "daily_voltage_cost": 0.01179160550236702,
      "daily_voltage_cost_raw": 0.01179160550236702,
      "daily_voltage_cost_normalized": 0.589580237865448,
      "daily_economic_return_raw_yuan": -791721.625,
      "daily_economic_return_normalized": -0.251204252243042,
      "daily_economic_cost_raw_yuan": 791721.625,
      "economic_reward_scale_yuan": 3151704.8194007874,
      "lagrange_multiplier": 0.0,
      "cost_budget": 1.0,
      "cost_budget_raw": 0.02,
      "cost_budget_normalized": 1.0,
      "algorithm_cost_mode": "separate_cost",
      "fixed_cost_penalty_coef": 0.0,
      "log_std_max": -2.3,
      "accepted": true,
      "mode": "constrained_reward",
      "reward_before": -8.775492688073427e-08,
      "reward_after": 0.14343340694904327,
      "cost_before": 0.5895837545394897,
      "cost_after": 0.7780726552009583,
      "kl_before": -2.384185791015625e-07,
      "kl_after": 0.004972134251147509,
      "cost_gap": -0.41041624546051025,
      "cost_recoverable": true,
      "cost_quadratic": 2918.41748046875,
      "reward_quadratic": 2.3109607696533203,
      "reward_cost_cross": 15.898862838745117,
      "max_linear_cost_drop": 10.804475888202537,
      "rollout_wall_seconds": 1.6451776642352343,
      "update_wall_seconds": 1.5471547432243824,
      "total_wall_seconds": 3.192334359511733
    },
    {
      "update": 920,
      "algorithm": "macpo",
      "actor_loss": -0.3541492819786072,
      "reward_critic_loss": 0.0010646369773894548,
      "cost_critic_loss": 0.23724035918712616,
      "reward_critic_loss_last": 0.000996588496491313,
      "cost_critic_loss_last": 0.23272153735160828,
      "critic_epochs": 8,
      "daily_voltage_cost": 0.007599050644785166,
      "daily_voltage_cost_raw": 0.007599050644785166,
      "daily_voltage_cost_normalized": 0.3799525201320648,
      "daily_economic_return_raw_yuan": -877936.375,
      "daily_economic_return_normalized": -0.27855920791625977,
      "daily_economic_cost_raw_yuan": 877936.375,
      "economic_reward_scale_yuan": 3151704.8194007874,
      "lagrange_multiplier": 0.0,
      "cost_budget": 1.0,
      "cost_budget_raw": 0.02,
      "cost_budget_normalized": 1.0,
      "algorithm_cost_mode": "separate_cost",
      "fixed_cost_penalty_coef": 0.0,
      "log_std_max": -2.3,
      "accepted": true,
      "mode": "reward",
      "reward_before": 6.709513513669663e-07,
      "reward_after": 0.3541492819786072,
      "cost_before": 0.3799450695514679,
      "cost_after": -0.18537452816963196,
      "kl_before": -2.384185791015625e-07,
      "kl_after": 0.01991840824484825,
      "cost_gap": -0.6200549304485321,
      "cost_recoverable": true,
      "cost_quadratic": 688.1339721679688,
      "reward_quadratic": 2.907667636871338,
      "reward_cost_cross": -3.4292290210723877,
      "max_linear_cost_drop": 5.246461558681122,
      "rollout_wall_seconds": 1.2535034026950598,
      "update_wall_seconds": 1.6379922404885292,
      "total_wall_seconds": 2.8914980199187994
    },
    {
      "update": 921,
      "algorithm": "macpo",
      "actor_loss": -0.1538718044757843,
      "reward_critic_loss": 0.000915122393053025,
      "cost_critic_loss": 0.6137996912002563,
      "reward_critic_loss_last": 0.0007142819231376052,
      "cost_critic_loss_last": 0.6125116944313049,
      "critic_epochs": 8,
      "daily_voltage_cost": 0.013291431590914726,
      "daily_voltage_cost_raw": 0.013291431590914726,
      "daily_voltage_cost_normalized": 0.6645715236663818,
      "daily_economic_return_raw_yuan": -827888.5625,
      "daily_economic_return_normalized": -0.2626796066761017,
      "daily_economic_cost_raw_yuan": 827888.5625,
      "economic_reward_scale_yuan": 3151704.8194007874,
      "lagrange_multiplier": 0.0,
      "cost_budget": 1.0,
      "cost_budget_raw": 0.02,
      "cost_budget_normalized": 1.0,
      "algorithm_cost_mode": "separate_cost",
      "fixed_cost_penalty_coef": 0.0,
      "log_std_max": -2.3,
      "accepted": true,
      "mode": "constrained_reward",
      "reward_before": 4.3049976738984697e-07,
      "reward_after": 0.1538718044757843,
      "cost_before": 0.6645861864089966,
      "cost_after": 0.8603290319442749,
      "kl_before": -2.384185791015625e-07,
      "kl_after": 0.00499072577804327,
      "cost_gap": -0.3354138135910034,
      "cost_recoverable": true,
      "cost_quadratic": 1263.021484375,
      "reward_quadratic": 2.177844762802124,
      "reward_cost_cross": 5.0529255867004395,
      "max_linear_cost_drop": 7.107802710753866,
      "rollout_wall_seconds": 1.6540795881301165,
      "update_wall_seconds": 1.4918729718774557,
      "total_wall_seconds": 3.145954644307494
    },
    {
      "update": 922,
      "algorithm": "macpo",
      "actor_loss": -0.06026321277022362,
      "reward_critic_loss": 0.0010373658733442426,
      "cost_critic_loss": 13.211984634399414,
      "reward_critic_loss_last": 0.00087450270075351,
      "cost_critic_loss_last": 12.76348876953125,
      "critic_epochs": 8,
      "daily_voltage_cost": 0.05091211199760437,
      "daily_voltage_cost_raw": 0.05091211199760437,
      "daily_voltage_cost_normalized": 2.5456056594848633,
      "daily_economic_return_raw_yuan": -938871.1875,
      "daily_economic_return_normalized": -0.29789313673973083,
      "daily_economic_cost_raw_yuan": 938871.1875,
      "economic_reward_scale_yuan": 3151704.8194007874,
      "lagrange_multiplier": 0.0,
      "cost_budget": 1.0,
      "cost_budget_raw": 0.02,
      "cost_budget_normalized": 1.0,
      "algorithm_cost_mode": "separate_cost",
      "fixed_cost_penalty_coef": 0.0,
      "log_std_max": -2.3,
      "accepted": true,
      "mode": "cost_recovery",
      "reward_before": -4.1079948687183787e-07,
      "reward_after": 0.06026321277022362,
      "cost_before": 2.545583963394165,
      "cost_after": -28.772388458251953,
      "kl_before": -2.384185791015625e-07,
      "kl_after": 0.019989285618066788,
      "cost_gap": 1.545583963394165,
      "cost_recoverable": true,
      "cost_quadratic": 48156.921875,
      "reward_quadratic": 2.4729933738708496,
      "reward_cost_cross": -80.6448974609375,
      "max_linear_cost_drop": 43.889370865848605,
      "rollout_wall_seconds": 2.0680067613720894,
      "update_wall_seconds": 1.6418950948864222,
      "total_wall_seconds": 3.709903696551919
    },
    {
      "update": 923,
      "algorithm": "macpo",
      "actor_loss": 0.01689869351685047,
      "reward_critic_loss": 0.0010807663202285767,
      "cost_critic_loss": 20.90321159362793,
      "reward_critic_loss_last": 0.0010293227387592196,
      "cost_critic_loss_last": 20.61636734008789,
      "critic_epochs": 8,
      "daily_voltage_cost": 0.08139780908823013,
      "daily_voltage_cost_raw": 0.08139780908823013,
      "daily_voltage_cost_normalized": 4.069890975952148,
      "daily_economic_return_raw_yuan": -1017604.6875,
      "daily_economic_return_normalized": -0.32287436723709106,
      "daily_economic_cost_raw_yuan": 1017604.6875,
      "economic_reward_scale_yuan": 3151704.8194007874,
      "lagrange_multiplier": 0.0,
      "cost_budget": 1.0,
      "cost_budget_raw": 0.02,
      "cost_budget_normalized": 1.0,
      "algorithm_cost_mode": "separate_cost",
      "fixed_cost_penalty_coef": 0.0,
      "log_std_max": -2.3,
      "accepted": true,
      "mode": "cost_recovery",
      "reward_before": 6.435246291403018e-07,
      "reward_after": -0.01689869351685047,
      "cost_before": 4.069875717163086,
      "cost_after": -32.84588623046875,
      "kl_before": -2.384185791015625e-07,
      "kl_after": 0.01999533176422119,
      "cost_gap": 3.069875717163086,
      "cost_recoverable": true,
      "cost_quadratic": 61048.6328125,
      "reward_quadratic": 2.428809881210327,
      "reward_cost_cross": 28.485157012939453,
      "max_linear_cost_drop": 49.416043068015874,
      "rollout_wall_seconds": 2.4099107831716537,
      "update_wall_seconds": 1.7417089212685823,
      "total_wall_seconds": 4.151621676981449
    },
    {
      "update": 924,
      "algorithm": "macpo",
      "actor_loss": -0.30954307317733765,
      "reward_critic_loss": 0.0010436071315780282,
      "cost_critic_loss": 0.10138578712940216,
      "reward_critic_loss_last": 0.000988432322628796,
      "cost_critic_loss_last": 0.11278127878904343,
      "critic_epochs": 8,
      "daily_voltage_cost": 0.003124193288385868,
      "daily_voltage_cost_raw": 0.003124193288385868,
      "daily_voltage_cost_normalized": 0.15620967745780945,
      "daily_economic_return_raw_yuan": -687146.0625,
      "daily_economic_return_normalized": -0.2180236130952835,
      "daily_economic_cost_raw_yuan": 687146.0625,
      "economic_reward_scale_yuan": 3151704.8194007874,
      "lagrange_multiplier": 0.0,
      "cost_budget": 1.0,
      "cost_budget_raw": 0.02,
      "cost_budget_normalized": 1.0,
      "algorithm_cost_mode": "separate_cost",
      "fixed_cost_penalty_coef": 0.0,
      "log_std_max": -2.3,
      "accepted": true,
      "mode": "reward",
      "reward_before": 5.651983201460098e-07,
      "reward_after": 0.30954307317733765,
      "cost_before": 0.15619955956935883,
      "cost_after": -0.8761025667190552,
      "kl_before": -2.384185791015625e-07,
      "kl_after": 0.019818425178527832,
      "cost_gap": -0.8438004404306412,
      "cost_recoverable": true,
      "cost_quadratic": 261.4739990234375,
      "reward_quadratic": 2.2405526638031006,
      "reward_cost_cross": -6.569396018981934,
      "max_linear_cost_drop": 3.234031533695598,
      "rollout_wall_seconds": 1.9304132163524628,
      "update_wall_seconds": 1.6963938865810633,
      "total_wall_seconds": 3.626808973029256
    },
    {
      "update": 925,
      "algorithm": "macpo",
      "actor_loss": -0.01603911817073822,
      "reward_critic_loss": 0.0007763042813166976,
      "cost_critic_loss": 23.802845001220703,
      "reward_critic_loss_last": 0.0007460631895810366,
      "cost_critic_loss_last": 23.676132202148438,
      "critic_epochs": 8,
      "daily_voltage_cost": 0.0765499547123909,
      "daily_voltage_cost_raw": 0.0765499547123909,
      "daily_voltage_cost_normalized": 3.827497959136963,
      "daily_economic_return_raw_yuan": -984727.875,
      "daily_economic_return_normalized": -0.31244292855262756,
      "daily_economic_cost_raw_yuan": 984727.875,
      "economic_reward_scale_yuan": 3151704.8194007874,
      "lagrange_multiplier": 0.0,
      "cost_budget": 1.0,
      "cost_budget_raw": 0.02,
      "cost_budget_normalized": 1.0,
      "algorithm_cost_mode": "separate_cost",
      "fixed_cost_penalty_coef": 0.0,
      "log_std_max": -2.3,
      "accepted": true,
      "mode": "cost_recovery",
      "reward_before": -1.4156378824736748e-07,
      "reward_after": 0.01603911817073822,
      "cost_before": 3.8275485038757324,
      "cost_after": -18.902475357055664,
      "kl_before": -2.384185791015625e-07,
      "kl_after": 0.005012694746255875,
      "cost_gap": 2.8275485038757324,
      "cost_recoverable": true,
      "cost_quadratic": 65679.953125,
      "reward_quadratic": 1.557652473449707,
      "reward_cost_cross": -48.298831939697266,
      "max_linear_cost_drop": 51.256200844385646,
      "rollout_wall_seconds": 2.340644422918558,
      "update_wall_seconds": 1.8653456270694733,
      "total_wall_seconds": 4.205992504954338
    },
    {
      "update": 926,
      "algorithm": "macpo",
      "actor_loss": 0.0014752154238522053,
      "reward_critic_loss": 0.0011329639237374067,
      "cost_critic_loss": 2.8992772102355957,
      "reward_critic_loss_last": 0.0009835257660597563,
      "cost_critic_loss_last": 2.88578462600708,
      "critic_epochs": 8,
      "daily_voltage_cost": 0.027315255254507065,
      "daily_voltage_cost_raw": 0.027315255254507065,
      "daily_voltage_cost_normalized": 1.365762710571289,
      "daily_economic_return_raw_yuan": -963041.8125,
      "daily_economic_return_normalized": -0.30556219816207886,
      "daily_economic_cost_raw_yuan": 963041.8125,
      "economic_reward_scale_yuan": 3151704.8194007874,
      "lagrange_multiplier": 0.0,
      "cost_budget": 1.0,
      "cost_budget_raw": 0.02,
      "cost_budget_normalized": 1.0,
      "algorithm_cost_mode": "separate_cost",
      "fixed_cost_penalty_coef": 0.0,
      "log_std_max": -2.3,
      "accepted": true,
      "mode": "cost_recovery",
      "reward_before": -1.1880977126565995e-06,
      "reward_after": -0.0014752154238522053,
      "cost_before": 1.365757942199707,
      "cost_after": -11.630048751831055,
      "kl_before": -2.384185791015625e-07,
      "kl_after": 0.01993529498577118,
      "cost_gap": 0.36575794219970703,
      "cost_recoverable": true,
      "cost_quadratic": 6630.1396484375,
      "reward_quadratic": 2.310166120529175,
      "reward_cost_cross": 2.3884057998657227,
      "max_linear_cost_drop": 16.285133893754143,
      "rollout_wall_seconds": 2.182169260457158,
      "update_wall_seconds": 1.747922359034419,
      "total_wall_seconds": 3.9300939217209816
    },
    {
      "update": 927,
      "algorithm": "macpo",
      "actor_loss": -0.3355582654476166,
      "reward_critic_loss": 0.0009010434150695801,
      "cost_critic_loss": 0.7273941040039062,
      "reward_critic_loss_last": 0.0007434393628500402,
      "cost_critic_loss_last": 0.7220486998558044,
      "critic_epochs": 8,
      "daily_voltage_cost": 0.016929540783166885,
      "daily_voltage_cost_raw": 0.016929540783166885,
      "daily_voltage_cost_normalized": 0.8464770913124084,
      "daily_economic_return_raw_yuan": -891370.0,
      "daily_economic_return_normalized": -0.28282153606414795,
      "daily_economic_cost_raw_yuan": 891370.0,
      "economic_reward_scale_yuan": 3151704.8194007874,
      "lagrange_multiplier": 0.0,
      "cost_budget": 1.0,
      "cost_budget_raw": 0.02,
      "cost_budget_normalized": 1.0,
      "algorithm_cost_mode": "separate_cost",
      "fixed_cost_penalty_coef": 0.0,
      "log_std_max": -2.3,
      "accepted": true,
      "mode": "reward",
      "reward_before": 6.610787863792211e-07,
      "reward_after": 0.3355582654476166,
      "cost_before": 0.8464749455451965,
      "cost_after": 0.5872208476066589,
      "kl_before": -2.384185791015625e-07,
      "kl_after": 0.019975265488028526,
      "cost_gap": -0.15352505445480347,
      "cost_recoverable": true,
      "cost_quadratic": 1347.1123046875,
      "reward_quadratic": 2.3874378204345703,
      "reward_cost_cross": -2.3837902545928955,
      "max_linear_cost_drop": 7.340605709851197,
      "rollout_wall_seconds": 1.8816225305199623,
      "update_wall_seconds": 1.3957678955048323,
      "total_wall_seconds": 3.2773924246430397
    },
    {
      "update": 928,
      "algorithm": "macpo",
      "actor_loss": -0.21188154816627502,
      "reward_critic_loss": 0.0004510760772973299,
      "cost_critic_loss": 1.0659412145614624,
      "reward_critic_loss_last": 0.0004085581167601049,
      "cost_critic_loss_last": 0.9892222285270691,
      "critic_epochs": 8,
      "daily_voltage_cost": 0.01749161258339882,
      "daily_voltage_cost_raw": 0.01749161258339882,
      "daily_voltage_cost_normalized": 0.8745806813240051,
      "daily_economic_return_raw_yuan": -824406.375,
      "daily_economic_return_normalized": -0.26157474517822266,
      "daily_economic_cost_raw_yuan": 824406.375,
      "economic_reward_scale_yuan": 3151704.8194007874,
      "lagrange_multiplier": 0.0,
      "cost_budget": 1.0,
      "cost_budget_raw": 0.02,
      "cost_budget_normalized": 1.0,
      "algorithm_cost_mode": "separate_cost",
      "fixed_cost_penalty_coef": 0.0,
      "log_std_max": -2.3,
      "accepted": true,
      "mode": "constrained_reward",
      "reward_before": 3.1680875167694467e-07,
      "reward_after": 0.21188154816627502,
      "cost_before": 0.8745660185813904,
      "cost_after": 0.772488534450531,
      "kl_before": -2.384185791015625e-07,
      "kl_after": 0.019890526309609413,
      "cost_gap": -0.12543398141860962,
      "cost_recoverable": true,
      "cost_quadratic": 2491.36572265625,
      "reward_quadratic": 1.0414769649505615,
      "reward_cost_cross": 6.959731578826904,
      "max_linear_cost_drop": 9.982716509360065,
      "rollout_wall_seconds": 1.736119432374835,
      "update_wall_seconds": 1.4278617110103369,
      "total_wall_seconds": 3.1639831475913525
    },
    {
      "update": 929,
      "algorithm": "macpo",
      "actor_loss": 0.0495804101228714,
      "reward_critic_loss": 0.0005865190178155899,
      "cost_critic_loss": 4.240489482879639,
      "reward_critic_loss_last": 0.0005234833806753159,
      "cost_critic_loss_last": 4.268929958343506,
      "critic_epochs": 8,
      "daily_voltage_cost": 0.06264252960681915,
      "daily_voltage_cost_raw": 0.06264252960681915,
      "daily_voltage_cost_normalized": 3.132126808166504,
      "daily_economic_return_raw_yuan": -896329.5,
      "daily_economic_return_normalized": -0.28439512848854065,
      "daily_economic_cost_raw_yuan": 896329.5,
      "economic_reward_scale_yuan": 3151704.8194007874,
      "lagrange_multiplier": 0.0,
      "cost_budget": 1.0,
      "cost_budget_raw": 0.02,
      "cost_budget_normalized": 1.0,
      "algorithm_cost_mode": "separate_cost",
      "fixed_cost_penalty_coef": 0.0,
      "log_std_max": -2.3,
      "accepted": true,
      "mode": "cost_recovery",
      "reward_before": -3.1844371051192866e-07,
      "reward_after": -0.0495804101228714,
      "cost_before": 3.1321377754211426,
      "cost_after": -14.478947639465332,
      "kl_before": -2.384185791015625e-07,
      "kl_after": 0.01988612860441208,
      "cost_gap": 2.1321377754211426,
      "cost_recoverable": true,
      "cost_quadratic": 10638.9921875,
      "reward_quadratic": 1.3737740516662598,
      "reward_cost_cross": 28.615726470947266,
      "max_linear_cost_drop": 20.62909807771537,
      "rollout_wall_seconds": 1.321646824479103,
      "update_wall_seconds": 1.601189337670803,
      "total_wall_seconds": 2.922837771475315
    },
    {
      "update": 930,
      "algorithm": "macpo",
      "actor_loss": -0.2740713953971863,
      "reward_critic_loss": 0.0007660037372261286,
      "cost_critic_loss": 0.2804235816001892,
      "reward_critic_loss_last": 0.0007557998178526759,
      "cost_critic_loss_last": 0.2749731242656708,
      "critic_epochs": 8,
      "daily_voltage_cost": 0.008949377574026585,
      "daily_voltage_cost_raw": 0.008949377574026585,
      "daily_voltage_cost_normalized": 0.4474688768386841,
      "daily_economic_return_raw_yuan": -745608.25,
      "daily_economic_return_normalized": -0.2365729957818985,
      "daily_economic_cost_raw_yuan": 745608.25,
      "economic_reward_scale_yuan": 3151704.8194007874,
      "lagrange_multiplier": 0.0,
      "cost_budget": 1.0,
      "cost_budget_raw": 0.02,
      "cost_budget_normalized": 1.0,
      "algorithm_cost_mode": "separate_cost",
      "fixed_cost_penalty_coef": 0.0,
      "log_std_max": -2.3,
      "accepted": true,
      "mode": "reward",
      "reward_before": 7.717679295637936e-07,
      "reward_after": 0.2740713953971863,
      "cost_before": 0.4474625289440155,
      "cost_after": 0.1456255316734314,
      "kl_before": -2.384185791015625e-07,
      "kl_after": 0.019953366369009018,
      "cost_gap": -0.5525374710559845,
      "cost_recoverable": true,
      "cost_quadratic": 787.78515625,
      "reward_quadratic": 1.7593992948532104,
      "reward_cost_cross": -1.4528993368148804,
      "max_linear_cost_drop": 5.6135021377033425,
      "rollout_wall_seconds": 1.4031448923051357,
      "update_wall_seconds": 1.487274058163166,
      "total_wall_seconds": 2.890420502051711
    },
    {
      "update": 931,
      "algorithm": "macpo",
      "actor_loss": -0.03053147718310356,
      "reward_critic_loss": 0.0007927692495286465,
      "cost_critic_loss": 1.256486415863037,
      "reward_critic_loss_last": 0.0007377290166914463,
      "cost_critic_loss_last": 1.2055772542953491,
      "critic_epochs": 8,
      "daily_voltage_cost": 0.02746567316353321,
      "daily_voltage_cost_raw": 0.02746567316353321,
      "daily_voltage_cost_normalized": 1.3732837438583374,
      "daily_economic_return_raw_yuan": -807460.625,
      "daily_economic_return_normalized": -0.25619804859161377,
      "daily_economic_cost_raw_yuan": 807460.625,
      "economic_reward_scale_yuan": 3151704.8194007874,
      "lagrange_multiplier": 0.0,
      "cost_budget": 1.0,
      "cost_budget_raw": 0.02,
      "cost_budget_normalized": 1.0,
      "algorithm_cost_mode": "separate_cost",
      "fixed_cost_penalty_coef": 0.0,
      "log_std_max": -2.3,
      "accepted": true,
      "mode": "cost_recovery",
      "reward_before": 2.4606222837064706e-08,
      "reward_after": 0.03053147718310356,
      "cost_before": 1.3732783794403076,
      "cost_after": -3.593097686767578,
      "kl_before": -2.384185791015625e-07,
      "kl_after": 0.005002826452255249,
      "cost_gap": 0.3732783794403076,
      "cost_recoverable": true,
      "cost_quadratic": 3426.50048828125,
      "reward_quadratic": 1.7502129077911377,
      "reward_cost_cross": -20.237802505493164,
      "max_linear_cost_drop": 11.707263537276761,
      "rollout_wall_seconds": 1.7250286396592855,
      "update_wall_seconds": 1.609899828210473,
      "total_wall_seconds": 3.334930559620261
    },
    {
      "update": 932,
      "algorithm": "macpo",
      "actor_loss": -0.14056354761123657,
      "reward_critic_loss": 0.0008079453255049884,
      "cost_critic_loss": 0.4135211408138275,
      "reward_critic_loss_last": 0.0007723299786448479,
      "cost_critic_loss_last": 0.41626831889152527,
      "critic_epochs": 8,
      "daily_voltage_cost": 0.005677244625985622,
      "daily_voltage_cost_raw": 0.005677244625985622,
      "daily_voltage_cost_normalized": 0.28386223316192627,
      "daily_economic_return_raw_yuan": -787803.0625,
      "daily_economic_return_normalized": -0.24996092915534973,
      "daily_economic_cost_raw_yuan": 787803.0625,
      "economic_reward_scale_yuan": 3151704.8194007874,
      "lagrange_multiplier": 0.0,
      "cost_budget": 1.0,
      "cost_budget_raw": 0.02,
      "cost_budget_normalized": 1.0,
      "algorithm_cost_mode": "separate_cost",
      "fixed_cost_penalty_coef": 0.0,
      "log_std_max": -2.3,
      "accepted": true,
      "mode": "reward",
      "reward_before": -1.8483888197806664e-07,
      "reward_after": 0.14056354761123657,
      "cost_before": 0.2838395833969116,
      "cost_after": 0.5160130262374878,
      "kl_before": -2.384185791015625e-07,
      "kl_after": 0.005029419437050819,
      "cost_gap": -0.7161604166030884,
      "cost_recoverable": true,
      "cost_quadratic": 1199.3597412109375,
      "reward_quadratic": 1.9596527814865112,
      "reward_cost_cross": 4.970690727233887,
      "max_linear_cost_drop": 6.9263547157532654,
      "rollout_wall_seconds": 1.50920001976192,
      "update_wall_seconds": 1.667840788140893,
      "total_wall_seconds": 3.17704301699996
    },
    {
      "update": 933,
      "algorithm": "macpo",
      "actor_loss": 0.04724416136741638,
      "reward_critic_loss": 0.0007211486808955669,
      "cost_critic_loss": 2.716191291809082,
      "reward_critic_loss_last": 0.0006920673768036067,
      "cost_critic_loss_last": 2.691420078277588,
      "critic_epochs": 8,
      "daily_voltage_cost": 0.03276921436190605,
      "daily_voltage_cost_raw": 0.03276921436190605,
      "daily_voltage_cost_normalized": 1.638460636138916,
      "daily_economic_return_raw_yuan": -745082.5,
      "daily_economic_return_normalized": -0.23640617728233337,
      "daily_economic_cost_raw_yuan": 745082.5,
      "economic_reward_scale_yuan": 3151704.8194007874,
      "lagrange_multiplier": 0.0,
      "cost_budget": 1.0,
      "cost_budget_raw": 0.02,
      "cost_budget_normalized": 1.0,
      "algorithm_cost_mode": "separate_cost",
      "fixed_cost_penalty_coef": 0.0,
      "log_std_max": -2.3,
      "accepted": true,
      "mode": "cost_recovery",
      "reward_before": 1.7086156844925426e-07,
      "reward_after": -0.04724416136741638,
      "cost_before": 1.6384540796279907,
      "cost_after": -11.503944396972656,
      "kl_before": -2.384185791015625e-07,
      "kl_after": 0.019901981577277184,
      "cost_gap": 0.6384540796279907,
      "cost_recoverable": true,
      "cost_quadratic": 7523.740234375,
      "reward_quadratic": 1.5536220073699951,
      "reward_cost_cross": 22.77930450439453,
      "max_linear_cost_drop": 17.34789927844291,
      "rollout_wall_seconds": 2.1131565496325493,
      "update_wall_seconds": 1.9364541433751583,
      "total_wall_seconds": 4.049613036215305
    },
    {
      "update": 934,
      "algorithm": "macpo",
      "actor_loss": 0.019381364807486534,
      "reward_critic_loss": 0.0008685898501425982,
      "cost_critic_loss": 20.593883514404297,
      "reward_critic_loss_last": 0.0008041856344789267,
      "cost_critic_loss_last": 20.48416519165039,
      "critic_epochs": 8,
      "daily_voltage_cost": 0.055872589349746704,
      "daily_voltage_cost_raw": 0.055872589349746704,
      "daily_voltage_cost_normalized": 2.7936296463012695,
      "daily_economic_return_raw_yuan": -810677.8125,
      "daily_economic_return_normalized": -0.2572188377380371,
      "daily_economic_cost_raw_yuan": 810677.8125,
      "economic_reward_scale_yuan": 3151704.8194007874,
      "lagrange_multiplier": 0.0,
      "cost_budget": 1.0,
      "cost_budget_raw": 0.02,
      "cost_budget_normalized": 1.0,
      "algorithm_cost_mode": "separate_cost",
      "fixed_cost_penalty_coef": 0.0,
      "log_std_max": -2.3,
      "accepted": true,
      "mode": "cost_recovery",
      "reward_before": 3.533439780767367e-07,
      "reward_after": -0.019381364807486534,
      "cost_before": 2.7936038970947266,
      "cost_after": -34.74928665161133,
      "kl_before": -2.384185791015625e-07,
      "kl_after": 0.01988018862903118,
      "cost_gap": 1.7936038970947266,
      "cost_recoverable": true,
      "cost_quadratic": 62839.921875,
      "reward_quadratic": 1.876826286315918,
      "reward_cost_cross": 49.798744201660156,
      "max_linear_cost_drop": 50.135784376032255,
      "rollout_wall_seconds": 2.4038522467017174,
      "update_wall_seconds": 1.8998546954244375,
      "total_wall_seconds": 4.303708905354142
    },
    {
      "update": 935,
      "algorithm": "macpo",
      "actor_loss": -0.11559531837701797,
      "reward_critic_loss": 0.0006175931775942445,
      "cost_critic_loss": 0.2232147753238678,
      "reward_critic_loss_last": 0.0005913404747843742,
      "cost_critic_loss_last": 0.2292531430721283,
      "critic_epochs": 8,
      "daily_voltage_cost": 0.010617222636938095,
      "daily_voltage_cost_raw": 0.010617222636938095,
      "daily_voltage_cost_normalized": 0.5308611392974854,
      "daily_economic_return_raw_yuan": -795250.4375,
      "daily_economic_return_normalized": -0.2523238956928253,
      "daily_economic_cost_raw_yuan": 795250.4375,
      "economic_reward_scale_yuan": 3151704.8194007874,
      "lagrange_multiplier": 0.0,
      "cost_budget": 1.0,
      "cost_budget_raw": 0.02,
      "cost_budget_normalized": 1.0,
      "algorithm_cost_mode": "separate_cost",
      "fixed_cost_penalty_coef": 0.0,
      "log_std_max": -2.3,
      "accepted": true,
      "mode": "constrained_reward",
      "reward_before": 1.0917450765646208e-07,
      "reward_after": 0.11559531837701797,
      "cost_before": 0.5308568477630615,
      "cost_after": 0.7701368927955627,
      "kl_before": -2.384185791015625e-07,
      "kl_after": 0.005038104951381683,
      "cost_gap": -0.4691431522369385,
      "cost_recoverable": true,
      "cost_quadratic": 528.068359375,
      "reward_quadratic": 1.3948583602905273,
      "reward_cost_cross": 6.74643611907959,
      "max_linear_cost_drop": 4.59594760359602,
      "rollout_wall_seconds": 1.6745707765221596,
      "update_wall_seconds": 1.4299689158797264,
      "total_wall_seconds": 3.1045413743704557
    },
    {
      "update": 936,
      "algorithm": "macpo",
      "actor_loss": 0.026055479422211647,
      "reward_critic_loss": 0.0008513105567544699,
      "cost_critic_loss": 7.168298721313477,
      "reward_critic_loss_last": 0.000788543839007616,
      "cost_critic_loss_last": 6.985960960388184,
      "critic_epochs": 8,
      "daily_voltage_cost": 0.05991750955581665,
      "daily_voltage_cost_raw": 0.05991750955581665,
      "daily_voltage_cost_normalized": 2.995875358581543,
      "daily_economic_return_raw_yuan": -926386.125,
      "daily_economic_return_normalized": -0.2939317524433136,
      "daily_economic_cost_raw_yuan": 926386.125,
      "economic_reward_scale_yuan": 3151704.8194007874,
      "lagrange_multiplier": 0.0,
      "cost_budget": 1.0,
      "cost_budget_raw": 0.02,
      "cost_budget_normalized": 1.0,
      "algorithm_cost_mode": "separate_cost",
      "fixed_cost_penalty_coef": 0.0,
      "log_std_max": -2.3,
      "accepted": true,
      "mode": "cost_recovery",
      "reward_before": 1.057554399608307e-07,
      "reward_after": -0.026055479422211647,
      "cost_before": 2.995877981185913,
      "cost_after": -17.286895751953125,
      "kl_before": -2.384185791015625e-07,
      "kl_after": 0.019869081676006317,
      "cost_gap": 1.995877981185913,
      "cost_recoverable": true,
      "cost_quadratic": 18171.802734375,
      "reward_quadratic": 1.9635508060455322,
      "reward_cost_cross": 21.980398178100586,
      "max_linear_cost_drop": 26.96056582075013,
      "rollout_wall_seconds": 1.5233061220496893,
      "update_wall_seconds": 1.2131044436246157,
      "total_wall_seconds": 2.7364123463630676
    },
    {
      "update": 937,
      "algorithm": "macpo",
      "actor_loss": -0.052974410355091095,
      "reward_critic_loss": 0.0007617815281264484,
      "cost_critic_loss": 1.0009355545043945,
      "reward_critic_loss_last": 0.0007392917759716511,
      "cost_critic_loss_last": 0.9900665283203125,
      "critic_epochs": 8,
      "daily_voltage_cost": 0.023525813594460487,
      "daily_voltage_cost_raw": 0.023525813594460487,
      "daily_voltage_cost_normalized": 1.17629075050354,
      "daily_economic_return_raw_yuan": -950752.625,
      "daily_economic_return_normalized": -0.30166298151016235,
      "daily_economic_cost_raw_yuan": 950752.625,
      "economic_reward_scale_yuan": 3151704.8194007874,
      "lagrange_multiplier": 0.0,
      "cost_budget": 1.0,
      "cost_budget_raw": 0.02,
      "cost_budget_normalized": 1.0,
      "algorithm_cost_mode": "separate_cost",
      "fixed_cost_penalty_coef": 0.0,
      "log_std_max": -2.3,
      "accepted": true,
      "mode": "cost_recovery",
      "reward_before": 3.423770067456644e-07,
      "reward_after": 0.052974410355091095,
      "cost_before": 1.1762850284576416,
      "cost_after": -7.1035261154174805,
      "kl_before": -2.384185791015625e-07,
      "kl_after": 0.01995626464486122,
      "cost_gap": 0.1762850284576416,
      "cost_recoverable": true,
      "cost_quadratic": 2006.9742431640625,
      "reward_quadratic": 1.7682816982269287,
      "reward_cost_cross": -13.196613311767578,
      "max_linear_cost_drop": 8.959853220146105,
      "rollout_wall_seconds": 1.477240227162838,
      "update_wall_seconds": 1.167547944933176,
      "total_wall_seconds": 2.6447900608181953
    },
    {
      "update": 938,
      "algorithm": "macpo",
      "actor_loss": 0.06754034012556076,
      "reward_critic_loss": 0.0005592260858975351,
      "cost_critic_loss": 2.441281795501709,
      "reward_critic_loss_last": 0.000507669523358345,
      "cost_critic_loss_last": 2.3925976753234863,
      "critic_epochs": 8,
      "daily_voltage_cost": 0.030869511887431145,
      "daily_voltage_cost_raw": 0.030869511887431145,
      "daily_voltage_cost_normalized": 1.54347562789917,
      "daily_economic_return_raw_yuan": -839447.8125,
      "daily_economic_return_normalized": -0.2663472294807434,
      "daily_economic_cost_raw_yuan": 839447.8125,
      "economic_reward_scale_yuan": 3151704.8194007874,
      "lagrange_multiplier": 0.0,
      "cost_budget": 1.0,
      "cost_budget_raw": 0.02,
      "cost_budget_normalized": 1.0,
      "algorithm_cost_mode": "separate_cost",
      "fixed_cost_penalty_coef": 0.0,
      "log_std_max": -2.3,
      "accepted": true,
      "mode": "cost_recovery",
      "reward_before": 1.2594956899647514e-07,
      "reward_after": -0.06754034012556076,
      "cost_before": 1.5434914827346802,
      "cost_after": -11.4415283203125,
      "kl_before": -2.384185791015625e-07,
      "kl_after": 0.019891060888767242,
      "cost_gap": 0.5434914827346802,
      "cost_recoverable": true,
      "cost_quadratic": 6009.40380859375,
      "reward_quadratic": 1.349452257156372,
      "reward_cost_cross": 32.824302673339844,
      "max_linear_cost_drop": 15.504068896381686,
      "rollout_wall_seconds": 1.5140970405191183,
      "update_wall_seconds": 1.2192499097436666,
      "total_wall_seconds": 2.7333488948643208
    },
    {
      "update": 939,
      "algorithm": "macpo",
      "actor_loss": 0.007987819612026215,
      "reward_critic_loss": 0.0007763819303363562,
      "cost_critic_loss": 1.428621768951416,
      "reward_critic_loss_last": 0.0007613865891471505,
      "cost_critic_loss_last": 1.437543272972107,
      "critic_epochs": 8,
      "daily_voltage_cost": 0.02182265743613243,
      "daily_voltage_cost_raw": 0.02182265743613243,
      "daily_voltage_cost_normalized": 1.0911329984664917,
      "daily_economic_return_raw_yuan": -851315.0,
      "daily_economic_return_normalized": -0.270112544298172,
      "daily_economic_cost_raw_yuan": 851315.0,
      "economic_reward_scale_yuan": 3151704.8194007874,
      "lagrange_multiplier": 0.0,
      "cost_budget": 1.0,
      "cost_budget_raw": 0.02,
      "cost_budget_normalized": 1.0,
      "algorithm_cost_mode": "separate_cost",
      "fixed_cost_penalty_coef": 0.0,
      "log_std_max": -2.3,
      "accepted": true,
      "mode": "cost_recovery",
      "reward_before": -1.1815698996997526e-07,
      "reward_after": -0.007987819612026215,
      "cost_before": 1.0911176204681396,
      "cost_after": -8.481180191040039,
      "kl_before": -2.384185791015625e-07,
      "kl_after": 0.019962400197982788,
      "cost_gap": 0.09111762046813965,
      "cost_recoverable": true,
      "cost_quadratic": 3290.7255859375,
      "reward_quadratic": 1.6219587326049805,
      "reward_cost_cross": 1.8370871543884277,
      "max_linear_cost_drop": 11.47296925113547,
      "rollout_wall_seconds": 1.4091983549296856,
      "update_wall_seconds": 1.050050625577569,
      "total_wall_seconds": 2.4592506531625986
    },
    {
      "update": 940,
      "algorithm": "macpo",
      "actor_loss": 0.015628783032298088,
      "reward_critic_loss": 0.0010479202028363943,
      "cost_critic_loss": 9.020210266113281,
      "reward_critic_loss_last": 0.0009807574097067118,
      "cost_critic_loss_last": 8.969562530517578,
      "critic_epochs": 8,
      "daily_voltage_cost": 0.05797191336750984,
      "daily_voltage_cost_raw": 0.05797191336750984,
      "daily_voltage_cost_normalized": 2.8985958099365234,
      "daily_economic_return_raw_yuan": -986546.875,
      "daily_economic_return_normalized": -0.31302008032798767,
      "daily_economic_cost_raw_yuan": 986546.875,
      "economic_reward_scale_yuan": 3151704.8194007874,
      "lagrange_multiplier": 0.0,
      "cost_budget": 1.0,
      "cost_budget_raw": 0.02,
      "cost_budget_normalized": 1.0,
      "algorithm_cost_mode": "separate_cost",
      "fixed_cost_penalty_coef": 0.0,
      "log_std_max": -2.3,
      "accepted": true,
      "mode": "cost_recovery",
      "reward_before": -3.239275656596874e-07,
      "reward_after": -0.015628783032298088,
      "cost_before": 2.898589611053467,
      "cost_after": -19.750328063964844,
      "kl_before": -2.384185791015625e-07,
      "kl_after": 0.019982364028692245,
      "cost_gap": 1.8985896110534668,
      "cost_recoverable": true,
      "cost_quadratic": 17070.8515625,
      "reward_quadratic": 2.2445311546325684,
      "reward_cost_cross": 10.605901718139648,
      "max_linear_cost_drop": 26.13109378690452,
      "rollout_wall_seconds": 1.076402137055993,
      "update_wall_seconds": 1.0970863960683346,
      "total_wall_seconds": 2.1734911873936653
    },
    {
      "update": 941,
      "algorithm": "macpo",
      "actor_loss": -0.2930305004119873,
      "reward_critic_loss": 0.0009738911758176982,
      "cost_critic_loss": 1.6642210483551025,
      "reward_critic_loss_last": 0.0009275511838495731,
      "cost_critic_loss_last": 1.6240085363388062,
      "critic_epochs": 8,
      "daily_voltage_cost": 0.011908365413546562,
      "daily_voltage_cost_raw": 0.011908365413546562,
      "daily_voltage_cost_normalized": 0.5954182744026184,
      "daily_economic_return_raw_yuan": -944547.1875,
      "daily_economic_return_normalized": -0.2996940612792969,
      "daily_economic_cost_raw_yuan": 944547.1875,
      "economic_reward_scale_yuan": 3151704.8194007874,
      "lagrange_multiplier": 0.0,
      "cost_budget": 1.0,
      "cost_budget_raw": 0.02,
      "cost_budget_normalized": 1.0,
      "algorithm_cost_mode": "separate_cost",
      "fixed_cost_penalty_coef": 0.0,
      "log_std_max": -2.3,
      "accepted": true,
      "mode": "constrained_reward",
      "reward_before": 1.4905580769664084e-07,
      "reward_after": 0.2930305004119873,
      "cost_before": 0.5954040884971619,
      "cost_after": 0.8861434459686279,
      "kl_before": -2.384185791015625e-07,
      "kl_after": 0.019995495676994324,
      "cost_gap": -0.40459591150283813,
      "cost_recoverable": true,
      "cost_quadratic": 4207.8203125,
      "reward_quadratic": 2.0862886905670166,
      "reward_cost_cross": 28.38102149963379,
      "max_linear_cost_drop": 12.973542789076545,
      "rollout_wall_seconds": 0.9962904192507267,
      "update_wall_seconds": 1.0765048936009407,
      "total_wall_seconds": 2.0727969519793987
    },
    {
      "update": 942,
      "algorithm": "macpo",
      "actor_loss": -0.28058797121047974,
      "reward_critic_loss": 0.0009477219427935779,
      "cost_critic_loss": 0.6223125457763672,
      "reward_critic_loss_last": 0.000932169787120074,
      "cost_critic_loss_last": 0.5038967728614807,
      "critic_epochs": 8,
      "daily_voltage_cost": 0.0025205127894878387,
      "daily_voltage_cost_raw": 0.0025205127894878387,
      "daily_voltage_cost_normalized": 0.12602563202381134,
      "daily_economic_return_raw_yuan": -914517.0625,
      "daily_economic_return_normalized": -0.29016584157943726,
      "daily_economic_cost_raw_yuan": 914517.0625,
      "economic_reward_scale_yuan": 3151704.8194007874,
      "lagrange_multiplier": 0.0,
      "cost_budget": 1.0,
      "cost_budget_raw": 0.02,
      "cost_budget_normalized": 1.0,
      "algorithm_cost_mode": "separate_cost",
      "fixed_cost_penalty_coef": 0.0,
      "log_std_max": -2.3,
      "accepted": true,
      "mode": "reward",
      "reward_before": -3.0368198622454656e-07,
      "reward_after": 0.28058797121047974,
      "cost_before": 0.1259945183992386,
      "cost_after": 0.45314717292785645,
      "kl_before": -2.384185791015625e-07,
      "kl_after": 0.01995404250919819,
      "cost_gap": -0.8740054816007614,
      "cost_recoverable": true,
      "cost_quadratic": 1312.55517578125,
      "reward_quadratic": 2.1424357891082764,
      "reward_cost_cross": 4.636340618133545,
      "max_linear_cost_drop": 7.245840671119535,
      "rollout_wall_seconds": 1.1757218670099974,
      "update_wall_seconds": 1.245295962318778,
      "total_wall_seconds": 2.421019483357668
    },
    {
      "update": 943,
      "algorithm": "macpo",
      "actor_loss": -0.016690796241164207,
      "reward_critic_loss": 0.0008315531304106116,
      "cost_critic_loss": 1.0525420904159546,
      "reward_critic_loss_last": 0.0007914068992249668,
      "cost_critic_loss_last": 1.0532774925231934,
      "critic_epochs": 8,
      "daily_voltage_cost": 0.021641843020915985,
      "daily_voltage_cost_raw": 0.021641843020915985,
      "daily_voltage_cost_normalized": 1.0820921659469604,
      "daily_economic_return_raw_yuan": -833001.0625,
      "daily_economic_return_normalized": -0.26430174708366394,
      "daily_economic_cost_raw_yuan": 833001.0625,
      "economic_reward_scale_yuan": 3151704.8194007874,
      "lagrange_multiplier": 0.0,
      "cost_budget": 1.0,
      "cost_budget_raw": 0.02,
      "cost_budget_normalized": 1.0,
      "algorithm_cost_mode": "separate_cost",
      "fixed_cost_penalty_coef": 0.0,
      "log_std_max": -2.3,
      "accepted": true,
      "mode": "cost_recovery",
      "reward_before": -3.3428904089305433e-08,
      "reward_after": 0.016690796241164207,
      "cost_before": 1.0821027755737305,
      "cost_after": -8.331376075744629,
      "kl_before": -2.384185791015625e-07,
      "kl_after": 0.019948478788137436,
      "cost_gap": 0.08210277557373047,
      "cost_recoverable": true,
      "cost_quadratic": 3148.062744140625,
      "reward_quadratic": 2.111668109893799,
      "reward_cost_cross": -5.9378862380981445,
      "max_linear_cost_drop": 11.221519940080533,
      "rollout_wall_seconds": 1.5751655492931604,
      "update_wall_seconds": 1.5438738353550434,
      "total_wall_seconds": 3.119041159749031
    },
    {
      "update": 944,
      "algorithm": "macpo",
      "actor_loss": -0.10694187134504318,
      "reward_critic_loss": 0.00047940839431248605,
      "cost_critic_loss": 0.6475502252578735,
      "reward_critic_loss_last": 0.00047301952145062387,
      "cost_critic_loss_last": 0.6277220845222473,
      "critic_epochs": 8,
      "daily_voltage_cost": 0.005033507477492094,
      "daily_voltage_cost_raw": 0.005033507477492094,
      "daily_voltage_cost_normalized": 0.25167539715766907,
      "daily_economic_return_raw_yuan": -1073674.5,
      "daily_economic_return_normalized": -0.34066468477249146,
      "daily_economic_cost_raw_yuan": 1073674.5,
      "economic_reward_scale_yuan": 3151704.8194007874,
      "lagrange_multiplier": 0.0,
      "cost_budget": 1.0,
      "cost_budget_raw": 0.02,
      "cost_budget_normalized": 1.0,
      "algorithm_cost_mode": "separate_cost",
      "fixed_cost_penalty_coef": 0.0,
      "log_std_max": -2.3,
      "accepted": true,
      "mode": "constrained_reward",
      "reward_before": 1.7683996134110203e-07,
      "reward_after": 0.10694187134504318,
      "cost_before": 0.251644492149353,
      "cost_after": 0.432576447725296,
      "kl_before": -2.384185791015625e-07,
      "kl_after": 0.005025806836783886,
      "cost_gap": -0.748355507850647,
      "cost_recoverable": true,
      "cost_quadratic": 1748.3218994140625,
      "reward_quadratic": 1.1687254905700684,
      "reward_cost_cross": 7.268596172332764,
      "max_linear_cost_drop": 8.362587875565943,
      "rollout_wall_seconds": 1.4844253342598677,
      "update_wall_seconds": 1.3207009099423885,
      "total_wall_seconds": 2.805127941071987
    },
    {
      "update": 945,
      "algorithm": "macpo",
      "actor_loss": -0.03991975635290146,
      "reward_critic_loss": 0.0011736312881112099,
      "cost_critic_loss": 0.989557683467865,
      "reward_critic_loss_last": 0.0010904544033110142,
      "cost_critic_loss_last": 0.9871094226837158,
      "critic_epochs": 8,
      "daily_voltage_cost": 0.020025186240673065,
      "daily_voltage_cost_raw": 0.020025186240673065,
      "daily_voltage_cost_normalized": 1.0012593269348145,
      "daily_economic_return_raw_yuan": -922395.5625,
      "daily_economic_return_normalized": -0.29266560077667236,
      "daily_economic_cost_raw_yuan": 922395.5625,
      "economic_reward_scale_yuan": 3151704.8194007874,
      "lagrange_multiplier": 0.0,
      "cost_budget": 1.0,
      "cost_budget_raw": 0.02,
      "cost_budget_normalized": 1.0,
      "algorithm_cost_mode": "separate_cost",
      "fixed_cost_penalty_coef": 0.0,
      "log_std_max": -2.3,
      "accepted": true,
      "mode": "cost_recovery",
      "reward_before": 5.28972748270462e-07,
      "reward_after": 0.03991975635290146,
      "cost_before": 1.0012401342391968,
      "cost_after": -7.991762638092041,
      "kl_before": -2.384185791015625e-07,
      "kl_after": 0.019831180572509766,
      "cost_gap": 0.0012401342391967773,
      "cost_recoverable": true,
      "cost_quadratic": 2438.8115234375,
      "reward_quadratic": 2.7221553325653076,
      "reward_cost_cross": -9.387435913085938,
      "max_linear_cost_drop": 9.876864934659176,
      "rollout_wall_seconds": 1.4199325032532215,
      "update_wall_seconds": 1.1373887918889523,
      "total_wall_seconds": 2.5573231391608715
    },
    {
      "update": 946,
      "algorithm": "macpo",
      "actor_loss": -0.13629356026649475,
      "reward_critic_loss": 0.0007979205111041665,
      "cost_critic_loss": 0.3818346858024597,
      "reward_critic_loss_last": 0.0007579645025543869,
      "cost_critic_loss_last": 0.34243011474609375,
      "critic_epochs": 8,
      "daily_voltage_cost": 0.013145766220986843,
      "daily_voltage_cost_raw": 0.013145766220986843,
      "daily_voltage_cost_normalized": 0.6572883129119873,
      "daily_economic_return_raw_yuan": -918634.75,
      "daily_economic_return_normalized": -0.29147234559059143,
      "daily_economic_cost_raw_yuan": 918634.75,
      "economic_reward_scale_yuan": 3151704.8194007874,
      "lagrange_multiplier": 0.0,
      "cost_budget": 1.0,
      "cost_budget_raw": 0.02,
      "cost_budget_normalized": 1.0,
      "algorithm_cost_mode": "separate_cost",
      "fixed_cost_penalty_coef": 0.0,
      "log_std_max": -2.3,
      "accepted": true,
      "mode": "reward",
      "reward_before": 2.1674532035831362e-07,
      "reward_after": 0.13629356026649475,
      "cost_before": 0.6572918891906738,
      "cost_after": 0.20742836594581604,
      "kl_before": -2.384185791015625e-07,
      "kl_after": 0.005039422307163477,
      "cost_gap": -0.34270811080932617,
      "cost_recoverable": true,
      "cost_quadratic": 998.5731811523438,
      "reward_quadratic": 1.9460926055908203,
      "reward_cost_cross": -6.243375778198242,
      "max_linear_cost_drop": 6.320041712369765,
      "rollout_wall_seconds": 1.3307925015687943,
      "update_wall_seconds": 1.1814032439142466,
      "total_wall_seconds": 2.5121973995119333
    },
    {
      "update": 947,
      "algorithm": "macpo",
      "actor_loss": -0.30074506998062134,
      "reward_critic_loss": 0.0010547060519456863,
      "cost_critic_loss": 0.44864246249198914,
      "reward_critic_loss_last": 0.0010407424997538328,
      "cost_critic_loss_last": 0.38686951994895935,
      "critic_epochs": 8,
      "daily_voltage_cost": 0.011995134875178337,
      "daily_voltage_cost_raw": 0.011995134875178337,
      "daily_voltage_cost_normalized": 0.5997567772865295,
      "daily_economic_return_raw_yuan": -942096.8125,
      "daily_economic_return_normalized": -0.2989165782928467,
      "daily_economic_cost_raw_yuan": 942096.8125,
      "economic_reward_scale_yuan": 3151704.8194007874,
      "lagrange_multiplier": 0.0,
      "cost_budget": 1.0,
      "cost_budget_raw": 0.02,
      "cost_budget_normalized": 1.0,
      "algorithm_cost_mode": "separate_cost",
      "fixed_cost_penalty_coef": 0.0,
      "log_std_max": -2.3,
      "accepted": true,
      "mode": "constrained_reward",
      "reward_before": -1.25357985325536e-07,
      "reward_after": 0.30074506998062134,
      "cost_before": 0.5997377634048462,
      "cost_after": 0.9466786980628967,
      "kl_before": -2.384185791015625e-07,
      "kl_after": 0.019960960373282433,
      "cost_gap": -0.4002622365951538,
      "cost_recoverable": true,
      "cost_quadratic": 1095.628173828125,
      "reward_quadratic": 2.398688793182373,
      "reward_cost_cross": 6.510049343109131,
      "max_linear_cost_drop": 6.620054905597461,
      "rollout_wall_seconds": 1.475243590772152,
      "update_wall_seconds": 1.0730024315416813,
      "total_wall_seconds": 2.548247668892145
    },
    {
      "update": 948,
      "algorithm": "macpo",
      "actor_loss": -0.2565850615501404,
      "reward_critic_loss": 0.0006641379441134632,
      "cost_critic_loss": 0.3854309916496277,
      "reward_critic_loss_last": 0.0006055276608094573,
      "cost_critic_loss_last": 0.3860633075237274,
      "critic_epochs": 8,
      "daily_voltage_cost": 0.010439855977892876,
      "daily_voltage_cost_raw": 0.010439855977892876,
      "daily_voltage_cost_normalized": 0.5219928026199341,
      "daily_economic_return_raw_yuan": -801817.5,
      "daily_economic_return_normalized": -0.2544075548648834,
      "daily_economic_cost_raw_yuan": 801817.5,
      "economic_reward_scale_yuan": 3151704.8194007874,
      "lagrange_multiplier": 0.0,
      "cost_budget": 1.0,
      "cost_budget_raw": 0.02,
      "cost_budget_normalized": 1.0,
      "algorithm_cost_mode": "separate_cost",
      "fixed_cost_penalty_coef": 0.0,
      "log_std_max": -2.3,
      "accepted": true,
      "mode": "constrained_reward",
      "reward_before": 5.399571278985604e-08,
      "reward_after": 0.2565850615501404,
      "cost_before": 0.5219843983650208,
      "cost_after": 0.9083302021026611,
      "kl_before": -2.384185791015625e-07,
      "kl_after": 0.01988108456134796,
      "cost_gap": -0.47801560163497925,
      "cost_recoverable": true,
      "cost_quadratic": 795.8857421875,
      "reward_quadratic": 1.4597182273864746,
      "reward_cost_cross": 5.290700912475586,
      "max_linear_cost_drop": 5.642289401253715,
      "rollout_wall_seconds": 1.3595684431493282,
      "update_wall_seconds": 1.1147661339491606,
      "total_wall_seconds": 2.4743364080786705
    },
    {
      "update": 949,
      "algorithm": "macpo",
      "actor_loss": -0.25811395049095154,
      "reward_critic_loss": 0.0006444458849728107,
      "cost_critic_loss": 0.3634994626045227,
      "reward_critic_loss_last": 0.0005888215964660048,
      "cost_critic_loss_last": 0.3379339873790741,
      "critic_epochs": 8,
      "daily_voltage_cost": 0.013323914259672165,
      "daily_voltage_cost_raw": 0.013323914259672165,
      "daily_voltage_cost_normalized": 0.6661956906318665,
      "daily_economic_return_raw_yuan": -776334.6875,
      "daily_economic_return_normalized": -0.2463221400976181,
      "daily_economic_cost_raw_yuan": 776334.6875,
      "economic_reward_scale_yuan": 3151704.8194007874,
      "lagrange_multiplier": 0.0,
      "cost_budget": 1.0,
      "cost_budget_raw": 0.02,
      "cost_budget_normalized": 1.0,
      "algorithm_cost_mode": "separate_cost",
      "fixed_cost_penalty_coef": 0.0,
      "log_std_max": -2.3,
      "accepted": true,
      "mode": "reward",
      "reward_before": -1.8648216837391374e-07,
      "reward_after": 0.25811395049095154,
      "cost_before": 0.6661853194236755,
      "cost_after": 0.06582283973693848,
      "kl_before": -2.384185791015625e-07,
      "kl_after": 0.0199244637042284,
      "cost_gap": -0.33381468057632446,
      "cost_recoverable": true,
      "cost_quadratic": 753.6954345703125,
      "reward_quadratic": 1.582383394241333,
      "reward_cost_cross": -3.079718589782715,
      "max_linear_cost_drop": 5.490702813193636,
      "rollout_wall_seconds": 1.3101557400077581,
      "update_wall_seconds": 1.1233919691294432,
      "total_wall_seconds": 2.433549491688609
    },
    {
      "update": 950,
      "algorithm": "macpo",
      "actor_loss": -0.02505960874259472,
      "reward_critic_loss": 0.0007353447144851089,
      "cost_critic_loss": 16.467144012451172,
      "reward_critic_loss_last": 0.0007078662747517228,
      "cost_critic_loss_last": 16.44978904724121,
      "critic_epochs": 8,
      "daily_voltage_cost": 0.057225167751312256,
      "daily_voltage_cost_raw": 0.057225167751312256,
      "daily_voltage_cost_normalized": 2.8612585067749023,
      "daily_economic_return_raw_yuan": -793225.25,
      "daily_economic_return_normalized": -0.2516813278198242,
      "daily_economic_cost_raw_yuan": 793225.25,
      "economic_reward_scale_yuan": 3151704.8194007874,
      "lagrange_multiplier": 0.0,
      "cost_budget": 1.0,
      "cost_budget_raw": 0.02,
      "cost_budget_normalized": 1.0,
      "algorithm_cost_mode": "separate_cost",
      "fixed_cost_penalty_coef": 0.0,
      "log_std_max": -2.3,
      "accepted": true,
      "mode": "cost_recovery",
      "reward_before": -4.774744297719735e-07,
      "reward_after": 0.02505960874259472,
      "cost_before": 2.8612263202667236,
      "cost_after": -15.283534049987793,
      "kl_before": -2.384185791015625e-07,
      "kl_after": 0.005002116784453392,
      "cost_gap": 1.8612263202667236,
      "cost_recoverable": true,
      "cost_quadratic": 43838.30078125,
      "reward_quadratic": 1.5217528343200684,
      "reward_cost_cross": -60.42068099975586,
      "max_linear_cost_drop": 41.87519589506418,
      "rollout_wall_seconds": 1.2896581124514341,
      "update_wall_seconds": 1.1404823660850525,
      "total_wall_seconds": 2.4301421139389277
    },
    {
      "update": 951,
      "algorithm": "macpo",
      "actor_loss": -0.048703424632549286,
      "reward_critic_loss": 0.0008814601460471749,
      "cost_critic_loss": 11.221003532409668,
      "reward_critic_loss_last": 0.0008398768259212375,
      "cost_critic_loss_last": 11.118852615356445,
      "critic_epochs": 8,
      "daily_voltage_cost": 0.05679277703166008,
      "daily_voltage_cost_raw": 0.05679277703166008,
      "daily_voltage_cost_normalized": 2.8396387100219727,
      "daily_economic_return_raw_yuan": -849878.75,
      "daily_economic_return_normalized": -0.26965683698654175,
      "daily_economic_cost_raw_yuan": 849878.75,
      "economic_reward_scale_yuan": 3151704.8194007874,
      "lagrange_multiplier": 0.0,
      "cost_budget": 1.0,
      "cost_budget_raw": 0.02,
      "cost_budget_normalized": 1.0,
      "algorithm_cost_mode": "separate_cost",
      "fixed_cost_penalty_coef": 0.0,
      "log_std_max": -2.3,
      "accepted": true,
      "mode": "cost_recovery",
      "reward_before": -4.714434567176795e-07,
      "reward_after": 0.048703424632549286,
      "cost_before": 2.8397216796875,
      "cost_after": -21.569095611572266,
      "kl_before": -2.384185791015625e-07,
      "kl_after": 0.01977827213704586,
      "cost_gap": 1.8397216796875,
      "cost_recoverable": true,
      "cost_quadratic": 23647.07421875,
      "reward_quadratic": 1.9563690423965454,
      "reward_cost_cross": -52.498069763183594,
      "max_linear_cost_drop": 30.75521043254297,
      "rollout_wall_seconds": 0.8325084783136845,
      "update_wall_seconds": 1.0831033010035753,
      "total_wall_seconds": 1.9156143851578236
    },
    {
      "update": 952,
      "algorithm": "macpo",
      "actor_loss": -0.0013657677918672562,
      "reward_critic_loss": 0.0008461017860099673,
      "cost_critic_loss": 36.044532775878906,
      "reward_critic_loss_last": 0.0008310307166539133,
      "cost_critic_loss_last": 35.889259338378906,
      "critic_epochs": 8,
      "daily_voltage_cost": 0.07854212075471878,
      "daily_voltage_cost_raw": 0.07854212075471878,
      "daily_voltage_cost_normalized": 3.9271061420440674,
      "daily_economic_return_raw_yuan": -988516.25,
      "daily_economic_return_normalized": -0.3136449456214905,
      "daily_economic_cost_raw_yuan": 988516.25,
      "economic_reward_scale_yuan": 3151704.8194007874,
      "lagrange_multiplier": 0.0,
      "cost_budget": 1.0,
      "cost_budget_raw": 0.02,
      "cost_budget_normalized": 1.0,
      "algorithm_cost_mode": "separate_cost",
      "fixed_cost_penalty_coef": 0.0,
      "log_std_max": -2.3,
      "accepted": true,
      "mode": "cost_recovery",
      "reward_before": -3.303152595890424e-08,
      "reward_after": 0.0013657677918672562,
      "cost_before": 3.9271557331085205,
      "cost_after": -39.35432052612305,
      "kl_before": -2.384185791015625e-07,
      "kl_after": 0.019890088587999344,
      "cost_gap": 2.9271557331085205,
      "cost_recoverable": true,
      "cost_quadratic": 70196.9375,
      "reward_quadratic": 1.88214910030365,
      "reward_cost_cross": -3.3593063354492188,
      "max_linear_cost_drop": 52.989409319221515,
      "rollout_wall_seconds": 0.9452139157801867,
      "update_wall_seconds": 1.082744324579835,
      "total_wall_seconds": 2.0279600229114294
    },
    {
      "update": 953,
      "algorithm": "macpo",
      "actor_loss": 0.01205204613506794,
      "reward_critic_loss": 0.0006904634647071362,
      "cost_critic_loss": 1.0095813274383545,
      "reward_critic_loss_last": 0.0006724545964971185,
      "cost_critic_loss_last": 1.0006637573242188,
      "critic_epochs": 8,
      "daily_voltage_cost": 0.028843969106674194,
      "daily_voltage_cost_raw": 0.028843969106674194,
      "daily_voltage_cost_normalized": 1.442198395729065,
      "daily_economic_return_raw_yuan": -883975.375,
      "daily_economic_return_normalized": -0.28047531843185425,
      "daily_economic_cost_raw_yuan": 883975.375,
      "economic_reward_scale_yuan": 3151704.8194007874,
      "lagrange_multiplier": 0.0,
      "cost_budget": 1.0,
      "cost_budget_raw": 0.02,
      "cost_budget_normalized": 1.0,
      "algorithm_cost_mode": "separate_cost",
      "fixed_cost_penalty_coef": 0.0,
      "log_std_max": -2.3,
      "accepted": true,
      "mode": "cost_recovery",
      "reward_before": -1.200441204218805e-07,
      "reward_after": -0.01205204613506794,
      "cost_before": 1.4421814680099487,
      "cost_after": -3.3723530769348145,
      "kl_before": -2.384185791015625e-07,
      "kl_after": 0.005019845440983772,
      "cost_gap": 0.44218146800994873,
      "cost_recoverable": true,
      "cost_quadratic": 2426.3125,
      "reward_quadratic": 1.6165679693222046,
      "reward_cost_cross": 6.158301830291748,
      "max_linear_cost_drop": 9.851522724939532,
      "rollout_wall_seconds": 0.8512730393558741,
      "update_wall_seconds": 1.1014894004911184,
      "total_wall_seconds": 1.9527640771120787
    },
    {
      "update": 954,
      "algorithm": "macpo",
      "actor_loss": -0.23542866110801697,
      "reward_critic_loss": 0.0006517567671835423,
      "cost_critic_loss": 0.8454334735870361,
      "reward_critic_loss_last": 0.0006272689206525683,
      "cost_critic_loss_last": 0.7995966672897339,
      "critic_epochs": 8,
      "daily_voltage_cost": 0.01678372547030449,
      "daily_voltage_cost_raw": 0.01678372547030449,
      "daily_voltage_cost_normalized": 0.8391863107681274,
      "daily_economic_return_raw_yuan": -950625.5,
      "daily_economic_return_normalized": -0.3016226291656494,
      "daily_economic_cost_raw_yuan": 950625.5,
      "economic_reward_scale_yuan": 3151704.8194007874,
      "lagrange_multiplier": 0.0,
      "cost_budget": 1.0,
      "cost_budget_raw": 0.02,
      "cost_budget_normalized": 1.0,
      "algorithm_cost_mode": "separate_cost",
      "fixed_cost_penalty_coef": 0.0,
      "log_std_max": -2.3,
      "accepted": true,
      "mode": "reward",
      "reward_before": 2.2034669200365897e-08,
      "reward_after": 0.23542866110801697,
      "cost_before": 0.8391826152801514,
      "cost_after": -0.335713267326355,
      "kl_before": -2.384185791015625e-07,
      "kl_after": 0.019950030371546745,
      "cost_gap": -0.16081738471984863,
      "cost_recoverable": true,
      "cost_quadratic": 2041.887451171875,
      "reward_quadratic": 1.6099412441253662,
      "reward_cost_cross": -8.969917297363281,
      "max_linear_cost_drop": 9.037449753491027,
      "rollout_wall_seconds": 0.9461829271167517,
      "update_wall_seconds": 1.0904217511415482,
      "total_wall_seconds": 2.036606650799513
    },
    {
      "update": 955,
      "algorithm": "macpo",
      "actor_loss": -0.2710684537887573,
      "reward_critic_loss": 0.0006705359555780888,
      "cost_critic_loss": 1.068885087966919,
      "reward_critic_loss_last": 0.0006583469803445041,
      "cost_critic_loss_last": 0.8928800821304321,
      "critic_epochs": 8,
      "daily_voltage_cost": 0.009974314831197262,
      "daily_voltage_cost_raw": 0.009974314831197262,
      "daily_voltage_cost_normalized": 0.49871572852134705,
      "daily_economic_return_raw_yuan": -784649.375,
      "daily_economic_return_normalized": -0.24896030128002167,
      "daily_economic_cost_raw_yuan": 784649.375,
      "economic_reward_scale_yuan": 3151704.8194007874,
      "lagrange_multiplier": 0.0,
      "cost_budget": 1.0,
      "cost_budget_raw": 0.02,
      "cost_budget_normalized": 1.0,
      "algorithm_cost_mode": "separate_cost",
      "fixed_cost_penalty_coef": 0.0,
      "log_std_max": -2.3,
      "accepted": true,
      "mode": "reward",
      "reward_before": 2.882810861137841e-07,
      "reward_after": 0.2710684537887573,
      "cost_before": 0.49867627024650574,
      "cost_after": -1.0597745180130005,
      "kl_before": -2.384185791015625e-07,
      "kl_after": 0.019871585071086884,
      "cost_gap": -0.5013237297534943,
      "cost_recoverable": true,
      "cost_quadratic": 2096.19189453125,
      "reward_quadratic": 1.5553934574127197,
      "reward_cost_cross": -7.246874809265137,
      "max_linear_cost_drop": 9.156837651790601,
      "rollout_wall_seconds": 0.8270060643553734,
      "update_wall_seconds": 1.0297521855682135,
      "total_wall_seconds": 1.8567598965018988
    },
    {
      "update": 956,
      "algorithm": "macpo",
      "actor_loss": -0.04519207403063774,
      "reward_critic_loss": 0.0007739810971543193,
      "cost_critic_loss": 2.7277979850769043,
      "reward_critic_loss_last": 0.0007474428857676685,
      "cost_critic_loss_last": 2.7279224395751953,
      "critic_epochs": 8,
      "daily_voltage_cost": 0.03496371954679489,
      "daily_voltage_cost_raw": 0.03496371954679489,
      "daily_voltage_cost_normalized": 1.7481861114501953,
      "daily_economic_return_raw_yuan": -836837.125,
      "daily_economic_return_normalized": -0.2655188739299774,
      "daily_economic_cost_raw_yuan": 836837.125,
      "economic_reward_scale_yuan": 3151704.8194007874,
      "lagrange_multiplier": 0.0,
      "cost_budget": 1.0,
      "cost_budget_raw": 0.02,
      "cost_budget_normalized": 1.0,
      "algorithm_cost_mode": "separate_cost",
      "fixed_cost_penalty_coef": 0.0,
      "log_std_max": -2.3,
      "accepted": true,
      "mode": "cost_recovery",
      "reward_before": -3.509249211219867e-07,
      "reward_after": 0.04519207403063774,
      "cost_before": 1.7482004165649414,
      "cost_after": -10.239938735961914,
      "kl_before": -2.384185791015625e-07,
      "kl_after": 0.019935231655836105,
      "cost_gap": 0.7482004165649414,
      "cost_recoverable": true,
      "cost_quadratic": 6533.3759765625,
      "reward_quadratic": 1.7657865285873413,
      "reward_cost_cross": -24.394859313964844,
      "max_linear_cost_drop": 16.165860294537374,
      "rollout_wall_seconds": 0.9749346747994423,
      "update_wall_seconds": 1.083805600181222,
      "total_wall_seconds": 2.058741968125105
    },
    {
      "update": 957,
      "algorithm": "macpo",
      "actor_loss": -0.02482077293097973,
      "reward_critic_loss": 0.0009912810055539012,
      "cost_critic_loss": 2.986578941345215,
      "reward_critic_loss_last": 0.0009284840780310333,
      "cost_critic_loss_last": 2.917391300201416,
      "critic_epochs": 8,
      "daily_voltage_cost": 0.04970934987068176,
      "daily_voltage_cost_raw": 0.04970934987068176,
      "daily_voltage_cost_normalized": 2.4854674339294434,
      "daily_economic_return_raw_yuan": -987699.375,
      "daily_economic_return_normalized": -0.3133857548236847,
      "daily_economic_cost_raw_yuan": 987699.375,
      "economic_reward_scale_yuan": 3151704.8194007874,
      "lagrange_multiplier": 0.0,
      "cost_budget": 1.0,
      "cost_budget_raw": 0.02,
      "cost_budget_normalized": 1.0,
      "algorithm_cost_mode": "separate_cost",
      "fixed_cost_penalty_coef": 0.0,
      "log_std_max": -2.3,
      "accepted": true,
      "mode": "cost_recovery",
      "reward_before": 1.3836745438311482e-07,
      "reward_after": 0.02482077293097973,
      "cost_before": 2.4855082035064697,
      "cost_after": -4.958172798156738,
      "kl_before": -2.384185791015625e-07,
      "kl_after": 0.00502358004450798,
      "cost_gap": 1.4855082035064697,
      "cost_recoverable": true,
      "cost_quadratic": 6245.08056640625,
      "reward_quadratic": 2.1042394638061523,
      "reward_cost_cross": -20.532787322998047,
      "max_linear_cost_drop": 15.805164429902335,
      "rollout_wall_seconds": 0.837724432349205,
      "update_wall_seconds": 1.0977228246629238,
      "total_wall_seconds": 1.9354487620294094
    },
    {
      "update": 958,
      "algorithm": "macpo",
      "actor_loss": 0.003568701446056366,
      "reward_critic_loss": 0.0019171552266925573,
      "cost_critic_loss": 4.884185791015625,
      "reward_critic_loss_last": 0.0018770403694361448,
      "cost_critic_loss_last": 4.673882484436035,
      "critic_epochs": 8,
      "daily_voltage_cost": 0.05156843364238739,
      "daily_voltage_cost_raw": 0.05156843364238739,
      "daily_voltage_cost_normalized": 2.5784215927124023,
      "daily_economic_return_raw_yuan": -923060.0,
      "daily_economic_return_normalized": -0.2928764224052429,
      "daily_economic_cost_raw_yuan": 923060.0,
      "economic_reward_scale_yuan": 3151704.8194007874,
      "lagrange_multiplier": 0.0,
      "cost_budget": 1.0,
      "cost_budget_raw": 0.02,
      "cost_budget_normalized": 1.0,
      "algorithm_cost_mode": "separate_cost",
      "fixed_cost_penalty_coef": 0.0,
      "log_std_max": -2.3,
      "accepted": true,
      "mode": "cost_recovery",
      "reward_before": 1.3837657775184198e-07,
      "reward_after": -0.003568701446056366,
      "cost_before": 2.578486919403076,
      "cost_after": -7.785557746887207,
      "kl_before": -2.384185791015625e-07,
      "kl_after": 0.004992119036614895,
      "cost_gap": 1.5784869194030762,
      "cost_recoverable": true,
      "cost_quadratic": 12653.6591796875,
      "reward_quadratic": 4.574410915374756,
      "reward_cost_cross": 3.5821919441223145,
      "max_linear_cost_drop": 22.4976969307416,
      "rollout_wall_seconds": 0.9386879801750183,
      "update_wall_seconds": 1.0985555779188871,
      "total_wall_seconds": 2.037245398387313
    },
    {
      "update": 959,
      "algorithm": "macpo",
      "actor_loss": 0.011777199804782867,
      "reward_critic_loss": 0.0011204915354028344,
      "cost_critic_loss": 1.1002163887023926,
      "reward_critic_loss_last": 0.0009861059952527285,
      "cost_critic_loss_last": 1.0818675756454468,
      "critic_epochs": 8,
      "daily_voltage_cost": 0.03819545358419418,
      "daily_voltage_cost_raw": 0.03819545358419418,
      "daily_voltage_cost_normalized": 1.9097727537155151,
      "daily_economic_return_raw_yuan": -931452.375,
      "daily_economic_return_normalized": -0.2955392301082611,
      "daily_economic_cost_raw_yuan": 931452.375,
      "economic_reward_scale_yuan": 3151704.8194007874,
      "lagrange_multiplier": 0.0,
      "cost_budget": 1.0,
      "cost_budget_raw": 0.02,
      "cost_budget_normalized": 1.0,
      "algorithm_cost_mode": "separate_cost",
      "fixed_cost_penalty_coef": 0.0,
      "log_std_max": -2.3,
      "accepted": true,
      "mode": "cost_recovery",
      "reward_before": 5.138480787536537e-07,
      "reward_after": -0.011777199804782867,
      "cost_before": 1.9097625017166138,
      "cost_after": -2.876631736755371,
      "kl_before": -2.384185791015625e-07,
      "kl_after": 0.0050127627328038216,
      "cost_gap": 0.9097625017166138,
      "cost_recoverable": true,
      "cost_quadratic": 2654.764892578125,
      "reward_quadratic": 2.4892210960388184,
      "reward_cost_cross": 6.761756896972656,
      "max_linear_cost_drop": 10.304882129511478,
      "rollout_wall_seconds": 1.2788258586078882,
      "update_wall_seconds": 1.109394047409296,
      "total_wall_seconds": 2.3882216438651085
    },
    {
      "update": 960,
      "algorithm": "macpo",
      "actor_loss": -0.05463963374495506,
      "reward_critic_loss": 0.0011524611618369818,
      "cost_critic_loss": 5.548868179321289,
      "reward_critic_loss_last": 0.0010689933551475406,
      "cost_critic_loss_last": 5.466116905212402,
      "critic_epochs": 8,
      "daily_voltage_cost": 0.03511573746800423,
      "daily_voltage_cost_raw": 0.03511573746800423,
      "daily_voltage_cost_normalized": 1.7557868957519531,
      "daily_economic_return_raw_yuan": -809439.9375,
      "daily_economic_return_normalized": -0.2568260729312897,
      "daily_economic_cost_raw_yuan": 809439.9375,
      "economic_reward_scale_yuan": 3151704.8194007874,
      "lagrange_multiplier": 0.0,
      "cost_budget": 1.0,
      "cost_budget_raw": 0.02,
      "cost_budget_normalized": 1.0,
      "algorithm_cost_mode": "separate_cost",
      "fixed_cost_penalty_coef": 0.0,
      "log_std_max": -2.3,
      "accepted": true,
      "mode": "cost_recovery",
      "reward_before": 1.6930388824221154e-07,
      "reward_after": 0.05463963374495506,
      "cost_before": 1.7557892799377441,
      "cost_after": -15.13132095336914,
      "kl_before": -2.384185791015625e-07,
      "kl_after": 0.019878124818205833,
      "cost_gap": 0.7557892799377441,
      "cost_recoverable": true,
      "cost_quadratic": 11267.552734375,
      "reward_quadratic": 2.652346134185791,
      "reward_cost_cross": -34.22020721435547,
      "max_linear_cost_drop": 21.22974586223302,
      "rollout_wall_seconds": 1.290574410930276,
      "update_wall_seconds": 1.1284823194146156,
      "total_wall_seconds": 2.419059071689844
    },
    {
      "update": 961,
      "algorithm": "macpo",
      "actor_loss": -0.26888665556907654,
      "reward_critic_loss": 0.0010220318799838424,
      "cost_critic_loss": 1.3548715114593506,
      "reward_critic_loss_last": 0.000845803995616734,
      "cost_critic_loss_last": 1.3679454326629639,
      "critic_epochs": 8,
      "daily_voltage_cost": 0.01253669522702694,
      "daily_voltage_cost_raw": 0.01253669522702694,
      "daily_voltage_cost_normalized": 0.6268347501754761,
      "daily_economic_return_raw_yuan": -929077.3125,
      "daily_economic_return_normalized": -0.29478564858436584,
      "daily_economic_cost_raw_yuan": 929077.3125,
      "economic_reward_scale_yuan": 3151704.8194007874,
      "lagrange_multiplier": 0.0,
      "cost_budget": 1.0,
      "cost_budget_raw": 0.02,
      "cost_budget_normalized": 1.0,
      "algorithm_cost_mode": "separate_cost",
      "fixed_cost_penalty_coef": 0.0,
      "log_std_max": -2.3,
      "accepted": true,
      "mode": "constrained_reward",
      "reward_before": -4.490244691623957e-07,
      "reward_after": 0.26888665556907654,
      "cost_before": 0.6268110871315002,
      "cost_after": 0.7543457746505737,
      "kl_before": -2.384185791015625e-07,
      "kl_after": 0.019220588728785515,
      "cost_gap": -0.37318891286849976,
      "cost_recoverable": true,
      "cost_quadratic": 3042.7333984375,
      "reward_quadratic": 2.2294607162475586,
      "reward_cost_cross": 32.725120544433594,
      "max_linear_cost_drop": 11.032195426908462,
      "rollout_wall_seconds": 1.3126483149826527,
      "update_wall_seconds": 1.1168282590806484,
      "total_wall_seconds": 2.429478583857417
    },
    {
      "update": 962,
      "algorithm": "macpo",
      "actor_loss": -0.06357710063457489,
      "reward_critic_loss": 0.0013511460274457932,
      "cost_critic_loss": 9.660135269165039,
      "reward_critic_loss_last": 0.0013001123443245888,
      "cost_critic_loss_last": 9.64699935913086,
      "critic_epochs": 8,
      "daily_voltage_cost": 0.038835614919662476,
      "daily_voltage_cost_raw": 0.038835614919662476,
      "daily_voltage_cost_normalized": 1.9417808055877686,
      "daily_economic_return_raw_yuan": -972853.9375,
      "daily_economic_return_normalized": -0.30867546796798706,
      "daily_economic_cost_raw_yuan": 972853.9375,
      "economic_reward_scale_yuan": 3151704.8194007874,
      "lagrange_multiplier": 0.0,
      "cost_budget": 1.0,
      "cost_budget_raw": 0.02,
      "cost_budget_normalized": 1.0,
      "algorithm_cost_mode": "separate_cost",
      "fixed_cost_penalty_coef": 0.0,
      "log_std_max": -2.3,
      "accepted": true,
      "mode": "cost_recovery",
      "reward_before": -3.753579136400731e-08,
      "reward_after": 0.06357710063457489,
      "cost_before": 1.9417896270751953,
      "cost_after": -21.532222747802734,
      "kl_before": -2.384185791015625e-07,
      "kl_after": 0.019907807931303978,
      "cost_gap": 0.9417896270751953,
      "cost_recoverable": true,
      "cost_quadratic": 20563.62109375,
      "reward_quadratic": 3.2017767429351807,
      "reward_cost_cross": -62.55840301513672,
      "max_linear_cost_drop": 28.68004260369918,
      "rollout_wall_seconds": 1.1550168748944998,
      "update_wall_seconds": 1.1165495198220015,
      "total_wall_seconds": 2.2715682089328766
    },
    {
      "update": 963,
      "algorithm": "macpo",
      "actor_loss": 0.01345638744533062,
      "reward_critic_loss": 0.0008231684332713485,
      "cost_critic_loss": 1.866999626159668,
      "reward_critic_loss_last": 0.0007560872472822666,
      "cost_critic_loss_last": 1.858036994934082,
      "critic_epochs": 8,
      "daily_voltage_cost": 0.023427417501807213,
      "daily_voltage_cost_raw": 0.023427417501807213,
      "daily_voltage_cost_normalized": 1.1713708639144897,
      "daily_economic_return_raw_yuan": -984622.75,
      "daily_economic_return_normalized": -0.31240957975387573,
      "daily_economic_cost_raw_yuan": 984622.75,
      "economic_reward_scale_yuan": 3151704.8194007874,
      "lagrange_multiplier": 0.0,
      "cost_budget": 1.0,
      "cost_budget_raw": 0.02,
      "cost_budget_normalized": 1.0,
      "algorithm_cost_mode": "separate_cost",
      "fixed_cost_penalty_coef": 0.0,
      "log_std_max": -2.3,
      "accepted": true,
      "mode": "cost_recovery",
      "reward_before": 8.648015636936179e-10,
      "reward_after": -0.01345638744533062,
      "cost_before": 1.1713578701019287,
      "cost_after": -9.135862350463867,
      "kl_before": -2.384185791015625e-07,
      "kl_after": 0.019908985123038292,
      "cost_gap": 0.1713578701019287,
      "cost_recoverable": true,
      "cost_quadratic": 4207.6962890625,
      "reward_quadratic": 2.084362506866455,
      "reward_cost_cross": 3.786064624786377,
      "max_linear_cost_drop": 12.973351593266097,
      "rollout_wall_seconds": 1.2696247231215239,
      "update_wall_seconds": 1.0991745423525572,
      "total_wall_seconds": 2.3688010163605213
    },
    {
      "update": 964,
      "algorithm": "macpo",
      "actor_loss": 0.0465465672314167,
      "reward_critic_loss": 0.0010409920942038298,
      "cost_critic_loss": 22.38251495361328,
      "reward_critic_loss_last": 0.0009530630195513368,
      "cost_critic_loss_last": 22.249462127685547,
      "critic_epochs": 8,
      "daily_voltage_cost": 0.05632533133029938,
      "daily_voltage_cost_raw": 0.05632533133029938,
      "daily_voltage_cost_normalized": 2.8162667751312256,
      "daily_economic_return_raw_yuan": -1032927.375,
      "daily_economic_return_normalized": -0.3277360796928406,
      "daily_economic_cost_raw_yuan": 1032927.375,
      "economic_reward_scale_yuan": 3151704.8194007874,
      "lagrange_multiplier": 0.0,
      "cost_budget": 1.0,
      "cost_budget_raw": 0.02,
      "cost_budget_normalized": 1.0,
      "algorithm_cost_mode": "separate_cost",
      "fixed_cost_penalty_coef": 0.0,
      "log_std_max": -2.3,
      "accepted": true,
      "mode": "cost_recovery",
      "reward_before": 7.617335313625517e-07,
      "reward_after": -0.0465465672314167,
      "cost_before": 2.816286563873291,
      "cost_after": -32.50840377807617,
      "kl_before": -2.384185791015625e-07,
      "kl_after": 0.01972886733710766,
      "cost_gap": 1.816286563873291,
      "cost_recoverable": true,
      "cost_quadratic": 57158.546875,
      "reward_quadratic": 2.6317176818847656,
      "reward_cost_cross": 85.95209503173828,
      "max_linear_cost_drop": 47.81570740875848,
      "rollout_wall_seconds": 1.438390091061592,
      "update_wall_seconds": 1.1322501990944147,
      "total_wall_seconds": 2.5706421956419945
    },
    {
      "update": 965,
      "algorithm": "macpo",
      "actor_loss": -0.1455836296081543,
      "reward_critic_loss": 0.0008384016109630466,
      "cost_critic_loss": 0.5967381000518799,
      "reward_critic_loss_last": 0.0007817336590960622,
      "cost_critic_loss_last": 0.6095351576805115,
      "critic_epochs": 8,
      "daily_voltage_cost": 0.005110385362058878,
      "daily_voltage_cost_raw": 0.005110385362058878,
      "daily_voltage_cost_normalized": 0.2555192708969116,
      "daily_economic_return_raw_yuan": -821152.4375,
      "daily_economic_return_normalized": -0.2605423033237457,
      "daily_economic_cost_raw_yuan": 821152.4375,
      "economic_reward_scale_yuan": 3151704.8194007874,
      "lagrange_multiplier": 0.0,
      "cost_budget": 1.0,
      "cost_budget_raw": 0.02,
      "cost_budget_normalized": 1.0,
      "algorithm_cost_mode": "separate_cost",
      "fixed_cost_penalty_coef": 0.0,
      "log_std_max": -2.3,
      "accepted": true,
      "mode": "reward",
      "reward_before": 5.830979716847651e-07,
      "reward_after": 0.1455836296081543,
      "cost_before": 0.25549617409706116,
      "cost_after": -0.12866246700286865,
      "kl_before": -2.384185791015625e-07,
      "kl_after": 0.005032273940742016,
      "cost_gap": -0.7445038259029388,
      "cost_recoverable": true,
      "cost_quadratic": 1616.8125,
      "reward_quadratic": 1.9891626834869385,
      "reward_cost_cross": -6.838029861450195,
      "max_linear_cost_drop": 8.041921412199947,
      "rollout_wall_seconds": 0.9000122901052237,
      "update_wall_seconds": 1.0788103193044662,
      "total_wall_seconds": 1.978824283927679
    },
    {
      "update": 966,
      "algorithm": "macpo",
      "actor_loss": -0.13116000592708588,
      "reward_critic_loss": 0.0008916883962228894,
      "cost_critic_loss": 1.278117060661316,
      "reward_critic_loss_last": 0.0008395026670768857,
      "cost_critic_loss_last": 1.2145068645477295,
      "critic_epochs": 8,
      "daily_voltage_cost": 0.01788949966430664,
      "daily_voltage_cost_raw": 0.01788949966430664,
      "daily_voltage_cost_normalized": 0.894474983215332,
      "daily_economic_return_raw_yuan": -881953.375,
      "daily_economic_return_normalized": -0.27983376383781433,
      "daily_economic_cost_raw_yuan": 881953.375,
      "economic_reward_scale_yuan": 3151704.8194007874,
      "lagrange_multiplier": 0.0,
      "cost_budget": 1.0,
      "cost_budget_raw": 0.02,
      "cost_budget_normalized": 1.0,
      "algorithm_cost_mode": "separate_cost",
      "fixed_cost_penalty_coef": 0.0,
      "log_std_max": -2.3,
      "accepted": true,
      "mode": "constrained_reward",
      "reward_before": 6.307037665465032e-07,
      "reward_after": 0.13116000592708588,
      "cost_before": 0.8944406509399414,
      "cost_after": 0.8746529221534729,
      "kl_before": -2.384185791015625e-07,
      "kl_after": 0.005051763728260994,
      "cost_gap": -0.1055593490600586,
      "cost_recoverable": true,
      "cost_quadratic": 3335.99462890625,
      "reward_quadratic": 1.8181630373001099,
      "reward_cost_cross": 15.716455459594727,
      "max_linear_cost_drop": 11.551613963262882,
      "rollout_wall_seconds": 1.2660866174846888,
      "update_wall_seconds": 1.1139142476022243,
      "total_wall_seconds": 2.3800027780234814
    },
    {
      "update": 967,
      "algorithm": "macpo",
      "actor_loss": -0.019964970648288727,
      "reward_critic_loss": 0.00043654051842167974,
      "cost_critic_loss": 3.9042844772338867,
      "reward_critic_loss_last": 0.00040306427399627864,
      "cost_critic_loss_last": 3.885986328125,
      "critic_epochs": 8,
      "daily_voltage_cost": 0.028298739343881607,
      "daily_voltage_cost_raw": 0.028298739343881607,
      "daily_voltage_cost_normalized": 1.4149370193481445,
      "daily_economic_return_raw_yuan": -888431.0625,
      "daily_economic_return_normalized": -0.28188905119895935,
      "daily_economic_cost_raw_yuan": 888431.0625,
      "economic_reward_scale_yuan": 3151704.8194007874,
      "lagrange_multiplier": 0.0,
      "cost_budget": 1.0,
      "cost_budget_raw": 0.02,
      "cost_budget_normalized": 1.0,
      "algorithm_cost_mode": "separate_cost",
      "fixed_cost_penalty_coef": 0.0,
      "log_std_max": -2.3,
      "accepted": true,
      "mode": "cost_recovery",
      "reward_before": -6.3679976847197395e-09,
      "reward_after": 0.019964970648288727,
      "cost_before": 1.41493821144104,
      "cost_after": -12.772836685180664,
      "kl_before": -2.384185791015625e-07,
      "kl_after": 0.019945472478866577,
      "cost_gap": 0.41493821144104004,
      "cost_recoverable": true,
      "cost_quadratic": 7588.8154296875,
      "reward_quadratic": 1.1078970432281494,
      "reward_cost_cross": -11.459600448608398,
      "max_linear_cost_drop": 17.422761468478527,
      "rollout_wall_seconds": 1.0280178617686033,
      "update_wall_seconds": 1.0673004370182753,
      "total_wall_seconds": 2.0953199211508036
    },
    {
      "update": 968,
      "algorithm": "macpo",
      "actor_loss": -0.020637478679418564,
      "reward_critic_loss": 0.0009088224032893777,
      "cost_critic_loss": 2.7077300548553467,
      "reward_critic_loss_last": 0.0008320981869474053,
      "cost_critic_loss_last": 2.697401762008667,
      "critic_epochs": 8,
      "daily_voltage_cost": 0.038261834532022476,
      "daily_voltage_cost_raw": 0.038261834532022476,
      "daily_voltage_cost_normalized": 1.913091778755188,
      "daily_economic_return_raw_yuan": -790146.25,
      "daily_economic_return_normalized": -0.25070440769195557,
      "daily_economic_cost_raw_yuan": 790146.25,
      "economic_reward_scale_yuan": 3151704.8194007874,
      "lagrange_multiplier": 0.0,
      "cost_budget": 1.0,
      "cost_budget_raw": 0.02,
      "cost_budget_normalized": 1.0,
      "algorithm_cost_mode": "separate_cost",
      "fixed_cost_penalty_coef": 0.0,
      "log_std_max": -2.3,
      "accepted": true,
      "mode": "cost_recovery",
      "reward_before": 2.3827129780329415e-07,
      "reward_after": 0.020637478679418564,
      "cost_before": 1.9130730628967285,
      "cost_after": -6.420788764953613,
      "kl_before": -2.384185791015625e-07,
      "kl_after": 0.00501589011400938,
      "cost_gap": 0.9130730628967285,
      "cost_recoverable": true,
      "cost_quadratic": 8141.06689453125,
      "reward_quadratic": 2.0780370235443115,
      "reward_cost_cross": -19.248687744140625,
      "max_linear_cost_drop": 18.04557219323483,
      "rollout_wall_seconds": 1.3928357884287834,
      "update_wall_seconds": 1.1494954228401184,
      "total_wall_seconds": 2.542332950979471
    },
    {
      "update": 969,
      "algorithm": "macpo",
      "actor_loss": 0.016837328672409058,
      "reward_critic_loss": 0.0009527690126560628,
      "cost_critic_loss": 23.212024688720703,
      "reward_critic_loss_last": 0.0008849785081110895,
      "cost_critic_loss_last": 23.14581871032715,
      "critic_epochs": 8,
      "daily_voltage_cost": 0.06151827424764633,
      "daily_voltage_cost_raw": 0.06151827424764633,
      "daily_voltage_cost_normalized": 3.075913906097412,
      "daily_economic_return_raw_yuan": -824282.125,
      "daily_economic_return_normalized": -0.26153531670570374,
      "daily_economic_cost_raw_yuan": 824282.125,
      "economic_reward_scale_yuan": 3151704.8194007874,
      "lagrange_multiplier": 0.0,
      "cost_budget": 1.0,
      "cost_budget_raw": 0.02,
      "cost_budget_normalized": 1.0,
      "algorithm_cost_mode": "separate_cost",
      "fixed_cost_penalty_coef": 0.0,
      "log_std_max": -2.3,
      "accepted": true,
      "mode": "cost_recovery",
      "reward_before": -2.452280227771553e-07,
      "reward_after": -0.016837328672409058,
      "cost_before": 3.0759546756744385,
      "cost_after": -16.745397567749023,
      "kl_before": -2.384185791015625e-07,
      "kl_after": 0.00502629391849041,
      "cost_gap": 2.0759546756744385,
      "cost_recoverable": true,
      "cost_quadratic": 50906.65625,
      "reward_quadratic": 2.1509599685668945,
      "reward_cost_cross": 44.26158142089844,
      "max_linear_cost_drop": 45.125006925207224,
      "rollout_wall_seconds": 1.3323311358690262,
      "update_wall_seconds": 1.1503407135605812,
      "total_wall_seconds": 2.482673743739724
    },
    {
      "update": 970,
      "algorithm": "macpo",
      "actor_loss": -0.048269011080265045,
      "reward_critic_loss": 0.000983820529654622,
      "cost_critic_loss": 1.234532356262207,
      "reward_critic_loss_last": 0.0009492812678217888,
      "cost_critic_loss_last": 1.227062702178955,
      "critic_epochs": 8,
      "daily_voltage_cost": 0.030141565948724747,
      "daily_voltage_cost_raw": 0.030141565948724747,
      "daily_voltage_cost_normalized": 1.5070782899856567,
      "daily_economic_return_raw_yuan": -935827.6875,
      "daily_economic_return_normalized": -0.29692745208740234,
      "daily_economic_cost_raw_yuan": 935827.6875,
      "economic_reward_scale_yuan": 3151704.8194007874,
      "lagrange_multiplier": 0.0,
      "cost_budget": 1.0,
      "cost_budget_raw": 0.02,
      "cost_budget_normalized": 1.0,
      "algorithm_cost_mode": "separate_cost",
      "fixed_cost_penalty_coef": 0.0,
      "log_std_max": -2.3,
      "accepted": true,
      "mode": "cost_recovery",
      "reward_before": 4.5245189994602697e-07,
      "reward_after": 0.048269011080265045,
      "cost_before": 1.507063388824463,
      "cost_after": -8.595285415649414,
      "kl_before": -2.384185791015625e-07,
      "kl_after": 0.019929278641939163,
      "cost_gap": 0.5070633888244629,
      "cost_recoverable": true,
      "cost_quadratic": 3059.9765625,
      "reward_quadratic": 2.166165351867676,
      "reward_cost_cross": -14.344744682312012,
      "max_linear_cost_drop": 11.063410979440292,
      "rollout_wall_seconds": 1.2985520754009485,
      "update_wall_seconds": 1.1289109755307436,
      "total_wall_seconds": 2.4274647682905197
    },
    {
      "update": 971,
      "algorithm": "macpo",
      "actor_loss": -0.18081462383270264,
      "reward_critic_loss": 0.0012372788041830063,
      "cost_critic_loss": 0.31568098068237305,
      "reward_critic_loss_last": 0.0009916326962411404,
      "cost_critic_loss_last": 0.3162304759025574,
      "critic_epochs": 8,
      "daily_voltage_cost": 0.0028448961675167084,
      "daily_voltage_cost_raw": 0.0028448961675167084,
      "daily_voltage_cost_normalized": 0.14224480092525482,
      "daily_economic_return_raw_yuan": -856990.0625,
      "daily_economic_return_normalized": -0.27191317081451416,
      "daily_economic_cost_raw_yuan": 856990.0625,
      "economic_reward_scale_yuan": 3151704.8194007874,
      "lagrange_multiplier": 0.0,
      "cost_budget": 1.0,
      "cost_budget_raw": 0.02,
      "cost_budget_normalized": 1.0,
      "algorithm_cost_mode": "separate_cost",
      "fixed_cost_penalty_coef": 0.0,
      "log_std_max": -2.3,
      "accepted": true,
      "mode": "reward",
      "reward_before": 9.436197387913126e-07,
      "reward_after": 0.18081462383270264,
      "cost_before": 0.1422305852174759,
      "cost_after": -0.7296639680862427,
      "kl_before": -2.384185791015625e-07,
      "kl_after": 0.005016528535634279,
      "cost_gap": -0.8577694147825241,
      "cost_recoverable": true,
      "cost_quadratic": 721.34326171875,
      "reward_quadratic": 3.1666135787963867,
      "reward_cost_cross": -14.626924514770508,
      "max_linear_cost_drop": 5.37156685416369,
      "rollout_wall_seconds": 1.3372994922101498,
      "update_wall_seconds": 1.0776677019894123,
      "total_wall_seconds": 2.4149690475314856
    },
    {
      "update": 972,
      "algorithm": "macpo",
      "actor_loss": -0.01306992955505848,
      "reward_critic_loss": 0.000813283899333328,
      "cost_critic_loss": 0.848695695400238,
      "reward_critic_loss_last": 0.0007636230438947678,
      "cost_critic_loss_last": 0.8334804773330688,
      "critic_epochs": 8,
      "daily_voltage_cost": 0.021530555561184883,
      "daily_voltage_cost_raw": 0.021530555561184883,
      "daily_voltage_cost_normalized": 1.0765278339385986,
      "daily_economic_return_raw_yuan": -996530.6875,
      "daily_economic_return_normalized": -0.3161878287792206,
      "daily_economic_cost_raw_yuan": 996530.6875,
      "economic_reward_scale_yuan": 3151704.8194007874,
      "lagrange_multiplier": 0.0,
      "cost_budget": 1.0,
      "cost_budget_raw": 0.02,
      "cost_budget_normalized": 1.0,
      "algorithm_cost_mode": "separate_cost",
      "fixed_cost_penalty_coef": 0.0,
      "log_std_max": -2.3,
      "accepted": true,
      "mode": "cost_recovery",
      "reward_before": -1.340151811746182e-07,
      "reward_after": 0.01306992955505848,
      "cost_before": 1.0765172243118286,
      "cost_after": -7.977215766906738,
      "kl_before": -2.384185791015625e-07,
      "kl_after": 0.019863104447722435,
      "cost_gap": 0.07651722431182861,
      "cost_recoverable": true,
      "cost_quadratic": 2170.52685546875,
      "reward_quadratic": 1.7517454624176025,
      "reward_cost_cross": -3.4347996711730957,
      "max_linear_cost_drop": 9.317782687890398,
      "rollout_wall_seconds": 1.4389168042689562,
      "update_wall_seconds": 1.128885431215167,
      "total_wall_seconds": 2.567804057151079
    },
    {
      "update": 973,
      "algorithm": "macpo",
      "actor_loss": -0.2371014952659607,
      "reward_critic_loss": 0.0007859624456614256,
      "cost_critic_loss": 1.0141634941101074,
      "reward_critic_loss_last": 0.0007547122659161687,
      "cost_critic_loss_last": 0.9498831033706665,
      "critic_epochs": 8,
      "daily_voltage_cost": 0.013068524189293385,
      "daily_voltage_cost_raw": 0.013068524189293385,
      "daily_voltage_cost_normalized": 0.6534262299537659,
      "daily_economic_return_raw_yuan": -928340.1875,
      "daily_economic_return_normalized": -0.2945517599582672,
      "daily_economic_cost_raw_yuan": 928340.1875,
      "economic_reward_scale_yuan": 3151704.8194007874,
      "lagrange_multiplier": 0.0,
      "cost_budget": 1.0,
      "cost_budget_raw": 0.02,
      "cost_budget_normalized": 1.0,
      "algorithm_cost_mode": "separate_cost",
      "fixed_cost_penalty_coef": 0.0,
      "log_std_max": -2.3,
      "accepted": true,
      "mode": "constrained_reward",
      "reward_before": -1.5358409655163996e-07,
      "reward_after": 0.2371014952659607,
      "cost_before": 0.6534115076065063,
      "cost_after": 0.72492915391922,
      "kl_before": -2.384185791015625e-07,
      "kl_after": 0.019947391003370285,
      "cost_gap": -0.34658849239349365,
      "cost_recoverable": true,
      "cost_quadratic": 2802.399169921875,
      "reward_quadratic": 1.7033807039260864,
      "reward_cost_cross": 17.835948944091797,
      "max_linear_cost_drop": 10.587538278413684,
      "rollout_wall_seconds": 1.3445479031652212,
      "update_wall_seconds": 1.1303263176232576,
      "total_wall_seconds": 2.4748759996145964
    },
    {
      "update": 974,
      "algorithm": "macpo",
      "actor_loss": -0.2827026844024658,
      "reward_critic_loss": 0.0007768775103613734,
      "cost_critic_loss": 1.0485138893127441,
      "reward_critic_loss_last": 0.0007679697009734809,
      "cost_critic_loss_last": 0.9543681144714355,
      "critic_epochs": 8,
      "daily_voltage_cost": 0.014427494257688522,
      "daily_voltage_cost_raw": 0.014427494257688522,
      "daily_voltage_cost_normalized": 0.7213747501373291,
      "daily_economic_return_raw_yuan": -1018695.9375,
      "daily_economic_return_normalized": -0.3232206106185913,
      "daily_economic_cost_raw_yuan": 1018695.9375,
      "economic_reward_scale_yuan": 3151704.8194007874,
      "lagrange_multiplier": 0.0,
      "cost_budget": 1.0,
      "cost_budget_raw": 0.02,
      "cost_budget_normalized": 1.0,
      "algorithm_cost_mode": "separate_cost",
      "fixed_cost_penalty_coef": 0.0,
      "log_std_max": -2.3,
      "accepted": true,
      "mode": "reward",
      "reward_before": -7.156649672879212e-08,
      "reward_after": 0.2827026844024658,
      "cost_before": 0.7213407158851624,
      "cost_after": -0.6849356889724731,
      "kl_before": -2.384185791015625e-07,
      "kl_after": 0.019981129094958305,
      "cost_gap": -0.27865928411483765,
      "cost_recoverable": true,
      "cost_quadratic": 2309.81494140625,
      "reward_quadratic": 2.0109055042266846,
      "reward_cost_cross": -5.671074867248535,
      "max_linear_cost_drop": 9.612106827134726,
      "rollout_wall_seconds": 1.3099198993295431,
      "update_wall_seconds": 1.1384492311626673,
      "total_wall_seconds": 2.4483711756765842
    },
    {
      "update": 975,
      "algorithm": "macpo",
      "actor_loss": -0.16473399102687836,
      "reward_critic_loss": 0.0011895595816895366,
      "cost_critic_loss": 0.468345582485199,
      "reward_critic_loss_last": 0.001106595154851675,
      "cost_critic_loss_last": 0.46293288469314575,
      "critic_epochs": 8,
      "daily_voltage_cost": 0.009922070428729057,
      "daily_voltage_cost_raw": 0.009922070428729057,
      "daily_voltage_cost_normalized": 0.49610358476638794,
      "daily_economic_return_raw_yuan": -838262.5625,
      "daily_economic_return_normalized": -0.2659711539745331,
      "daily_economic_cost_raw_yuan": 838262.5625,
      "economic_reward_scale_yuan": 3151704.8194007874,
      "lagrange_multiplier": 0.0,
      "cost_budget": 1.0,
      "cost_budget_raw": 0.02,
      "cost_budget_normalized": 1.0,
      "algorithm_cost_mode": "separate_cost",
      "fixed_cost_penalty_coef": 0.0,
      "log_std_max": -2.3,
      "accepted": true,
      "mode": "reward",
      "reward_before": -1.6036665329011157e-07,
      "reward_after": 0.16473399102687836,
      "cost_before": 0.496110737323761,
      "cost_after": -0.10285019874572754,
      "kl_before": -2.384185791015625e-07,
      "kl_after": 0.0050336034037172794,
      "cost_gap": -0.503889262676239,
      "cost_recoverable": true,
      "cost_quadratic": 881.2432861328125,
      "reward_quadratic": 2.6428937911987305,
      "reward_cost_cross": -9.130912780761719,
      "max_linear_cost_drop": 5.937148427091283,
      "rollout_wall_seconds": 1.4071880858391523,
      "update_wall_seconds": 1.143342338502407,
      "total_wall_seconds": 2.550532465800643
    },
    {
      "update": 976,
      "algorithm": "macpo",
      "actor_loss": -0.24478742480278015,
      "reward_critic_loss": 0.0006771808257326484,
      "cost_critic_loss": 0.7318074703216553,
      "reward_critic_loss_last": 0.0006850174395367503,
      "cost_critic_loss_last": 0.7208437919616699,
      "critic_epochs": 8,
      "daily_voltage_cost": 0.016273662447929382,
      "daily_voltage_cost_raw": 0.016273662447929382,
      "daily_voltage_cost_normalized": 0.8136831521987915,
      "daily_economic_return_raw_yuan": -940155.9375,
      "daily_economic_return_normalized": -0.29830077290534973,
      "daily_economic_cost_raw_yuan": 940155.9375,
      "economic_reward_scale_yuan": 3151704.8194007874,
      "lagrange_multiplier": 0.0,
      "cost_budget": 1.0,
      "cost_budget_raw": 0.02,
      "cost_budget_normalized": 1.0,
      "algorithm_cost_mode": "separate_cost",
      "fixed_cost_penalty_coef": 0.0,
      "log_std_max": -2.3,
      "accepted": true,
      "mode": "reward",
      "reward_before": -4.889390083917533e-07,
      "reward_after": 0.24478742480278015,
      "cost_before": 0.8136617541313171,
      "cost_after": 0.5334644317626953,
      "kl_before": -2.384185791015625e-07,
      "kl_after": 0.01995890401303768,
      "cost_gap": -0.18633824586868286,
      "cost_recoverable": true,
      "cost_quadratic": 1960.05078125,
      "reward_quadratic": 1.4525411128997803,
      "reward_cost_cross": -0.23687362670898438,
      "max_linear_cost_drop": 8.854492150880253,
      "rollout_wall_seconds": 1.284576404839754,
      "update_wall_seconds": 1.1188606787472963,
      "total_wall_seconds": 2.4034389443695545
    },
    {
      "update": 977,
      "algorithm": "macpo",
      "actor_loss": -0.2726496756076813,
      "reward_critic_loss": 0.0007655442459508777,
      "cost_critic_loss": 1.270799994468689,
      "reward_critic_loss_last": 0.0007235715165734291,
      "cost_critic_loss_last": 1.2654192447662354,
      "critic_epochs": 8,
      "daily_voltage_cost": 0.012316964566707611,
      "daily_voltage_cost_raw": 0.012316964566707611,
      "daily_voltage_cost_normalized": 0.6158482432365417,
      "daily_economic_return_raw_yuan": -754621.3125,
      "daily_economic_return_normalized": -0.23943273723125458,
      "daily_economic_cost_raw_yuan": 754621.3125,
      "economic_reward_scale_yuan": 3151704.8194007874,
      "lagrange_multiplier": 0.0,
      "cost_budget": 1.0,
      "cost_budget_raw": 0.02,
      "cost_budget_normalized": 1.0,
      "algorithm_cost_mode": "separate_cost",
      "fixed_cost_penalty_coef": 0.0,
      "log_std_max": -2.3,
      "accepted": true,
      "mode": "reward",
      "reward_before": -3.4299421258765506e-07,
      "reward_after": 0.2726496756076813,
      "cost_before": 0.6158507466316223,
      "cost_after": -1.6635639667510986,
      "kl_before": -2.384185791015625e-07,
      "kl_after": 0.01993604749441147,
      "cost_gap": -0.3841492533683777,
      "cost_recoverable": true,
      "cost_quadratic": 2714.60498046875,
      "reward_quadratic": 2.0235037803649902,
      "reward_cost_cross": -20.02480697631836,
      "max_linear_cost_drop": 10.420374236021948,
      "rollout_wall_seconds": 1.2934917118400335,
      "update_wall_seconds": 1.1115424279123545,
      "total_wall_seconds": 2.405035747215152
    },
    {
      "update": 978,
      "algorithm": "macpo",
      "actor_loss": -0.03113437443971634,
      "reward_critic_loss": 0.0009147721575573087,
      "cost_critic_loss": 3.7841105461120605,
      "reward_critic_loss_last": 0.0009022002923302352,
      "cost_critic_loss_last": 3.7778966426849365,
      "critic_epochs": 8,
      "daily_voltage_cost": 0.0279703289270401,
      "daily_voltage_cost_raw": 0.0279703289270401,
      "daily_voltage_cost_normalized": 1.3985165357589722,
      "daily_economic_return_raw_yuan": -850981.0625,
      "daily_economic_return_normalized": -0.27000659704208374,
      "daily_economic_cost_raw_yuan": 850981.0625,
      "economic_reward_scale_yuan": 3151704.8194007874,
      "lagrange_multiplier": 0.0,
      "cost_budget": 1.0,
      "cost_budget_raw": 0.02,
      "cost_budget_normalized": 1.0,
      "algorithm_cost_mode": "separate_cost",
      "fixed_cost_penalty_coef": 0.0,
      "log_std_max": -2.3,
      "accepted": true,
      "mode": "cost_recovery",
      "reward_before": 1.0074389678038642e-07,
      "reward_after": 0.03113437443971634,
      "cost_before": 1.398512363433838,
      "cost_after": -11.24991512298584,
      "kl_before": -2.384185791015625e-07,
      "kl_after": 0.019900556653738022,
      "cost_gap": 0.3985123634338379,
      "cost_recoverable": true,
      "cost_quadratic": 7217.92333984375,
      "reward_quadratic": 2.044401168823242,
      "reward_cost_cross": -21.723190307617188,
      "max_linear_cost_drop": 16.99167247782719,
      "rollout_wall_seconds": 1.2875070124864578,
      "update_wall_seconds": 1.1137297470122576,
      "total_wall_seconds": 2.401238365098834
    },
    {
      "update": 979,
      "algorithm": "macpo",
      "actor_loss": -0.29463228583335876,
      "reward_critic_loss": 0.0009700515074655414,
      "cost_critic_loss": 1.6511685848236084,
      "reward_critic_loss_last": 0.0009619396878406405,
      "cost_critic_loss_last": 1.6446261405944824,
      "critic_epochs": 8,
      "daily_voltage_cost": 0.019320327788591385,
      "daily_voltage_cost_raw": 0.019320327788591385,
      "daily_voltage_cost_normalized": 0.966016411781311,
      "daily_economic_return_raw_yuan": -873558.6875,
      "daily_economic_return_normalized": -0.27717021107673645,
      "daily_economic_cost_raw_yuan": 873558.6875,
      "economic_reward_scale_yuan": 3151704.8194007874,
      "lagrange_multiplier": 0.0,
      "cost_budget": 1.0,
      "cost_budget_raw": 0.02,
      "cost_budget_normalized": 1.0,
      "algorithm_cost_mode": "separate_cost",
      "fixed_cost_penalty_coef": 0.0,
      "log_std_max": -2.3,
      "accepted": true,
      "mode": "constrained_reward",
      "reward_before": 2.2521490450344572e-08,
      "reward_after": 0.29463228583335876,
      "cost_before": 0.9660180807113647,
      "cost_after": 0.969105064868927,
      "kl_before": -2.384185791015625e-07,
      "kl_after": 0.01995650678873062,
      "cost_gap": -0.033981919288635254,
      "cost_recoverable": true,
      "cost_quadratic": 5095.541015625,
      "reward_quadratic": 2.026822090148926,
      "reward_cost_cross": 7.820986270904541,
      "max_linear_cost_drop": 14.276611664712325,
      "rollout_wall_seconds": 1.3049900755286217,
      "update_wall_seconds": 1.178223144263029,
      "total_wall_seconds": 2.483215047046542
    },
    {
      "update": 980,
      "algorithm": "macpo",
      "actor_loss": -0.12606745958328247,
      "reward_critic_loss": 0.0008546006865799427,
      "cost_critic_loss": 0.40989089012145996,
      "reward_critic_loss_last": 0.0008357154438272119,
      "cost_critic_loss_last": 0.40276989340782166,
      "critic_epochs": 8,
      "daily_voltage_cost": 0.01552288793027401,
      "daily_voltage_cost_raw": 0.01552288793027401,
      "daily_voltage_cost_normalized": 0.7761443853378296,
      "daily_economic_return_raw_yuan": -740184.8125,
      "daily_economic_return_normalized": -0.23485220968723297,
      "daily_economic_cost_raw_yuan": 740184.8125,
      "economic_reward_scale_yuan": 3151704.8194007874,
      "lagrange_multiplier": 0.0,
      "cost_budget": 1.0,
      "cost_budget_raw": 0.02,
      "cost_budget_normalized": 1.0,
      "algorithm_cost_mode": "separate_cost",
      "fixed_cost_penalty_coef": 0.0,
      "log_std_max": -2.3,
      "accepted": true,
      "mode": "constrained_reward",
      "reward_before": 3.306320763840631e-07,
      "reward_after": 0.12606745958328247,
      "cost_before": 0.77614426612854,
      "cost_after": 0.9037363529205322,
      "kl_before": -2.384185791015625e-07,
      "kl_after": 0.0049058133736252785,
      "cost_gap": -0.22385573387145996,
      "cost_recoverable": true,
      "cost_quadratic": 957.7910766601562,
      "reward_quadratic": 1.758621096611023,
      "reward_cost_cross": 13.148521423339844,
      "max_linear_cost_drop": 6.189639978739171,
      "rollout_wall_seconds": 1.2953241411596537,
      "update_wall_seconds": 1.1346174851059914,
      "total_wall_seconds": 2.4299432914704084
    },
    {
      "update": 981,
      "algorithm": "macpo",
      "actor_loss": -0.29132723808288574,
      "reward_critic_loss": 0.0010306807234883308,
      "cost_critic_loss": 0.5835525989532471,
      "reward_critic_loss_last": 0.000934045237954706,
      "cost_critic_loss_last": 0.5788060426712036,
      "critic_epochs": 8,
      "daily_voltage_cost": 0.008265858516097069,
      "daily_voltage_cost_raw": 0.008265858516097069,
      "daily_voltage_cost_normalized": 0.41329294443130493,
      "daily_economic_return_raw_yuan": -857098.25,
      "daily_economic_return_normalized": -0.2719475030899048,
      "daily_economic_cost_raw_yuan": 857098.25,
      "economic_reward_scale_yuan": 3151704.8194007874,
      "lagrange_multiplier": 0.0,
      "cost_budget": 1.0,
      "cost_budget_raw": 0.02,
      "cost_budget_normalized": 1.0,
      "algorithm_cost_mode": "separate_cost",
      "fixed_cost_penalty_coef": 0.0,
      "log_std_max": -2.3,
      "accepted": true,
      "mode": "constrained_reward",
      "reward_before": 1.7128800777754805e-07,
      "reward_after": 0.29132723808288574,
      "cost_before": 0.4132644534111023,
      "cost_after": 0.9455170035362244,
      "kl_before": -2.384185791015625e-07,
      "kl_after": 0.019728220999240875,
      "cost_gap": -0.5867355465888977,
      "cost_recoverable": true,
      "cost_quadratic": 1392.420654296875,
      "reward_quadratic": 2.4494423866271973,
      "reward_cost_cross": 12.181328773498535,
      "max_linear_cost_drop": 7.463030629166345,
      "rollout_wall_seconds": 1.3064077720046043,
      "update_wall_seconds": 1.0983786191791296,
      "total_wall_seconds": 2.4047891199588776
    },
    {
      "update": 982,
      "algorithm": "macpo",
      "actor_loss": -0.03384466841816902,
      "reward_critic_loss": 0.0008074279758147895,
      "cost_critic_loss": 6.9732561111450195,
      "reward_critic_loss_last": 0.0008042747504077852,
      "cost_critic_loss_last": 6.9699530601501465,
      "critic_epochs": 8,
      "daily_voltage_cost": 0.05868098512291908,
      "daily_voltage_cost_raw": 0.05868098512291908,
      "daily_voltage_cost_normalized": 2.934049606323242,
      "daily_economic_return_raw_yuan": -938085.3125,
      "daily_economic_return_normalized": -0.297643780708313,
      "daily_economic_cost_raw_yuan": 938085.3125,
      "economic_reward_scale_yuan": 3151704.8194007874,
      "lagrange_multiplier": 0.0,
      "cost_budget": 1.0,
      "cost_budget_raw": 0.02,
      "cost_budget_normalized": 1.0,
      "algorithm_cost_mode": "separate_cost",
      "fixed_cost_penalty_coef": 0.0,
      "log_std_max": -2.3,
      "accepted": true,
      "mode": "cost_recovery",
      "reward_before": 3.940643011901557e-07,
      "reward_after": 0.03384466841816902,
      "cost_before": 2.934047222137451,
      "cost_after": -17.765762329101562,
      "kl_before": -2.384185791015625e-07,
      "kl_after": 0.01991826482117176,
      "cost_gap": 1.9340472221374512,
      "cost_recoverable": true,
      "cost_quadratic": 13623.453125,
      "reward_quadratic": 1.8819841146469116,
      "reward_cost_cross": -22.093109130859375,
      "max_linear_cost_drop": 23.343909805343234,
      "rollout_wall_seconds": 1.3335594329982996,
      "update_wall_seconds": 1.1390299517661333,
      "total_wall_seconds": 2.4725911244750023
    },
    {
      "update": 983,
      "algorithm": "macpo",
      "actor_loss": -0.24306493997573853,
      "reward_critic_loss": 0.0006240333314053714,
      "cost_critic_loss": 1.0861012935638428,
      "reward_critic_loss_last": 0.000608765403740108,
      "cost_critic_loss_last": 1.0742430686950684,
      "critic_epochs": 8,
      "daily_voltage_cost": 0.013308137655258179,
      "daily_voltage_cost_raw": 0.013308137655258179,
      "daily_voltage_cost_normalized": 0.6654068827629089,
      "daily_economic_return_raw_yuan": -838163.625,
      "daily_economic_return_normalized": -0.26593977212905884,
      "daily_economic_cost_raw_yuan": 838163.625,
      "economic_reward_scale_yuan": 3151704.8194007874,
      "lagrange_multiplier": 0.0,
      "cost_budget": 1.0,
      "cost_budget_raw": 0.02,
      "cost_budget_normalized": 1.0,
      "algorithm_cost_mode": "separate_cost",
      "fixed_cost_penalty_coef": 0.0,
      "log_std_max": -2.3,
      "accepted": true,
      "mode": "reward",
      "reward_before": -6.841185751227385e-08,
      "reward_after": 0.24306493997573853,
      "cost_before": 0.6653923988342285,
      "cost_after": 0.3683238625526428,
      "kl_before": -2.384185791015625e-07,
      "kl_after": 0.019981881603598595,
      "cost_gap": -0.3346076011657715,
      "cost_recoverable": true,
      "cost_quadratic": 2393.25390625,
      "reward_quadratic": 1.3804222345352173,
      "reward_cost_cross": 0.30518093705177307,
      "max_linear_cost_drop": 9.784178874591367,
      "rollout_wall_seconds": 1.2739142403006554,
      "update_wall_seconds": 1.1376762110739946,
      "total_wall_seconds": 2.411592233926058
    },
    {
      "update": 984,
      "algorithm": "macpo",
      "actor_loss": 0.0014648591168224812,
      "reward_critic_loss": 0.0008713850984349847,
      "cost_critic_loss": 1.113708257675171,
      "reward_critic_loss_last": 0.0008589485660195351,
      "cost_critic_loss_last": 1.1133418083190918,
      "critic_epochs": 8,
      "daily_voltage_cost": 0.024335026741027832,
      "daily_voltage_cost_raw": 0.024335026741027832,
      "daily_voltage_cost_normalized": 1.2167513370513916,
      "daily_economic_return_raw_yuan": -779190.9375,
      "daily_economic_return_normalized": -0.24722841382026672,
      "daily_economic_cost_raw_yuan": 779190.9375,
      "economic_reward_scale_yuan": 3151704.8194007874,
      "lagrange_multiplier": 0.0,
      "cost_budget": 1.0,
      "cost_budget_raw": 0.02,
      "cost_budget_normalized": 1.0,
      "algorithm_cost_mode": "separate_cost",
      "fixed_cost_penalty_coef": 0.0,
      "log_std_max": -2.3,
      "accepted": true,
      "mode": "cost_recovery",
      "reward_before": 1.0233438274553919e-07,
      "reward_after": -0.0014648591168224812,
      "cost_before": 1.2167390584945679,
      "cost_after": -7.50443172454834,
      "kl_before": -2.384185791015625e-07,
      "kl_after": 0.019925005733966827,
      "cost_gap": 0.21673905849456787,
      "cost_recoverable": true,
      "cost_quadratic": 2819.3349609375,
      "reward_quadratic": 2.032733201980591,
      "reward_cost_cross": 2.6237924098968506,
      "max_linear_cost_drop": 10.619482023032008,
      "rollout_wall_seconds": 1.4075939916074276,
      "update_wall_seconds": 1.108428331092,
      "total_wall_seconds": 2.5160240922123194
    },
    {
      "update": 985,
      "algorithm": "macpo",
      "actor_loss": -0.30250048637390137,
      "reward_critic_loss": 0.0009123441996052861,
      "cost_critic_loss": 0.9308241605758667,
      "reward_critic_loss_last": 0.000880745705217123,
      "cost_critic_loss_last": 0.9207676649093628,
      "critic_epochs": 8,
      "daily_voltage_cost": 0.014264227822422981,
      "daily_voltage_cost_raw": 0.014264227822422981,
      "daily_voltage_cost_normalized": 0.7132113575935364,
      "daily_economic_return_raw_yuan": -756845.25,
      "daily_economic_return_normalized": -0.24013836681842804,
      "daily_economic_cost_raw_yuan": 756845.25,
      "economic_reward_scale_yuan": 3151704.8194007874,
      "lagrange_multiplier": 0.0,
      "cost_budget": 1.0,
      "cost_budget_raw": 0.02,
      "cost_budget_normalized": 1.0,
      "algorithm_cost_mode": "separate_cost",
      "fixed_cost_penalty_coef": 0.0,
      "log_std_max": -2.3,
      "accepted": true,
      "mode": "constrained_reward",
      "reward_before": 6.133334977675986e-07,
      "reward_after": 0.30250048637390137,
      "cost_before": 0.7132107615470886,
      "cost_after": 0.8185656666755676,
      "kl_before": -2.384185791015625e-07,
      "kl_after": 0.019888930022716522,
      "cost_gap": -0.2867892384529114,
      "cost_recoverable": true,
      "cost_quadratic": 2248.623779296875,
      "reward_quadratic": 2.126189708709717,
      "reward_cost_cross": 6.940851211547852,
      "max_linear_cost_drop": 9.483931208727476,
      "rollout_wall_seconds": 1.299076883122325,
      "update_wall_seconds": 1.1095996592193842,
      "total_wall_seconds": 2.40867823548615
    },
    {
      "update": 986,
      "algorithm": "macpo",
      "actor_loss": -0.05557823181152344,
      "reward_critic_loss": 0.0008874295745044947,
      "cost_critic_loss": 4.929168701171875,
      "reward_critic_loss_last": 0.0008754882728680968,
      "cost_critic_loss_last": 4.926248073577881,
      "critic_epochs": 8,
      "daily_voltage_cost": 0.039744727313518524,
      "daily_voltage_cost_raw": 0.039744727313518524,
      "daily_voltage_cost_normalized": 1.9872363805770874,
      "daily_economic_return_raw_yuan": -830375.5625,
      "daily_economic_return_normalized": -0.2634687125682831,
      "daily_economic_cost_raw_yuan": 830375.5625,
      "economic_reward_scale_yuan": 3151704.8194007874,
      "lagrange_multiplier": 0.0,
      "cost_budget": 1.0,
      "cost_budget_raw": 0.02,
      "cost_budget_normalized": 1.0,
      "algorithm_cost_mode": "separate_cost",
      "fixed_cost_penalty_coef": 0.0,
      "log_std_max": -2.3,
      "accepted": true,
      "mode": "cost_recovery",
      "reward_before": 3.8325282503137714e-08,
      "reward_after": 0.05557823181152344,
      "cost_before": 1.9872345924377441,
      "cost_after": -15.426532745361328,
      "kl_before": -2.384185791015625e-07,
      "kl_after": 0.019896475598216057,
      "cost_gap": 0.9872345924377441,
      "cost_recoverable": true,
      "cost_quadratic": 10629.4736328125,
      "reward_quadratic": 2.135385751724243,
      "reward_cost_cross": -35.49185562133789,
      "max_linear_cost_drop": 20.619867732662595,
      "rollout_wall_seconds": 1.3038156144320965,
      "update_wall_seconds": 1.1094948928803205,
      "total_wall_seconds": 2.4133123885840178
    },
    {
      "update": 987,
      "algorithm": "macpo",
      "actor_loss": 0.011069223284721375,
      "reward_critic_loss": 0.0007443254580721259,
      "cost_critic_loss": 21.250864028930664,
      "reward_critic_loss_last": 0.0007241591811180115,
      "cost_critic_loss_last": 21.21231460571289,
      "critic_epochs": 8,
      "daily_voltage_cost": 0.06462594866752625,
      "daily_voltage_cost_raw": 0.06462594866752625,
      "daily_voltage_cost_normalized": 3.231297492980957,
      "daily_economic_return_raw_yuan": -876737.3125,
      "daily_economic_return_normalized": -0.27817875146865845,
      "daily_economic_cost_raw_yuan": 876737.3125,
      "economic_reward_scale_yuan": 3151704.8194007874,
      "lagrange_multiplier": 0.0,
      "cost_budget": 1.0,
      "cost_budget_raw": 0.02,
      "cost_budget_normalized": 1.0,
      "algorithm_cost_mode": "separate_cost",
      "fixed_cost_penalty_coef": 0.0,
      "log_std_max": -2.3,
      "accepted": true,
      "mode": "cost_recovery",
      "reward_before": 1.4575326190424676e-07,
      "reward_after": -0.011069223284721375,
      "cost_before": 3.231431722640991,
      "cost_after": -31.192901611328125,
      "kl_before": -2.384185791015625e-07,
      "kl_after": 0.01993546076118946,
      "cost_gap": 2.231431722640991,
      "cost_recoverable": true,
      "cost_quadratic": 46468.48828125,
      "reward_quadratic": 1.659043312072754,
      "reward_cost_cross": 14.117267608642578,
      "max_linear_cost_drop": 43.11310161946134,
      "rollout_wall_seconds": 1.2901670653373003,
      "update_wall_seconds": 1.1869289614260197,
      "total_wall_seconds": 2.4770978335291147
    },
    {
      "update": 988,
      "algorithm": "macpo",
      "actor_loss": -0.31159794330596924,
      "reward_critic_loss": 0.0010910253040492535,
      "cost_critic_loss": 0.8189091682434082,
      "reward_critic_loss_last": 0.0010891149286180735,
      "cost_critic_loss_last": 0.8213146924972534,
      "critic_epochs": 8,
      "daily_voltage_cost": 0.013730091974139214,
      "daily_voltage_cost_raw": 0.013730091974139214,
      "daily_voltage_cost_normalized": 0.686504602432251,
      "daily_economic_return_raw_yuan": -975886.5,
      "daily_economic_return_normalized": -0.3096376657485962,
      "daily_economic_cost_raw_yuan": 975886.5,
      "economic_reward_scale_yuan": 3151704.8194007874,
      "lagrange_multiplier": 0.0,
      "cost_budget": 1.0,
      "cost_budget_raw": 0.02,
      "cost_budget_normalized": 1.0,
      "algorithm_cost_mode": "separate_cost",
      "fixed_cost_penalty_coef": 0.0,
      "log_std_max": -2.3,
      "accepted": true,
      "mode": "reward",
      "reward_before": 3.707917812789674e-07,
      "reward_after": 0.31159794330596924,
      "cost_before": 0.6864936947822571,
      "cost_after": 0.6928034424781799,
      "kl_before": -2.384185791015625e-07,
      "kl_after": 0.019936578348279,
      "cost_gap": -0.3135063052177429,
      "cost_recoverable": true,
      "cost_quadratic": 1969.0657958984375,
      "reward_quadratic": 2.5243330001831055,
      "reward_cost_cross": 1.487403392791748,
      "max_linear_cost_drop": 8.87483136943669,
      "rollout_wall_seconds": 1.2933935336768627,
      "update_wall_seconds": 1.1015283800661564,
      "total_wall_seconds": 2.3949237558990717
    },
    {
      "update": 989,
      "algorithm": "macpo",
      "actor_loss": -0.005832623690366745,
      "reward_critic_loss": 0.001024763798341155,
      "cost_critic_loss": 2.335714817047119,
      "reward_critic_loss_last": 0.0010221281554549932,
      "cost_critic_loss_last": 2.33479642868042,
      "critic_epochs": 8,
      "daily_voltage_cost": 0.028813311830163002,
      "daily_voltage_cost_raw": 0.028813311830163002,
      "daily_voltage_cost_normalized": 1.4406654834747314,
      "daily_economic_return_raw_yuan": -836719.1875,
      "daily_economic_return_normalized": -0.26548147201538086,
      "daily_economic_cost_raw_yuan": 836719.1875,
      "economic_reward_scale_yuan": 3151704.8194007874,
      "lagrange_multiplier": 0.0,
      "cost_budget": 1.0,
      "cost_budget_raw": 0.02,
      "cost_budget_normalized": 1.0,
      "algorithm_cost_mode": "separate_cost",
      "fixed_cost_penalty_coef": 0.0,
      "log_std_max": -2.3,
      "accepted": true,
      "mode": "cost_recovery",
      "reward_before": 3.255561864534684e-08,
      "reward_after": 0.005832623690366745,
      "cost_before": 1.440647840499878,
      "cost_after": -11.231318473815918,
      "kl_before": -2.384185791015625e-07,
      "kl_after": 0.019964437931776047,
      "cost_gap": 0.44064784049987793,
      "cost_recoverable": true,
      "cost_quadratic": 5233.203125,
      "reward_quadratic": 2.220703125,
      "reward_cost_cross": -1.3785654306411743,
      "max_linear_cost_drop": 14.468176284521833,
      "rollout_wall_seconds": 1.2758222296833992,
      "update_wall_seconds": 1.123015945777297,
      "total_wall_seconds": 2.3988400865346193
    },
    {
      "update": 990,
      "algorithm": "macpo",
      "actor_loss": -0.3052029609680176,
      "reward_critic_loss": 0.0009129183599725366,
      "cost_critic_loss": 0.5712878704071045,
      "reward_critic_loss_last": 0.0009088254300877452,
      "cost_critic_loss_last": 0.5703206062316895,
      "critic_epochs": 8,
      "daily_voltage_cost": 0.017594285309314728,
      "daily_voltage_cost_raw": 0.017594285309314728,
      "daily_voltage_cost_normalized": 0.87971431016922,
      "daily_economic_return_raw_yuan": -802240.75,
      "daily_economic_return_normalized": -0.2545418441295624,
      "daily_economic_cost_raw_yuan": 802240.75,
      "economic_reward_scale_yuan": 3151704.8194007874,
      "lagrange_multiplier": 0.0,
      "cost_budget": 1.0,
      "cost_budget_raw": 0.02,
      "cost_budget_normalized": 1.0,
      "algorithm_cost_mode": "separate_cost",
      "fixed_cost_penalty_coef": 0.0,
      "log_std_max": -2.3,
      "accepted": true,
      "mode": "reward",
      "reward_before": 7.046998007353977e-07,
      "reward_after": 0.3052029609680176,
      "cost_before": 0.8797052502632141,
      "cost_after": 0.7185762524604797,
      "kl_before": -2.384185791015625e-07,
      "kl_after": 0.01994345709681511,
      "cost_gap": -0.12029474973678589,
      "cost_recoverable": true,
      "cost_quadratic": 1352.135986328125,
      "reward_quadratic": 2.2062132358551025,
      "reward_cost_cross": -0.375092089176178,
      "max_linear_cost_drop": 7.354280349097728,
      "rollout_wall_seconds": 1.30319519713521,
      "update_wall_seconds": 1.1276811603456736,
      "total_wall_seconds": 2.430878110229969
    },
    {
      "update": 991,
      "algorithm": "macpo",
      "actor_loss": 0.05108253285288811,
      "reward_critic_loss": 0.000709757674485445,
      "cost_critic_loss": 22.436504364013672,
      "reward_critic_loss_last": 0.0006613190053030849,
      "cost_critic_loss_last": 22.433029174804688,
      "critic_epochs": 8,
      "daily_voltage_cost": 0.05139162018895149,
      "daily_voltage_cost_raw": 0.05139162018895149,
      "daily_voltage_cost_normalized": 2.5695810317993164,
      "daily_economic_return_raw_yuan": -811078.25,
      "daily_economic_return_normalized": -0.25734588503837585,
      "daily_economic_cost_raw_yuan": 811078.25,
      "economic_reward_scale_yuan": 3151704.8194007874,
      "lagrange_multiplier": 0.0,
      "cost_budget": 1.0,
      "cost_budget_raw": 0.02,
      "cost_budget_normalized": 1.0,
      "algorithm_cost_mode": "separate_cost",
      "fixed_cost_penalty_coef": 0.0,
      "log_std_max": -2.3,
      "accepted": true,
      "mode": "cost_recovery",
      "reward_before": 7.789168421368231e-09,
      "reward_after": -0.05108253285288811,
      "cost_before": 2.5696239471435547,
      "cost_after": -32.48506546020508,
      "kl_before": -2.384185791015625e-07,
      "kl_after": 0.01979554258286953,
      "cost_gap": 1.5696239471435547,
      "cost_recoverable": true,
      "cost_quadratic": 50027.3359375,
      "reward_quadratic": 1.6740362644195557,
      "reward_cost_cross": 75.4661865234375,
      "max_linear_cost_drop": 44.733582882438554,
      "rollout_wall_seconds": 1.295622019097209,
      "update_wall_seconds": 1.098523523658514,
      "total_wall_seconds": 2.3941472563892603
    },
    {
      "update": 992,
      "algorithm": "macpo",
      "actor_loss": -0.3046347498893738,
      "reward_critic_loss": 0.000877572107128799,
      "cost_critic_loss": 1.1840283870697021,
      "reward_critic_loss_last": 0.0008621641318313777,
      "cost_critic_loss_last": 1.1835899353027344,
      "critic_epochs": 8,
      "daily_voltage_cost": 0.019178440794348717,
      "daily_voltage_cost_raw": 0.019178440794348717,
      "daily_voltage_cost_normalized": 0.9589220881462097,
      "daily_economic_return_raw_yuan": -649310.375,
      "daily_economic_return_normalized": -0.20601877570152283,
      "daily_economic_cost_raw_yuan": 649310.375,
      "economic_reward_scale_yuan": 3151704.8194007874,
      "lagrange_multiplier": 0.0,
      "cost_budget": 1.0,
      "cost_budget_raw": 0.02,
      "cost_budget_normalized": 1.0,
      "algorithm_cost_mode": "separate_cost",
      "fixed_cost_penalty_coef": 0.0,
      "log_std_max": -2.3,
      "accepted": true,
      "mode": "reward",
      "reward_before": -6.198827122716466e-07,
      "reward_after": 0.3046347498893738,
      "cost_before": 0.9589112401008606,
      "cost_after": -0.5846801400184631,
      "kl_before": -2.384185791015625e-07,
      "kl_after": 0.019918769598007202,
      "cost_gap": -0.041088759899139404,
      "cost_recoverable": true,
      "cost_quadratic": 2602.10205078125,
      "reward_quadratic": 2.2959017753601074,
      "reward_cost_cross": -9.799056053161621,
      "max_linear_cost_drop": 10.202160655040187,
      "rollout_wall_seconds": 1.376383999362588,
      "update_wall_seconds": 1.1121438331902027,
      "total_wall_seconds": 2.4885296765714884
    },
    {
      "update": 993,
      "algorithm": "macpo",
      "actor_loss": -0.05713064968585968,
      "reward_critic_loss": 0.0013582672690972686,
      "cost_critic_loss": 4.496871471405029,
      "reward_critic_loss_last": 0.0013543771347030997,
      "cost_critic_loss_last": 4.482493877410889,
      "critic_epochs": 8,
      "daily_voltage_cost": 0.04115622490644455,
      "daily_voltage_cost_raw": 0.04115622490644455,
      "daily_voltage_cost_normalized": 2.0578114986419678,
      "daily_economic_return_raw_yuan": -729114.125,
      "daily_economic_return_normalized": -0.23133960366249084,
      "daily_economic_cost_raw_yuan": 729114.125,
      "economic_reward_scale_yuan": 3151704.8194007874,
      "lagrange_multiplier": 0.0,
      "cost_budget": 1.0,
      "cost_budget_raw": 0.02,
      "cost_budget_normalized": 1.0,
      "algorithm_cost_mode": "separate_cost",
      "fixed_cost_penalty_coef": 0.0,
      "log_std_max": -2.3,
      "accepted": true,
      "mode": "cost_recovery",
      "reward_before": -2.8059002943336964e-07,
      "reward_after": 0.05713064968585968,
      "cost_before": 2.0578324794769287,
      "cost_after": -16.042821884155273,
      "kl_before": -2.384185791015625e-07,
      "kl_after": 0.019918780773878098,
      "cost_gap": 1.0578324794769287,
      "cost_recoverable": true,
      "cost_quadratic": 11955.326171875,
      "reward_quadratic": 3.0446040630340576,
      "reward_cost_cross": -32.35791015625,
      "max_linear_cost_drop": 21.86808283492177,
      "rollout_wall_seconds": 1.2828137148171663,
      "update_wall_seconds": 1.147217571735382,
      "total_wall_seconds": 2.430033177137375
    },
    {
      "update": 994,
      "algorithm": "macpo",
      "actor_loss": 0.0029457388445734978,
      "reward_critic_loss": 0.0009055853588506579,
      "cost_critic_loss": 12.846076011657715,
      "reward_critic_loss_last": 0.0008999698329716921,
      "cost_critic_loss_last": 12.818704605102539,
      "critic_epochs": 8,
      "daily_voltage_cost": 0.08453153073787689,
      "daily_voltage_cost_raw": 0.08453153073787689,
      "daily_voltage_cost_normalized": 4.226576805114746,
      "daily_economic_return_raw_yuan": -628122.4375,
      "daily_economic_return_normalized": -0.19929608702659607,
      "daily_economic_cost_raw_yuan": 628122.4375,
      "economic_reward_scale_yuan": 3151704.8194007874,
      "lagrange_multiplier": 0.0,
      "cost_budget": 1.0,
      "cost_budget_raw": 0.02,
      "cost_budget_normalized": 1.0,
      "algorithm_cost_mode": "separate_cost",
      "fixed_cost_penalty_coef": 0.0,
      "log_std_max": -2.3,
      "accepted": true,
      "mode": "cost_recovery",
      "reward_before": -8.209984798668302e-07,
      "reward_after": -0.0029457388445734978,
      "cost_before": 4.226622104644775,
      "cost_after": -9.895086288452148,
      "kl_before": -2.384185791015625e-07,
      "kl_after": 0.005016818176954985,
      "cost_gap": 3.2266221046447754,
      "cost_recoverable": true,
      "cost_quadratic": 24035.99609375,
      "reward_quadratic": 2.0172767639160156,
      "reward_cost_cross": 3.7902402877807617,
      "max_linear_cost_drop": 31.007093442468936,
      "rollout_wall_seconds": 1.0210952553898096,
      "update_wall_seconds": 1.1308856196701527,
      "total_wall_seconds": 2.151982668787241
    },
    {
      "update": 995,
      "algorithm": "macpo",
      "actor_loss": 0.002243778668344021,
      "reward_critic_loss": 0.0006733212503604591,
      "cost_critic_loss": 3.884568691253662,
      "reward_critic_loss_last": 0.0006682848324999213,
      "cost_critic_loss_last": 3.8733420372009277,
      "critic_epochs": 8,
      "daily_voltage_cost": 0.032313622534275055,
      "daily_voltage_cost_raw": 0.032313622534275055,
      "daily_voltage_cost_normalized": 1.6156811714172363,
      "daily_economic_return_raw_yuan": -693559.1875,
      "daily_economic_return_normalized": -0.22005842626094818,
      "daily_economic_cost_raw_yuan": 693559.1875,
      "economic_reward_scale_yuan": 3151704.8194007874,
      "lagrange_multiplier": 0.0,
      "cost_budget": 1.0,
      "cost_budget_raw": 0.02,
      "cost_budget_normalized": 1.0,
      "algorithm_cost_mode": "separate_cost",
      "fixed_cost_penalty_coef": 0.0,
      "log_std_max": -2.3,
      "accepted": true,
      "mode": "cost_recovery",
      "reward_before": -2.636180340687133e-07,
      "reward_after": -0.002243778668344021,
      "cost_before": 1.6156800985336304,
      "cost_after": -8.667644500732422,
      "kl_before": -2.384185791015625e-07,
      "kl_after": 0.0050322855822741985,
      "cost_gap": 0.6156800985336304,
      "cost_recoverable": true,
      "cost_quadratic": 12902.3759765625,
      "reward_quadratic": 1.6524769067764282,
      "reward_cost_cross": 4.713686943054199,
      "max_linear_cost_drop": 22.717725217602666,
      "rollout_wall_seconds": 0.9040851127356291,
      "update_wall_seconds": 1.0627388060092926,
      "total_wall_seconds": 1.9668254610151052
    },
    {
      "update": 996,
      "algorithm": "macpo",
      "actor_loss": 0.0466625839471817,
      "reward_critic_loss": 0.00059123570099473,
      "cost_critic_loss": 20.199209213256836,
      "reward_critic_loss_last": 0.0005854752962477505,
      "cost_critic_loss_last": 20.154621124267578,
      "critic_epochs": 8,
      "daily_voltage_cost": 0.09816975891590118,
      "daily_voltage_cost_raw": 0.09816975891590118,
      "daily_voltage_cost_normalized": 4.9084882736206055,
      "daily_economic_return_raw_yuan": -757054.5,
      "daily_economic_return_normalized": -0.24020476639270782,
      "daily_economic_cost_raw_yuan": 757054.5,
      "economic_reward_scale_yuan": 3151704.8194007874,
      "lagrange_multiplier": 0.0,
      "cost_budget": 1.0,
      "cost_budget_raw": 0.02,
      "cost_budget_normalized": 1.0,
      "algorithm_cost_mode": "separate_cost",
      "fixed_cost_penalty_coef": 0.0,
      "log_std_max": -2.3,
      "accepted": true,
      "mode": "cost_recovery",
      "reward_before": -1.2426752959981968e-08,
      "reward_after": -0.0466625839471817,
      "cost_before": 4.9085845947265625,
      "cost_after": -31.072277069091797,
      "kl_before": -2.384185791015625e-07,
      "kl_after": 0.019947504624724388,
      "cost_gap": 3.9085845947265625,
      "cost_recoverable": true,
      "cost_quadratic": 45249.91015625,
      "reward_quadratic": 1.429643154144287,
      "reward_cost_cross": 54.00689697265625,
      "max_linear_cost_drop": 42.54405253675301,
      "rollout_wall_seconds": 0.9518986586481333,
      "update_wall_seconds": 1.0770944617688656,
      "total_wall_seconds": 2.0289947483688593
    },
    {
      "update": 997,
      "algorithm": "macpo",
      "actor_loss": -0.008230260573327541,
      "reward_critic_loss": 0.0004929006099700928,
      "cost_critic_loss": 4.5796709060668945,
      "reward_critic_loss_last": 0.0004915641038678586,
      "cost_critic_loss_last": 4.576685428619385,
      "critic_epochs": 8,
      "daily_voltage_cost": 0.04226581007242203,
      "daily_voltage_cost_raw": 0.04226581007242203,
      "daily_voltage_cost_normalized": 2.113290548324585,
      "daily_economic_return_raw_yuan": -709815.6875,
      "daily_economic_return_normalized": -0.22521643340587616,
      "daily_economic_cost_raw_yuan": 709815.6875,
      "economic_reward_scale_yuan": 3151704.8194007874,
      "lagrange_multiplier": 0.0,
      "cost_budget": 1.0,
      "cost_budget_raw": 0.02,
      "cost_budget_normalized": 1.0,
      "algorithm_cost_mode": "separate_cost",
      "fixed_cost_penalty_coef": 0.0,
      "log_std_max": -2.3,
      "accepted": true,
      "mode": "cost_recovery",
      "reward_before": -3.1271216016648395e-07,
      "reward_after": 0.008230260573327541,
      "cost_before": 2.113280773162842,
      "cost_after": -12.526240348815918,
      "kl_before": -2.384185791015625e-07,
      "kl_after": 0.0198960080742836,
      "cost_gap": 1.1132807731628418,
      "cost_recoverable": true,
      "cost_quadratic": 8283.01953125,
      "reward_quadratic": 1.2007274627685547,
      "reward_cost_cross": -4.495388507843018,
      "max_linear_cost_drop": 18.202219129820406,
      "rollout_wall_seconds": 0.8181554861366749,
      "update_wall_seconds": 1.079218840226531,
      "total_wall_seconds": 1.8973759356886148
    },
    {
      "update": 998,
      "algorithm": "macpo",
      "actor_loss": -0.0022334023378789425,
      "reward_critic_loss": 0.0007038327166810632,
      "cost_critic_loss": 1.8013617992401123,
      "reward_critic_loss_last": 0.0007011617999523878,
      "cost_critic_loss_last": 1.8011244535446167,
      "critic_epochs": 8,
      "daily_voltage_cost": 0.026555482298135757,
      "daily_voltage_cost_raw": 0.026555482298135757,
      "daily_voltage_cost_normalized": 1.327774167060852,
      "daily_economic_return_raw_yuan": -797026.5,
      "daily_economic_return_normalized": -0.25288742780685425,
      "daily_economic_cost_raw_yuan": 797026.5,
      "economic_reward_scale_yuan": 3151704.8194007874,
      "lagrange_multiplier": 0.0,
      "cost_budget": 1.0,
      "cost_budget_raw": 0.02,
      "cost_budget_normalized": 1.0,
      "algorithm_cost_mode": "separate_cost",
      "fixed_cost_penalty_coef": 0.0,
      "log_std_max": -2.3,
      "accepted": true,
      "mode": "cost_recovery",
      "reward_before": 6.515764994219353e-08,
      "reward_after": 0.0022334023378789425,
      "cost_before": 1.3277931213378906,
      "cost_after": -9.090391159057617,
      "kl_before": -2.384185791015625e-07,
      "kl_after": 0.019938264042139053,
      "cost_gap": 0.3277931213378906,
      "cost_recoverable": true,
      "cost_quadratic": 3329.09716796875,
      "reward_quadratic": 1.6722824573516846,
      "reward_cost_cross": -0.8463177680969238,
      "max_linear_cost_drop": 11.539665797532873,
      "rollout_wall_seconds": 0.8176580425351858,
      "update_wall_seconds": 1.0796784423291683,
      "total_wall_seconds": 1.8973382040858269
    },
    {
      "update": 999,
      "algorithm": "macpo",
      "actor_loss": 0.03359915316104889,
      "reward_critic_loss": 0.0009446385083720088,
      "cost_critic_loss": 7.3869476318359375,
      "reward_critic_loss_last": 0.0009298191289417446,
      "cost_critic_loss_last": 7.3853759765625,
      "critic_epochs": 8,
      "daily_voltage_cost": 0.05966714397072792,
      "daily_voltage_cost_raw": 0.05966714397072792,
      "daily_voltage_cost_normalized": 2.9833574295043945,
      "daily_economic_return_raw_yuan": -843578.125,
      "daily_economic_return_normalized": -0.26765772700309753,
      "daily_economic_cost_raw_yuan": 843578.125,
      "economic_reward_scale_yuan": 3151704.8194007874,
      "lagrange_multiplier": 0.0,
      "cost_budget": 1.0,
      "cost_budget_raw": 0.02,
      "cost_budget_normalized": 1.0,
      "algorithm_cost_mode": "separate_cost",
      "fixed_cost_penalty_coef": 0.0,
      "log_std_max": -2.3,
      "accepted": true,
      "mode": "cost_recovery",
      "reward_before": -3.538109467626782e-07,
      "reward_after": -0.03359915316104889,
      "cost_before": 2.9833896160125732,
      "cost_after": -8.537182807922363,
      "kl_before": -2.384185791015625e-07,
      "kl_after": 0.005041340831667185,
      "cost_gap": 1.9833896160125732,
      "cost_recoverable": true,
      "cost_quadratic": 15867.33984375,
      "reward_quadratic": 2.0148873329162598,
      "reward_cost_cross": 42.4337272644043,
      "max_linear_cost_drop": 25.1931259225607,
      "rollout_wall_seconds": 1.1090887896716595,
      "update_wall_seconds": 1.0983565654605627,
      "total_wall_seconds": 2.2074470687657595
    },
    {
      "update": 1000,
      "algorithm": "macpo",
      "actor_loss": 0.05743277072906494,
      "reward_critic_loss": 0.0006465978221967816,
      "cost_critic_loss": 3.0952794551849365,
      "reward_critic_loss_last": 0.0006482822936959565,
      "cost_critic_loss_last": 3.0944957733154297,
      "critic_epochs": 8,
      "daily_voltage_cost": 0.05198023468255997,
      "daily_voltage_cost_raw": 0.05198023468255997,
      "daily_voltage_cost_normalized": 2.5990116596221924,
      "daily_economic_return_raw_yuan": -671851.6875,
      "daily_economic_return_normalized": -0.2131708860397339,
      "daily_economic_cost_raw_yuan": 671851.6875,
      "economic_reward_scale_yuan": 3151704.8194007874,
      "lagrange_multiplier": 0.0,
      "cost_budget": 1.0,
      "cost_budget_raw": 0.02,
      "cost_budget_normalized": 1.0,
      "algorithm_cost_mode": "separate_cost",
      "fixed_cost_penalty_coef": 0.0,
      "log_std_max": -2.3,
      "accepted": true,
      "mode": "cost_recovery",
      "reward_before": 1.4950481386222236e-07,
      "reward_after": -0.05743277072906494,
      "cost_before": 2.599010467529297,
      "cost_after": -10.0684232711792,
      "kl_before": -2.384185791015625e-07,
      "kl_after": 0.01993492618203163,
      "cost_gap": 1.5990104675292969,
      "cost_recoverable": true,
      "cost_quadratic": 6571.6318359375,
      "reward_quadratic": 1.2970682382583618,
      "reward_cost_cross": 28.04149055480957,
      "max_linear_cost_drop": 16.213120410257243,
      "rollout_wall_seconds": 0.9699511006474495,
      "update_wall_seconds": 1.1412102431058884,
      "total_wall_seconds": 2.111163020133972
    }
  ],
  "deterministic_rollout": {
    "summary": {
      "seed": 30,
      "steps": 24,
      "economic_cost": 384052.8621532631,
      "total_cost": 345136.18263132096,
      "terminal_settlement_cost": -38916.67952194216,
      "terminal_battery_asset_value": 1199.999901199335,
      "terminal_h2_asset_value": 599340.703125,
      "terminal_undelivered_h2_energy": 2861.241200683594,
      "daily_voltage_cost": 0.0,
      "voltage_violation_area": 0.0,
      "voltage_min_pu": 0.991067878891309,
      "voltage_max_pu": 1.0168170568314978,
      "pf_failure_rate": 0.0,
      "safe_step_rate": 1.0,
      "emergency_h2_buy": 521.0014190673828,
      "planned_h2_order": 13423.195373535156,
      "late_h2_order": 10006.386047363281,
      "pending_h2_energy": 2861.2412109375,
      "history_off": false,
      "gru_hidden_off": false,
      "previous_action_off": false,
      "cross_agent_off": false,
      "eta_delay_hours": 0,
      "intent_action_mae": null,
      "intent_action_correlation": null,
      "intent_residual_max": null,
      "intent_residual_utilization_mean": null
    },
    "steps": [
      {
        "step": 0,
        "actions": [
          [
            0.18900620937347412,
            -0.49910059571266174,
            -0.22002072632312775,
            -0.5523647665977478,
            -0.0021941999439150095,
            0.3824116885662079,
            -0.35015547275543213,
            0.15132160484790802
          ],
          [
            0.25215959548950195,
            -0.17411915957927704,
            0.014745955355465412,
            -0.1116400808095932,
            0.19080793857574463,
            -0.2855522036552429,
            -0.01727856695652008,
            0.2935250401496887
          ],
          [
            0.39561042189598083,
            -0.39535030722618103,
            0.2833671569824219,
            -0.4069034457206726,
            -0.28086087107658386,
            -0.07877978682518005,
            0.5876132249832153,
            0.5649833679199219
          ],
          [
            0.19802109897136688,
            -0.4576360285282135,
            -0.02544938400387764,
            0.4734428822994232,
            -0.4579012393951416,
            -0.6699592471122742,
            2.2367341443896294e-05,
            0.18308965861797333
          ]
        ],
        "intents": [
          [
            0.0,
            0.0,
            0.0
          ],
          [
            0.0,
            0.0,
            0.0
          ],
          [
            0.0,
            0.0,
            0.0
          ],
          [
            0.0,
            0.0,
            0.0
          ]
        ],
        "economic_cost": 93912.67402648926,
        "step_total_cost": 93912.67402648926,
        "terminal_settlement_cost": 0.0,
        "terminal_battery_asset_value": 1143.1199428844411,
        "terminal_h2_asset_value": 520801.93359375,
        "terminal_undelivered_h2_energy": 4161.365859375,
        "voltage_cost": 0.0,
        "voltage_violation_area": 0.0,
        "voltage_min_pu": 0.9988923511689857,
        "voltage_max_pu": 1.0043753378105018,
        "pf_converged": true,
        "pcc_p_kw": [
          503.60137939453125,
          -1552.018798828125,
          0.0,
          382.336669921875
        ],
        "pcc_q_kvar": [
          -542.2789608724312,
          -1308.1573219299316,
          -2533.654504403939,
          -711.5316936483266
        ],
        "p_el": [
          1189.0062255859375,
          1878.2393798828125,
          348.9026184082031,
          479.20843505859375
        ],
        "p_bat": [
          -998.201171875,
          -0.0,
          -335.81024169921875,
          -366.10882568359375
        ],
        "soc": [
          0.2898523807525635,
          0.5,
          0.4116288721561432,
          0.30731114745140076
        ],
        "p_ht": [
          -0.0,
          381.6158752441406,
          -716.05615234375,
          -970.296630859375
        ],
        "h2_emergency_buy_energy": [
          0.0,
          0.0,
          3.0517578125e-05,
          0.0
        ],
        "h2_planned_external_order_energy": [
          0.0,
          0.0,
          2433.22021484375,
          696.102783203125
        ],
        "h2_late_order_energy": [
          0.0,
          0.0,
          0.0,
          0.0
        ],
        "h2_level": [
          200.0,
          211.44961547851562,
          98.51616668701172,
          90.88819122314453
        ],
        "e_h2_load": [
          271.5590515136719,
          194.55198669433594,
          925.3977661132812,
          1281.7821044921875
        ],
        "pending_h2_energy_total": 4161.3662109375,
        "pending_h2_energy_agent": [
          0.0,
          0.0,
          2874.20703125,
          1287.158935546875
        ],
        "external_min_eta": [
          0.0,
          0.0,
          0.0,
          0.0
        ]
      },
      {
        "step": 1,
        "actions": [
          [
            0.3486163020133972,
            -0.730068027973175,
            -0.4079962372779846,
            -0.7839625477790833,
            -0.09125881642103195,
            0.6200856566429138,
            -0.6469281315803528,
            0.30196118354797363
          ],
          [
            0.5194289088249207,
            -0.051307737827301025,
            -0.1636510044336319,
            0.045818984508514404,
            0.2080380767583847,
            -0.42824965715408325,
            0.10934077203273773,
            0.3774871826171875
          ],
          [
            0.6270864009857178,
            -0.6347707509994507,
            0.5981262922286987,
            -0.5008512139320374,
            -0.44021520018577576,
            -0.2079322785139084,
            0.7587452530860901,
            0.720897912979126
          ],
          [
            0.3495780825614929,
            -0.40692541003227234,
            0.03193523362278938,
            0.7453799843788147,
            -0.6010384559631348,
            -0.7247508764266968,
            -0.09491417557001114,
            0.1697952300310135
          ]
        ],
        "intents": [
          [
            0.0,
            0.0,
            0.0
          ],
          [
            0.0,
            0.0,
            0.0
          ],
          [
            0.0,
            0.0,
            0.0
          ],
          [
            0.0,
            0.0,
            0.0
          ]
        ],
        "economic_cost": 61205.62496948242,
        "step_total_cost": 61205.62496948242,
        "terminal_settlement_cost": 0.0,
        "terminal_battery_asset_value": 662.9890400166914,
        "terminal_h2_asset_value": 501247.32421875,
        "terminal_undelivered_h2_energy": 7706.0886328125,
        "voltage_cost": 0.0,
        "voltage_violation_area": 0.0,
        "voltage_min_pu": 0.9990785469174339,
        "voltage_max_pu": 1.0066864080618767,
        "pf_converged": true,
        "pcc_p_kw": [
          669.1622314453125,
          -1068.353515625,
          0.0,
          371.78302001953125
        ],
        "pcc_q_kvar": [
          -1288.8406715129156,
          -1731.683479309082,
          -3324.170307873012,
          -677.5674780667031
        ],
        "p_el": [
          1348.6163330078125,
          2279.143310546875,
          406.7716064453125,
          539.8312377929688
        ],
        "p_bat": [
          -901.798828125,
          -0.0,
          -293.07550048828125,
          -325.5403137207031
        ],
        "soc": [
          0.10000000149011612,
          0.5,
          0.33450374007225037,
          0.13597413897514343
        ],
        "p_ht": [
          -0.0,
          416.0761413574219,
          -429.89642333984375,
          -638.0006103515625
        ],
        "h2_emergency_buy_energy": [
          0.0,
          0.0,
          1.52587890625e-05,
          3.0517578125e-05
        ],
        "h2_planned_external_order_energy": [
          0.0,
          0.0,
          1834.7276611328125,
          202.2509765625
        ],
        "h2_late_order_energy": [
          0.0,
          0.0,
          0.0,
          0.0
        ],
        "h2_level": [
          200.0,
          223.9331512451172,
          85.61798095703125,
          71.74626159667969
        ],
        "e_h2_load": [
          204.53912353515625,
          149.4183349609375,
          673.9594116210938,
          988.8909301757812
        ],
        "pending_h2_energy_total": 7706.08837890625,
        "pending_h2_energy_agent": [
          0.0,
          0.0,
          5345.4580078125,
          2360.63037109375
        ],
        "external_min_eta": [
          0.0,
          0.0,
          0.0,
          0.0
        ]
      },
      {
        "step": 2,
        "actions": [
          [
            0.44890540838241577,
            -0.8049570322036743,
            -0.5483735799789429,
            -0.8561248779296875,
            -0.1537749320268631,
            0.7342740297317505,
            -0.7632731795310974,
            0.43398457765579224
          ],
          [
            0.6894741058349609,
            0.1852359175682068,
            -0.3544199764728546,
            0.22619690001010895,
            0.1454760581254959,
            -0.40381383895874023,
            0.25073134899139404,
            0.35879987478256226
          ],
          [
            0.7578953504562378,
            -0.7404772639274597,
            0.7837989330291748,
            -0.49991375207901,
            -0.5276954174041748,
            -0.35464388132095337,
            0.7437382340431213,
            0.7206525206565857
          ],
          [
            0.6367524266242981,
            -0.3110826015472412,
            0.13175733387470245,
            0.832954466342926,
            -0.659247636795044,
            -0.6720598936080933,
            -0.07529374212026596,
            0.1575739085674286
          ]
        ],
        "intents": [
          [
            0.0,
            0.0,
            0.0
          ],
          [
            0.0,
            0.0,
            0.0
          ],
          [
            0.0,
            0.0,
            0.0
          ],
          [
            0.0,
            0.0,
            0.0
          ]
        ],
        "economic_cost": 41209.15817260742,
        "step_total_cost": 41209.15817260742,
        "terminal_settlement_cost": 0.0,
        "terminal_battery_asset_value": 616.4610596522107,
        "terminal_h2_asset_value": 490688.37890625,
        "terminal_undelivered_h2_energy": 10998.566250000002,
        "voltage_cost": 0.0,
        "voltage_violation_area": 0.0,
        "voltage_min_pu": 0.996034278336128,
        "voltage_max_pu": 1.0,
        "pf_converged": true,
        "pcc_p_kw": [
          1609.714111328125,
          -557.85791015625,
          0.0,
          686.0399780273438
        ],
        "pcc_q_kvar": [
          -1968.7604484558105,
          -1648.958948358783,
          -3341.707511129505,
          -642.9737831195214
        ],
        "p_el": [
          1448.9053955078125,
          2534.211181640625,
          439.4738464355469,
          654.7009887695312
        ],
        "p_bat": [
          -7.078051567077637e-06,
          222.28309631347656,
          -279.5981140136719,
          -68.35086059570312
        ],
        "soc": [
          0.10000000149011612,
          0.5703896284103394,
          0.26092529296875,
          0.10000000149011612
        ],
        "p_ht": [
          -0.0,
          290.9521179199219,
          -292.57470703125,
          -350.3414001464844
        ],
        "h2_emergency_buy_energy": [
          0.0,
          0.0,
          0.0,
          0.0
        ],
        "h2_planned_external_order_energy": [
          0.0,
          0.0,
          1252.4501953125,
          103.8094482421875
        ],
        "h2_late_order_energy": [
          0.0,
          0.0,
          0.0,
          0.0
        ],
        "h2_level": [
          200.0,
          232.66258239746094,
          76.83985900878906,
          61.23497009277344
        ],
        "e_h2_load": [
          169.27647399902344,
          127.83780670166016,
          556.259033203125,
          775.8970336914062
        ],
        "pending_h2_energy_total": 10998.56640625,
        "pending_h2_energy_agent": [
          0.0,
          0.0,
          7358.96923828125,
          3639.5966796875
        ],
        "external_min_eta": [
          0.0,
          0.0,
          0.0,
          0.0
        ]
      },
      {
        "step": 3,
        "actions": [
          [
            0.5122079849243164,
            -0.8384918570518494,
            -0.6414631009101868,
            -0.8628199100494385,
            -0.18563145399093628,
            0.7874679565429688,
            -0.8111533522605896,
            0.5616962313652039
          ],
          [
            0.7607681155204773,
            0.37252265214920044,
            -0.5673831105232239,
            0.3933762013912201,
            0.03614998981356621,
            -0.32230645418167114,
            0.3645215928554535,
            0.3714163601398468
          ],
          [
            0.7995376586914062,
            -0.8184122443199158,
            0.8625441193580627,
            -0.4944339394569397,
            -0.5535286068916321,
            -0.5067495703697205,
            0.6722167730331421,
            0.663073718547821
          ],
          [
            0.8304252624511719,
            -0.2769603431224823,
            0.20930373668670654,
            0.8667613863945007,
            -0.6588526964187622,
            -0.5941097140312195,
            -0.008514905348420143,
            0.15123330056667328
          ]
        ],
        "intents": [
          [
            0.0,
            0.0,
            0.0
          ],
          [
            0.0,
            0.0,
            0.0
          ],
          [
            0.0,
            0.0,
            0.0
          ],
          [
            0.0,
            0.0,
            0.0
          ]
        ],
        "economic_cost": 25088.32933807373,
        "step_total_cost": 25088.32933807373,
        "terminal_settlement_cost": 0.0,
        "terminal_battery_asset_value": 659.4406756178796,
        "terminal_h2_asset_value": 481487.28515625,
        "terminal_undelivered_h2_energy": 14100.036629882816,
        "voltage_cost": 0.0,
        "voltage_violation_area": 0.0,
        "voltage_min_pu": 0.9952927432749977,
        "voltage_max_pu": 1.0,
        "pf_converged": true,
        "pcc_p_kw": [
          1643.9801025390625,
          -383.62255859375,
          0.0,
          810.2656860351562
        ],
        "pcc_q_kvar": [
          -2593.20943069458,
          -1709.5426778801111,
          -3075.192399709235,
          -628.707501411438
        ],
        "p_el": [
          1512.2080078125,
          2641.152099609375,
          449.8843994140625,
          732.1701049804688
        ],
        "p_bat": [
          -7.078051567077637e-06,
          447.0271911621094,
          -267.3397521972656,
          -2.8312206268310547e-06
        ],
        "soc": [
          0.10000000149011612,
          0.7119482159614563,
          0.19057272374629974,
          0.10000000149011612
        ],
        "p_ht": [
          -0.0,
          72.29998016357422,
          -223.686279296875,
          -155.31686401367188
        ],
        "h2_emergency_buy_energy": [
          0.0,
          0.0,
          0.0,
          0.0
        ],
        "h2_planned_external_order_energy": [
          0.0,
          0.0,
          696.6109619140625,
          118.96044921875
        ],
        "h2_late_order_energy": [
          0.0,
          0.0,
          0.0,
          0.0
        ],
        "h2_level": [
          200.0,
          234.83180236816406,
          70.12860107421875,
          56.57499694824219
        ],
        "e_h2_load": [
          152.0926513671875,
          114.47989654541016,
          493.616943359375,
          631.2274169921875
        ],
        "pending_h2_energy_total": 14100.03515625,
        "pending_h2_energy_agent": [
          0.0,
          0.0,
          8890.658203125,
          5209.37744140625
        ],
        "external_min_eta": [
          0.0,
          0.0,
          0.0,
          0.0
        ]
      },
      {
        "step": 4,
        "actions": [
          [
            0.564470112323761,
            -0.8549399375915527,
            -0.7099154591560364,
            -0.8431981801986694,
            -0.19200509786605835,
            0.8067286014556885,
            -0.8269855976104736,
            0.6615609526634216
          ],
          [
            0.7731959819793701,
            0.5154823064804077,
            -0.7222334146499634,
            0.5090997219085693,
            -0.12283939868211746,
            -0.19568802416324615,
            0.4367827773094177,
            0.42557987570762634
          ],
          [
            0.8086491823196411,
            -0.858879804611206,
            0.8856489658355713,
            -0.45458632707595825,
            -0.5467734932899475,
            -0.5896099209785461,
            0.5144363045692444,
            0.5714885592460632
          ],
          [
            0.908349871635437,
            -0.2833133041858673,
            0.23675218224525452,
            0.8694913983345032,
            -0.6699599623680115,
            -0.5115380883216858,
            0.10563097149133682,
            0.1350473314523697
          ]
        ],
        "intents": [
          [
            0.0,
            0.0,
            0.0
          ],
          [
            0.0,
            0.0,
            0.0
          ],
          [
            0.0,
            0.0,
            0.0
          ],
          [
            0.0,
            0.0,
            0.0
          ]
        ],
        "economic_cost": 22891.93942642212,
        "step_total_cost": 22891.93942642212,
        "terminal_settlement_cost": 0.0,
        "terminal_battery_asset_value": 723.6031049252779,
        "terminal_h2_asset_value": 592404.140625,
        "terminal_undelivered_h2_energy": 13077.053997070312,
        "voltage_cost": 0.0,
        "voltage_violation_area": 0.0,
        "voltage_min_pu": 0.9915673586888107,
        "voltage_max_pu": 1.0,
        "pf_converged": true,
        "pcc_p_kw": [
          1694.495361328125,
          184.886474609375,
          0.0,
          877.827392578125
        ],
        "pcc_q_kvar": [
          -3077.8007469177246,
          -1966.203582270303,
          -2638.300089492708,
          -544.7763471603394
        ],
        "p_el": [
          1564.4700927734375,
          2659.7939453125,
          452.16229248046875,
          763.3399658203125
        ],
        "p_bat": [
          -7.078051567077637e-06,
          593.8477172851562,
          -332.766357421875,
          -2.8312206268310547e-06
        ],
        "soc": [
          0.10000000149011612,
          0.8999999761581421,
          0.10300263017416,
          0.10000000149011612
        ],
        "p_ht": [
          -0.0,
          -0.0,
          -217.23611450195312,
          -246.9031982421875
        ],
        "h2_emergency_buy_energy": [
          0.0,
          0.0,
          0.0,
          0.0
        ],
        "h2_planned_external_order_energy": [
          0.0,
          0.0,
          378.4459228515625,
          357.046630859375
        ],
        "h2_late_order_energy": [
          0.0,
          0.0,
          0.0,
          0.0
        ],
        "h2_level": [
          200.0,
          234.83180236816406,
          149.845703125,
          87.7857894897461
        ],
        "e_h2_load": [
          139.80723571777344,
          101.53614807128906,
          488.53350830078125,
          743.0741577148438
        ],
        "pending_h2_energy_total": 13077.0546875,
        "pending_h2_energy_agent": [
          0.0,
          0.0,
          7281.583984375,
          5795.47021484375
        ],
        "external_min_eta": [
          0.0,
          0.0,
          0.16666666666666666,
          0.0
        ]
      },
      {
        "step": 5,
        "actions": [
          [
            0.6185064315795898,
            -0.868366003036499,
            -0.7602443695068359,
            -0.8113598227500916,
            -0.16879697144031525,
            0.8132895231246948,
            -0.8268182277679443,
            0.7291768789291382
          ],
          [
            0.7578169107437134,
            0.6199749708175659,
            -0.8140001893043518,
            0.581341564655304,
            -0.28253453969955444,
            -0.07213408499956131,
            0.4801112413406372,
            0.5004804730415344
          ],
          [
            0.8297001123428345,
            -0.8923757076263428,
            0.8958317041397095,
            -0.40795743465423584,
            -0.47743937373161316,
            -0.6696971654891968,
            0.30534493923187256,
            0.5120723843574524
          ],
          [
            0.9494889378547668,
            -0.35807180404663086,
            0.27960237860679626,
            0.8691172003746033,
            -0.6216689944267273,
            -0.43699562549591064,
            0.1890747845172882,
            0.13869640231132507
          ]
        ],
        "intents": [
          [
            0.0,
            0.0,
            0.0
          ],
          [
            0.0,
            0.0,
            0.0
          ],
          [
            0.0,
            0.0,
            0.0
          ],
          [
            0.0,
            0.0,
            0.0
          ]
        ],
        "economic_cost": 23776.332054138184,
        "step_total_cost": 23776.332054138184,
        "terminal_settlement_cost": 0.0,
        "terminal_battery_asset_value": 719.9999553680391,
        "terminal_h2_asset_value": 683550.5859375,
        "terminal_undelivered_h2_energy": 12703.700288085935,
        "voltage_cost": 0.0,
        "voltage_violation_area": 0.0,
        "voltage_min_pu": 0.991067878891309,
        "voltage_max_pu": 1.0,
        "pf_converged": true,
        "pcc_p_kw": [
          1772.949462890625,
          -146.335693359375,
          406.4428405761719,
          914.3765869140625
        ],
        "pcc_q_kvar": [
          -3400.5422973632812,
          -2341.1038198224596,
          -2355.636652298394,
          -559.0520593535628
        ],
        "p_el": [
          1618.5064697265625,
          2636.725341796875,
          457.4250183105469,
          779.7955932617188
        ],
        "p_bat": [
          -7.078051567077637e-06,
          7.52900741645135e-05,
          -11.409995079040527,
          -2.8312206268310547e-06
        ],
        "soc": [
          0.10000000149011612,
          0.8999999761581421,
          0.10000000149011612,
          0.10000000149011612
        ],
        "p_ht": [
          -0.0,
          -0.0,
          -260.3892822265625,
          -246.1182861328125
        ],
        "h2_emergency_buy_energy": [
          0.0,
          0.0,
          0.0,
          0.0
        ],
        "h2_planned_external_order_energy": [
          0.0,
          0.0,
          88.8131103515625,
          674.2569580078125
        ],
        "h2_late_order_energy": [
          0.0,
          0.0,
          0.0,
          0.0
        ],
        "h2_level": [
          200.0,
          234.83180236816406,
          216.17820739746094,
          112.60887145996094
        ],
        "e_h2_load": [
          148.28335571289062,
          100.92308044433594,
          534.8442993164062,
          752.9854125976562
        ],
        "pending_h2_energy_total": 12703.701171875,
        "pending_h2_energy_agent": [
          0.0,
          0.0,
          5840.8779296875,
          6862.82275390625
        ],
        "external_min_eta": [
          0.0,
          0.0,
          0.16666666666666666,
          0.0
        ]
      },
      {
        "step": 6,
        "actions": [
          [
            0.6693928837776184,
            -0.8796955943107605,
            -0.8026168346405029,
            -0.776456356048584,
            -0.12695454061031342,
            0.8079652786254883,
            -0.8133657574653625,
            0.7757852077484131
          ],
          [
            0.7452828884124756,
            0.6668297648429871,
            -0.8615763783454895,
            0.602699875831604,
            -0.390272855758667,
            0.02750670164823532,
            0.5282819867134094,
            0.5536439418792725
          ],
          [
            0.835740327835083,
            -0.914696216583252,
            0.8870721459388733,
            -0.34765538573265076,
            -0.39819851517677307,
            -0.7292445302009583,
            0.038090720772743225,
            0.43746328353881836
          ],
          [
            0.9631516337394714,
            -0.42803066968917847,
            0.2566315233707428,
            0.8500621318817139,
            -0.6313018202781677,
            -0.4387054443359375,
            0.3402707874774933,
            0.02597777359187603
          ]
        ],
        "intents": [
          [
            0.0,
            0.0,
            0.0
          ],
          [
            0.0,
            0.0,
            0.0
          ],
          [
            0.0,
            0.0,
            0.0
          ],
          [
            0.0,
            0.0,
            0.0
          ]
        ],
        "economic_cost": 16220.506660461426,
        "step_total_cost": 16220.506660461426,
        "terminal_settlement_cost": 0.0,
        "terminal_battery_asset_value": 719.9999553680391,
        "terminal_h2_asset_value": 771405.703125,
        "terminal_undelivered_h2_energy": 12430.909243652344,
        "voltage_cost": 0.0,
        "voltage_violation_area": 0.0,
        "voltage_min_pu": 0.9924990370218724,
        "voltage_max_pu": 1.0,
        "pf_converged": true,
        "pcc_p_kw": [
          1693.546630859375,
          -235.510498046875,
          308.7279357910156,
          765.0618286132812
        ],
        "pcc_q_kvar": [
          -3636.246952437144,
          -2596.069795250189,
          -1994.2832528768813,
          -32.623413898088955
        ],
        "p_el": [
          1669.3929443359375,
          2617.92431640625,
          458.9350891113281,
          785.2606811523438
        ],
        "p_bat": [
          -7.078051567077637e-06,
          7.52900741645135e-05,
          -5.662441253662109e-06,
          -2.8312206268310547e-06
        ],
        "soc": [
          0.10000000149011612,
          0.8999999761581421,
          0.10000000149011612,
          0.10000000149011612
        ],
        "p_ht": [
          -0.0,
          -0.0,
          -280.5914611816406,
          -83.38330078125
        ],
        "h2_emergency_buy_energy": [
          0.0,
          0.0,
          0.0,
          0.0
        ],
        "h2_planned_external_order_energy": [
          0.0,
          0.0,
          0.0,
          515.3652954101562
        ],
        "h2_late_order_energy": [
          0.0,
          0.0,
          0.0,
          0.0
        ],
        "h2_level": [
          200.0,
          234.83180236816406,
          268.1710205078125,
          148.47994995117188
        ],
        "e_h2_load": [
          123.8542709350586,
          101.52264404296875,
          555.9525146484375,
          593.802734375
        ],
        "pending_h2_energy_total": 12430.908203125,
        "pending_h2_energy_agent": [
          0.0,
          0.0,
          4672.123046875,
          7758.78564453125
        ],
        "external_min_eta": [
          0.0,
          0.0,
          0.16666666666666666,
          0.0
        ]
      },
      {
        "step": 7,
        "actions": [
          [
            0.7224727869033813,
            -0.8933629989624023,
            -0.8134094476699829,
            -0.7387243509292603,
            -0.058661088347435,
            0.7952600121498108,
            -0.7971364259719849,
            0.7855604290962219
          ],
          [
            0.7406840324401855,
            0.6722704172134399,
            -0.8756405115127563,
            0.57217937707901,
            -0.42917922139167786,
            0.10504955798387527,
            0.574578046798706,
            0.5951305031776428
          ],
          [
            0.8281766772270203,
            -0.93450528383255,
            0.8659892678260803,
            -0.32217973470687866,
            -0.3234509527683258,
            -0.8057340979576111,
            -0.17842847108840942,
            0.35207152366638184
          ],
          [
            0.9704852104187012,
            -0.47896602749824524,
            0.3083097040653229,
            0.8556690812110901,
            -0.6606253981590271,
            -0.40208229422569275,
            0.3890300989151001,
            -0.04146936908364296
          ]
        ],
        "intents": [
          [
            0.0,
            0.0,
            0.0
          ],
          [
            0.0,
            0.0,
            0.0
          ],
          [
            0.0,
            0.0,
            0.0
          ],
          [
            0.0,
            0.0,
            0.0
          ]
        ],
        "economic_cost": 13321.25456237793,
        "step_total_cost": 13321.25456237793,
        "terminal_settlement_cost": 0.0,
        "terminal_battery_asset_value": 719.9999553680391,
        "terminal_h2_asset_value": 773500.37109375,
        "terminal_undelivered_h2_energy": 14693.497290527344,
        "voltage_cost": 0.0,
        "voltage_violation_area": 0.0,
        "voltage_min_pu": 0.9957414677260686,
        "voltage_max_pu": 1.0,
        "pf_converged": true,
        "pcc_p_kw": [
          1141.7403564453125,
          -67.68701171875,
          229.1597137451172,
          485.75225830078125
        ],
        "pcc_q_kvar": [
          -3620.0073082397685,
          -2792.1231052806543,
          -1592.3825308571634,
          320.89627323517357
        ],
        "p_el": [
          1722.4727783203125,
          2611.026123046875,
          457.0441589355469,
          788.194091796875
        ],
        "p_bat": [
          -7.078051567077637e-06,
          7.52900741645135e-05,
          -5.662441253662109e-06,
          -2.8312206268310547e-06
        ],
        "soc": [
          0.10000000149011612,
          0.8999999761581421,
          0.10000000149011612,
          0.10000000149011612
        ],
        "p_ht": [
          -0.0,
          -0.0,
          -202.03610229492188,
          -396.88885498046875
        ],
        "h2_emergency_buy_energy": [
          0.0,
          0.0,
          0.0,
          0.0
        ],
        "h2_planned_external_order_energy": [
          0.0,
          0.0,
          0.0,
          408.26251220703125
        ],
        "h2_late_order_energy": [
          0.0,
          0.0,
          0.0,
          0.0
        ],
        "h2_level": [
          200.0,
          234.83180236816406,
          282.1737365722656,
          136.5720977783203
        ],
        "e_h2_load": [
          150.88369750976562,
          99.87191009521484,
          476.2626037597656,
          909.2149658203125
        ],
        "pending_h2_energy_total": 14693.4970703125,
        "pending_h2_energy_agent": [
          0.0,
          0.0,
          4609.486328125,
          10084.0107421875
        ],
        "external_min_eta": [
          0.0,
          0.16666666666666666,
          0.16666666666666666,
          0.0
        ]
      },
      {
        "step": 8,
        "actions": [
          [
            0.7779192924499512,
            -0.9077880382537842,
            -0.8134577870368958,
            -0.6986880302429199,
            -0.010219037532806396,
            0.7872945070266724,
            -0.7961427569389343,
            0.7822527289390564
          ],
          [
            0.7331928014755249,
            0.6535296440124512,
            -0.8882502913475037,
            0.5439776182174683,
            -0.47662198543548584,
            0.19838684797286987,
            0.6183269619941711,
            0.6148906946182251
          ],
          [
            0.8023672103881836,
            -0.9446195960044861,
            0.8388675451278687,
            -0.346017986536026,
            -0.26949211955070496,
            -0.8320460319519043,
            -0.3690798580646515,
            0.24592943489551544
          ],
          [
            0.9653007984161377,
            -0.46843308210372925,
            0.32360509037971497,
            0.8700398802757263,
            -0.7256072163581848,
            -0.44707778096199036,
            0.4226444661617279,
            -0.18878434598445892
          ]
        ],
        "intents": [
          [
            0.0,
            0.0,
            0.0
          ],
          [
            0.0,
            0.0,
            0.0
          ],
          [
            0.0,
            0.0,
            0.0
          ],
          [
            0.0,
            0.0,
            0.0
          ]
        ],
        "economic_cost": -7897.61206414795,
        "step_total_cost": -7897.61206414795,
        "terminal_settlement_cost": 0.0,
        "terminal_battery_asset_value": 719.9999553680391,
        "terminal_h2_asset_value": 798202.5,
        "terminal_undelivered_h2_energy": 12412.748128417968,
        "voltage_cost": 0.0,
        "voltage_violation_area": 0.0,
        "voltage_min_pu": 0.9980794149144689,
        "voltage_max_pu": 1.000473803023589,
        "pf_converged": true,
        "pcc_p_kw": [
          310.5164794921875,
          -128.93603515625,
          198.67428588867188,
          148.17738342285156
        ],
        "pcc_q_kvar": [
          -3353.488841531872,
          -2847.5461233085725,
          -1044.2238938890532,
          1064.7572062507174
        ],
        "p_el": [
          1777.9193115234375,
          2599.789306640625,
          450.591796875,
          786.1203002929688
        ],
        "p_bat": [
          -7.078051567077637e-06,
          7.52900741645135e-05,
          -5.662441253662109e-06,
          -2.8312206268310547e-06
        ],
        "soc": [
          0.10000000149011612,
          0.8999999761581421,
          0.10000000149011612,
          0.10000000149011612
        ],
        "p_ht": [
          -0.0,
          -0.0,
          -434.09320068359375,
          -840.5770263671875
        ],
        "h2_emergency_buy_energy": [
          0.0,
          0.0,
          0.0,
          0.0
        ],
        "h2_planned_external_order_energy": [
          0.0,
          0.0,
          0.0,
          0.0
        ],
        "h2_late_order_energy": [
          0.0,
          0.0,
          0.0,
          0.0
        ],
        "h2_level": [
          200.0,
          234.83180236816406,
          285.0,
          158.45040893554688
        ],
        "e_h2_load": [
          210.1659698486328,
          138.1246337890625,
          704.4483032226562,
          1351.55517578125
        ],
        "pending_h2_energy_total": 12412.748046875,
        "pending_h2_energy_agent": [
          0.0,
          0.0,
          3898.51806640625,
          8514.2294921875
        ],
        "external_min_eta": [
          0.0,
          0.16666666666666666,
          0.0,
          0.0
        ]
      },
      {
        "step": 9,
        "actions": [
          [
            0.8143945336341858,
            -0.903564453125,
            -0.7928866147994995,
            -0.6308081150054932,
            -0.06390217691659927,
            0.7577187418937683,
            -0.7974753379821777,
            0.7203361392021179
          ],
          [
            0.6918376088142395,
            0.6792402863502502,
            -0.8806754946708679,
            0.5263890027999878,
            -0.5585729479789734,
            0.28635233640670776,
            0.6676769852638245,
            0.5778768062591553
          ],
          [
            0.7209400534629822,
            -0.9547237157821655,
            0.7889557480812073,
            -0.339231014251709,
            -0.3061497211456299,
            -0.839384138584137,
            -0.5886580944061279,
            0.1088920384645462
          ],
          [
            0.9578667879104614,
            -0.43452537059783936,
            0.39778533577919006,
            0.9014484286308289,
            -0.7337210774421692,
            -0.5182890892028809,
            0.4737117886543274,
            -0.3868248462677002
          ]
        ],
        "intents": [
          [
            0.0,
            0.0,
            0.0
          ],
          [
            0.0,
            0.0,
            0.0
          ],
          [
            0.0,
            0.0,
            0.0
          ],
          [
            0.0,
            0.0,
            0.0
          ]
        ],
        "economic_cost": -2863.6804330444334,
        "step_total_cost": -2863.6804330444334,
        "terminal_settlement_cost": 0.0,
        "terminal_battery_asset_value": 719.9999553680391,
        "terminal_h2_asset_value": 763043.96484375,
        "terminal_undelivered_h2_energy": 13252.989983398438,
        "voltage_cost": 0.0,
        "voltage_violation_area": 0.0,
        "voltage_min_pu": 0.9986664731117806,
        "voltage_max_pu": 1.0019025950599003,
        "pf_converged": true,
        "pcc_p_kw": [
          -510.9788513183594,
          -443.214599609375,
          3.4103946685791016,
          -130.07884216308594
        ],
        "pcc_q_kvar": [
          -2627.345383299416,
          -2604.0874067070404,
          -344.41424365622356,
          1987.5509345946982
        ],
        "p_el": [
          1814.39453125,
          2537.75634765625,
          430.2350158691406,
          783.146728515625
        ],
        "p_bat": [
          -0.0,
          7.52900741645135e-05,
          -5.662441253662109e-06,
          -0.0
        ],
        "soc": [
          0.10000000149011612,
          0.8999999761581421,
          0.10000000149011612,
          0.10000000149011612
        ],
        "p_ht": [
          -0.0,
          -0.0,
          -657.437744140625,
          -1171.9501953125
        ],
        "h2_emergency_buy_energy": [
          0.0,
          0.0,
          0.0,
          6.103515625e-05
        ],
        "h2_planned_external_order_energy": [
          0.0,
          0.0,
          0.0,
          0.0
        ],
        "h2_late_order_energy": [
          0.0,
          0.0,
          0.0,
          0.0
        ],
        "h2_level": [
          200.0,
          234.83180236816406,
          285.0,
          123.28838348388672
        ],
        "e_h2_load": [
          284.35107421875,
          222.96273803710938,
          915.5787353515625,
          1680.99560546875
        ],
        "pending_h2_energy_total": 13252.98828125,
        "pending_h2_energy_agent": [
          0.0,
          0.0,
          2867.97314453125,
          10385.015625
        ],
        "external_min_eta": [
          0.16666666666666666,
          0.16666666666666666,
          0.0,
          0.0
        ]
      },
      {
        "step": 10,
        "actions": [
          [
            0.8711697459220886,
            -0.9241776466369629,
            -0.7542086243629456,
            -0.647294819355011,
            -0.019390171393752098,
            0.7433356642723083,
            -0.8167821168899536,
            0.6363525390625
          ],
          [
            0.7376846671104431,
            0.53975909948349,
            -0.8729045391082764,
            0.386183500289917,
            -0.581709086894989,
            0.42539069056510925,
            0.7009460926055908,
            0.5375708341598511
          ],
          [
            0.6730693578720093,
            -0.9463617205619812,
            0.7816653251647949,
            -0.4514959752559662,
            -0.30389904975891113,
            -0.8507763147354126,
            -0.6331329941749573,
            -0.03720085695385933
          ],
          [
            0.9460634589195251,
            -0.2953445017337799,
            0.4538067579269409,
            0.9255083203315735,
            -0.8327914476394653,
            -0.3877800405025482,
            0.45532581210136414,
            -0.5438677668571472
          ]
        ],
        "intents": [
          [
            0.0,
            0.0,
            0.0
          ],
          [
            0.0,
            0.0,
            0.0
          ],
          [
            0.0,
            0.0,
            0.0
          ],
          [
            0.0,
            0.0,
            0.0
          ]
        ],
        "economic_cost": -10987.563579956055,
        "step_total_cost": -10987.563579956055,
        "terminal_settlement_cost": 0.0,
        "terminal_battery_asset_value": 719.9999553680391,
        "terminal_h2_asset_value": 798197.9296875,
        "terminal_undelivered_h2_energy": 9138.407108398436,
        "voltage_cost": 0.0,
        "voltage_violation_area": 0.0,
        "voltage_min_pu": 0.9983992063951,
        "voltage_max_pu": 1.0005870488328488,
        "pf_converged": true,
        "pcc_p_kw": [
          -1438.04052734375,
          -352.901123046875,
          -150.50010681152344,
          -397.28765869140625
        ],
        "pcc_q_kvar": [
          -1566.7385811919712,
          -2361.2730705112785,
          386.1955451395952,
          2660.432352185279
        ],
        "p_el": [
          1871.1697998046875,
          2606.527099609375,
          418.267333984375,
          778.4253540039062
        ],
        "p_bat": [
          -0.0,
          7.52900741645135e-05,
          -0.0,
          -0.0
        ],
        "soc": [
          0.10000000149011612,
          0.8999999761581421,
          0.10000000149011612,
          0.10000000149011612
        ],
        "p_ht": [
          -0.0,
          -0.0,
          -890.3457641601562,
          -1196.2041015625
        ],
        "h2_emergency_buy_energy": [
          0.0,
          0.0,
          0.0,
          0.0
        ],
        "h2_planned_external_order_energy": [
          0.0,
          0.0,
          0.0,
          0.0
        ],
        "h2_late_order_energy": [
          0.0,
          0.0,
          0.0,
          0.0
        ],
        "h2_level": [
          200.0,
          234.83180236816406,
          285.0,
          158.4458465576172
        ],
        "e_h2_load": [
          365.4271545410156,
          261.11541748046875,
          1141.30615234375,
          1702.1805419921875
        ],
        "pending_h2_energy_total": 9138.4072265625,
        "pending_h2_energy_agent": [
          0.0,
          0.0,
          1121.3924560546875,
          8017.01513671875
        ],
        "external_min_eta": [
          0.16666666666666666,
          0.0,
          0.0,
          0.16666666666666666
        ]
      },
      {
        "step": 11,
        "actions": [
          [
            0.9105398654937744,
            -0.9333555698394775,
            -0.7308927178382874,
            -0.6607725024223328,
            -0.032536521553993225,
            0.6985434293746948,
            -0.8232423067092896,
            0.5381899476051331
          ],
          [
            0.766742467880249,
            0.3901214301586151,
            -0.8559281826019287,
            0.25970301032066345,
            -0.626937210559845,
            0.5364648699760437,
            0.7489945292472839,
            0.459220826625824
          ],
          [
            0.6297339200973511,
            -0.9360060095787048,
            0.8067501783370972,
            -0.5536881685256958,
            -0.33048346638679504,
            -0.8481858968734741,
            -0.6305734515190125,
            -0.0899149626493454
          ],
          [
            0.9453522562980652,
            -0.18397074937820435,
            0.4808507561683655,
            0.9428273439407349,
            -0.8739062547683716,
            -0.24501711130142212,
            0.4439978003501892,
            -0.6259395480155945
          ]
        ],
        "intents": [
          [
            0.0,
            0.0,
            0.0
          ],
          [
            0.0,
            0.0,
            0.0
          ],
          [
            0.0,
            0.0,
            0.0
          ],
          [
            0.0,
            0.0,
            0.0
          ]
        ],
        "economic_cost": 42945.35520172119,
        "step_total_cost": 42945.35520172119,
        "terminal_settlement_cost": 0.0,
        "terminal_battery_asset_value": 719.9999553680391,
        "terminal_h2_asset_value": 840345.0,
        "terminal_undelivered_h2_energy": 8708.791633300782,
        "voltage_cost": 0.0,
        "voltage_violation_area": 0.0,
        "voltage_min_pu": 0.99687476420395,
        "voltage_max_pu": 1.0,
        "pf_converged": true,
        "pcc_p_kw": [
          -2312.551025390625,
          -491.031494140625,
          -114.31622314453125,
          -647.184814453125
        ],
        "pcc_q_kvar": [
          224.59326171875,
          -1960.3819031552962,
          713.8279000021004,
          2987.00646489283
        ],
        "p_el": [
          1910.5399169921875,
          2650.11376953125,
          407.4334716796875,
          778.1409301757812
        ],
        "p_bat": [
          -0.0,
          7.52900741645135e-05,
          -0.0,
          -0.0
        ],
        "soc": [
          0.10000000149011612,
          0.8999999761581421,
          0.10000000149011612,
          0.10000000149011612
        ],
        "p_ht": [
          -0.0,
          -0.0,
          -1123.643798828125,
          -1291.1436767578125
        ],
        "h2_emergency_buy_energy": [
          0.0,
          0.0,
          165.76438903808594,
          3.0517578125e-05
        ],
        "h2_planned_external_order_energy": [
          0.0,
          0.0,
          0.0,
          1165.3428955078125
        ],
        "h2_late_order_energy": [
          0.0,
          0.0,
          0.0,
          0.0
        ],
        "h2_level": [
          200.0,
          234.83180236816406,
          269.472412109375,
          216.12477111816406
        ],
        "e_h2_load": [
          357.302001953125,
          307.4789123535156,
          1533.8682861328125,
          1796.935302734375
        ],
        "pending_h2_energy_total": 8708.7919921875,
        "pending_h2_energy_agent": [
          0.0,
          0.0,
          992.8899536132812,
          7715.90185546875
        ],
        "external_min_eta": [
          0.16666666666666666,
          0.0,
          0.0,
          0.3333333333333333
        ]
      },
      {
        "step": 12,
        "actions": [
          [
            0.9213836193084717,
            -0.934567928314209,
            -0.7077946662902832,
            -0.7058221697807312,
            -0.08497210592031479,
            0.6378543376922607,
            -0.8475786447525024,
            0.46200430393218994
          ],
          [
            0.7622575759887695,
            0.23122438788414001,
            -0.8300464153289795,
            0.1358719766139984,
            -0.6555635929107666,
            0.6509663462638855,
            0.7839393019676208,
            0.390347421169281
          ],
          [
            0.6013662219047546,
            -0.9225385785102844,
            0.8365898728370667,
            -0.6392876505851746,
            -0.3987199366092682,
            -0.8297659158706665,
            -0.6199148297309875,
            -0.06227113679051399
          ],
          [
            0.9480244517326355,
            -0.15551972389221191,
            0.43592241406440735,
            0.9453060030937195,
            -0.892233669757843,
            -0.2550402283668518,
            0.4665020704269409,
            -0.6288024187088013
          ]
        ],
        "intents": [
          [
            0.0,
            0.0,
            0.0
          ],
          [
            0.0,
            0.0,
            0.0
          ],
          [
            0.0,
            0.0,
            0.0
          ],
          [
            0.0,
            0.0,
            0.0
          ]
        ],
        "economic_cost": 55357.174713134766,
        "step_total_cost": 55357.174713134766,
        "terminal_settlement_cost": 0.0,
        "terminal_battery_asset_value": 719.9999553680391,
        "terminal_h2_asset_value": 848204.1796875,
        "terminal_undelivered_h2_energy": 9183.894619140625,
        "voltage_cost": 0.0,
        "voltage_violation_area": 0.0,
        "voltage_min_pu": 0.9981746695159134,
        "voltage_max_pu": 1.0012218651193106,
        "pf_converged": true,
        "pcc_p_kw": [
          -2670.03076171875,
          -714.1015625,
          -116.0491943359375,
          -726.109619140625
        ],
        "pcc_q_kvar": [
          229.09454345703125,
          -1618.5468907840846,
          656.098027512768,
          2987.7948971423825
        ],
        "p_el": [
          1921.3836669921875,
          2643.386474609375,
          400.341552734375,
          779.2097778320312
        ],
        "p_bat": [
          -0.0,
          7.52900741645135e-05,
          -0.0,
          -0.0
        ],
        "soc": [
          0.10000000149011612,
          0.8999999761581421,
          0.10000000149011612,
          0.10000000149011612
        ],
        "p_ht": [
          -0.0,
          -0.0,
          -1355.6478271484375,
          -1315.0240478515625
        ],
        "h2_emergency_buy_energy": [
          0.0,
          0.0,
          355.236572265625,
          0.0
        ],
        "h2_planned_external_order_energy": [
          0.0,
          0.0,
          0.0,
          1212.248046875
        ],
        "h2_late_order_energy": [
          0.0,
          0.0,
          0.0,
          0.0
        ],
        "h2_level": [
          200.0,
          234.83180236816406,
          228.7989044189453,
          264.65826416015625
        ],
        "e_h2_load": [
          358.834716796875,
          336.9229431152344,
          1951.08935546875,
          1821.5103759765625
        ],
        "pending_h2_energy_total": 9183.89453125,
        "pending_h2_energy_agent": [
          0.0,
          0.0,
          1528.4464111328125,
          7655.4482421875
        ],
        "external_min_eta": [
          0.16666666666666666,
          0.0,
          0.0,
          0.16666666666666666
        ]
      },
      {
        "step": 13,
        "actions": [
          [
            0.9188953042030334,
            -0.933356761932373,
            -0.7010100483894348,
            -0.7490329742431641,
            -0.15598589181900024,
            0.5538247227668762,
            -0.8739598393440247,
            0.4245092272758484
          ],
          [
            0.7496846914291382,
            0.06157004088163376,
            -0.7962304949760437,
            0.015982357785105705,
            -0.6993261575698853,
            0.7215260863304138,
            0.8220797181129456,
            0.3106047511100769
          ],
          [
            0.589049220085144,
            -0.8993534445762634,
            0.8653455972671509,
            -0.6943477392196655,
            -0.47510623931884766,
            -0.7995990514755249,
            -0.6331076622009277,
            -0.038424160331487656
          ],
          [
            0.9547326564788818,
            -0.12291014939546585,
            0.3589754104614258,
            0.9456806778907776,
            -0.8972469568252563,
            -0.3391423225402832,
            0.5170413255691528,
            -0.6298429369926453
          ]
        ],
        "intents": [
          [
            0.0,
            0.0,
            0.0
          ],
          [
            0.0,
            0.0,
            0.0
          ],
          [
            0.0,
            0.0,
            0.0
          ],
          [
            0.0,
            0.0,
            0.0
          ]
        ],
        "economic_cost": 24211.479934692383,
        "step_total_cost": 24211.479934692383,
        "terminal_settlement_cost": 0.0,
        "terminal_battery_asset_value": 719.9999553680391,
        "terminal_h2_asset_value": 796760.5078125,
        "terminal_undelivered_h2_energy": 11424.901456054688,
        "voltage_cost": 0.0,
        "voltage_violation_area": 0.0,
        "voltage_min_pu": 0.9982698326613746,
        "voltage_max_pu": 1.0030676779874137,
        "pf_converged": true,
        "pcc_p_kw": [
          -2744.55419921875,
          -795.4447021484375,
          -211.00238037109375,
          -840.6669921875
        ],
        "pcc_q_kvar": [
          198.31002807617188,
          -1288.5321349202595,
          493.8944833888511,
          2964.0290941193875
        ],
        "p_el": [
          1918.895263671875,
          2624.527099609375,
          397.2622985839844,
          781.89306640625
        ],
        "p_bat": [
          -0.0,
          7.52900741645135e-05,
          -0.0,
          -0.0
        ],
        "soc": [
          0.10000000149011612,
          0.8999999761581421,
          0.10000000149011612,
          0.10000000149011612
        ],
        "p_ht": [
          -0.0,
          -0.0,
          -1474.246826171875,
          -1172.921630859375
        ],
        "h2_emergency_buy_energy": [
          0.0,
          0.0,
          3.0517578125e-05,
          0.0
        ],
        "h2_planned_external_order_energy": [
          0.0,
          0.0,
          0.0,
          891.2298583984375
        ],
        "h2_late_order_energy": [
          0.0,
          0.0,
          0.0,
          0.0
        ],
        "h2_level": [
          200.0,
          234.83180236816406,
          184.56707763671875,
          257.4411926269531
        ],
        "e_h2_load": [
          332.7169494628906,
          271.6446838378906,
          1712.604248046875,
          1681.152099609375
        ],
        "pending_h2_energy_total": 11424.90234375,
        "pending_h2_energy_agent": [
          0.0,
          0.0,
          2158.90771484375,
          9265.994140625
        ],
        "external_min_eta": [
          0.16666666666666666,
          0.0,
          0.0,
          0.16666666666666666
        ]
      },
      {
        "step": 14,
        "actions": [
          [
            0.9030018448829651,
            -0.930019199848175,
            -0.7060573697090149,
            -0.7834595441818237,
            -0.23467594385147095,
            0.4451286494731903,
            -0.8960721492767334,
            0.4321458041667938
          ],
          [
            0.726919412612915,
            -0.09850001335144043,
            -0.7526829838752747,
            -0.09942862391471863,
            -0.7493705749511719,
            0.7600330710411072,
            0.852686882019043,
            0.2308025062084198
          ],
          [
            0.5595861673355103,
            -0.8702141046524048,
            0.8780443668365479,
            -0.7097108364105225,
            -0.5580437779426575,
            -0.7638307213783264,
            -0.6929526329040527,
            -0.07878716289997101
          ],
          [
            0.948566198348999,
            -0.017136430367827415,
            0.25442519783973694,
            0.9449907541275024,
            -0.8997628688812256,
            -0.44932350516319275,
            0.5474334955215454,
            -0.6165875792503357
          ]
        ],
        "intents": [
          [
            0.0,
            0.0,
            0.0
          ],
          [
            0.0,
            0.0,
            0.0
          ],
          [
            0.0,
            0.0,
            0.0
          ],
          [
            0.0,
            0.0,
            0.0
          ]
        ],
        "economic_cost": -3280.952949523926,
        "step_total_cost": -3280.952949523926,
        "terminal_settlement_cost": 0.0,
        "terminal_battery_asset_value": 719.9999553680391,
        "terminal_h2_asset_value": 808459.74609375,
        "terminal_undelivered_h2_energy": 11611.75749951172,
        "voltage_cost": 0.0,
        "voltage_violation_area": 0.0,
        "voltage_min_pu": 0.9981495574142571,
        "voltage_max_pu": 1.0013561150589874,
        "pf_converged": true,
        "pcc_p_kw": [
          -2487.333740234375,
          -1048.592041015625,
          -82.50473022460938,
          -905.033447265625
        ],
        "pcc_q_kvar": [
          204.09439086914062,
          -965.0300930846372,
          570.8676407873422,
          2886.169058636089
        ],
        "p_el": [
          1903.0018310546875,
          2590.379150390625,
          389.89654541015625,
          779.4264526367188
        ],
        "p_bat": [
          -0.0,
          -0.0,
          -0.0,
          -0.0
        ],
        "soc": [
          0.10000000149011612,
          0.8999999761581421,
          0.10000000149011612,
          0.10000000149011612
        ],
        "p_ht": [
          -0.0,
          -0.0,
          -758.0723266601562,
          -783.251220703125
        ],
        "h2_emergency_buy_energy": [
          0.0,
          0.0,
          0.0,
          3.0517578125e-05
        ],
        "h2_planned_external_order_energy": [
          0.0,
          0.0,
          0.0,
          0.0
        ],
        "h2_late_order_energy": [
          0.0,
          0.0,
          0.0,
          2237.123046875
        ],
        "h2_level": [
          200.0,
          234.83180236816406,
          191.6123046875,
          262.096435546875
        ],
        "e_h2_load": [
          323.3879699707031,
          190.98684692382812,
          992.01025390625,
          1289.87841796875
        ],
        "pending_h2_energy_total": 11611.7578125,
        "pending_h2_energy_agent": [
          0.0,
          0.0,
          1166.017822265625,
          10445.740234375
        ],
        "external_min_eta": [
          0.16666666666666666,
          0.0,
          0.0,
          0.16666666666666666
        ]
      },
      {
        "step": 15,
        "actions": [
          [
            0.869867742061615,
            -0.919607937335968,
            -0.7605594396591187,
            -0.8130963444709778,
            -0.3497542142868042,
            0.29593315720558167,
            -0.9075738191604614,
            0.526557445526123
          ],
          [
            0.6634810566902161,
            -0.18476802110671997,
            -0.7215339541435242,
            -0.1546076387166977,
            -0.8139466643333435,
            0.787457287311554,
            0.8721430897712708,
            0.19386830925941467
          ],
          [
            0.5587049126625061,
            -0.8291068077087402,
            0.8838767409324646,
            -0.7058539986610413,
            -0.6202794313430786,
            -0.7053824067115784,
            -0.7652923464775085,
            -0.07138749212026596
          ],
          [
            0.9376898407936096,
            0.15882401168346405,
            0.15377207100391388,
            0.9427770376205444,
            -0.9128137230873108,
            -0.49906566739082336,
            0.6236047744750977,
            -0.6007646322250366
          ]
        ],
        "intents": [
          [
            0.0,
            0.0,
            0.0
          ],
          [
            0.0,
            0.0,
            0.0
          ],
          [
            0.0,
            0.0,
            0.0
          ],
          [
            0.0,
            0.0,
            0.0
          ]
        ],
        "economic_cost": -5929.978942871094,
        "step_total_cost": -5929.978942871094,
        "terminal_settlement_cost": 0.0,
        "terminal_battery_asset_value": 756.2118464554078,
        "terminal_h2_asset_value": 800799.08203125,
        "terminal_undelivered_h2_energy": 11535.855104003906,
        "voltage_cost": 0.0,
        "voltage_violation_area": 0.0,
        "voltage_min_pu": 0.9982758626294224,
        "voltage_max_pu": 1.0023350642129594,
        "pf_converged": true,
        "pcc_p_kw": [
          -2268.29541015625,
          -1207.6795654296875,
          -163.40972900390625,
          -587.0953979492188
        ],
        "pcc_q_kvar": [
          -595.3029743872978,
          -802.3999068571579,
          485.79204264065004,
          2831.557137370757
        ],
        "p_el": [
          1869.8677978515625,
          2495.2216796875,
          389.6762390136719,
          775.075927734375
        ],
        "p_bat": [
          -0.0,
          -0.0,
          -0.0,
          127.05921173095703
        ],
        "soc": [
          0.10000000149011612,
          0.8999999761581421,
          0.10000000149011612,
          0.16035312414169312
        ],
        "p_ht": [
          -0.0,
          -0.0,
          -504.1049499511719,
          -754.0196533203125
        ],
        "h2_emergency_buy_energy": [
          0.0,
          0.0,
          0.0,
          0.0
        ],
        "h2_planned_external_order_energy": [
          0.0,
          0.0,
          0.0,
          0.0
        ],
        "h2_late_order_energy": [
          0.0,
          0.0,
          957.5072021484375,
          0.0
        ],
        "h2_level": [
          200.0,
          234.83180236816406,
          192.55593872070312,
          253.4913787841797
        ],
        "e_h2_load": [
          298.09814453125,
          191.62567138671875,
          737.9107055664062,
          1257.8189697265625
        ],
        "pending_h2_energy_total": 11535.8544921875,
        "pending_h2_energy_agent": [
          0.0,
          0.0,
          1557.328369140625,
          9978.5263671875
        ],
        "external_min_eta": [
          0.16666666666666666,
          0.0,
          0.0,
          0.3333333333333333
        ]
      },
      {
        "step": 16,
        "actions": [
          [
            0.7957950234413147,
            -0.9017642140388489,
            -0.807579755783081,
            -0.8187389373779297,
            -0.464683473110199,
            0.08962851017713547,
            -0.9173030257225037,
            0.597697913646698
          ],
          [
            0.539370596408844,
            -0.20921523869037628,
            -0.6696821451187134,
            -0.23100171983242035,
            -0.8555238246917725,
            0.7742140293121338,
            0.8840183019638062,
            0.23634959757328033
          ],
          [
            0.5355623364448547,
            -0.7977083921432495,
            0.8572508096694946,
            -0.669941782951355,
            -0.7126039266586304,
            -0.6735333204269409,
            -0.8260300755500793,
            0.012207496911287308
          ],
          [
            0.9131544232368469,
            0.352456659078598,
            0.11901941895484924,
            0.9343336820602417,
            -0.9187520146369934,
            -0.5577953457832336,
            0.64927077293396,
            -0.5073240995407104
          ]
        ],
        "intents": [
          [
            0.0,
            0.0,
            0.0
          ],
          [
            0.0,
            0.0,
            0.0
          ],
          [
            0.0,
            0.0,
            0.0
          ],
          [
            0.0,
            0.0,
            0.0
          ]
        ],
        "economic_cost": -4831.580700092316,
        "step_total_cost": -4831.580700092316,
        "terminal_settlement_cost": 0.0,
        "terminal_battery_asset_value": 836.5719326564431,
        "terminal_h2_asset_value": 831987.0703125,
        "terminal_undelivered_h2_energy": 9926.897674682617,
        "voltage_cost": 0.0,
        "voltage_violation_area": 0.0,
        "voltage_min_pu": 0.9984419735566407,
        "voltage_max_pu": 1.002329622009369,
        "pf_converged": true,
        "pcc_p_kw": [
          -1586.3304443359375,
          -1088.0272216796875,
          -405.19525146484375,
          -20.6995849609375
        ],
        "pcc_q_kvar": [
          -1603.738004978791,
          -1011.571115395735,
          103.75794528065555,
          2468.375445511767
        ],
        "p_el": [
          1795.7950439453125,
          2309.055908203125,
          383.8905944824219,
          765.2617797851562
        ],
        "p_bat": [
          -0.0,
          -0.0,
          -0.0,
          281.96533203125
        ],
        "soc": [
          0.10000000149011612,
          0.8999999761581421,
          0.10000000149011612,
          0.29428666830062866
        ],
        "p_ht": [
          -0.0,
          -0.0,
          -641.045166015625,
          -874.8306884765625
        ],
        "h2_emergency_buy_energy": [
          0.0,
          0.0,
          0.0,
          3.0517578125e-05
        ],
        "h2_planned_external_order_energy": [
          0.0,
          0.0,
          0.0,
          0.0
        ],
        "h2_late_order_energy": [
          0.0,
          0.0,
          0.0,
          1796.4564208984375
        ],
        "h2_level": [
          200.0,
          234.83180236816406,
          192.2384033203125,
          285.0
        ],
        "e_h2_load": [
          297.3777160644531,
          178.9867706298828,
          871.3795166015625,
          1372.2508544921875
        ],
        "pending_h2_energy_total": 9926.8974609375,
        "pending_h2_energy_agent": [
          0.0,
          0.0,
          926.866943359375,
          9000.0302734375
        ],
        "external_min_eta": [
          0.3333333333333333,
          0.16666666666666666,
          0.0,
          0.3333333333333333
        ]
      },
      {
        "step": 17,
        "actions": [
          [
            0.6592963933944702,
            -0.8976460695266724,
            -0.854300320148468,
            -0.816930890083313,
            -0.4796508252620697,
            -0.10217367857694626,
            -0.91543048620224,
            0.7187763452529907
          ],
          [
            0.41217461228370667,
            -0.25401028990745544,
            -0.6161850690841675,
            -0.3558603525161743,
            -0.8665605783462524,
            0.7471643686294556,
            0.8831923007965088,
            0.3915972113609314
          ],
          [
            0.5861014723777771,
            -0.7517343163490295,
            0.8352587223052979,
            -0.6507119536399841,
            -0.7610275149345398,
            -0.6789632439613342,
            -0.8366499543190002,
            0.17941027879714966
          ],
          [
            0.9233917593955994,
            0.43606001138687134,
            -0.007945157587528229,
            0.9120367169380188,
            -0.9272763729095459,
            -0.6915704607963562,
            0.6611541509628296,
            -0.28668221831321716
          ]
        ],
        "intents": [
          [
            0.0,
            0.0,
            0.0
          ],
          [
            0.0,
            0.0,
            0.0
          ],
          [
            0.0,
            0.0,
            0.0
          ],
          [
            0.0,
            0.0,
            0.0
          ]
        ],
        "economic_cost": -3295.6893964843757,
        "step_total_cost": -3295.6893964843757,
        "terminal_settlement_cost": 0.0,
        "terminal_battery_asset_value": 935.9936651227326,
        "terminal_h2_asset_value": 811683.75,
        "terminal_undelivered_h2_energy": 8386.640915893557,
        "voltage_cost": 0.0,
        "voltage_violation_area": 0.0,
        "voltage_min_pu": 0.9988529775752486,
        "voltage_max_pu": 1.0048450176463852,
        "pf_converged": true,
        "pcc_p_kw": [
          -507.5394287109375,
          -907.077880859375,
          -561.4532470703125,
          447.189697265625
        ],
        "pcc_q_kvar": [
          -2742.6944824823604,
          -1766.3071276928843,
          -683.3784754615388,
          1522.7737193071396
        ],
        "p_el": [
          1659.29638671875,
          2118.261962890625,
          396.5253601074219,
          769.356689453125
        ],
        "p_bat": [
          -0.0,
          -0.0,
          -0.0,
          348.8480224609375
        ],
        "soc": [
          0.10000000149011612,
          0.8999999761581421,
          0.10000000149011612,
          0.4599894881248474
        ],
        "p_ht": [
          -0.0,
          -0.0,
          -676.7784423828125,
          -1115.7535400390625
        ],
        "h2_emergency_buy_energy": [
          0.0,
          0.0,
          0.0,
          0.0
        ],
        "h2_planned_external_order_energy": [
          0.0,
          0.0,
          170.2615966796875,
          0.0
        ],
        "h2_late_order_energy": [
          0.0,
          0.0,
          1043.3695068359375,
          0.0
        ],
        "h2_level": [
          200.0,
          234.83180236816406,
          171.93301391601562,
          285.0
        ],
        "e_h2_load": [
          288.3995361328125,
          174.5757598876953,
          914.6936645507812,
          1615.8353271484375
        ],
        "pending_h2_energy_total": 8386.640625,
        "pending_h2_energy_agent": [
          0.0,
          0.0,
          1922.87890625,
          6463.76171875
        ],
        "external_min_eta": [
          0.16666666666666666,
          0.3333333333333333,
          0.0,
          0.0
        ]
      },
      {
        "step": 18,
        "actions": [
          [
            0.39391249418258667,
            -0.8973371982574463,
            -0.8620039224624634,
            -0.7694059014320374,
            -0.4456063210964203,
            -0.29953113198280334,
            -0.9072614908218384,
            0.798503041267395
          ],
          [
            0.32143887877464294,
            -0.3407530188560486,
            -0.510604977607727,
            -0.5165672302246094,
            -0.8520796895027161,
            0.658680260181427,
            0.8860800266265869,
            0.5284989476203918
          ],
          [
            0.5587540864944458,
            -0.7273080945014954,
            0.7513684630393982,
            -0.5900450944900513,
            -0.8208115100860596,
            -0.7253450751304626,
            -0.8600119948387146,
            0.30526211857795715
          ],
          [
            0.9205527305603027,
            0.5467713475227356,
            -0.07303933054208755,
            0.895526111125946,
            -0.9162895083427429,
            -0.8174756169319153,
            0.6025750041007996,
            -0.021451495587825775
          ]
        ],
        "intents": [
          [
            0.0,
            0.0,
            0.0
          ],
          [
            0.0,
            0.0,
            0.0
          ],
          [
            0.0,
            0.0,
            0.0
          ],
          [
            0.0,
            0.0,
            0.0
          ]
        ],
        "economic_cost": 3758.3019104003906,
        "step_total_cost": 3758.3019104003906,
        "terminal_settlement_cost": 0.0,
        "terminal_battery_asset_value": 1060.6575128498662,
        "terminal_h2_asset_value": 815717.6953125,
        "terminal_undelivered_h2_energy": 7339.421341186523,
        "voltage_cost": 0.0,
        "voltage_violation_area": 0.0,
        "voltage_min_pu": 0.9991175421129838,
        "voltage_max_pu": 1.0067048287384948,
        "pf_converged": true,
        "pcc_p_kw": [
          599.00146484375,
          -888.2864990234375,
          -834.3041381835938,
          1015.99072265625
        ],
        "pcc_q_kvar": [
          -3526.818449442974,
          -2424.391090457779,
          -1295.5238582138115,
          305.8843166726855
        ],
        "p_el": [
          1393.9124755859375,
          1982.1583251953125,
          389.6885070800781,
          768.2210693359375
        ],
        "p_bat": [
          -7.078051567077637e-06,
          -0.0,
          -0.0,
          437.4170837402344
        ],
        "soc": [
          0.10000000149011612,
          0.8999999761581421,
          0.10000000149011612,
          0.6677625775337219
        ],
        "p_ht": [
          -0.0,
          -0.0,
          -650.0155639648438,
          -1110.750244140625
        ],
        "h2_emergency_buy_energy": [
          0.0,
          0.0,
          0.0,
          0.0
        ],
        "h2_planned_external_order_energy": [
          0.0,
          0.0,
          223.78985595703125,
          0.0
        ],
        "h2_late_order_energy": [
          0.0,
          0.0,
          892.6284790039062,
          0.0
        ],
        "h2_level": [
          200.0,
          234.83180236816406,
          180.23939514160156,
          280.72802734375
        ],
        "e_h2_load": [
          306.9000549316406,
          213.99221801757812,
          883.8286743164062,
          1610.0938720703125
        ],
        "pending_h2_energy_total": 7339.4208984375,
        "pending_h2_energy_agent": [
          0.0,
          0.0,
          1844.024169921875,
          5495.39697265625
        ],
        "external_min_eta": [
          0.0,
          0.16666666666666666,
          0.0,
          0.0
        ]
      },
      {
        "step": 19,
        "actions": [
          [
            0.1135464534163475,
            -0.919696569442749,
            -0.8662948608398438,
            -0.6926460266113281,
            -0.3728812038898468,
            -0.3790067732334137,
            -0.9042820930480957,
            0.8492644429206848
          ],
          [
            0.2211468666791916,
            -0.40409353375434875,
            -0.4504699110984802,
            -0.6098660230636597,
            -0.8314920663833618,
            0.5218282341957092,
            0.8841636776924133,
            0.6838184595108032
          ],
          [
            0.5056768655776978,
            -0.7228333950042725,
            0.630859911441803,
            -0.5367595553398132,
            -0.8494006991386414,
            -0.7899931073188782,
            -0.8547670841217041,
            0.43839743733406067
          ],
          [
            0.879706621170044,
            0.6444116234779358,
            -0.13958537578582764,
            0.8656753897666931,
            -0.9050665497779846,
            -0.8901680111885071,
            0.5319159030914307,
            0.16239561140537262
          ]
        ],
        "intents": [
          [
            0.0,
            0.0,
            0.0
          ],
          [
            0.0,
            0.0,
            0.0
          ],
          [
            0.0,
            0.0,
            0.0
          ],
          [
            0.0,
            0.0,
            0.0
          ]
        ],
        "economic_cost": -515.7876281738281,
        "step_total_cost": -515.7876281738281,
        "terminal_settlement_cost": 0.0,
        "terminal_battery_asset_value": 1199.999901199335,
        "terminal_h2_asset_value": 789078.75,
        "terminal_undelivered_h2_energy": 6700.4907924804675,
        "voltage_cost": 0.0,
        "voltage_violation_area": 0.0,
        "voltage_min_pu": 0.9989309476181566,
        "voltage_max_pu": 1.0072784825910164,
        "pf_converged": true,
        "pcc_p_kw": [
          1341.8621826171875,
          -815.3040771484375,
          -915.013916015625,
          1440.3226318359375
        ],
        "pcc_q_kvar": [
          -3848.338731756049,
          -3151.4251469171268,
          -1890.7936690747151,
          -557.5480666386817
        ],
        "p_el": [
          1113.5465087890625,
          1831.7203369140625,
          376.4192199707031,
          751.8826293945312
        ],
        "p_bat": [
          -7.078051567077637e-06,
          -0.0,
          -0.0,
          488.9208984375
        ],
        "soc": [
          0.10000000149011612,
          0.8999999761581421,
          0.10000000149011612,
          0.8999999761581421
        ],
        "p_ht": [
          -0.0,
          -0.0,
          -931.3671875,
          -1249.47314453125
        ],
        "h2_emergency_buy_energy": [
          0.0,
          0.0,
          1.52587890625e-05,
          0.0
        ],
        "h2_planned_external_order_energy": [
          0.0,
          0.0,
          0.0,
          0.0
        ],
        "h2_late_order_energy": [
          0.0,
          0.0,
          682.5223999023438,
          0.0
        ],
        "h2_level": [
          200.0,
          234.83180236816406,
          152.2955780029297,
          282.0302429199219
        ],
        "e_h2_load": [
          358.4935607910156,
          269.2809143066406,
          1157.21875,
          1738.19677734375
        ],
        "pending_h2_energy_total": 6700.490234375,
        "pending_h2_energy_agent": [
          0.0,
          0.0,
          2497.969970703125,
          4202.5205078125
        ],
        "external_min_eta": [
          0.0,
          0.16666666666666666,
          0.16666666666666666,
          0.0
        ]
      },
      {
        "step": 20,
        "actions": [
          [
            -0.08741338551044464,
            -0.9409868717193604,
            -0.863387405872345,
            -0.6115367412567139,
            -0.2952463626861572,
            -0.3746558427810669,
            -0.8976127505302429,
            0.8654466867446899
          ],
          [
            0.12170019000768661,
            -0.4095487594604492,
            -0.3918875753879547,
            -0.6713743805885315,
            -0.8111621141433716,
            0.39866918325424194,
            0.874004065990448,
            0.7739320993423462
          ],
          [
            0.4145597517490387,
            -0.7192661166191101,
            0.43377846479415894,
            -0.4867400527000427,
            -0.867603063583374,
            -0.8491950631141663,
            -0.8344193696975708,
            0.5225976705551147
          ],
          [
            0.8525773286819458,
            0.6802622675895691,
            -0.14595600962638855,
            0.8361105918884277,
            -0.8945043087005615,
            -0.9057914018630981,
            0.4160158932209015,
            0.3225080966949463
          ]
        ],
        "intents": [
          [
            0.0,
            0.0,
            0.0
          ],
          [
            0.0,
            0.0,
            0.0
          ],
          [
            0.0,
            0.0,
            0.0
          ],
          [
            0.0,
            0.0,
            0.0
          ]
        ],
        "economic_cost": 1592.231201171875,
        "step_total_cost": 1592.231201171875,
        "terminal_settlement_cost": 0.0,
        "terminal_battery_asset_value": 1199.999901199335,
        "terminal_h2_asset_value": 734524.21875,
        "terminal_undelivered_h2_energy": 6033.91689819336,
        "voltage_cost": 0.0,
        "voltage_violation_area": 0.0,
        "voltage_min_pu": 0.9987507200665104,
        "voltage_max_pu": 1.0077385437370887,
        "pf_converged": true,
        "pcc_p_kw": [
          1579.740234375,
          -818.5366821289062,
          -310.6954040527344,
          1212.7611083984375
        ],
        "pcc_q_kvar": [
          -3885.6134463497274,
          -3539.5643694199102,
          -2160.367619273171,
          -1291.5667584412345
        ],
        "p_el": [
          912.5866088867188,
          1682.55029296875,
          353.6399230957031,
          741.0309448242188
        ],
        "p_bat": [
          -7.078051567077637e-06,
          -0.0,
          -0.0,
          5.019338641432114e-05
        ],
        "soc": [
          0.10000000149011612,
          0.8999999761581421,
          0.10000000149011612,
          0.8999999761581421
        ],
        "p_ht": [
          -0.0,
          -0.0,
          -1737.00439453125,
          -1588.7978515625
        ],
        "h2_emergency_buy_energy": [
          0.0,
          0.0,
          0.0,
          6.103515625e-05
        ],
        "h2_planned_external_order_energy": [
          0.0,
          0.0,
          0.0,
          0.0
        ],
        "h2_late_order_energy": [
          0.0,
          0.0,
          490.1160583496094,
          382.7224426269531
        ],
        "h2_level": [
          200.0,
          234.83180236816406,
          105.12512969970703,
          274.6406555175781
        ],
        "e_h2_load": [
          430.5545959472656,
          358.79022216796875,
          1949.1883544921875,
          2070.468017578125
        ],
        "pending_h2_energy_total": 6033.9169921875,
        "pending_h2_energy_agent": [
          0.0,
          0.0,
          2807.589111328125,
          3226.32763671875
        ],
        "external_min_eta": [
          0.0,
          0.16666666666666666,
          0.16666666666666666,
          0.0
        ]
      },
      {
        "step": 21,
        "actions": [
          [
            -0.2266545444726944,
            -0.9524170160293579,
            -0.8724373579025269,
            -0.540077269077301,
            -0.2679358422756195,
            -0.32894474267959595,
            -0.8828970789909363,
            0.870806097984314
          ],
          [
            0.025537079200148582,
            -0.34653979539871216,
            -0.3927200436592102,
            -0.6819546818733215,
            -0.8115481734275818,
            0.3642062842845917,
            0.8710775971412659,
            0.8130119442939758
          ],
          [
            0.31178557872772217,
            -0.6871353983879089,
            0.25067490339279175,
            -0.45527589321136475,
            -0.876855731010437,
            -0.881804347038269,
            -0.8230153322219849,
            0.5269137024879456
          ],
          [
            0.8265047073364258,
            0.6747630834579468,
            -0.1336483210325241,
            0.7754061222076416,
            -0.8650931119918823,
            -0.9185949563980103,
            0.34553369879722595,
            0.4599667489528656
          ]
        ],
        "intents": [
          [
            0.0,
            0.0,
            0.0
          ],
          [
            0.0,
            0.0,
            0.0
          ],
          [
            0.0,
            0.0,
            0.0
          ],
          [
            0.0,
            0.0,
            0.0
          ]
        ],
        "economic_cost": -1451.0778799438476,
        "step_total_cost": -1451.0778799438476,
        "terminal_settlement_cost": 0.0,
        "terminal_battery_asset_value": 1199.999901199335,
        "terminal_h2_asset_value": 702323.3203125,
        "terminal_undelivered_h2_energy": 3272.1043789062496,
        "voltage_cost": 0.0,
        "voltage_violation_area": 0.0,
        "voltage_min_pu": 0.999115903853927,
        "voltage_max_pu": 1.0102282485904441,
        "pf_converged": true,
        "pcc_p_kw": [
          1546.414306640625,
          -1022.757568359375,
          -192.977294921875,
          1307.282470703125
        ],
        "pcc_q_kvar": [
          -3876.4293899536133,
          -3715.2311363220215,
          -2184.452922821045,
          -1917.3154621124268
        ],
        "p_el": [
          773.345458984375,
          1538.3056640625,
          327.9463806152344,
          730.6018676757812
        ],
        "p_bat": [
          -7.078051567077637e-06,
          -0.0,
          -0.0,
          5.019338641432114e-05
        ],
        "soc": [
          0.10000000149011612,
          0.8999999761581421,
          0.10000000149011612,
          0.8999999761581421
        ],
        "p_ht": [
          -0.0,
          -0.0,
          -1635.266845703125,
          -1996.1090087890625
        ],
        "h2_emergency_buy_energy": [
          0.0,
          0.0,
          0.0,
          3.0517578125e-05
        ],
        "h2_planned_external_order_energy": [
          0.0,
          0.0,
          0.0,
          0.0
        ],
        "h2_late_order_energy": [
          0.0,
          0.0,
          0.0,
          330.7079772949219
        ],
        "h2_level": [
          200.0,
          234.83180236816406,
          62.56172561645508,
          285.0
        ],
        "e_h2_load": [
          503.98095703125,
          397.8164978027344,
          1832.03466796875,
          2471.000244140625
        ],
        "pending_h2_energy_total": 3272.1044921875,
        "pending_h2_energy_agent": [
          0.0,
          0.0,
          2590.960693359375,
          681.143798828125
        ],
        "external_min_eta": [
          0.0,
          0.0,
          0.16666666666666666,
          0.0
        ]
      },
      {
        "step": 22,
        "actions": [
          [
            -0.316196084022522,
            -0.9583097696304321,
            -0.878775954246521,
            -0.4757869839668274,
            -0.253018319606781,
            -0.28265678882598877,
            -0.8574444055557251,
            0.8555951118469238
          ],
          [
            0.004130387678742409,
            -0.24946431815624237,
            -0.3677350878715515,
            -0.724661111831665,
            -0.8052630424499512,
            0.4004497826099396,
            0.8795814514160156,
            0.8043282628059387
          ],
          [
            0.19454140961170197,
            -0.628060519695282,
            0.07816775143146515,
            -0.4473173916339874,
            -0.8873247504234314,
            -0.9049896597862244,
            -0.8363823294639587,
            0.41042560338974
          ],
          [
            0.8533831238746643,
            0.6173946857452393,
            -0.1338423639535904,
            0.6939262747764587,
            -0.8369919061660767,
            -0.9278486371040344,
            0.33109673857688904,
            0.5136451125144958
          ]
        ],
        "intents": [
          [
            0.0,
            0.0,
            0.0
          ],
          [
            0.0,
            0.0,
            0.0
          ],
          [
            0.0,
            0.0,
            0.0
          ],
          [
            0.0,
            0.0,
            0.0
          ]
        ],
        "economic_cost": 227.75448513031006,
        "step_total_cost": 227.75448513031006,
        "terminal_settlement_cost": 0.0,
        "terminal_battery_asset_value": 1199.999901199335,
        "terminal_h2_asset_value": 649095.234375,
        "terminal_undelivered_h2_energy": 2765.6892092285157,
        "voltage_cost": 0.0,
        "voltage_violation_area": 0.0,
        "voltage_min_pu": 0.9996643137088691,
        "voltage_max_pu": 1.0136419016515614,
        "pf_converged": true,
        "pcc_p_kw": [
          1301.468017578125,
          -1228.534912109375,
          -296.480224609375,
          1200.8399658203125
        ],
        "pcc_q_kvar": [
          -3859.3042755126953,
          -3710.9147300720215,
          -1704.3801155090332,
          -2211.447727203369
        ],
        "p_el": [
          683.8038940429688,
          1506.195556640625,
          298.6353454589844,
          741.353271484375
        ],
        "p_bat": [
          -7.078051567077637e-06,
          -0.0,
          -0.0,
          5.019338641432114e-05
        ],
        "soc": [
          0.10000000149011612,
          0.8999999761581421,
          0.10000000149011612,
          0.8999999761581421
        ],
        "p_ht": [
          -0.0,
          -0.0,
          -1236.973388671875,
          -1621.658935546875
        ],
        "h2_emergency_buy_energy": [
          0.0,
          0.0,
          6.103515625e-05,
          3.0517578125e-05
        ],
        "h2_planned_external_order_energy": [
          0.0,
          0.0,
          0.0,
          0.0
        ],
        "h2_late_order_energy": [
          0.0,
          0.0,
          308.7835998535156,
          293.1148986816406
        ],
        "h2_level": [
          200.0,
          234.83180236816406,
          57.98295974731445,
          236.34536743164062
        ],
        "e_h2_load": [
          396.1825256347656,
          313.05194091796875,
          1416.1546630859375,
          2103.53857421875
        ],
        "pending_h2_energy_total": 2765.689208984375,
        "pending_h2_energy_agent": [
          0.0,
          0.0,
          1805.5,
          960.189208984375
        ],
        "external_min_eta": [
          0.0,
          0.0,
          0.16666666666666666,
          0.0
        ]
      },
      {
        "step": 23,
        "actions": [
          [
            -0.3795085847377777,
            -0.9626080989837646,
            -0.8917484879493713,
            -0.3921498656272888,
            -0.2650439739227295,
            -0.21970686316490173,
            -0.8243070244789124,
            0.8430061936378479
          ],
          [
            -0.0019985781982541084,
            -0.1314861923456192,
            -0.42183855175971985,
            -0.740431547164917,
            -0.8060526847839355,
            0.48224881291389465,
            0.8946292996406555,
            0.7921096086502075
          ],
          [
            0.04718264564871788,
            -0.5616645216941833,
            -0.017844591289758682,
            -0.49096059799194336,
            -0.8923371434211731,
            -0.911396861076355,
            -0.8518472909927368,
            0.2367790788412094
          ],
          [
            0.8639563918113708,
            0.5596765875816345,
            -0.0959990844130516,
            0.5915635228157043,
            -0.7912712693214417,
            -0.9253233671188354,
            0.323242723941803,
            0.53736811876297
          ]
        ],
        "intents": [
          [
            0.0,
            0.0,
            0.0
          ],
          [
            0.0,
            0.0,
            0.0
          ],
          [
            0.0,
            0.0,
            0.0
          ],
          [
            0.0,
            0.0,
            0.0
          ]
        ],
        "economic_cost": -611.3309288024902,
        "step_total_cost": -39528.01045074465,
        "terminal_settlement_cost": -38916.67952194216,
        "terminal_battery_asset_value": 1199.999901199335,
        "terminal_h2_asset_value": 599340.703125,
        "terminal_undelivered_h2_energy": 2861.241200683594,
        "voltage_cost": 0.0,
        "voltage_violation_area": 0.0,
        "voltage_min_pu": 0.9999336833891559,
        "voltage_max_pu": 1.0168170568314978,
        "pf_converged": true,
        "pcc_p_kw": [
          1091.48486328125,
          -1388.929443359375,
          -619.13720703125,
          1059.667236328125
        ],
        "pcc_q_kvar": [
          -3852.094539642334,
          -3681.3351669311523,
          -936.7597932815552,
          -2375.153133392334
        ],
        "p_el": [
          620.4913940429688,
          1497.0020751953125,
          261.795654296875,
          745.5825805664062
        ],
        "p_bat": [
          -7.078051567077637e-06,
          -0.0,
          -0.0,
          5.019338641432114e-05
        ],
        "soc": [
          0.10000000149011612,
          0.8999999761581421,
          0.10000000149011612,
          0.8999999761581421
        ],
        "p_ht": [
          -0.0,
          -0.0,
          -923.3896484375,
          -1209.5289306640625
        ],
        "h2_emergency_buy_energy": [
          0.0,
          0.0,
          0.0,
          0.0
        ],
        "h2_planned_external_order_energy": [
          0.0,
          0.0,
          0.0,
          0.0
        ],
        "h2_late_order_energy": [
          0.0,
          0.0,
          287.960205078125,
          303.3738098144531
        ],
        "h2_level": [
          200.0,
          234.83180236816406,
          44.51289367675781,
          200.05587768554688
        ],
        "e_h2_load": [
          307.501708984375,
          243.0540771484375,
          1080.467041015625,
          1694.1575927734375
        ],
        "pending_h2_energy_total": 2861.2412109375,
        "pending_h2_energy_agent": [
          0.0,
          0.0,
          1609.8131103515625,
          1251.4281005859375
        ],
        "external_min_eta": [
          0.0,
          0.0,
          0.16666666666666666,
          0.0
        ]
      }
    ]
  }
}
