nohup: ignoring input
{
  "report": "/root/autodl-tmp/env_v6_swiss_runs/long/env_v6_behavior_report.json",
  "passed": true,
  "success_criteria": {
    "macpo_seed30_within_raw_budget": true,
    "macpo_at_least_two_safe_days": true,
    "macpo_lower_three_day_violation_than_controls": true,
    "all_evaluation_power_flows_converged": true,
    "macpo_tail_cost_recovery_below_90_percent": true
  }
}
{
  "environment": "env-v6-swiss",
  "training_started": true,
  "calibration": {
    "grid_id": "347_1",
    "case_dir": "/root/autodl-tmp/datasets/Swiss-PDGs/grids/matpower_data/MV/347_1",
    "pcc_bus_ids": [
      168,
      147,
      160,
      183
    ],
    "native_total_mw": 4.6951878242045915,
    "native_total_mvar": 2.2739832496278245,
    "max_transformer_mva": 12.648613521767274,
    "base_voltage_min_pu": 0.9825789776518431,
    "base_voltage_max_pu": 1.0,
    "proxy_nominal_cost": 3.0423926714697984,
    "proxy_support_cost": 0.28666455400688984,
    "proxy_gap": 2.7557281174629087,
    "pcc_sensitivity": [
      0.2281792284137094,
      0.22177106783430156,
      0.2363540990668187,
      0.23511565060613726
    ],
    "nominal_days": [
      {
        "seed": 30,
        "policy": "nominal_uncontrolled",
        "daily_voltage_cost": 0.0,
        "step_voltage_cost": [
          0.0,
          0.0,
          0.0,
          0.0,
          0.0,
          0.0,
          0.0,
          0.0,
          0.0,
          0.0,
          0.0,
          0.0,
          0.0,
          0.0,
          0.0,
          0.0,
          0.0,
          0.0,
          0.0,
          0.0,
          0.0,
          0.0,
          0.0,
          0.0
        ],
        "pf_converged": true,
        "voltage_min_pu": 0.9678054594013281,
        "voltage_max_pu": 1.0239812789428762,
        "steps": 24,
        "economic_cost": 2806841.5967096686,
        "actions": [
          [
            [
              0.0,
              0.0,
              0.0,
              0.0,
              0.0,
              -1.0,
              0.0
            ],
            [
              0.0,
              0.0,
              0.0,
              0.0,
              0.0,
              -1.0,
              0.0
            ],
            [
              0.0,
              0.0,
              0.0,
              0.0,
              0.0,
              -1.0,
              0.0
            ],
            [
              0.0,
              0.0,
              0.0,
              0.0,
              0.0,
              -1.0,
              0.0
            ]
          ],
          [
            [
              0.0,
              0.0,
              0.0,
              0.0,
              0.0,
              -1.0,
              0.0
            ],
            [
              0.0,
              0.0,
              0.0,
              0.0,
              0.0,
              -1.0,
              0.0
            ],
            [
              0.0,
              0.0,
              0.0,
              0.0,
              0.0,
              -1.0,
              0.0
            ],
            [
              0.0,
              0.0,
              0.0,
              0.0,
              0.0,
              -1.0,
              0.0
            ]
          ],
          [
            [
              0.0,
              0.0,
              0.0,
              0.0,
              0.0,
              -1.0,
              0.0
            ],
            [
              0.0,
              0.0,
              0.0,
              0.0,
              0.0,
              -1.0,
              0.0
            ],
            [
              0.0,
              0.0,
              0.0,
              0.0,
              0.0,
              -1.0,
              0.0
            ],
            [
              0.0,
              0.0,
              0.0,
              0.0,
              0.0,
              -1.0,
              0.0
            ]
          ],
          [
            [
              0.0,
              0.0,
              0.0,
              0.0,
              0.0,
              -1.0,
              0.0
            ],
            [
              0.0,
              0.0,
              0.0,
              0.0,
              0.0,
              -1.0,
              0.0
            ],
            [
              0.0,
              0.0,
              0.0,
              0.0,
              0.0,
              -1.0,
              0.0
            ],
            [
              0.0,
              0.0,
              0.0,
              0.0,
              0.0,
              -1.0,
              0.0
            ]
          ],
          [
            [
              0.0,
              0.0,
              0.0,
              0.0,
              0.0,
              -1.0,
              0.0
            ],
            [
              0.0,
              0.0,
              0.0,
              0.0,
              0.0,
              -1.0,
              0.0
            ],
            [
              0.0,
              0.0,
              0.0,
              0.0,
              0.0,
              -1.0,
              0.0
            ],
            [
              0.0,
              0.0,
              0.0,
              0.0,
              0.0,
              -1.0,
              0.0
            ]
          ],
          [
            [
              0.0,
              0.0,
              0.0,
              0.0,
              0.0,
              -1.0,
              0.0
            ],
            [
              0.0,
              0.0,
              0.0,
              0.0,
              0.0,
              -1.0,
              0.0
            ],
            [
              0.0,
              0.0,
              0.0,
              0.0,
              0.0,
              -1.0,
              0.0
            ],
            [
              0.0,
              0.0,
              0.0,
              0.0,
              0.0,
              -1.0,
              0.0
            ]
          ],
          [
            [
              0.0,
              0.0,
              0.0,
              0.0,
              0.0,
              -1.0,
              0.0
            ],
            [
              0.0,
              0.0,
              0.0,
              0.0,
              0.0,
              -1.0,
              0.0
            ],
            [
              0.0,
              0.0,
              0.0,
              0.0,
              0.0,
              -1.0,
              0.0
            ],
            [
              0.0,
              0.0,
              0.0,
              0.0,
              0.0,
              -1.0,
              0.0
            ]
          ],
          [
            [
              0.0,
              0.0,
              0.0,
              0.0,
              0.0,
              -1.0,
              0.0
            ],
            [
              0.0,
              0.0,
              0.0,
              0.0,
              0.0,
              -1.0,
              0.0
            ],
            [
              0.0,
              0.0,
              0.0,
              0.0,
              0.0,
              -1.0,
              0.0
            ],
            [
              0.0,
              0.0,
              0.0,
              0.0,
              0.0,
              -1.0,
              0.0
            ]
          ],
          [
            [
              0.0,
              0.0,
              0.0,
              0.0,
              0.0,
              -1.0,
              0.0
            ],
            [
              0.0,
              0.0,
              0.0,
              0.0,
              0.0,
              -1.0,
              0.0
            ],
            [
              0.0,
              0.0,
              0.0,
              0.0,
              0.0,
              -1.0,
              0.0
            ],
            [
              0.0,
              0.0,
              0.0,
              0.0,
              0.0,
              -1.0,
              0.0
            ]
          ],
          [
            [
              0.0,
              0.0,
              0.0,
              0.0,
              0.0,
              -1.0,
              0.0
            ],
            [
              0.0,
              0.0,
              0.0,
              0.0,
              0.0,
              -1.0,
              0.0
            ],
            [
              0.0,
              0.0,
              0.0,
              0.0,
              0.0,
              -1.0,
              0.0
            ],
            [
              0.0,
              0.0,
              0.0,
              0.0,
              0.0,
              -1.0,
              0.0
            ]
          ],
          [
            [
              0.0,
              0.0,
              0.0,
              0.0,
              0.0,
              -1.0,
              0.0
            ],
            [
              0.0,
              0.0,
              0.0,
              0.0,
              0.0,
              -1.0,
              0.0
            ],
            [
              0.0,
              0.0,
              0.0,
              0.0,
              0.0,
              -1.0,
              0.0
            ],
            [
              0.0,
              0.0,
              0.0,
              0.0,
              0.0,
              -1.0,
              0.0
            ]
          ],
          [
            [
              0.0,
              0.0,
              0.0,
              0.0,
              0.0,
              -1.0,
              0.0
            ],
            [
              0.0,
              0.0,
              0.0,
              0.0,
              0.0,
              -1.0,
              0.0
            ],
            [
              0.0,
              0.0,
              0.0,
              0.0,
              0.0,
              -1.0,
              0.0
            ],
            [
              0.0,
              0.0,
              0.0,
              0.0,
              0.0,
              -1.0,
              0.0
            ]
          ],
          [
            [
              0.0,
              0.0,
              0.0,
              0.0,
              0.0,
              -1.0,
              0.0
            ],
            [
              0.0,
              0.0,
              0.0,
              0.0,
              0.0,
              -1.0,
              0.0
            ],
            [
              0.0,
              0.0,
              0.0,
              0.0,
              0.0,
              -1.0,
              0.0
            ],
            [
              0.0,
              0.0,
              0.0,
              0.0,
              0.0,
              -1.0,
              0.0
            ]
          ],
          [
            [
              0.0,
              0.0,
              0.0,
              0.0,
              0.0,
              -1.0,
              0.0
            ],
            [
              0.0,
              0.0,
              0.0,
              0.0,
              0.0,
              -1.0,
              0.0
            ],
            [
              0.0,
              0.0,
              0.0,
              0.0,
              0.0,
              -1.0,
              0.0
            ],
            [
              0.0,
              0.0,
              0.0,
              0.0,
              0.0,
              -1.0,
              0.0
            ]
          ],
          [
            [
              0.0,
              0.0,
              0.0,
              0.0,
              0.0,
              -1.0,
              0.0
            ],
            [
              0.0,
              0.0,
              0.0,
              0.0,
              0.0,
              -1.0,
              0.0
            ],
            [
              0.0,
              0.0,
              0.0,
              0.0,
              0.0,
              -1.0,
              0.0
            ],
            [
              0.0,
              0.0,
              0.0,
              0.0,
              0.0,
              -1.0,
              0.0
            ]
          ],
          [
            [
              0.0,
              0.0,
              0.0,
              0.0,
              0.0,
              -1.0,
              0.0
            ],
            [
              0.0,
              0.0,
              0.0,
              0.0,
              0.0,
              -1.0,
              0.0
            ],
            [
              0.0,
              0.0,
              0.0,
              0.0,
              0.0,
              -1.0,
              0.0
            ],
            [
              0.0,
              0.0,
              0.0,
              0.0,
              0.0,
              -1.0,
              0.0
            ]
          ],
          [
            [
              0.0,
              0.0,
              0.0,
              0.0,
              0.0,
              -1.0,
              0.0
            ],
            [
              0.0,
              0.0,
              0.0,
              0.0,
              0.0,
              -1.0,
              0.0
            ],
            [
              0.0,
              0.0,
              0.0,
              0.0,
              0.0,
              -1.0,
              0.0
            ],
            [
              0.0,
              0.0,
              0.0,
              0.0,
              0.0,
              -1.0,
              0.0
            ]
          ],
          [
            [
              0.0,
              0.0,
              0.0,
              0.0,
              0.0,
              -1.0,
              0.0
            ],
            [
              0.0,
              0.0,
              0.0,
              0.0,
              0.0,
              -1.0,
              0.0
            ],
            [
              0.0,
              0.0,
              0.0,
              0.0,
              0.0,
              -1.0,
              0.0
            ],
            [
              0.0,
              0.0,
              0.0,
              0.0,
              0.0,
              -1.0,
              0.0
            ]
          ],
          [
            [
              0.0,
              0.0,
              0.0,
              0.0,
              0.0,
              -1.0,
              0.0
            ],
            [
              0.0,
              0.0,
              0.0,
              0.0,
              0.0,
              -1.0,
              0.0
            ],
            [
              0.0,
              0.0,
              0.0,
              0.0,
              0.0,
              -1.0,
              0.0
            ],
            [
              0.0,
              0.0,
              0.0,
              0.0,
              0.0,
              -1.0,
              0.0
            ]
          ],
          [
            [
              0.0,
              0.0,
              0.0,
              0.0,
              0.0,
              -1.0,
              0.0
            ],
            [
              0.0,
              0.0,
              0.0,
              0.0,
              0.0,
              -1.0,
              0.0
            ],
            [
              0.0,
              0.0,
              0.0,
              0.0,
              0.0,
              -1.0,
              0.0
            ],
            [
              0.0,
              0.0,
              0.0,
              0.0,
              0.0,
              -1.0,
              0.0
            ]
          ],
          [
            [
              0.0,
              0.0,
              0.0,
              0.0,
              0.0,
              -1.0,
              0.0
            ],
            [
              0.0,
              0.0,
              0.0,
              0.0,
              0.0,
              -1.0,
              0.0
            ],
            [
              0.0,
              0.0,
              0.0,
              0.0,
              0.0,
              -1.0,
              0.0
            ],
            [
              0.0,
              0.0,
              0.0,
              0.0,
              0.0,
              -1.0,
              0.0
            ]
          ],
          [
            [
              0.0,
              0.0,
              0.0,
              0.0,
              0.0,
              -1.0,
              0.0
            ],
            [
              0.0,
              0.0,
              0.0,
              0.0,
              0.0,
              -1.0,
              0.0
            ],
            [
              0.0,
              0.0,
              0.0,
              0.0,
              0.0,
              -1.0,
              0.0
            ],
            [
              0.0,
              0.0,
              0.0,
              0.0,
              0.0,
              -1.0,
              0.0
            ]
          ],
          [
            [
              0.0,
              0.0,
              0.0,
              0.0,
              0.0,
              -1.0,
              0.0
            ],
            [
              0.0,
              0.0,
              0.0,
              0.0,
              0.0,
              -1.0,
              0.0
            ],
            [
              0.0,
              0.0,
              0.0,
              0.0,
              0.0,
              -1.0,
              0.0
            ],
            [
              0.0,
              0.0,
              0.0,
              0.0,
              0.0,
              -1.0,
              0.0
            ]
          ],
          [
            [
              0.0,
              0.0,
              0.0,
              0.0,
              0.0,
              -1.0,
              0.0
            ],
            [
              0.0,
              0.0,
              0.0,
              0.0,
              0.0,
              -1.0,
              0.0
            ],
            [
              0.0,
              0.0,
              0.0,
              0.0,
              0.0,
              -1.0,
              0.0
            ],
            [
              0.0,
              0.0,
              0.0,
              0.0,
              0.0,
              -1.0,
              0.0
            ]
          ]
        ]
      },
      {
        "seed": 31,
        "policy": "nominal_uncontrolled",
        "daily_voltage_cost": 2.919003776211926,
        "step_voltage_cost": [
          0.0,
          0.0,
          0.0,
          0.0,
          0.0,
          0.0,
          0.0,
          0.0009174512207407171,
          0.026851882111512237,
          0.0,
          0.0,
          0.0,
          0.0,
          0.0,
          0.0,
          0.04054340397275513,
          0.288760553652201,
          0.5781422784496519,
          0.609737127772729,
          0.5736654075505596,
          0.525156511608088,
          0.27010524363934985,
          0.005123916234338166,
          0.0
        ],
        "pf_converged": true,
        "voltage_min_pu": 0.9235684082222781,
        "voltage_max_pu": 1.0,
        "steps": 24,
        "economic_cost": 3557421.522518158,
        "actions": [
          [
            [
              0.0,
              0.0,
              0.0,
              0.0,
              0.0,
              -1.0,
              0.0
            ],
            [
              0.0,
              0.0,
              0.0,
              0.0,
              0.0,
              -1.0,
              0.0
            ],
            [
              0.0,
              0.0,
              0.0,
              0.0,
              0.0,
              -1.0,
              0.0
            ],
            [
              0.0,
              0.0,
              0.0,
              0.0,
              0.0,
              -1.0,
              0.0
            ]
          ],
          [
            [
              0.0,
              0.0,
              0.0,
              0.0,
              0.0,
              -1.0,
              0.0
            ],
            [
              0.0,
              0.0,
              0.0,
              0.0,
              0.0,
              -1.0,
              0.0
            ],
            [
              0.0,
              0.0,
              0.0,
              0.0,
              0.0,
              -1.0,
              0.0
            ],
            [
              0.0,
              0.0,
              0.0,
              0.0,
              0.0,
              -1.0,
              0.0
            ]
          ],
          [
            [
              0.0,
              0.0,
              0.0,
              0.0,
              0.0,
              -1.0,
              0.0
            ],
            [
              0.0,
              0.0,
              0.0,
              0.0,
              0.0,
              -1.0,
              0.0
            ],
            [
              0.0,
              0.0,
              0.0,
              0.0,
              0.0,
              -1.0,
              0.0
            ],
            [
              0.0,
              0.0,
              0.0,
              0.0,
              0.0,
              -1.0,
              0.0
            ]
          ],
          [
            [
              0.0,
              0.0,
              0.0,
              0.0,
              0.0,
              -1.0,
              0.0
            ],
            [
              0.0,
              0.0,
              0.0,
              0.0,
              0.0,
              -1.0,
              0.0
            ],
            [
              0.0,
              0.0,
              0.0,
              0.0,
              0.0,
              -1.0,
              0.0
            ],
            [
              0.0,
              0.0,
              0.0,
              0.0,
              0.0,
              -1.0,
              0.0
            ]
          ],
          [
            [
              0.0,
              0.0,
              0.0,
              0.0,
              0.0,
              -1.0,
              0.0
            ],
            [
              0.0,
              0.0,
              0.0,
              0.0,
              0.0,
              -1.0,
              0.0
            ],
            [
              0.0,
              0.0,
              0.0,
              0.0,
              0.0,
              -1.0,
              0.0
            ],
            [
              0.0,
              0.0,
              0.0,
              0.0,
              0.0,
              -1.0,
              0.0
            ]
          ],
          [
            [
              0.0,
              0.0,
              0.0,
              0.0,
              0.0,
              -1.0,
              0.0
            ],
            [
              0.0,
              0.0,
              0.0,
              0.0,
              0.0,
              -1.0,
              0.0
            ],
            [
              0.0,
              0.0,
              0.0,
              0.0,
              0.0,
              -1.0,
              0.0
            ],
            [
              0.0,
              0.0,
              0.0,
              0.0,
              0.0,
              -1.0,
              0.0
            ]
          ],
          [
            [
              0.0,
              0.0,
              0.0,
              0.0,
              0.0,
              -1.0,
              0.0
            ],
            [
              0.0,
              0.0,
              0.0,
              0.0,
              0.0,
              -1.0,
              0.0
            ],
            [
              0.0,
              0.0,
              0.0,
              0.0,
              0.0,
              -1.0,
              0.0
            ],
            [
              0.0,
              0.0,
              0.0,
              0.0,
              0.0,
              -1.0,
              0.0
            ]
          ],
          [
            [
              0.0,
              0.0,
              0.0,
              0.0,
              0.0,
              -1.0,
              0.0
            ],
            [
              0.0,
              0.0,
              0.0,
              0.0,
              0.0,
              -1.0,
              0.0
            ],
            [
              0.0,
              0.0,
              0.0,
              0.0,
              0.0,
              -1.0,
              0.0
            ],
            [
              0.0,
              0.0,
              0.0,
              0.0,
              0.0,
              -1.0,
              0.0
            ]
          ],
          [
            [
              0.0,
              0.0,
              0.0,
              0.0,
              0.0,
              -1.0,
              0.0
            ],
            [
              0.0,
              0.0,
              0.0,
              0.0,
              0.0,
              -1.0,
              0.0
            ],
            [
              0.0,
              0.0,
              0.0,
              0.0,
              0.0,
              -1.0,
              0.0
            ],
            [
              0.0,
              0.0,
              0.0,
              0.0,
              0.0,
              -1.0,
              0.0
            ]
          ],
          [
            [
              0.0,
              0.0,
              0.0,
              0.0,
              0.0,
              -1.0,
              0.0
            ],
            [
              0.0,
              0.0,
              0.0,
              0.0,
              0.0,
              -1.0,
              0.0
            ],
            [
              0.0,
              0.0,
              0.0,
              0.0,
              0.0,
              -1.0,
              0.0
            ],
            [
              0.0,
              0.0,
              0.0,
              0.0,
              0.0,
              -1.0,
              0.0
            ]
          ],
          [
            [
              0.0,
              0.0,
              0.0,
              0.0,
              0.0,
              -1.0,
              0.0
            ],
            [
              0.0,
              0.0,
              0.0,
              0.0,
              0.0,
              -1.0,
              0.0
            ],
            [
              0.0,
              0.0,
              0.0,
              0.0,
              0.0,
              -1.0,
              0.0
            ],
            [
              0.0,
              0.0,
              0.0,
              0.0,
              0.0,
              -1.0,
              0.0
            ]
          ],
          [
            [
              0.0,
              0.0,
              0.0,
              0.0,
              0.0,
              -1.0,
              0.0
            ],
            [
              0.0,
              0.0,
              0.0,
              0.0,
              0.0,
              -1.0,
              0.0
            ],
            [
              0.0,
              0.0,
              0.0,
              0.0,
              0.0,
              -1.0,
              0.0
            ],
            [
              0.0,
              0.0,
              0.0,
              0.0,
              0.0,
              -1.0,
              0.0
            ]
          ],
          [
            [
              0.0,
              0.0,
              0.0,
              0.0,
              0.0,
              -1.0,
              0.0
            ],
            [
              0.0,
              0.0,
              0.0,
              0.0,
              0.0,
              -1.0,
              0.0
            ],
            [
              0.0,
              0.0,
              0.0,
              0.0,
              0.0,
              -1.0,
              0.0
            ],
            [
              0.0,
              0.0,
              0.0,
              0.0,
              0.0,
              -1.0,
              0.0
            ]
          ],
          [
            [
              0.0,
              0.0,
              0.0,
              0.0,
              0.0,
              -1.0,
              0.0
            ],
            [
              0.0,
              0.0,
              0.0,
              0.0,
              0.0,
              -1.0,
              0.0
            ],
            [
              0.0,
              0.0,
              0.0,
              0.0,
              0.0,
              -1.0,
              0.0
            ],
            [
              0.0,
              0.0,
              0.0,
              0.0,
              0.0,
              -1.0,
              0.0
            ]
          ],
          [
            [
              0.0,
              0.0,
              0.0,
              0.0,
              0.0,
              -1.0,
              0.0
            ],
            [
              0.0,
              0.0,
              0.0,
              0.0,
              0.0,
              -1.0,
              0.0
            ],
            [
              0.0,
              0.0,
              0.0,
              0.0,
              0.0,
              -1.0,
              0.0
            ],
            [
              0.0,
              0.0,
              0.0,
              0.0,
              0.0,
              -1.0,
              0.0
            ]
          ],
          [
            [
              0.0,
              0.0,
              0.0,
              0.0,
              0.0,
              -1.0,
              0.0
            ],
            [
              0.0,
              0.0,
              0.0,
              0.0,
              0.0,
              -1.0,
              0.0
            ],
            [
              0.0,
              0.0,
              0.0,
              0.0,
              0.0,
              -1.0,
              0.0
            ],
            [
              0.0,
              0.0,
              0.0,
              0.0,
              0.0,
              -1.0,
              0.0
            ]
          ],
          [
            [
              0.0,
              0.0,
              0.0,
              0.0,
              0.0,
              -1.0,
              0.0
            ],
            [
              0.0,
              0.0,
              0.0,
              0.0,
              0.0,
              -1.0,
              0.0
            ],
            [
              0.0,
              0.0,
              0.0,
              0.0,
              0.0,
              -1.0,
              0.0
            ],
            [
              0.0,
              0.0,
              0.0,
              0.0,
              0.0,
              -1.0,
              0.0
            ]
          ],
          [
            [
              0.0,
              0.0,
              0.0,
              0.0,
              0.0,
              -1.0,
              0.0
            ],
            [
              0.0,
              0.0,
              0.0,
              0.0,
              0.0,
              -1.0,
              0.0
            ],
            [
              0.0,
              0.0,
              0.0,
              0.0,
              0.0,
              -1.0,
              0.0
            ],
            [
              0.0,
              0.0,
              0.0,
              0.0,
              0.0,
              -1.0,
              0.0
            ]
          ],
          [
            [
              0.0,
              0.0,
              0.0,
              0.0,
              0.0,
              -1.0,
              0.0
            ],
            [
              0.0,
              0.0,
              0.0,
              0.0,
              0.0,
              -1.0,
              0.0
            ],
            [
              0.0,
              0.0,
              0.0,
              0.0,
              0.0,
              -1.0,
              0.0
            ],
            [
              0.0,
              0.0,
              0.0,
              0.0,
              0.0,
              -1.0,
              0.0
            ]
          ],
          [
            [
              0.0,
              0.0,
              0.0,
              0.0,
              0.0,
              -1.0,
              0.0
            ],
            [
              0.0,
              0.0,
              0.0,
              0.0,
              0.0,
              -1.0,
              0.0
            ],
            [
              0.0,
              0.0,
              0.0,
              0.0,
              0.0,
              -1.0,
              0.0
            ],
            [
              0.0,
              0.0,
              0.0,
              0.0,
              0.0,
              -1.0,
              0.0
            ]
          ],
          [
            [
              0.0,
              0.0,
              0.0,
              0.0,
              0.0,
              -1.0,
              0.0
            ],
            [
              0.0,
              0.0,
              0.0,
              0.0,
              0.0,
              -1.0,
              0.0
            ],
            [
              0.0,
              0.0,
              0.0,
              0.0,
              0.0,
              -1.0,
              0.0
            ],
            [
              0.0,
              0.0,
              0.0,
              0.0,
              0.0,
              -1.0,
              0.0
            ]
          ],
          [
            [
              0.0,
              0.0,
              0.0,
              0.0,
              0.0,
              -1.0,
              0.0
            ],
            [
              0.0,
              0.0,
              0.0,
              0.0,
              0.0,
              -1.0,
              0.0
            ],
            [
              0.0,
              0.0,
              0.0,
              0.0,
              0.0,
              -1.0,
              0.0
            ],
            [
              0.0,
              0.0,
              0.0,
              0.0,
              0.0,
              -1.0,
              0.0
            ]
          ],
          [
            [
              0.0,
              0.0,
              0.0,
              0.0,
              0.0,
              -1.0,
              0.0
            ],
            [
              0.0,
              0.0,
              0.0,
              0.0,
              0.0,
              -1.0,
              0.0
            ],
            [
              0.0,
              0.0,
              0.0,
              0.0,
              0.0,
              -1.0,
              0.0
            ],
            [
              0.0,
              0.0,
              0.0,
              0.0,
              0.0,
              -1.0,
              0.0
            ]
          ],
          [
            [
              0.0,
              0.0,
              0.0,
              0.0,
              0.0,
              -1.0,
              0.0
            ],
            [
              0.0,
              0.0,
              0.0,
              0.0,
              0.0,
              -1.0,
              0.0
            ],
            [
              0.0,
              0.0,
              0.0,
              0.0,
              0.0,
              -1.0,
              0.0
            ],
            [
              0.0,
              0.0,
              0.0,
              0.0,
              0.0,
              -1.0,
              0.0
            ]
          ]
        ]
      },
      {
        "seed": 32,
        "policy": "nominal_uncontrolled",
        "daily_voltage_cost": 0.12338889525787289,
        "step_voltage_cost": [
          0.0,
          0.0,
          0.0,
          0.0,
          0.0,
          0.0,
          0.0,
          0.0,
          0.0,
          0.0,
          0.0,
          0.0,
          0.0,
          0.0,
          0.0,
          0.0,
          0.0,
          0.0,
          0.0,
          0.0,
          0.05471163680098334,
          0.06867725845688955,
          0.0,
          0.0
        ],
        "pf_converged": true,
        "voltage_min_pu": 0.9438364949815173,
        "voltage_max_pu": 1.033473946959202,
        "steps": 24,
        "economic_cost": 3151704.8194007874,
        "actions": [
          [
            [
              0.0,
              0.0,
              0.0,
              0.0,
              0.0,
              -1.0,
              0.0
            ],
            [
              0.0,
              0.0,
              0.0,
              0.0,
              0.0,
              -1.0,
              0.0
            ],
            [
              0.0,
              0.0,
              0.0,
              0.0,
              0.0,
              -1.0,
              0.0
            ],
            [
              0.0,
              0.0,
              0.0,
              0.0,
              0.0,
              -1.0,
              0.0
            ]
          ],
          [
            [
              0.0,
              0.0,
              0.0,
              0.0,
              0.0,
              -1.0,
              0.0
            ],
            [
              0.0,
              0.0,
              0.0,
              0.0,
              0.0,
              -1.0,
              0.0
            ],
            [
              0.0,
              0.0,
              0.0,
              0.0,
              0.0,
              -1.0,
              0.0
            ],
            [
              0.0,
              0.0,
              0.0,
              0.0,
              0.0,
              -1.0,
              0.0
            ]
          ],
          [
            [
              0.0,
              0.0,
              0.0,
              0.0,
              0.0,
              -1.0,
              0.0
            ],
            [
              0.0,
              0.0,
              0.0,
              0.0,
              0.0,
              -1.0,
              0.0
            ],
            [
              0.0,
              0.0,
              0.0,
              0.0,
              0.0,
              -1.0,
              0.0
            ],
            [
              0.0,
              0.0,
              0.0,
              0.0,
              0.0,
              -1.0,
              0.0
            ]
          ],
          [
            [
              0.0,
              0.0,
              0.0,
              0.0,
              0.0,
              -1.0,
              0.0
            ],
            [
              0.0,
              0.0,
              0.0,
              0.0,
              0.0,
              -1.0,
              0.0
            ],
            [
              0.0,
              0.0,
              0.0,
              0.0,
              0.0,
              -1.0,
              0.0
            ],
            [
              0.0,
              0.0,
              0.0,
              0.0,
              0.0,
              -1.0,
              0.0
            ]
          ],
          [
            [
              0.0,
              0.0,
              0.0,
              0.0,
              0.0,
              -1.0,
              0.0
            ],
            [
              0.0,
              0.0,
              0.0,
              0.0,
              0.0,
              -1.0,
              0.0
            ],
            [
              0.0,
              0.0,
              0.0,
              0.0,
              0.0,
              -1.0,
              0.0
            ],
            [
              0.0,
              0.0,
              0.0,
              0.0,
              0.0,
              -1.0,
              0.0
            ]
          ],
          [
            [
              0.0,
              0.0,
              0.0,
              0.0,
              0.0,
              -1.0,
              0.0
            ],
            [
              0.0,
              0.0,
              0.0,
              0.0,
              0.0,
              -1.0,
              0.0
            ],
            [
              0.0,
              0.0,
              0.0,
              0.0,
              0.0,
              -1.0,
              0.0
            ],
            [
              0.0,
              0.0,
              0.0,
              0.0,
              0.0,
              -1.0,
              0.0
            ]
          ],
          [
            [
              0.0,
              0.0,
              0.0,
              0.0,
              0.0,
              -1.0,
              0.0
            ],
            [
              0.0,
              0.0,
              0.0,
              0.0,
              0.0,
              -1.0,
              0.0
            ],
            [
              0.0,
              0.0,
              0.0,
              0.0,
              0.0,
              -1.0,
              0.0
            ],
            [
              0.0,
              0.0,
              0.0,
              0.0,
              0.0,
              -1.0,
              0.0
            ]
          ],
          [
            [
              0.0,
              0.0,
              0.0,
              0.0,
              0.0,
              -1.0,
              0.0
            ],
            [
              0.0,
              0.0,
              0.0,
              0.0,
              0.0,
              -1.0,
              0.0
            ],
            [
              0.0,
              0.0,
              0.0,
              0.0,
              0.0,
              -1.0,
              0.0
            ],
            [
              0.0,
              0.0,
              0.0,
              0.0,
              0.0,
              -1.0,
              0.0
            ]
          ],
          [
            [
              0.0,
              0.0,
              0.0,
              0.0,
              0.0,
              -1.0,
              0.0
            ],
            [
              0.0,
              0.0,
              0.0,
              0.0,
              0.0,
              -1.0,
              0.0
            ],
            [
              0.0,
              0.0,
              0.0,
              0.0,
              0.0,
              -1.0,
              0.0
            ],
            [
              0.0,
              0.0,
              0.0,
              0.0,
              0.0,
              -1.0,
              0.0
            ]
          ],
          [
            [
              0.0,
              0.0,
              0.0,
              0.0,
              0.0,
              -1.0,
              0.0
            ],
            [
              0.0,
              0.0,
              0.0,
              0.0,
              0.0,
              -1.0,
              0.0
            ],
            [
              0.0,
              0.0,
              0.0,
              0.0,
              0.0,
              -1.0,
              0.0
            ],
            [
              0.0,
              0.0,
              0.0,
              0.0,
              0.0,
              -1.0,
              0.0
            ]
          ],
          [
            [
              0.0,
              0.0,
              0.0,
              0.0,
              0.0,
              -1.0,
              0.0
            ],
            [
              0.0,
              0.0,
              0.0,
              0.0,
              0.0,
              -1.0,
              0.0
            ],
            [
              0.0,
              0.0,
              0.0,
              0.0,
              0.0,
              -1.0,
              0.0
            ],
            [
              0.0,
              0.0,
              0.0,
              0.0,
              0.0,
              -1.0,
              0.0
            ]
          ],
          [
            [
              0.0,
              0.0,
              0.0,
              0.0,
              0.0,
              -1.0,
              0.0
            ],
            [
              0.0,
              0.0,
              0.0,
              0.0,
              0.0,
              -1.0,
              0.0
            ],
            [
              0.0,
              0.0,
              0.0,
              0.0,
              0.0,
              -1.0,
              0.0
            ],
            [
              0.0,
              0.0,
              0.0,
              0.0,
              0.0,
              -1.0,
              0.0
            ]
          ],
          [
            [
              0.0,
              0.0,
              0.0,
              0.0,
              0.0,
              -1.0,
              0.0
            ],
            [
              0.0,
              0.0,
              0.0,
              0.0,
              0.0,
              -1.0,
              0.0
            ],
            [
              0.0,
              0.0,
              0.0,
              0.0,
              0.0,
              -1.0,
              0.0
            ],
            [
              0.0,
              0.0,
              0.0,
              0.0,
              0.0,
              -1.0,
              0.0
            ]
          ],
          [
            [
              0.0,
              0.0,
              0.0,
              0.0,
              0.0,
              -1.0,
              0.0
            ],
            [
              0.0,
              0.0,
              0.0,
              0.0,
              0.0,
              -1.0,
              0.0
            ],
            [
              0.0,
              0.0,
              0.0,
              0.0,
              0.0,
              -1.0,
              0.0
            ],
            [
              0.0,
              0.0,
              0.0,
              0.0,
              0.0,
              -1.0,
              0.0
            ]
          ],
          [
            [
              0.0,
              0.0,
              0.0,
              0.0,
              0.0,
              -1.0,
              0.0
            ],
            [
              0.0,
              0.0,
              0.0,
              0.0,
              0.0,
              -1.0,
              0.0
            ],
            [
              0.0,
              0.0,
              0.0,
              0.0,
              0.0,
              -1.0,
              0.0
            ],
            [
              0.0,
              0.0,
              0.0,
              0.0,
              0.0,
              -1.0,
              0.0
            ]
          ],
          [
            [
              0.0,
              0.0,
              0.0,
              0.0,
              0.0,
              -1.0,
              0.0
            ],
            [
              0.0,
              0.0,
              0.0,
              0.0,
              0.0,
              -1.0,
              0.0
            ],
            [
              0.0,
              0.0,
              0.0,
              0.0,
              0.0,
              -1.0,
              0.0
            ],
            [
              0.0,
              0.0,
              0.0,
              0.0,
              0.0,
              -1.0,
              0.0
            ]
          ],
          [
            [
              0.0,
              0.0,
              0.0,
              0.0,
              0.0,
              -1.0,
              0.0
            ],
            [
              0.0,
              0.0,
              0.0,
              0.0,
              0.0,
              -1.0,
              0.0
            ],
            [
              0.0,
              0.0,
              0.0,
              0.0,
              0.0,
              -1.0,
              0.0
            ],
            [
              0.0,
              0.0,
              0.0,
              0.0,
              0.0,
              -1.0,
              0.0
            ]
          ],
          [
            [
              0.0,
              0.0,
              0.0,
              0.0,
              0.0,
              -1.0,
              0.0
            ],
            [
              0.0,
              0.0,
              0.0,
              0.0,
              0.0,
              -1.0,
              0.0
            ],
            [
              0.0,
              0.0,
              0.0,
              0.0,
              0.0,
              -1.0,
              0.0
            ],
            [
              0.0,
              0.0,
              0.0,
              0.0,
              0.0,
              -1.0,
              0.0
            ]
          ],
          [
            [
              0.0,
              0.0,
              0.0,
              0.0,
              0.0,
              -1.0,
              0.0
            ],
            [
              0.0,
              0.0,
              0.0,
              0.0,
              0.0,
              -1.0,
              0.0
            ],
            [
              0.0,
              0.0,
              0.0,
              0.0,
              0.0,
              -1.0,
              0.0
            ],
            [
              0.0,
              0.0,
              0.0,
              0.0,
              0.0,
              -1.0,
              0.0
            ]
          ],
          [
            [
              0.0,
              0.0,
              0.0,
              0.0,
              0.0,
              -1.0,
              0.0
            ],
            [
              0.0,
              0.0,
              0.0,
              0.0,
              0.0,
              -1.0,
              0.0
            ],
            [
              0.0,
              0.0,
              0.0,
              0.0,
              0.0,
              -1.0,
              0.0
            ],
            [
              0.0,
              0.0,
              0.0,
              0.0,
              0.0,
              -1.0,
              0.0
            ]
          ],
          [
            [
              0.0,
              0.0,
              0.0,
              0.0,
              0.0,
              -1.0,
              0.0
            ],
            [
              0.0,
              0.0,
              0.0,
              0.0,
              0.0,
              -1.0,
              0.0
            ],
            [
              0.0,
              0.0,
              0.0,
              0.0,
              0.0,
              -1.0,
              0.0
            ],
            [
              0.0,
              0.0,
              0.0,
              0.0,
              0.0,
              -1.0,
              0.0
            ]
          ],
          [
            [
              0.0,
              0.0,
              0.0,
              0.0,
              0.0,
              -1.0,
              0.0
            ],
            [
              0.0,
              0.0,
              0.0,
              0.0,
              0.0,
              -1.0,
              0.0
            ],
            [
              0.0,
              0.0,
              0.0,
              0.0,
              0.0,
              -1.0,
              0.0
            ],
            [
              0.0,
              0.0,
              0.0,
              0.0,
              0.0,
              -1.0,
              0.0
            ]
          ],
          [
            [
              0.0,
              0.0,
              0.0,
              0.0,
              0.0,
              -1.0,
              0.0
            ],
            [
              0.0,
              0.0,
              0.0,
              0.0,
              0.0,
              -1.0,
              0.0
            ],
            [
              0.0,
              0.0,
              0.0,
              0.0,
              0.0,
              -1.0,
              0.0
            ],
            [
              0.0,
              0.0,
              0.0,
              0.0,
              0.0,
              -1.0,
              0.0
            ]
          ],
          [
            [
              0.0,
              0.0,
              0.0,
              0.0,
              0.0,
              -1.0,
              0.0
            ],
            [
              0.0,
              0.0,
              0.0,
              0.0,
              0.0,
              -1.0,
              0.0
            ],
            [
              0.0,
              0.0,
              0.0,
              0.0,
              0.0,
              -1.0,
              0.0
            ],
            [
              0.0,
              0.0,
              0.0,
              0.0,
              0.0,
              -1.0,
              0.0
            ]
          ]
        ]
      }
    ],
    "reference_days": [
      {
        "seed": 30,
        "policy": "voltage_support_reference",
        "daily_voltage_cost": 0.0,
        "step_voltage_cost": [
          0.0,
          0.0,
          0.0,
          0.0,
          0.0,
          0.0,
          0.0,
          0.0,
          0.0,
          0.0,
          0.0,
          0.0,
          0.0,
          0.0,
          0.0,
          0.0,
          0.0,
          0.0,
          0.0,
          0.0,
          0.0,
          0.0,
          0.0,
          0.0
        ],
        "pf_converged": true,
        "voltage_min_pu": 0.9678054594013281,
        "voltage_max_pu": 1.0239812789428762,
        "steps": 24,
        "economic_cost": 2806841.5967096686,
        "actions": [
          [
            [
              0.0,
              0.0,
              0.0,
              0.0,
              0.0,
              -1.0,
              0.0
            ],
            [
              0.0,
              0.0,
              0.0,
              0.0,
              0.0,
              -1.0,
              0.0
            ],
            [
              0.0,
              0.0,
              0.0,
              0.0,
              0.0,
              -1.0,
              0.0
            ],
            [
              0.0,
              0.0,
              0.0,
              0.0,
              0.0,
              -1.0,
              0.0
            ]
          ],
          [
            [
              0.0,
              0.0,
              0.0,
              0.0,
              0.0,
              -1.0,
              0.0
            ],
            [
              0.0,
              0.0,
              0.0,
              0.0,
              0.0,
              -1.0,
              0.0
            ],
            [
              0.0,
              0.0,
              0.0,
              0.0,
              0.0,
              -1.0,
              0.0
            ],
            [
              0.0,
              0.0,
              0.0,
              0.0,
              0.0,
              -1.0,
              0.0
            ]
          ],
          [
            [
              0.0,
              0.0,
              0.0,
              0.0,
              0.0,
              -1.0,
              0.0
            ],
            [
              0.0,
              0.0,
              0.0,
              0.0,
              0.0,
              -1.0,
              0.0
            ],
            [
              0.0,
              0.0,
              0.0,
              0.0,
              0.0,
              -1.0,
              0.0
            ],
            [
              0.0,
              0.0,
              0.0,
              0.0,
              0.0,
              -1.0,
              0.0
            ]
          ],
          [
            [
              0.0,
              0.0,
              0.0,
              0.0,
              0.0,
              -1.0,
              0.0
            ],
            [
              0.0,
              0.0,
              0.0,
              0.0,
              0.0,
              -1.0,
              0.0
            ],
            [
              0.0,
              0.0,
              0.0,
              0.0,
              0.0,
              -1.0,
              0.0
            ],
            [
              0.0,
              0.0,
              0.0,
              0.0,
              0.0,
              -1.0,
              0.0
            ]
          ],
          [
            [
              0.0,
              0.0,
              0.0,
              0.0,
              0.0,
              -1.0,
              0.0
            ],
            [
              0.0,
              0.0,
              0.0,
              0.0,
              0.0,
              -1.0,
              0.0
            ],
            [
              0.0,
              0.0,
              0.0,
              0.0,
              0.0,
              -1.0,
              0.0
            ],
            [
              0.0,
              0.0,
              0.0,
              0.0,
              0.0,
              -1.0,
              0.0
            ]
          ],
          [
            [
              0.0,
              0.0,
              0.0,
              0.0,
              0.0,
              -1.0,
              0.0
            ],
            [
              0.0,
              0.0,
              0.0,
              0.0,
              0.0,
              -1.0,
              0.0
            ],
            [
              0.0,
              0.0,
              0.0,
              0.0,
              0.0,
              -1.0,
              0.0
            ],
            [
              0.0,
              0.0,
              0.0,
              0.0,
              0.0,
              -1.0,
              0.0
            ]
          ],
          [
            [
              0.0,
              0.0,
              0.0,
              0.0,
              0.0,
              -1.0,
              0.0
            ],
            [
              0.0,
              0.0,
              0.0,
              0.0,
              0.0,
              -1.0,
              0.0
            ],
            [
              0.0,
              0.0,
              0.0,
              0.0,
              0.0,
              -1.0,
              0.0
            ],
            [
              0.0,
              0.0,
              0.0,
              0.0,
              0.0,
              -1.0,
              0.0
            ]
          ],
          [
            [
              0.0,
              0.0,
              0.0,
              0.0,
              0.0,
              -1.0,
              0.0
            ],
            [
              0.0,
              0.0,
              0.0,
              0.0,
              0.0,
              -1.0,
              0.0
            ],
            [
              0.0,
              0.0,
              0.0,
              0.0,
              0.0,
              -1.0,
              0.0
            ],
            [
              0.0,
              0.0,
              0.0,
              0.0,
              0.0,
              -1.0,
              0.0
            ]
          ],
          [
            [
              0.0,
              0.0,
              0.0,
              0.0,
              0.0,
              -1.0,
              0.0
            ],
            [
              0.0,
              0.0,
              0.0,
              0.0,
              0.0,
              -1.0,
              0.0
            ],
            [
              0.0,
              0.0,
              0.0,
              0.0,
              0.0,
              -1.0,
              0.0
            ],
            [
              0.0,
              0.0,
              0.0,
              0.0,
              0.0,
              -1.0,
              0.0
            ]
          ],
          [
            [
              0.0,
              0.0,
              0.0,
              0.0,
              0.0,
              -1.0,
              0.0
            ],
            [
              0.0,
              0.0,
              0.0,
              0.0,
              0.0,
              -1.0,
              0.0
            ],
            [
              0.0,
              0.0,
              0.0,
              0.0,
              0.0,
              -1.0,
              0.0
            ],
            [
              0.0,
              0.0,
              0.0,
              0.0,
              0.0,
              -1.0,
              0.0
            ]
          ],
          [
            [
              0.0,
              0.0,
              0.0,
              0.0,
              0.0,
              -1.0,
              0.0
            ],
            [
              0.0,
              0.0,
              0.0,
              0.0,
              0.0,
              -1.0,
              0.0
            ],
            [
              0.0,
              0.0,
              0.0,
              0.0,
              0.0,
              -1.0,
              0.0
            ],
            [
              0.0,
              0.0,
              0.0,
              0.0,
              0.0,
              -1.0,
              0.0
            ]
          ],
          [
            [
              0.0,
              0.0,
              0.0,
              0.0,
              0.0,
              -1.0,
              0.0
            ],
            [
              0.0,
              0.0,
              0.0,
              0.0,
              0.0,
              -1.0,
              0.0
            ],
            [
              0.0,
              0.0,
              0.0,
              0.0,
              0.0,
              -1.0,
              0.0
            ],
            [
              0.0,
              0.0,
              0.0,
              0.0,
              0.0,
              -1.0,
              0.0
            ]
          ],
          [
            [
              0.0,
              0.0,
              0.0,
              0.0,
              0.0,
              -1.0,
              0.0
            ],
            [
              0.0,
              0.0,
              0.0,
              0.0,
              0.0,
              -1.0,
              0.0
            ],
            [
              0.0,
              0.0,
              0.0,
              0.0,
              0.0,
              -1.0,
              0.0
            ],
            [
              0.0,
              0.0,
              0.0,
              0.0,
              0.0,
              -1.0,
              0.0
            ]
          ],
          [
            [
              0.0,
              0.0,
              0.0,
              0.0,
              0.0,
              -1.0,
              0.0
            ],
            [
              0.0,
              0.0,
              0.0,
              0.0,
              0.0,
              -1.0,
              0.0
            ],
            [
              0.0,
              0.0,
              0.0,
              0.0,
              0.0,
              -1.0,
              0.0
            ],
            [
              0.0,
              0.0,
              0.0,
              0.0,
              0.0,
              -1.0,
              0.0
            ]
          ],
          [
            [
              0.0,
              0.0,
              0.0,
              0.0,
              0.0,
              -1.0,
              0.0
            ],
            [
              0.0,
              0.0,
              0.0,
              0.0,
              0.0,
              -1.0,
              0.0
            ],
            [
              0.0,
              0.0,
              0.0,
              0.0,
              0.0,
              -1.0,
              0.0
            ],
            [
              0.0,
              0.0,
              0.0,
              0.0,
              0.0,
              -1.0,
              0.0
            ]
          ],
          [
            [
              0.0,
              0.0,
              0.0,
              0.0,
              0.0,
              -1.0,
              0.0
            ],
            [
              0.0,
              0.0,
              0.0,
              0.0,
              0.0,
              -1.0,
              0.0
            ],
            [
              0.0,
              0.0,
              0.0,
              0.0,
              0.0,
              -1.0,
              0.0
            ],
            [
              0.0,
              0.0,
              0.0,
              0.0,
              0.0,
              -1.0,
              0.0
            ]
          ],
          [
            [
              0.0,
              0.0,
              0.0,
              0.0,
              0.0,
              -1.0,
              0.0
            ],
            [
              0.0,
              0.0,
              0.0,
              0.0,
              0.0,
              -1.0,
              0.0
            ],
            [
              0.0,
              0.0,
              0.0,
              0.0,
              0.0,
              -1.0,
              0.0
            ],
            [
              0.0,
              0.0,
              0.0,
              0.0,
              0.0,
              -1.0,
              0.0
            ]
          ],
          [
            [
              0.0,
              0.0,
              0.0,
              0.0,
              0.0,
              -1.0,
              0.0
            ],
            [
              0.0,
              0.0,
              0.0,
              0.0,
              0.0,
              -1.0,
              0.0
            ],
            [
              0.0,
              0.0,
              0.0,
              0.0,
              0.0,
              -1.0,
              0.0
            ],
            [
              0.0,
              0.0,
              0.0,
              0.0,
              0.0,
              -1.0,
              0.0
            ]
          ],
          [
            [
              0.0,
              0.0,
              0.0,
              0.0,
              0.0,
              -1.0,
              0.0
            ],
            [
              0.0,
              0.0,
              0.0,
              0.0,
              0.0,
              -1.0,
              0.0
            ],
            [
              0.0,
              0.0,
              0.0,
              0.0,
              0.0,
              -1.0,
              0.0
            ],
            [
              0.0,
              0.0,
              0.0,
              0.0,
              0.0,
              -1.0,
              0.0
            ]
          ],
          [
            [
              0.0,
              0.0,
              0.0,
              0.0,
              0.0,
              -1.0,
              0.0
            ],
            [
              0.0,
              0.0,
              0.0,
              0.0,
              0.0,
              -1.0,
              0.0
            ],
            [
              0.0,
              0.0,
              0.0,
              0.0,
              0.0,
              -1.0,
              0.0
            ],
            [
              0.0,
              0.0,
              0.0,
              0.0,
              0.0,
              -1.0,
              0.0
            ]
          ],
          [
            [
              0.0,
              0.0,
              0.0,
              0.0,
              0.0,
              -1.0,
              0.0
            ],
            [
              0.0,
              0.0,
              0.0,
              0.0,
              0.0,
              -1.0,
              0.0
            ],
            [
              0.0,
              0.0,
              0.0,
              0.0,
              0.0,
              -1.0,
              0.0
            ],
            [
              0.0,
              0.0,
              0.0,
              0.0,
              0.0,
              -1.0,
              0.0
            ]
          ],
          [
            [
              0.0,
              0.0,
              0.0,
              0.0,
              0.0,
              -1.0,
              0.0
            ],
            [
              0.0,
              0.0,
              0.0,
              0.0,
              0.0,
              -1.0,
              0.0
            ],
            [
              0.0,
              0.0,
              0.0,
              0.0,
              0.0,
              -1.0,
              0.0
            ],
            [
              0.0,
              0.0,
              0.0,
              0.0,
              0.0,
              -1.0,
              0.0
            ]
          ],
          [
            [
              0.0,
              0.0,
              0.0,
              0.0,
              0.0,
              -1.0,
              0.0
            ],
            [
              0.0,
              0.0,
              0.0,
              0.0,
              0.0,
              -1.0,
              0.0
            ],
            [
              0.0,
              0.0,
              0.0,
              0.0,
              0.0,
              -1.0,
              0.0
            ],
            [
              0.0,
              0.0,
              0.0,
              0.0,
              0.0,
              -1.0,
              0.0
            ]
          ],
          [
            [
              0.0,
              0.0,
              0.0,
              0.0,
              0.0,
              -1.0,
              0.0
            ],
            [
              0.0,
              0.0,
              0.0,
              0.0,
              0.0,
              -1.0,
              0.0
            ],
            [
              0.0,
              0.0,
              0.0,
              0.0,
              0.0,
              -1.0,
              0.0
            ],
            [
              0.0,
              0.0,
              0.0,
              0.0,
              0.0,
              -1.0,
              0.0
            ]
          ]
        ]
      },
      {
        "seed": 31,
        "policy": "voltage_support_reference",
        "daily_voltage_cost": 0.019363202564227966,
        "step_voltage_cost": [
          0.0,
          0.0,
          0.0,
          0.0,
          0.0,
          0.0,
          0.0,
          0.0,
          0.0,
          0.0,
          0.0,
          0.0,
          0.0,
          0.0,
          0.0,
          0.0,
          0.0,
          0.0,
          0.0005234842066113021,
          0.01600539615704244,
          0.002834322200574224,
          0.0,
          0.0,
          0.0
        ],
        "pf_converged": true,
        "voltage_min_pu": 0.9472687840770726,
        "voltage_max_pu": 1.0,
        "steps": 24,
        "economic_cost": 3939040.4548769705,
        "actions": [
          [
            [
              0.0,
              0.0,
              0.0,
              0.0,
              0.0,
              -1.0,
              0.0
            ],
            [
              0.0,
              0.0,
              0.0,
              0.0,
              0.0,
              -1.0,
              0.0
            ],
            [
              0.0,
              0.0,
              0.0,
              0.0,
              0.0,
              -1.0,
              0.0
            ],
            [
              0.0,
              0.0,
              0.0,
              0.0,
              0.0,
              -1.0,
              0.0
            ]
          ],
          [
            [
              0.0,
              0.0,
              0.0,
              0.0,
              0.0,
              -1.0,
              0.0
            ],
            [
              0.0,
              0.0,
              0.0,
              0.0,
              0.0,
              -1.0,
              0.0
            ],
            [
              0.0,
              0.0,
              0.0,
              0.0,
              0.0,
              -1.0,
              0.0
            ],
            [
              0.0,
              0.0,
              0.0,
              0.0,
              0.0,
              -1.0,
              0.0
            ]
          ],
          [
            [
              0.0,
              0.0,
              0.0,
              0.0,
              0.0,
              -1.0,
              0.0
            ],
            [
              0.0,
              0.0,
              0.0,
              0.0,
              0.0,
              -1.0,
              0.0
            ],
            [
              0.0,
              0.0,
              0.0,
              0.0,
              0.0,
              -1.0,
              0.0
            ],
            [
              0.0,
              0.0,
              0.0,
              0.0,
              0.0,
              -1.0,
              0.0
            ]
          ],
          [
            [
              0.0,
              0.0,
              0.0,
              0.0,
              0.0,
              -1.0,
              0.0
            ],
            [
              0.0,
              0.0,
              0.0,
              0.0,
              0.0,
              -1.0,
              0.0
            ],
            [
              0.0,
              0.0,
              0.0,
              0.0,
              0.0,
              -1.0,
              0.0
            ],
            [
              0.0,
              0.0,
              0.0,
              0.0,
              0.0,
              -1.0,
              0.0
            ]
          ],
          [
            [
              0.0,
              0.0,
              0.0,
              0.0,
              0.0,
              -1.0,
              0.0
            ],
            [
              0.0,
              0.0,
              0.0,
              0.0,
              0.0,
              -1.0,
              0.0
            ],
            [
              0.0,
              0.0,
              0.0,
              0.0,
              0.0,
              -1.0,
              0.0
            ],
            [
              0.0,
              0.0,
              0.0,
              0.0,
              0.0,
              -1.0,
              0.0
            ]
          ],
          [
            [
              0.0,
              0.0,
              0.0,
              0.0,
              0.0,
              -1.0,
              0.0
            ],
            [
              0.0,
              0.0,
              0.0,
              0.0,
              0.0,
              -1.0,
              0.0
            ],
            [
              0.0,
              0.0,
              0.0,
              0.0,
              0.0,
              -1.0,
              0.0
            ],
            [
              0.0,
              0.0,
              0.0,
              0.0,
              0.0,
              -1.0,
              0.0
            ]
          ],
          [
            [
              0.0,
              0.0,
              0.0,
              0.0,
              0.0,
              -1.0,
              0.0
            ],
            [
              0.0,
              0.0,
              0.0,
              0.0,
              0.0,
              -1.0,
              0.0
            ],
            [
              0.0,
              0.0,
              0.0,
              0.0,
              0.0,
              -1.0,
              0.0
            ],
            [
              0.0,
              0.0,
              0.0,
              0.0,
              0.0,
              -1.0,
              0.0
            ]
          ],
          [
            [
              0.0,
              0.0,
              0.0,
              0.0,
              0.0,
              -1.0,
              0.0
            ],
            [
              0.0,
              0.0,
              0.0,
              0.0,
              0.0,
              -1.0,
              0.0
            ],
            [
              0.0,
              0.0,
              0.0,
              0.0,
              0.0,
              -1.0,
              0.0
            ],
            [
              0.0,
              -0.5,
              0.0,
              0.0,
              0.0,
              -1.0,
              0.0
            ]
          ],
          [
            [
              0.0,
              0.0,
              0.0,
              0.0,
              0.0,
              -1.0,
              0.0
            ],
            [
              0.0,
              0.0,
              0.0,
              0.0,
              0.0,
              -1.0,
              0.0
            ],
            [
              0.0,
              -0.5,
              0.0,
              0.0,
              0.0,
              -1.0,
              0.0
            ],
            [
              0.0,
              -0.5,
              0.0,
              0.0,
              0.0,
              -1.0,
              0.0
            ]
          ],
          [
            [
              0.0,
              0.0,
              0.0,
              0.0,
              0.0,
              -1.0,
              0.0
            ],
            [
              0.0,
              0.0,
              0.0,
              0.0,
              0.0,
              -1.0,
              0.0
            ],
            [
              0.0,
              0.0,
              0.0,
              0.0,
              0.0,
              -1.0,
              0.0
            ],
            [
              0.0,
              0.0,
              0.0,
              0.0,
              0.0,
              -1.0,
              0.0
            ]
          ],
          [
            [
              0.0,
              0.0,
              0.0,
              0.0,
              0.0,
              -1.0,
              0.0
            ],
            [
              0.0,
              0.0,
              0.0,
              0.0,
              0.0,
              -1.0,
              0.0
            ],
            [
              0.0,
              0.0,
              0.0,
              0.0,
              0.0,
              -1.0,
              0.0
            ],
            [
              0.0,
              0.0,
              0.0,
              0.0,
              0.0,
              -1.0,
              0.0
            ]
          ],
          [
            [
              0.0,
              0.0,
              0.0,
              0.0,
              0.0,
              -1.0,
              0.0
            ],
            [
              0.0,
              0.0,
              0.0,
              0.0,
              0.0,
              -1.0,
              0.0
            ],
            [
              0.0,
              0.0,
              0.0,
              0.0,
              0.0,
              -1.0,
              0.0
            ],
            [
              0.0,
              0.0,
              0.0,
              0.0,
              0.0,
              -1.0,
              0.0
            ]
          ],
          [
            [
              0.0,
              0.0,
              0.0,
              0.0,
              0.0,
              -1.0,
              0.0
            ],
            [
              0.0,
              0.0,
              0.0,
              0.0,
              0.0,
              -1.0,
              0.0
            ],
            [
              0.0,
              0.0,
              0.0,
              0.0,
              0.0,
              -1.0,
              0.0
            ],
            [
              0.0,
              0.0,
              0.0,
              0.0,
              0.0,
              -1.0,
              0.0
            ]
          ],
          [
            [
              0.0,
              0.0,
              0.0,
              0.0,
              0.0,
              -1.0,
              0.0
            ],
            [
              0.0,
              0.0,
              0.0,
              0.0,
              0.0,
              -1.0,
              0.0
            ],
            [
              0.0,
              0.0,
              0.0,
              0.0,
              0.0,
              -1.0,
              0.0
            ],
            [
              0.0,
              0.0,
              0.0,
              0.0,
              0.0,
              -1.0,
              0.0
            ]
          ],
          [
            [
              0.0,
              0.0,
              0.0,
              0.0,
              0.0,
              -1.0,
              0.0
            ],
            [
              0.0,
              0.0,
              0.0,
              0.0,
              0.0,
              -1.0,
              0.0
            ],
            [
              0.0,
              0.0,
              0.0,
              0.0,
              0.0,
              -1.0,
              0.0
            ],
            [
              0.0,
              0.0,
              0.0,
              0.0,
              0.0,
              -1.0,
              0.0
            ]
          ],
          [
            [
              0.0,
              -0.5,
              0.0,
              0.0,
              0.0,
              -1.0,
              0.0
            ],
            [
              0.0,
              -0.5,
              0.0,
              0.0,
              0.0,
              -1.0,
              0.0
            ],
            [
              0.0,
              0.0,
              0.0,
              0.0,
              0.0,
              -1.0,
              0.0
            ],
            [
              0.0,
              0.0,
              0.0,
              0.0,
              0.0,
              -1.0,
              0.0
            ]
          ],
          [
            [
              0.0,
              0.0,
              0.0,
              0.0,
              0.0,
              -1.0,
              0.0
            ],
            [
              -1.0,
              0.0,
              0.0,
              0.0,
              0.0,
              -1.0,
              0.0
            ],
            [
              -1.0,
              0.0,
              0.0,
              0.0,
              0.0,
              -1.0,
              0.0
            ],
            [
              -1.0,
              0.0,
              0.0,
              0.0,
              0.0,
              -1.0,
              0.0
            ]
          ],
          [
            [
              0.0,
              -0.5,
              0.0,
              0.0,
              0.0,
              -1.0,
              0.0
            ],
            [
              -1.0,
              -0.5,
              0.0,
              0.0,
              0.0,
              -1.0,
              0.0
            ],
            [
              -1.0,
              0.0,
              0.0,
              0.0,
              0.0,
              -1.0,
              0.0
            ],
            [
              -1.0,
              0.0,
              0.0,
              0.0,
              0.0,
              -1.0,
              0.0
            ]
          ],
          [
            [
              -1.0,
              -0.5,
              0.0,
              0.0,
              0.0,
              -1.0,
              0.0
            ],
            [
              -1.0,
              0.0,
              0.0,
              0.0,
              0.0,
              -1.0,
              0.0
            ],
            [
              -1.0,
              0.0,
              0.0,
              0.0,
              0.0,
              -1.0,
              0.0
            ],
            [
              -1.0,
              0.0,
              0.0,
              0.0,
              0.0,
              -1.0,
              0.0
            ]
          ],
          [
            [
              -1.0,
              0.0,
              0.0,
              0.0,
              0.0,
              -1.0,
              0.0
            ],
            [
              -1.0,
              0.0,
              0.0,
              0.0,
              0.0,
              -1.0,
              0.0
            ],
            [
              -1.0,
              0.0,
              0.0,
              0.0,
              0.0,
              -1.0,
              0.0
            ],
            [
              -1.0,
              0.0,
              0.0,
              0.0,
              0.0,
              -1.0,
              0.0
            ]
          ],
          [
            [
              -1.0,
              -0.5,
              0.0,
              0.0,
              0.0,
              -1.0,
              0.0
            ],
            [
              -1.0,
              0.0,
              0.0,
              0.0,
              0.0,
              -1.0,
              0.0
            ],
            [
              -1.0,
              0.0,
              0.0,
              0.0,
              0.0,
              -1.0,
              0.0
            ],
            [
              -1.0,
              0.0,
              0.0,
              0.0,
              0.0,
              -1.0,
              0.0
            ]
          ],
          [
            [
              0.0,
              0.0,
              0.0,
              0.0,
              0.0,
              -1.0,
              0.0
            ],
            [
              -1.0,
              0.0,
              0.0,
              0.0,
              0.0,
              -1.0,
              0.0
            ],
            [
              -1.0,
              0.0,
              0.0,
              0.0,
              0.0,
              -1.0,
              0.0
            ],
            [
              -1.0,
              0.0,
              0.0,
              0.0,
              0.0,
              -1.0,
              0.0
            ]
          ],
          [
            [
              0.0,
              0.0,
              0.0,
              0.0,
              0.0,
              -1.0,
              0.0
            ],
            [
              0.0,
              0.0,
              0.0,
              0.0,
              0.0,
              -1.0,
              0.0
            ],
            [
              0.0,
              0.0,
              0.0,
              0.0,
              0.0,
              -1.0,
              0.0
            ],
            [
              -1.0,
              0.0,
              0.0,
              0.0,
              0.0,
              -1.0,
              0.0
            ]
          ],
          [
            [
              0.0,
              0.0,
              0.0,
              0.0,
              0.0,
              -1.0,
              0.0
            ],
            [
              0.0,
              0.0,
              0.0,
              0.0,
              0.0,
              -1.0,
              0.0
            ],
            [
              0.0,
              0.0,
              0.0,
              0.0,
              0.0,
              -1.0,
              0.0
            ],
            [
              0.0,
              0.0,
              0.0,
              0.0,
              0.0,
              -1.0,
              0.0
            ]
          ]
        ]
      },
      {
        "seed": 32,
        "policy": "voltage_support_reference",
        "daily_voltage_cost": 0.0,
        "step_voltage_cost": [
          0.0,
          0.0,
          0.0,
          0.0,
          0.0,
          0.0,
          0.0,
          0.0,
          0.0,
          0.0,
          0.0,
          0.0,
          0.0,
          0.0,
          0.0,
          0.0,
          0.0,
          0.0,
          0.0,
          0.0,
          0.0,
          0.0,
          0.0,
          0.0
        ],
        "pf_converged": true,
        "voltage_min_pu": 0.9504626900058696,
        "voltage_max_pu": 1.033473946959202,
        "steps": 24,
        "economic_cost": 3150864.819424629,
        "actions": [
          [
            [
              0.0,
              0.0,
              0.0,
              0.0,
              0.0,
              -1.0,
              0.0
            ],
            [
              0.0,
              0.0,
              0.0,
              0.0,
              0.0,
              -1.0,
              0.0
            ],
            [
              0.0,
              0.0,
              0.0,
              0.0,
              0.0,
              -1.0,
              0.0
            ],
            [
              0.0,
              0.0,
              0.0,
              0.0,
              0.0,
              -1.0,
              0.0
            ]
          ],
          [
            [
              0.0,
              0.0,
              0.0,
              0.0,
              0.0,
              -1.0,
              0.0
            ],
            [
              0.0,
              0.0,
              0.0,
              0.0,
              0.0,
              -1.0,
              0.0
            ],
            [
              0.0,
              0.0,
              0.0,
              0.0,
              0.0,
              -1.0,
              0.0
            ],
            [
              0.0,
              0.0,
              0.0,
              0.0,
              0.0,
              -1.0,
              0.0
            ]
          ],
          [
            [
              0.0,
              0.0,
              0.0,
              0.0,
              0.0,
              -1.0,
              0.0
            ],
            [
              0.0,
              0.0,
              0.0,
              0.0,
              0.0,
              -1.0,
              0.0
            ],
            [
              0.0,
              0.0,
              0.0,
              0.0,
              0.0,
              -1.0,
              0.0
            ],
            [
              0.0,
              0.0,
              0.0,
              0.0,
              0.0,
              -1.0,
              0.0
            ]
          ],
          [
            [
              0.0,
              0.0,
              0.0,
              0.0,
              0.0,
              -1.0,
              0.0
            ],
            [
              0.0,
              0.0,
              0.0,
              0.0,
              0.0,
              -1.0,
              0.0
            ],
            [
              0.0,
              0.0,
              0.0,
              0.0,
              0.0,
              -1.0,
              0.0
            ],
            [
              0.0,
              0.0,
              0.0,
              0.0,
              0.0,
              -1.0,
              0.0
            ]
          ],
          [
            [
              0.0,
              0.0,
              0.0,
              0.0,
              0.0,
              -1.0,
              0.0
            ],
            [
              0.0,
              0.0,
              0.0,
              0.0,
              0.0,
              -1.0,
              0.0
            ],
            [
              0.0,
              0.0,
              0.0,
              0.0,
              0.0,
              -1.0,
              0.0
            ],
            [
              0.0,
              0.0,
              0.0,
              0.0,
              0.0,
              -1.0,
              0.0
            ]
          ],
          [
            [
              0.0,
              0.0,
              0.0,
              0.0,
              0.0,
              -1.0,
              0.0
            ],
            [
              0.0,
              0.0,
              0.0,
              0.0,
              0.0,
              -1.0,
              0.0
            ],
            [
              0.0,
              0.0,
              0.0,
              0.0,
              0.0,
              -1.0,
              0.0
            ],
            [
              0.0,
              0.0,
              0.0,
              0.0,
              0.0,
              -1.0,
              0.0
            ]
          ],
          [
            [
              0.0,
              0.0,
              0.0,
              0.0,
              0.0,
              -1.0,
              0.0
            ],
            [
              0.0,
              0.0,
              0.0,
              0.0,
              0.0,
              -1.0,
              0.0
            ],
            [
              0.0,
              0.0,
              0.0,
              0.0,
              0.0,
              -1.0,
              0.0
            ],
            [
              0.0,
              0.0,
              0.0,
              0.0,
              0.0,
              -1.0,
              0.0
            ]
          ],
          [
            [
              0.0,
              0.0,
              0.0,
              0.0,
              0.0,
              -1.0,
              0.0
            ],
            [
              0.0,
              0.0,
              0.0,
              0.0,
              0.0,
              -1.0,
              0.0
            ],
            [
              0.0,
              0.0,
              0.0,
              0.0,
              0.0,
              -1.0,
              0.0
            ],
            [
              0.0,
              0.0,
              0.0,
              0.0,
              0.0,
              -1.0,
              0.0
            ]
          ],
          [
            [
              0.0,
              0.0,
              0.0,
              0.0,
              0.0,
              -1.0,
              0.0
            ],
            [
              0.0,
              0.0,
              0.0,
              0.0,
              0.0,
              -1.0,
              0.0
            ],
            [
              0.0,
              0.0,
              0.0,
              0.0,
              0.0,
              -1.0,
              0.0
            ],
            [
              0.0,
              0.0,
              0.0,
              0.0,
              0.0,
              -1.0,
              0.0
            ]
          ],
          [
            [
              0.0,
              0.0,
              0.0,
              0.0,
              0.0,
              -1.0,
              0.0
            ],
            [
              0.0,
              0.0,
              0.0,
              0.0,
              0.0,
              -1.0,
              0.0
            ],
            [
              0.0,
              0.0,
              0.0,
              0.0,
              0.0,
              -1.0,
              0.0
            ],
            [
              0.0,
              0.0,
              0.0,
              0.0,
              0.0,
              -1.0,
              0.0
            ]
          ],
          [
            [
              0.0,
              0.0,
              0.0,
              0.0,
              0.0,
              -1.0,
              0.0
            ],
            [
              0.0,
              0.0,
              0.0,
              0.0,
              0.0,
              -1.0,
              0.0
            ],
            [
              0.0,
              0.0,
              0.0,
              0.0,
              0.0,
              -1.0,
              0.0
            ],
            [
              0.0,
              0.0,
              0.0,
              0.0,
              0.0,
              -1.0,
              0.0
            ]
          ],
          [
            [
              0.0,
              0.0,
              0.0,
              0.0,
              0.0,
              -1.0,
              0.0
            ],
            [
              0.0,
              0.0,
              0.0,
              0.0,
              0.0,
              -1.0,
              0.0
            ],
            [
              0.0,
              0.0,
              0.0,
              0.0,
              0.0,
              -1.0,
              0.0
            ],
            [
              0.0,
              0.0,
              0.0,
              0.0,
              0.0,
              -1.0,
              0.0
            ]
          ],
          [
            [
              0.0,
              0.0,
              0.0,
              0.0,
              0.0,
              -1.0,
              0.0
            ],
            [
              0.0,
              0.0,
              0.0,
              0.0,
              0.0,
              -1.0,
              0.0
            ],
            [
              0.0,
              0.0,
              0.0,
              0.0,
              0.0,
              -1.0,
              0.0
            ],
            [
              0.0,
              0.0,
              0.0,
              0.0,
              0.0,
              -1.0,
              0.0
            ]
          ],
          [
            [
              0.0,
              0.0,
              0.0,
              0.0,
              0.0,
              -1.0,
              0.0
            ],
            [
              0.0,
              0.0,
              0.0,
              0.0,
              0.0,
              -1.0,
              0.0
            ],
            [
              0.0,
              0.0,
              0.0,
              0.0,
              0.0,
              -1.0,
              0.0
            ],
            [
              0.0,
              0.0,
              0.0,
              0.0,
              0.0,
              -1.0,
              0.0
            ]
          ],
          [
            [
              0.0,
              0.0,
              0.0,
              0.0,
              0.0,
              -1.0,
              0.0
            ],
            [
              0.0,
              0.0,
              0.0,
              0.0,
              0.0,
              -1.0,
              0.0
            ],
            [
              0.0,
              0.0,
              0.0,
              0.0,
              0.0,
              -1.0,
              0.0
            ],
            [
              0.0,
              0.0,
              0.0,
              0.0,
              0.0,
              -1.0,
              0.0
            ]
          ],
          [
            [
              0.0,
              0.0,
              0.0,
              0.0,
              0.0,
              -1.0,
              0.0
            ],
            [
              0.0,
              0.0,
              0.0,
              0.0,
              0.0,
              -1.0,
              0.0
            ],
            [
              0.0,
              0.0,
              0.0,
              0.0,
              0.0,
              -1.0,
              0.0
            ],
            [
              0.0,
              0.0,
              0.0,
              0.0,
              0.0,
              -1.0,
              0.0
            ]
          ],
          [
            [
              0.0,
              0.0,
              0.0,
              0.0,
              0.0,
              -1.0,
              0.0
            ],
            [
              0.0,
              0.0,
              0.0,
              0.0,
              0.0,
              -1.0,
              0.0
            ],
            [
              0.0,
              0.0,
              0.0,
              0.0,
              0.0,
              -1.0,
              0.0
            ],
            [
              0.0,
              0.0,
              0.0,
              0.0,
              0.0,
              -1.0,
              0.0
            ]
          ],
          [
            [
              0.0,
              0.0,
              0.0,
              0.0,
              0.0,
              -1.0,
              0.0
            ],
            [
              0.0,
              0.0,
              0.0,
              0.0,
              0.0,
              -1.0,
              0.0
            ],
            [
              0.0,
              0.0,
              0.0,
              0.0,
              0.0,
              -1.0,
              0.0
            ],
            [
              0.0,
              0.0,
              0.0,
              0.0,
              0.0,
              -1.0,
              0.0
            ]
          ],
          [
            [
              0.0,
              0.0,
              0.0,
              0.0,
              0.0,
              -1.0,
              0.0
            ],
            [
              0.0,
              0.0,
              0.0,
              0.0,
              0.0,
              -1.0,
              0.0
            ],
            [
              0.0,
              0.0,
              0.0,
              0.0,
              0.0,
              -1.0,
              0.0
            ],
            [
              0.0,
              0.0,
              0.0,
              0.0,
              0.0,
              -1.0,
              0.0
            ]
          ],
          [
            [
              0.0,
              0.0,
              0.0,
              0.0,
              0.0,
              -1.0,
              0.0
            ],
            [
              0.0,
              0.0,
              0.0,
              0.0,
              0.0,
              -1.0,
              0.0
            ],
            [
              0.0,
              0.0,
              0.0,
              0.0,
              0.0,
              -1.0,
              0.0
            ],
            [
              0.0,
              0.0,
              0.0,
              0.0,
              0.0,
              -1.0,
              0.0
            ]
          ],
          [
            [
              0.0,
              0.0,
              0.0,
              0.0,
              0.0,
              -1.0,
              0.0
            ],
            [
              0.0,
              0.0,
              0.0,
              0.0,
              0.0,
              -1.0,
              0.0
            ],
            [
              0.0,
              -0.5,
              0.0,
              0.0,
              0.0,
              -1.0,
              0.0
            ],
            [
              0.0,
              0.0,
              0.0,
              0.0,
              0.0,
              -1.0,
              0.0
            ]
          ],
          [
            [
              0.0,
              0.0,
              0.0,
              0.0,
              0.0,
              -1.0,
              0.0
            ],
            [
              0.0,
              0.0,
              0.0,
              0.0,
              0.0,
              -1.0,
              0.0
            ],
            [
              0.0,
              -0.5,
              0.0,
              0.0,
              0.0,
              -1.0,
              0.0
            ],
            [
              0.0,
              -0.5,
              0.0,
              0.0,
              0.0,
              -1.0,
              0.0
            ]
          ],
          [
            [
              0.0,
              0.0,
              0.0,
              0.0,
              0.0,
              -1.0,
              0.0
            ],
            [
              0.0,
              0.0,
              0.0,
              0.0,
              0.0,
              -1.0,
              0.0
            ],
            [
              0.0,
              0.0,
              0.0,
              0.0,
              0.0,
              -1.0,
              0.0
            ],
            [
              0.0,
              0.0,
              0.0,
              0.0,
              0.0,
              -1.0,
              0.0
            ]
          ],
          [
            [
              0.0,
              0.0,
              0.0,
              0.0,
              0.0,
              -1.0,
              0.0
            ],
            [
              0.0,
              0.0,
              0.0,
              0.0,
              0.0,
              -1.0,
              0.0
            ],
            [
              0.0,
              0.0,
              0.0,
              0.0,
              0.0,
              -1.0,
              0.0
            ],
            [
              0.0,
              0.0,
              0.0,
              0.0,
              0.0,
              -1.0,
              0.0
            ]
          ]
        ]
      }
    ],
    "gate": {
      "passed": true,
      "nominal_risk_days": 2,
      "reference_safe_days": 3,
      "all_power_flows_converged": true,
      "raw_daily_voltage_budget": 0.02
    },
    "controllability_gap": 3.023029468905571
  },
  "performance": {
    "passed": true,
    "semantic_parity": true,
    "speedup": 4.640020599205975,
    "minimum_speedup": 1.25,
    "legacy_seconds": 22.175972443073988,
    "fused_process_seconds": 4.7792831882834435,
    "rollout_count": 5,
    "num_envs": 2,
    "num_steps": 24,
    "system_transitions_per_rollout": 48,
    "kernel_parity": {
      "fields_compared": 10,
      "field_abs_differences": {
        "rng": 0.0,
        "global_obs": 0.0,
        "actions": 4.887580871582031e-06,
        "log_probs": 9.655952453613281e-06,
        "reward_values": 0.00014515221118927002,
        "cost_values": 8.063018321990967e-05,
        "actor_hidden": 0.00022518634796142578,
        "reward_hidden": 5.960464477539063e-08,
        "cost_hidden": 5.960464477539063e-08,
        "intents": 0.0
      },
      "max_abs_difference": 0.00022518634796142578
    },
    "kernel_parity_tolerance": 0.0005,
    "trajectory_parity": {
      "fields": {
        "reset_obs": 0.0,
        "obs": 0.0,
        "rewards": 0.0,
        "terminations": 0.0,
        "truncations": 0.0,
        "info.voltage_cost": 0.0,
        "info.voltage_min_pu": 0.0,
        "info.voltage_max_pu": 0.0,
        "info.voltages_pu": 0.0,
        "info.pcc_p_kw": 0.0,
        "info.pcc_q_kvar": 0.0,
        "info.pf_converged": 0.0
      },
      "max_abs_difference": 0.0,
      "passed": true,
      "action_policy": "nominal_uncontrolled_shared_actions",
      "seeds": [
        30,
        31
      ]
    },
    "trajectory_parity_tolerance": 1e-06,
    "legacy_transitions_per_second": 10.822524271081376,
    "fused_process_transitions_per_second": 50.21673555322422
  },
  "smokes": {
    "v6_nocomm_gru_mappo": {
      "metrics_rows": 100,
      "checkpoint": "update_000100.msgpack",
      "restored_update": 100,
      "max_kl": null,
      "dimensions": {
        "num_agents": 4,
        "action_dim": 7,
        "base_obs_dim": 32,
        "actor_obs_dim": 39
      },
      "pf_failure_rate": 0.0
    },
    "v6_nocomm_gru_mappo_penalty": {
      "metrics_rows": 100,
      "checkpoint": "update_000100.msgpack",
      "restored_update": 100,
      "max_kl": null,
      "dimensions": {
        "num_agents": 4,
        "action_dim": 7,
        "base_obs_dim": 32,
        "actor_obs_dim": 39
      },
      "pf_failure_rate": 0.0
    },
    "v6_nocomm_gru_macpo": {
      "metrics_rows": 100,
      "checkpoint": "update_000100.msgpack",
      "restored_update": 100,
      "max_kl": 0.009998887777328491,
      "dimensions": {
        "num_agents": 4,
        "action_dim": 7,
        "base_obs_dim": 32,
        "actor_obs_dim": 39
      },
      "pf_failure_rate": 0.0
    }
  },
  "long_updates": 1000,
  "exit_codes": {
    "v6_nocomm_gru_mappo": 0,
    "v6_nocomm_gru_mappo_penalty": 0,
    "v6_nocomm_gru_macpo": 0
  },
  "analysis_exit_code": 0,
  "behavior_report": "/root/autodl-tmp/env_v6_swiss_runs/long/env_v6_behavior_report.json"
}
