%Active Power profiles for 672 hours [MW],,,,,,,,,,,,,,,,,,,,,,,,,,,,,,
%Technologies: Photovoltaic (pv), Wind (w), Load (L),,,,,,,,,,,,,,,,,,,,,,,,,,,,
%The number next to the name of the technology indicates the number of the node to which the technology is connected.,,,,,,,,,,,,,,,,,,,,,,,,,,,,,,
Ppv11,Ppv16,Ppv23,Ppv28,Ppv3,Ppv32,Ppv6,Ppv8,Pw13,Pw22,Pw25,Pw27,Pw5,Pw9,PL10,PL12,PL14,PL15,PL17,PL18,PL19,PL20,PL24,PL26,PL27,PL29,PL30,PL33,PL4,PL6,PL7
0,0,0,0,0,0,0,0,1.27925,5.4207,0.63688,3.7932,2.53946,1.94526,0.009372333,0.07002,0.018896333,0.018896333,0.0181242,0.064465,0.02837,0.061585,0.080403,0.04151,0.04151,0.020214,0.07427,0.0074004,0.0194352,0.0092195,0.0264455
0,0,0,0,0,0,0,0,1.3685,5.2287,0.504545,3.7515,2.96752,1.9602,0.008504667,0.047713333,0.014908333,0.014908333,0.0116036,0.0428,0.0219745,0.048754,0.063613,0.027287333,0.027287333,0.014661667,0.0601,0.0061226,0.0135148,0.007591,0.018207
0,0,0,0,0,0,0,0,1.37275,5.1381,0.51281,3.6546,3.27675,2.00499,0.007908,0.039873333,0.013355,0.013355,0.0097234,0.036503,0.0194565,0.0346255,0.053599,0.025143667,0.025143667,0.011660333,0.0506,0.0055822,0.0119732,0.00753525,0.01653
0,0,0,0,0,0,0,0,1.391875,4.704,0.479731,3.7239,3.12817,2.04975,0.008089667,0.038013333,0.012606,0.012606,0.0107176,0.034507,0.018647,0.0306115,0.052741,0.021507667,0.021507667,0.010087,0.048052,0.005365,0.0103706,0.0068975,0.015459
0,0,0,0,0,0,0,0,1.447125,4.512,0.479731,3.5856,3.05677,2.00001,0.008439667,0.03547,0.013355,0.013355,0.0110094,0.032562,0.018647,0.031876,0.055533,0.021761333,0.021761333,0.009881333,0.05016,0.0055324,0.0112988,0.00762525,0.017998
0,0,0,0,0,0,0,0,1.442875,4.6131,0.487996,3.1839,3.22337,2.02488,0.010025,0.042546667,0.016536333,0.016536333,0.0129912,0.036503,0.0211205,0.035553,0.055997,0.020132667,0.020132667,0.010477667,0.0533,0.0071936,0.01338,0.0094025,0.020711
0,0,0,0,0,0,0,0,1.4025,4.6938,0.487996,2.92101,3.19957,1.98009,0.016672667,0.077466667,0.032239667,0.032239667,0.0196248,0.054325,0.033384,0.04415,0.063359,0.023630333,0.023630333,0.012180333,0.06336,0.0133138,0.021896,0.0150105,0.0333875
0.00614669,0.0120429,0.01613043,0.0188148,0.0318427,0.0159873,0.01432335,0.0252765,1.40675,4.9764,0.487996,2.68566,3.05677,1.85076,0.030326667,0.14003,0.053423333,0.053423333,0.029564,0.07927,0.0494015,0.05382,0.078638,0.034326667,0.034326667,0.016273667,0.08074,0.02504,0.041872,0.02661,0.05199
0.1434222,0.3693,0.338732,0.31233,0.363919,0.26379,0.1611379,0.284361,1.4365,5.0067,0.471447,2.45034,3.01512,1.72638,0.04324,0.196393333,0.078366667,0.078366667,0.040606,0.116745,0.071275,0.057325,0.083621,0.039936667,0.039936667,0.018054667,0.08697,0.037668,0.06346,0.04041,0.07967
0.483548,1.14006,0.93556,0.86172,1.000773,0.76338,0.402849,0.71091,1.413125,5.1681,0.413554,1.93812,2.84869,1.73133,0.05118,0.242273333,0.104416667,0.104416667,0.04335,0.134945,0.07428,0.08435,0.10289,0.05065,0.05065,0.029787,0.10435,0.045138,0.08193,0.05552,0.095055
0.852346,1.93086,1.758222,1.30575,1.351024,1.07514,0.449395,0.79305,1.442875,5.4912,0.322582,1.53663,2.64044,1.81593,0.049993333,0.257403333,0.107423333,0.107423333,0.047628,0.140015,0.068335,0.10698,0.13346,0.060736667,0.060736667,0.034806667,0.11536,0.045166,0.097148,0.06084,0.08192
1.038785,2.4447,1.763599,1.40733,1.573928,1.04715,0.456552,0.80568,1.498125,5.9151,0.256405,1.37052,2.27171,1.79103,0.04868,0.24403,0.09517,0.09517,0.05089,0.119095,0.058505,0.10734,0.13199,0.056266667,0.056266667,0.033933333,0.11086,0.045914,0.093248,0.061765,0.0825
1.126896,2.6454,1.860385,1.3998,1.587579,1.1151,0.551446,0.97314,1.55975,6.1878,0.206777,1.329,1.89703,1.68159,0.046966667,0.215836667,0.081423333,0.081423333,0.045606,0.10311,0.053215,0.11,0.12717,0.05561,0.05561,0.030438667,0.10945,0.042086,0.09001,0.055935,0.07751
0.97937,2.44872,1.8335,1.23801,1.542087,0.77538,0.587248,1.03632,1.570375,6.531,0.190228,1.4259,1.95653,1.43781,0.0418,0.21833,0.069946667,0.069946667,0.050288,0.121475,0.05583,0.10495,0.10846,0.06698,0.06698,0.0343,0.100095,0.03759,0.090668,0.04909,0.09231
0.70278,1.76628,1.446375,0.86925,1.296437,0.6195,0.515644,0.90996,1.513,6.8943,0.215042,1.43973,2.40261,1.26369,0.04631,0.217496667,0.080983333,0.080983333,0.03821,0.12508,0.046935,0.09579,0.10068,0.04393,0.04393,0.030336333,0.085005,0.039838,0.086914,0.0499525,0.07854
0.35037,0.84702,0.833416,0.45531,0.655044,0.33972,0.25245,0.4455,1.574625,7.3182,0.281219,1.41204,2.90802,1.13433,0.04778,0.246676667,0.092806667,0.092806667,0.04618,0.136205,0.0433465,0.097395,0.098736,0.054846667,0.054846667,0.030378333,0.08531,0.038082,0.092622,0.054035,0.090555
0.0553197,0.10437,0.0698991,0.075258,0.0955281,0.067947,0.0859401,0.151659,1.600125,7.1769,0.355661,1.45359,3.02702,1.02984,0.049253333,0.258306667,0.102433333,0.102433333,0.049098,0.146485,0.0494015,0.10361,0.11093,0.06413,0.06413,0.032628,0.094535,0.038952,0.091756,0.0525925,0.0925
0,0,0,0.0112887,0,0,0.00179044,0.0031596,1.608625,7.1367,0.347396,1.27362,2.72374,0.99501,0.053543333,0.29284,0.112013333,0.112013333,0.0633,0.175205,0.06403,0.12421,0.13566,0.0853,0.0853,0.039243333,0.120455,0.04083,0.094044,0.0515125,0.109545
0,0,0,0,0,0,0,0,1.666,6.8337,0.281219,1.05213,2.62259,1.01493,0.05214,0.293803333,0.102433333,0.102433333,0.064648,0.189765,0.07428,0.13959,0.15219,0.093186667,0.093186667,0.046553333,0.148125,0.040674,0.099108,0.05098,0.11114
0,0,0,0,0,0,0,0,1.7,6.642,0.256405,0.94137,2.64639,1.02984,0.047993333,0.29767,0.09901,0.09901,0.061966,0.198775,0.0758,0.147065,0.16686,0.09647,0.09647,0.048236667,0.156125,0.03853,0.094578,0.04647,0.112565
0,0,0,0,0,0,0,0,1.67025,6.4704,0.256405,0.83061,2.56904,1.16418,0.041153333,0.274843333,0.089083333,0.089083333,0.059666,0.19575,0.07428,0.149805,0.15718,0.084056667,0.084056667,0.04825,0.15564,0.03237,0.08997,0.038955,0.1084
0,0,0,0,0,0,0,0,1.649,6.0969,0.281219,0.87216,2.49186,1.3383,0.03525,0.229296667,0.07201,0.07201,0.053636,0.17378,0.068335,0.135395,0.13729,0.079593333,0.079593333,0.045793333,0.147865,0.026416,0.070846,0.03053,0.09018
0,0,0,0,0,0,0,0,1.651125,6.0867,0.306033,0.8583,2.62854,1.39302,0.026980667,0.18163,0.058566667,0.058566667,0.040606,0.13874,0.053215,0.11268,0.11439,0.064403333,0.064403333,0.039883333,0.122695,0.020542,0.054558,0.024086,0.072665
0,0,0,0,0,0,0,0,1.638375,6.2181,0.314298,0.89985,2.37286,1.46766,0.020954,0.137353333,0.043166667,0.043166667,0.030498,0.10201,0.04218,0.086825,0.089811,0.050856667,0.050856667,0.033199,0.095395,0.0163028,0.042396,0.01897825,0.059995
0,0,0,0,0,0,0,0,1.5555,6.3693,0.339112,1.12134,2.11718,1.61691,0.018258333,0.101323333,0.03661,0.03661,0.021182,0.07076,0.0323515,0.05726,0.071173,0.040803333,0.040803333,0.024152,0.06942,0.012785,0.027742,0.015112,0.0463285
0,0,0,0,0,0,0,0,1.447125,6.6318,0.347396,1.31514,2.20643,1.6617,0.016716,0.06525,0.027341667,0.027341667,0.0139552,0.0457475,0.024626,0.044298,0.058365,0.025721,0.025721,0.015495667,0.05405,0.0107628,0.019537,0.0106555,0.0310575
0,0,0,0,0,0,0,0,1.32175,6.8844,0.37221,1.50897,2.74754,1.49253,0.016047333,0.05661,0.025792667,0.025792667,0.0128336,0.04065,0.0228435,0.039215,0.055943,0.020644333,0.020644333,0.012787,0.0495565,0.0098346,0.015736,0.00982375,0.0259825
0,0,0,0,0,0,0,0,1.170875,7.0962,0.438368,1.89657,2.53946,1.26369,0.015868,0.055296667,0.023548,0.023548,0.0120584,0.03718,0.0219745,0.035448,0.054613,0.019347,0.019347,0.010983333,0.047191,0.0099206,0.0145234,0.00934425,0.0238495
0,0,0,0,0,0,0,0,1.06675,6.9954,0.413554,2.22882,2.71779,1.14924,0.015816333,0.05229,0.023304333,0.023304333,0.0123658,0.0351665,0.0211205,0.0334045,0.058518,0.023673667,0.023673667,0.010972667,0.048503,0.0098622,0.0145872,0.01007,0.0208135
0,0,0,0,0,0,0,0,1.0625,6.9651,0.339112,2.3811,2.59284,1.10946,0.017908,0.061543333,0.027341667,0.027341667,0.014119,0.0385505,0.0219745,0.041679,0.066971,0.029277333,0.029277333,0.012825667,0.057275,0.0111034,0.0155672,0.0113705,0.0273015
0,0,0,0,0,0,0,0,1.162375,6.9144,0.322582,2.49186,2.54541,1.06467,0.023964333,0.08902,0.039046667,0.039046667,0.02138,0.053515,0.030331,0.064865,0.11077,0.04815,0.04815,0.018616,0.08341,0.0169764,0.02635,0.01713425,0.044394
0.01024454,0.0200715,0.0376371,0.0150516,0.01364675,0.0079935,0.0232747,0.041073,1.243125,6.7128,0.306033,2.78256,2.42046,1.14924,0.0387,0.159463333,0.065913333,0.065913333,0.035378,0.090295,0.053215,0.119755,0.18182,0.075713333,0.075713333,0.027743667,0.133335,0.028508,0.041848,0.0295325,0.064455
0.174148,0.43353,0.327978,0.259644,0.309332,0.119904,0.286467,0.50553,1.38975,6.8136,0.272954,2.76873,1.96843,1.0995,0.051633333,0.22759,0.091866667,0.091866667,0.045606,0.128735,0.068335,0.16115,0.26047,0.098706667,0.098706667,0.037676667,0.17997,0.041088,0.06344,0.0421275,0.078255
0.436407,1.16415,0.725876,0.71118,0.873392,0.295764,0.655299,1.15641,1.472625,6.9246,0.190228,2.7549,1.564068,1.06467,0.058253333,0.2556,0.11722,0.11722,0.052406,0.154435,0.06403,0.19425,0.32792,0.10769,0.10769,0.049443333,0.163265,0.047204,0.07978,0.051115,0.08781
0.618766,1.69803,1.075362,1.10631,1.24185,0.5076,0.999056,1.76304,1.561875,7.1973,0.1157955,3.0732,1.74845,1.14924,0.05754,0.269273333,0.113043333,0.113043333,0.050288,0.140015,0.059865,0.20356,0.35608,0.101623333,0.101623333,0.05086,0.140815,0.047508,0.085796,0.05461,0.08847
0.756041,1.93488,1.182902,1.25307,1.310088,0.6315,1.070677,1.88943,1.651125,7.5,0.1323388,3.3639,2.17668,1.0995,0.057656667,0.27671,0.12744,0.12744,0.042794,0.133695,0.053215,0.19117,0.34022,0.097803333,0.097803333,0.04612,0.137535,0.047676,0.085442,0.0549275,0.08206
0.688432,1.86261,1.349589,1.24929,1.282803,0.7314,1.119008,1.97472,1.685125,7.3587,0.239856,3.378,2.48591,1.58706,0.052823333,0.242273333,0.11047,0.11047,0.046468,0.116745,0.0494015,0.16908,0.31481,0.087696667,0.087696667,0.040036667,0.128515,0.043466,0.081002,0.05352,0.088285
0.528615,1.686,1.51088,1.14018,1.269152,0.63948,1.120793,1.97787,1.564,7.4091,0.306033,3.2256,2.58094,1.75623,0.045556667,0.259213333,0.093276667,0.093276667,0.046468,0.116745,0.044528,0.1771,0.2685,0.091886667,0.091886667,0.041266667,0.148595,0.03778,0.08031,0.04759,0.09233
0.344216,1.19625,1.15064,0.80904,1.037153,0.47163,0.886261,1.56399,1.549125,7.4091,0.289484,3.0042,2.30146,1.81593,0.05128,0.25112,0.096123333,0.096123333,0.04792,0.11211,0.050655,0.16892,0.27356,0.092156667,0.092156667,0.04234,0.158845,0.039816,0.076562,0.0485725,0.08435
0.1454724,0.5058,0.46778,0.39135,0.536775,0.31974,0.483412,0.85308,1.553375,7.4193,0.24814,2.89332,2.09338,1.99005,0.052173333,0.275776667,0.112526667,0.112526667,0.041148,0.12267,0.053215,0.19504,0.31597,0.09524,0.09524,0.044086667,0.152905,0.038704,0.078,0.0492375,0.08981
0.0184399,0.060213,0.0483911,0.067734,0.0909789,0.08793,0.1074247,0.189573,1.513,7.4394,0.215042,2.63028,1.653267,2.06469,0.052516667,0.286143333,0.118276667,0.118276667,0.047046,0.133695,0.054515,0.205185,0.34194,0.097076667,0.097076667,0.047643333,0.1505,0.039506,0.078964,0.047385,0.095945
0,0,0,0.0075258,0,0,0,0,1.391875,7.4292,0.1819649,2.65797,1.552168,2.06964,0.057193333,0.328476667,0.131866667,0.131866667,0.060976,0.16954,0.07277,0.235645,0.38206,0.12595,0.12595,0.056503333,0.17181,0.042506,0.08449,0.0494625,0.11532
0,0,0,0,0,0,0,0,1.42375,7.2678,0.1240681,2.64414,1.302404,2.30349,0.05317,0.317376667,0.119336667,0.119336667,0.060318,0.186805,0.07277,0.24477,0.36095,0.130126667,0.130126667,0.06605,0.191175,0.041866,0.089058,0.049175,0.1263
0,0,0,0,0,0,0,0,1.498125,7.086,0.1240681,2.90718,1.094256,2.37312,0.049726667,0.315376667,0.112013333,0.112013333,0.056454,0.19125,0.07428,0.243855,0.34221,0.1285,0.1285,0.070893333,0.197275,0.041196,0.093076,0.04616,0.12382
0,0,0,0,0,0,0,0,1.462,7.0155,0.1240681,3.4056,0.898008,2.4975,0.042353333,0.295733333,0.0966,0.0966,0.056136,0.19125,0.068335,0.229685,0.28963,0.125576667,0.125576667,0.07298,0.19555,0.033986,0.08508,0.038255,0.11238
0,0,0,0,0,0,0,0,1.51725,6.975,0.1240681,3.807,0.755276,2.60697,0.03561,0.23965,0.076646667,0.076646667,0.048802,0.170945,0.059865,0.18592,0.23572,0.107643333,0.107643333,0.063396667,0.168665,0.027664,0.069394,0.0323425,0.09775
0,0,0,0,0,0,0,0,1.515125,6.8742,0.1488802,4.2639,0.67796,2.67663,0.027851333,0.188553333,0.06238,0.06238,0.038472,0.129965,0.045724,0.14953,0.18093,0.08062,0.08062,0.050446667,0.13572,0.020692,0.0538,0.0245975,0.075295
0,0,0,0,0,0,0,0,1.479,6.8238,0.1736942,4.8591,0.69581,2.72637,0.021442667,0.142733333,0.050236667,0.050236667,0.029796,0.0966,0.033384,0.110465,0.13169,0.060923333,0.060923333,0.035646667,0.105855,0.0160942,0.039926,0.01883375,0.05739
0,0,0,0,0,0,0,0,1.45775,6.7833,0.1819649,5.4267,0.796909,2.69154,0.018048667,0.099033333,0.03843,0.03843,0.022998,0.06713,0.02554,0.07629,0.10443,0.0455,0.0455,0.02389,0.07656,0.0131478,0.030548,0.01543975,0.048531
0,0,0,0,0,0,0,0,1.396125,6.5712,0.190228,5.4405,0.903941,2.7612,0.015805667,0.070993333,0.028664333,0.028664333,0.014119,0.045002,0.0194565,0.05663,0.083007,0.032617667,0.032617667,0.016802,0.060955,0.0113056,0.020382,0.01170525,0.027492
0,0,0,0,0,0,0,0,1.336625,6.3693,0.1819649,6.0219,0.981257,2.98506,0.01409,0.057493333,0.027604,0.027604,0.0131496,0.03718,0.0163075,0.044783,0.074181,0.029243333,0.029243333,0.013163667,0.052465,0.01017,0.0158328,0.0109875,0.0245065
0,0,0,0,0,0,0,0,1.251625,5.895,0.1819649,6.4788,1.242921,3.1542,0.014110667,0.054,0.024783333,0.024783333,0.0120584,0.0338525,0.014822,0.042359,0.074462,0.029478,0.029478,0.012443333,0.050585,0.009928,0.0158122,0.01091875,0.0250935
0,0,0,0,0,0,0,0,1.183625,5.3904,0.190228,6.3681,1.623534,3.1941,0.014379,0.051863333,0.025792667,0.025792667,0.0123658,0.032562,0.014822,0.04223,0.077593,0.029708667,0.029708667,0.012370667,0.051195,0.0100404,0.0158776,0.01147575,0.024238
0,0,0,0,0,0,0,0,1.162375,5.2794,0.198512,6.5064,1.70085,3.1989,0.016480333,0.058383333,0.030016333,0.030016333,0.0152894,0.034507,0.0163075,0.0491435,0.085997,0.034436667,0.034436667,0.014270333,0.05878,0.0114214,0.0175388,0.01222225,0.0276085
0,0,0,0,0,0,0,0,1.1475,5.0874,0.215042,6.6588,1.71275,3.1791,0.023324333,0.09011,0.040923333,0.040923333,0.022182,0.047255,0.0237275,0.073245,0.12857,0.04941,0.04941,0.020745333,0.08209,0.017386,0.028632,0.01789125,0.0392735
0,0.0280998,0.01075362,0.0225777,0.0227443,0.031974,0.00537132,0.0094788,1.098625,5.2287,0.215042,6.105,1.7782,3.2787,0.03746,0.157323333,0.068726667,0.068726667,0.03614,0.074485,0.03877,0.127235,0.20983,0.075486667,0.075486667,0.034166667,0.135255,0.03022,0.048662,0.030565,0.064025
0.0553197,0.38136,0.381748,0.30102,0.363919,0.39567,0.1217489,0.214851,1.034875,5.3298,0.215042,4.9836,1.677067,3.2586,0.051613333,0.215836667,0.094693333,0.094693333,0.04792,0.10644,0.05716,0.17538,0.29914,0.0983,0.0983,0.046676667,0.180885,0.043982,0.06271,0.0418125,0.08618
0.239717,1.10394,0.957068,0.83538,1.046248,1.07115,0.333013,0.58767,1.009375,5.4207,0.1736942,4.0977,1.516485,3.2787,0.058873333,0.258306667,0.12471,0.12471,0.057088,0.119095,0.05716,0.19996,0.36534,0.112163333,0.112163333,0.052713333,0.181055,0.05,0.07557,0.0491075,0.096365
0.417979,1.67394,1.414113,1.18908,1.578484,1.14708,0.651712,1.15008,1.107125,5.4711,0.1488802,3.8625,1.486752,3.408,0.0567,0.29092,0.129093333,0.129093333,0.05302,0.12387,0.05583,0.20607,0.36019,0.102233333,0.102233333,0.05504,0.17211,0.048202,0.085574,0.0514175,0.100995
0.526575,2.0232,1.392605,1.41486,2.006,1.31094,0.771664,1.36176,1.166625,5.6325,0.1571509,3.7794,1.558118,3.5424,0.054146667,0.282353333,0.118276667,0.118276667,0.049692,0.119095,0.05716,0.197755,0.34465,0.08667,0.08667,0.04922,0.158905,0.047672,0.084214,0.0505225,0.095115
0.534769,2.15565,1.392605,1.49388,2.15611,1.10313,0.750176,1.32384,1.1985,5.8545,0.1819649,4.1115,1.659217,3.6021,0.04948,0.252013333,0.09901,0.09901,0.048802,0.104215,0.0410285,0.169095,0.30944,0.076493333,0.076493333,0.04642,0.123995,0.043636,0.073836,0.0446025,0.07863
0.530672,1.92684,1.279688,1.29822,1.83328,0.93924,0.682142,1.20378,1.243125,5.9757,0.215042,4.0422,1.671117,3.6219,0.043566667,0.27298,0.093276667,0.093276667,0.05089,0.105325,0.050655,0.179535,0.27857,0.08204,0.08204,0.04541,0.164325,0.036864,0.073762,0.0383775,0.0846
0.383146,1.42506,0.973199,0.95202,1.419262,0.71544,0.680357,1.20063,1.187875,6.0768,0.223326,3.9453,1.540285,3.6369,0.048716667,0.261026667,0.09901,0.09901,0.046468,0.11211,0.053215,0.172355,0.29432,0.07969,0.07969,0.04402,0.1538,0.03965,0.073658,0.04226,0.08848
0.204884,0.68244,0.510796,0.41016,0.69598,0.3717,0.36346,0.6414,1.04125,5.9658,0.223326,3.807,1.36187,3.4179,0.050773333,0.26285,0.108433333,0.108433333,0.046756,0.10869,0.058505,0.194005,0.31688,0.08937,0.08937,0.047873333,0.16177,0.038164,0.073328,0.044805,0.08766
0.0348313,0.096342,0.0645221,0.063969,0.1046248,0.079935,0.0931022,0.164298,0.8755,5.6226,0.231591,4.0284,1.254821,3.1989,0.051333333,0.27205,0.113043333,0.113043333,0.051192,0.12387,0.05583,0.1997,0.331,0.093366667,0.093366667,0.0516,0.158305,0.039162,0.073356,0.043135,0.08469
0,0,0,0.0037629,0,0,0.00179044,0.0031596,0.767125,5.7537,0.289484,4.6929,1.338087,3.1245,0.056763333,0.3114,0.1258,0.1258,0.061304,0.13874,0.06403,0.22595,0.35411,0.119963333,0.119963333,0.05899,0.1656,0.042344,0.079724,0.045195,0.095
0,0,0,0,0,0,0,0,0.660875,5.7132,0.26467,5.4267,1.409453,3.0249,0.053753333,0.320383333,0.122546667,0.122546667,0.063972,0.159845,0.069795,0.238685,0.34798,0.131733333,0.131733333,0.067353333,0.18687,0.042618,0.086218,0.0465175,0.104115
0,0,0,0,0,0,0,0,0.563125,5.8344,0.297768,5.6205,1.421336,3.03,0.04888,0.313383333,0.114603333,0.114603333,0.063972,0.159845,0.071275,0.24918,0.331,0.129366667,0.129366667,0.071093333,0.19733,0.03952,0.089896,0.0442,0.102385
0,0,0,0,0,0,0,0,0.4845,5.7132,0.26467,5.3022,1.558118,3.015,0.042666667,0.29284,0.096123333,0.096123333,0.057408,0.158485,0.069795,0.230595,0.27811,0.119246667,0.119246667,0.07142,0.18832,0.032888,0.081528,0.0362625,0.097235
0,0,0,0,0,0,0,0,0.4505,5.6529,0.281219,4.9422,1.605701,3.1392,0.035863333,0.236173333,0.07622,0.07622,0.049098,0.146485,0.061235,0.198115,0.23317,0.10459,0.10459,0.065663333,0.174405,0.026266,0.068322,0.02881,0.08325
0,0,0,0,0,0,0,0,0.448375,5.7336,0.322582,4.2777,1.7425,3.3234,0.028141667,0.187003333,0.061223333,0.061223333,0.037168,0.110965,0.048161,0.151785,0.18154,0.08109,0.08109,0.050403333,0.1384,0.020432,0.052468,0.022456,0.0676
0,0,0,0,0,0,0,0,0.435625,5.7336,0.430103,3.5577,1.89108,3.3582,0.021749333,0.14138,0.049886667,0.049886667,0.027736,0.085195,0.036571,0.1198,0.13149,0.061616667,0.061616667,0.037893333,0.111395,0.0157956,0.040222,0.0170785,0.050345
0,0,0,0,0,0,0,0,0.442,5.7639,0.521075,3.1425,1.97438,3.3084,0.017782333,0.092303333,0.03782,0.03782,0.0188676,0.053515,0.024626,0.08528,0.099812,0.043783333,0.043783333,0.025297667,0.082645,0.0137176,0.030484,0.01409375,0.040291
0,0,0,0,0,0,0,0,0.4505,5.7639,0.562438,3.1701,1.92083,3.3183,0.016593333,0.068573333,0.029201667,0.029201667,0.0139552,0.04065,0.0237275,0.06333,0.077525,0.035803333,0.035803333,0.017254667,0.065065,0.0124022,0.021644,0.011825,0.0281025
0,0,0,0,0,0,0,0,0.418625,5.7435,0.719587,3.267,1.91488,3.2487,0.014355,0.055296667,0.027604,0.027604,0.0123658,0.0351665,0.0211205,0.05333,0.069801,0.029815667,0.029815667,0.013779,0.05734,0.01106,0.0177876,0.010929,0.0267225
0,0,0,0,0,0,0,0,0.3995,5.7234,0.851922,3.8625,1.87323,3.1143,0.01456,0.050603333,0.026304333,0.026304333,0.0114538,0.031925,0.0194565,0.047347,0.06887,0.028113667,0.028113667,0.011944333,0.052265,0.0109122,0.016312,0.01045225,0.025904
0,0,0,0,0,0,0,0,0.384625,5.673,1.033885,4.7622,1.77225,3.1293,0.014827333,0.04977,0.027867333,0.027867333,0.0113048,0.032562,0.018647,0.048909,0.068902,0.029863333,0.029863333,0.012463667,0.056505,0.0111164,0.016174,0.01050575,0.023032
0,0,0,0,0,0,0,0,0.42075,5.2995,1.191053,5.8281,1.635434,3.1293,0.016599667,0.055296667,0.030565,0.030565,0.0116036,0.032562,0.020281,0.054785,0.075833,0.031558,0.031558,0.013387333,0.05956,0.0121552,0.0177606,0.01188125,0.028418
0,0,0,0,0,0,0,0,0.490875,5.1681,1.381281,6.8664,1.546235,3.2388,0.022882333,0.092853333,0.046133333,0.046133333,0.0183086,0.048786,0.030331,0.0846,0.1182,0.045793333,0.045793333,0.020419667,0.08741,0.0180672,0.026772,0.01767375,0.034799
0.00204884,0.0240855,0.01075362,0.0112887,0.0318427,0.031974,0.00716159,0.0126381,0.588625,5.3196,1.406095,7.8354,1.510552,3.2487,0.04002,0.158746667,0.072426667,0.072426667,0.029796,0.07927,0.0494015,0.14637,0.20832,0.076133333,0.076133333,0.035136667,0.134375,0.029996,0.045442,0.0284625,0.051485
0.1065424,0.4536,0.338732,0.184383,0.518585,0.34773,0.1414434,0.249606,0.605625,5.562,1.497086,7.7802,1.379703,3.2091,0.052863333,0.222516667,0.098526667,0.098526667,0.04307,0.10869,0.066885,0.186315,0.29344,0.101763333,0.101763333,0.048023333,0.17556,0.04216,0.064032,0.0401025,0.07143
0.323731,1.2645,0.84417,0.66603,1.382882,1.01118,0.445808,0.78672,0.533375,5.5113,1.488802,7.8216,1.207238,3.0897,0.059076667,0.263763333,0.123086667,0.123086667,0.043628,0.12508,0.069795,0.204475,0.33336,0.102136667,0.102136667,0.053433333,0.16458,0.047696,0.078588,0.04859,0.084455
0.614669,1.94292,1.215164,1.27188,1.80591,1.77858,0.657084,1.15956,0.533375,5.8041,1.472272,8.2092,1.100206,2.97015,0.05884,0.27391,0.129093333,0.129093333,0.046468,0.12629,0.061235,0.21077,0.35713,0.090123333,0.090123333,0.05079,0.14729,0.047962,0.085834,0.04737,0.084725
0.936343,2.31624,1.193656,1.45626,2.01977,1.65468,0.837913,1.47867,0.799,5.895,1.505351,8.4723,1.106139,2.95026,0.058953333,0.282353333,0.12471,0.12471,0.034624,0.11792,0.06403,0.20042,0.34261,0.08567,0.08567,0.044426667,0.149655,0.04809,0.081788,0.043525,0.07253
1.028551,2.47278,1.236672,1.63689,2.17447,1.51878,0.820012,1.44708,0.8925,5.5113,1.563244,8.4999,1.183455,2.95521,0.051003333,0.236173333,0.10996,0.10996,0.039266,0.10869,0.059865,0.17558,0.31578,0.081493333,0.081493333,0.0369,0.138825,0.043618,0.071812,0.043025,0.06972
0.975273,2.38449,0.908675,1.47882,2.02878,1.22703,0.807483,1.42497,0.748,5.4813,1.712128,8.3754,1.100206,2.95026,0.046526667,0.241396667,0.098043333,0.098043333,0.049098,0.098745,0.062625,0.176905,0.265,0.08736,0.08736,0.040053333,0.146895,0.037672,0.072306,0.040915,0.07653
0.645405,1.8546,0.73663,1.14771,1.573928,0.85131,0.789565,1.39335,0.71825,5.8041,1.778305,8.3754,0.999107,2.87064,0.051196667,0.242273333,0.102926667,0.102926667,0.042516,0.11792,0.054515,0.180325,0.2935,0.08665,0.08665,0.04249,0.15112,0.04177,0.067696,0.0439275,0.0584
0.292995,0.88314,0.338732,0.54564,0.882487,0.55557,0.465511,0.82149,0.703375,5.5113,1.745207,7.8633,0.945574,2.5572,0.049566667,0.2556,0.105913333,0.105913333,0.041692,0.110965,0.054515,0.19611,0.30255,0.094196667,0.094196667,0.045716667,0.141315,0.03981,0.073002,0.0470725,0.071945
0.0594184,0.132471,0.0322601,0.086547,0.1364675,0.115908,0.1289093,0.227487,0.748,4.9059,1.621137,6.6174,0.886108,2.23383,0.052523333,0.265593333,0.114603333,0.114603333,0.045322,0.12508,0.05716,0.192425,0.32536,0.09777,0.09777,0.04637,0.14482,0.038188,0.075568,0.048255,0.068955
0,0,0,0.0037629,0,0,0.00179044,0.0031596,0.83725,4.7241,1.761756,6.1605,1.106139,2.00499,0.05744,0.313383333,0.1258,0.1258,0.05934,0.146485,0.06403,0.216425,0.35288,0.12347,0.12347,0.055633333,0.160535,0.042098,0.08094,0.04826,0.092565
0,0,0,0,0,0,0,0,0.813875,4.8654,1.861012,5.925,1.290504,1.89054,0.056506667,0.322396667,0.122546667,0.122546667,0.061634,0.168135,0.07428,0.23814,0.36794,0.137113333,0.137113333,0.069573333,0.17948,0.043342,0.085232,0.0480475,0.106335
0,0,0,0,0,0,0,0,0.714,4.9158,1.827914,5.6343,1.486752,1.86069,0.05389,0.32139,0.112013333,0.112013333,0.05934,0.17378,0.07428,0.243985,0.3427,0.134806667,0.134806667,0.074936667,0.193175,0.039832,0.084404,0.04339,0.10355
0,0,0,0,0,0,0,0,0.673625,4.6737,1.894091,5.7174,1.575968,1.67163,0.044256667,0.300586667,0.096123333,0.096123333,0.059666,0.186805,0.07428,0.22969,0.29183,0.130523333,0.130523333,0.07648,0.194335,0.034444,0.080904,0.0366775,0.103015
0,0,0,0,0,0,0,0,0.65025,4.6029,1.919,5.3022,1.7068,1.52736,0.038096667,0.245793333,0.081423333,0.081423333,0.050588,0.16535,0.06403,0.19754,0.25186,0.11246,0.11246,0.070113333,0.17583,0.028236,0.0647,0.0295425,0.08611
0,0,0,0,0,0,0,0,0.584375,4.926,1.90228,5.2191,1.8139,1.48755,0.029997,0.19089,0.06008,0.06008,0.038736,0.132445,0.048161,0.154005,0.18724,0.088296667,0.088296667,0.055266667,0.13726,0.021118,0.051362,0.0227,0.06828
0,0,0,0,0,0,0,0,0.45475,4.9158,1.885826,4.6929,1.8496,1.40298,0.023251333,0.14138,0.04647,0.04647,0.031686,0.100915,0.03877,0.1151,0.14291,0.062803333,0.062803333,0.038096667,0.106445,0.0170006,0.037858,0.01817075,0.055515
0,0,0,0,0,0,0,0,0.3825,4.4817,1.8031,4.0977,1.90298,1.38807,0.019840333,0.103643333,0.038736667,0.038736667,0.022792,0.06803,0.029343,0.079335,0.10494,0.04547,0.04547,0.026188,0.07799,0.012552,0.029112,0.01441725,0.0408155
0,0,0,0,0,0,0,0,0.34425,4.2195,1.770021,3.7239,1.92083,1.5174,0.0174,0.073453333,0.030016333,0.030016333,0.0146154,0.047255,0.0219745,0.05978,0.089686,0.036033333,0.036033333,0.018634,0.062275,0.0101212,0.0193078,0.01041675,0.032195
0,0,0,0,0,0,0,0,0.2975,4.3707,1.712128,3.4194,1.99223,1.36815,0.016153333,0.057493333,0.026304333,0.026304333,0.0117544,0.0399445,0.0178525,0.050995,0.081193,0.030559667,0.030559667,0.014810333,0.0546,0.0095604,0.0151454,0.00952525,0.0288065
0,0,0,0,0,0,0,0,0.299625,4.4514,1.579793,3.018,1.96248,1.25373,0.015751,0.05229,0.025034,0.025034,0.0111568,0.03718,0.0170725,0.0484165,0.074447,0.029290333,0.029290333,0.014077,0.05087,0.0092768,0.0146524,0.00998325,0.031962
0,0,0,0,0,0,0,0,0.2975,4.1688,1.497086,2.58876,2.04578,1.26369,0.015819667,0.052713333,0.024534,0.024534,0.0117544,0.036503,0.0178525,0.0458375,0.074402,0.027458333,0.027458333,0.013393,0.048387,0.0096592,0.0146478,0.010014,0.0306725
0,0,0,0,0,0,0,0,0.26775,4.068,1.373016,2.67183,1.96843,1.50249,0.017759,0.057936667,0.028664333,0.028664333,0.014449,0.0385505,0.0194565,0.05371,0.073611,0.032488667,0.032488667,0.015317333,0.05738,0.0109966,0.01663,0.01077975,0.0340745
0,0,0,0,0,0,0,0,0.278375,3.9468,1.215867,2.56107,1.77225,1.83582,0.02501,0.090653333,0.042196667,0.042196667,0.0196248,0.055955,0.0274115,0.07818,0.12042,0.046756667,0.046756667,0.022527,0.083765,0.0168516,0.024618,0.015309,0.0470355
0.00614669,0.0240855,0.01613043,0.0037629,0.0272935,0.03597,0.0179044,0.031596,0.306,3.7953,1.157955,2.71335,1.7187,1.78608,0.040243333,0.159463333,0.06832,0.06832,0.03097,0.0832,0.046935,0.131775,0.2105,0.07587,0.07587,0.036176667,0.13111,0.028718,0.04325,0.0274525,0.073135
0.178262,0.41346,0.327978,0.203199,0.363919,0.3837,0.230962,0.40758,0.27625,3.4926,1.009071,2.83794,1.84365,1.80099,0.052716667,0.22336,0.096123333,0.096123333,0.042516,0.12267,0.068335,0.182925,0.28875,0.096276667,0.096276667,0.050996667,0.17919,0.043932,0.065346,0.04138,0.10095
0.54706,1.12401,0.962445,0.81657,0.94163,0.96723,0.585463,1.03317,0.227375,3.1191,0.802294,3.018,1.7544,1.86069,0.06054,0.2702,0.121473333,0.121473333,0.047628,0.14911,0.07277,0.19641,0.3458,0.105363333,0.105363333,0.058303333,0.165845,0.048198,0.077476,0.0462,0.114755
0.952731,1.8546,1.532388,1.62558,1.328295,1.30695,0.941766,1.66194,0.227375,3.1392,0.769215,3.2949,1.78415,1.84578,0.059293333,0.282353333,0.1302,0.1302,0.049692,0.15176,0.053215,0.19328,0.31608,0.09743,0.09743,0.052946667,0.14684,0.048154,0.084232,0.0485725,0.09507
1.126896,2.25603,1.72596,1.96803,1.61942,1.34292,1.106479,1.95261,0.29325,2.98788,0.785764,3.5439,1.78415,1.98009,0.0571,0.268353333,0.12744,0.12744,0.052102,0.12508,0.054515,0.183915,0.30778,0.08565,0.08565,0.04681,0.13897,0.047978,0.0842,0.0472275,0.104355
1.104354,2.46879,1.98949,2.07714,1.70136,1.32294,1.024114,1.80726,0.448375,2.88693,0.802294,3.6408,1.8139,2.0199,0.05381,0.23791,0.113043333,0.113043333,0.041966,0.11211,0.06403,0.16466,0.30037,0.088663333,0.088663333,0.041346667,0.137465,0.043242,0.084394,0.046675,0.106515
0.993718,2.36442,2.08088,1.8288,1.528436,1.13109,0.86836,1.5324,0.561,3.1392,0.909834,3.3087,1.77225,2.05473,0.045636667,0.246676667,0.095646667,0.095646667,0.039,0.10869,0.0433465,0.173185,0.25784,0.08651,0.08651,0.043716667,0.13599,0.037116,0.089336,0.0420575,0.08935
0.749904,1.72212,1.645305,1.19661,1.159978,0.94725,0.750176,1.32384,0.601375,3.0687,0.967727,3.2394,1.635434,2.01492,0.049873333,0.247563333,0.0966,0.0966,0.042516,0.121475,0.044528,0.17368,0.2778,0.089643333,0.089643333,0.04196,0.12191,0.040176,0.081122,0.0431225,0.08754
0.329868,0.81891,0.742007,0.54186,0.600457,0.58353,0.460139,0.81201,0.62475,3.0282,0.951178,3.5301,1.379703,1.95522,0.049606667,0.266513333,0.103916667,0.103916667,0.038736,0.121475,0.046935,0.19179,0.30874,0.090093333,0.090093333,0.047493333,0.10717,0.040694,0.084772,0.046465,0.090745
0.0532712,0.108384,0.1021592,0.097836,0.0818805,0.151878,0.123539,0.21801,0.635375,3.2907,0.851922,3.7377,1.219138,1.95024,0.05016,0.26012,0.108433333,0.108433333,0.043908,0.131205,0.053215,0.193985,0.32157,0.09496,0.09496,0.047216667,0.12095,0.040026,0.08879,0.0470925,0.10035
0,0,0,0.0075258,0,0,0.00179044,0.0031596,0.677875,3.9165,0.818843,3.7101,1.207238,2.04975,0.054456667,0.30646,0.12201,0.12201,0.060318,0.162585,0.06403,0.221155,0.36172,0.12104,0.12104,0.05912,0.152035,0.04237,0.09593,0.0489725,0.120865
0,0,0,0,0,0,0,0,0.70125,3.9771,0.785764,3.6687,1.219138,2.06964,0.05385,0.322396667,0.115646667,0.115646667,0.060646,0.186805,0.07428,0.237145,0.368,0.13854,0.13854,0.071006667,0.18107,0.042854,0.099152,0.048005,0.125945
0,0,0,0,0,0,0,0,0.73525,4.0275,0.843657,3.8625,1.141822,2.02986,0.050173333,0.320383333,0.10945,0.10945,0.061634,0.194245,0.07734,0.241525,0.35523,0.13839,0.13839,0.074143333,0.18935,0.04111,0.09797,0.045065,0.11754
0,0,0,0,0,0,0,0,0.7565,4.0377,1.124876,4.167,0.993157,2.03484,0.042796667,0.29767,0.09422,0.09422,0.05837,0.19726,0.0758,0.22704,0.30298,0.131883333,0.131883333,0.071683333,0.18687,0.032354,0.087322,0.03721,0.105725
0,0,0,0,0,0,0,0,0.782,4.0782,1.455723,4.4022,0.773109,2.06964,0.036713333,0.23878,0.074943333,0.074943333,0.050288,0.17807,0.06545,0.189835,0.24728,0.112096667,0.112096667,0.064026667,0.169005,0.02492,0.069298,0.02822,0.09361
0,0,0,0,0,0,0,0,0.775625,4.0881,1.695579,4.6929,0.755276,2.16417,0.029345333,0.19011,0.061223333,0.061223333,0.041966,0.142585,0.053215,0.149405,0.18776,0.085003333,0.085003333,0.05141,0.1351,0.0195042,0.055222,0.0230045,0.076315
0,0,0,0,0,0,0,0,0.76925,4.1487,1.78657,5.2467,0.892058,2.32338,0.023672667,0.150986667,0.049886667,0.049886667,0.031208,0.10869,0.0433465,0.11276,0.14518,0.066376667,0.066376667,0.037443333,0.10661,0.0148552,0.041282,0.01836375,0.06086
0,0,0,0,0,0,0,0,0.707625,4.2798,1.869277,5.7312,0.874208,2.38308,0.020148333,0.107756667,0.039046667,0.039046667,0.02178,0.07734,0.031334,0.084205,0.10933,0.047816667,0.047816667,0.026065333,0.08044,0.011648,0.030146,0.01390775,0.04266
0,0,0,0,0,0,0,0,0.62475,4.1991,1.99329,5.856,0.648227,2.30847,0.017655667,0.07002,0.026562,0.026562,0.0142836,0.051915,0.0228435,0.06184,0.089909,0.040676667,0.040676667,0.018918333,0.068885,0.010063,0.0178696,0.01035875,0.026208
0,0,0,0,0,0,0,0,0.5015,4.2699,1.761756,6.1605,0.67796,2.18904,0.015558333,0.057936667,0.023548,0.023548,0.0123658,0.041361,0.0194565,0.048849,0.07798,0.033376667,0.033376667,0.014441667,0.056385,0.008781,0.0142242,0.0095855,0.022636
0,0,0,0,0,0,0,0,0.405875,4.3002,1.827914,5.9667,0.737426,2.199,0.014453,0.054863333,0.023304333,0.023304333,0.0111568,0.0378625,0.018647,0.0455695,0.077103,0.029744333,0.029744333,0.013764667,0.05701,0.0082916,0.013075,0.00864675,0.019803
0,0,0,0,0,0,0,0,0.3145,4.4112,2.01818,6.2712,0.606594,2.19402,0.014678,0.050186667,0.021867,0.021867,0.0104292,0.0351665,0.0178525,0.0423885,0.07236,0.028455667,0.028455667,0.012594,0.05407,0.007956,0.0128608,0.00875175,0.0224015
0,0,0,0,0,0,0,0,0.26775,4.3608,2.0596,6.465,0.457929,1.97016,0.015234667,0.052713333,0.021397333,0.021397333,0.0114538,0.03718,0.0194565,0.0483995,0.075213,0.030856,0.030856,0.01452,0.059385,0.0082642,0.0136898,0.00912,0.022474
0,0,0,0,0,0,0,0,0.23375,4.3707,1.869277,6.0912,0.309247,1.73631,0.017021333,0.06714,0.027867333,0.027867333,0.0152894,0.048786,0.024626,0.057725,0.089534,0.039243333,0.039243333,0.018447667,0.07252,0.01058,0.0180658,0.01151575,0.0270525
0.00819553,0.0120429,0.00537681,0.0037629,0.0181951,0.0239808,0.01432335,0.0252765,0.24225,4.2597,2.01818,5.8143,0.243831,1.7214,0.023646,0.100176667,0.040606667,0.040606667,0.023828,0.06535,0.036571,0.083395,0.12489,0.05601,0.05601,0.025083,0.104075,0.0149468,0.024016,0.01615625,0.037603
0.202844,0.36531,0.1613043,0.248355,0.345712,0.31176,0.204102,0.36018,0.31875,3.8964,2.01818,5.7729,0.202198,1.7811,0.028446667,0.134043333,0.048506667,0.048506667,0.030498,0.085195,0.05193,0.100885,0.15679,0.069986667,0.069986667,0.032596,0.131495,0.0193174,0.03446,0.01956825,0.0459785
0.602378,1.19223,0.510796,0.89934,0.978027,0.90726,0.581893,1.02687,0.359125,3.5127,1.98512,5.6205,0.1665167,1.91046,0.032432,0.176333333,0.06161,0.06161,0.036652,0.104215,0.058505,0.13261,0.18927,0.081216667,0.081216667,0.046926667,0.14639,0.022416,0.04756,0.02438525,0.05878
0.973233,1.88268,0.752761,1.64817,1.410167,1.35891,0.972196,1.71564,0.499375,3.2907,2.29938,5.7867,0.172465,1.93533,0.03342,0.18933,0.064726667,0.064726667,0.034126,0.105325,0.058505,0.135345,0.19967,0.07173,0.07173,0.044973333,0.13736,0.024946,0.053296,0.02754,0.0499975
1.012163,2.38449,0.865678,2.05455,1.628515,1.64667,1.115421,1.96839,0.646,3.0486,2.87014,5.5512,0.214098,1.95024,0.031492333,0.178593333,0.058193333,0.058193333,0.028414,0.086205,0.054515,0.13047,0.18921,0.066956667,0.066956667,0.045533333,0.136235,0.02399,0.054108,0.0254,0.0471345
1.108451,2.47278,0.817285,2.07339,1.573928,1.80255,1.101107,1.94313,0.71825,3.0585,3.43254,5.8143,0.225981,1.84578,0.028629333,0.171853333,0.057073333,0.057073333,0.020984,0.084195,0.05583,0.114215,0.16686,0.048836667,0.048836667,0.03951,0.116925,0.021702,0.04896,0.024522,0.054425
1.108451,2.23995,0.73663,1.8363,1.442008,1.6107,0.979353,1.72827,0.775625,3.1293,3.76333,5.9667,0.220048,1.83582,0.0253,0.155903333,0.044143333,0.044143333,0.02553,0.089265,0.0494015,0.110025,0.13501,0.052963333,0.052963333,0.03965,0.121285,0.0171722,0.04773,0.0224335,0.06473
0.887179,1.61775,0.548435,1.35465,1.164534,1.15107,0.809268,1.42812,0.813875,2.90712,3.93699,6.3405,0.422246,1.69155,0.0234,0.153083333,0.039356667,0.039356667,0.024038,0.104215,0.0494015,0.11669,0.13674,0.050383333,0.050383333,0.044606667,0.11951,0.0155402,0.043602,0.02169525,0.06399
0.420019,0.65835,0.26885,0.64347,0.605013,0.59154,0.492371,0.86889,0.79475,2.62449,3.77986,6.3126,0.773109,1.63185,0.021755333,0.16018,0.040293333,0.040293333,0.024038,0.09767,0.0433465,0.118065,0.12114,0.05767,0.05767,0.04811,0.12005,0.014184,0.044048,0.019865,0.0381525
0.0840055,0.116415,0.0483911,0.112887,0.1000773,0.131895,0.1414434,0.249606,0.796875,2.37213,3.48213,5.5512,0.719593,1.66668,0.022641333,0.169633333,0.045133333,0.045133333,0.027736,0.109825,0.046935,0.123225,0.1338,0.071843333,0.071843333,0.04651,0.11836,0.0143546,0.044108,0.0187885,0.048339
0,0,0,0,0,0,0.00179044,0.0031596,0.8755,2.39232,3.17604,5.2329,0.642277,1.64178,0.025661,0.209256667,0.05932,0.05932,0.042794,0.142585,0.05716,0.157485,0.17424,0.10121,0.10121,0.055796667,0.136865,0.0180174,0.051902,0.02105875,0.07001
0,0,0,0,0,0,0,0,0.88825,2.51346,2.80383,4.7484,0.570911,1.78608,0.031437667,0.247563333,0.07201,0.07201,0.04792,0.168135,0.071275,0.17968,0.1975,0.111616667,0.111616667,0.06411,0.16573,0.022526,0.060342,0.0264425,0.088205
0,0,0,0,0,0,0,0,0.83725,2.45289,2.40692,4.6653,0.529278,1.82091,0.032075667,0.247563333,0.07201,0.07201,0.048802,0.16535,0.07277,0.18957,0.21298,0.110323333,0.110323333,0.067423333,0.172535,0.024398,0.065328,0.027975,0.094675
0,0,0,0,0,0,0,0,0.711875,2.33175,2.11736,4.4301,0.446029,1.61691,0.028777,0.236173333,0.063546667,0.063546667,0.04447,0.16535,0.069795,0.179805,0.19018,0.10609,0.10609,0.067223333,0.17029,0.021008,0.06086,0.0254075,0.094495
0,0,0,0,0,0,0,0,0.558875,2.36205,1.95206,4.1394,0.416296,1.602,0.024423333,0.18933,0.048506667,0.048506667,0.037948,0.142585,0.059865,0.146165,0.1585,0.089553333,0.089553333,0.059026667,0.148765,0.0159936,0.046034,0.018303,0.079525
0,0,0,0,0,0,0,0,0.40375,2.17026,1.811384,3.5856,0.362763,1.56717,0.019931,0.155903333,0.039356667,0.039356667,0.031926,0.114415,0.046935,0.11672,0.12961,0.071383333,0.071383333,0.04653,0.124845,0.0130166,0.039142,0.01468275,0.0667
0,0,0,0,0,0,0,0,0.325125,1.94817,1.571509,3.087,0.451979,1.64178,0.016234333,0.125613333,0.032239667,0.032239667,0.02362,0.0832,0.036571,0.0943,0.10759,0.056026667,0.056026667,0.036433333,0.10305,0.011083,0.030696,0.01176025,0.052015
0,0,0,0,0,0,0,0,0.306,1.63527,1.488802,2.49186,0.570911,1.62189,0.013534,0.09508,0.027341667,0.027341667,0.0190556,0.06713,0.029343,0.07472,0.080027,0.04308,0.04308,0.027554,0.08456,0.0083312,0.023618,0.0094095,0.040819
0,0,0,0,0,0,0,0,0.308125,1.43337,1.571509,2.21499,0.541178,1.56219,0.011469,0.07002,0.022103667,0.022103667,0.014119,0.051915,0.020281,0.05672,0.07168,0.033963333,0.033963333,0.01988,0.066735,0.0065952,0.0165804,0.007713,0.0287765
0,0,0,0,0,0,0,0,0.312375,1.21131,1.480537,2.10423,0.416296,1.58208,0.010248,0.052713333,0.016536333,0.016536333,0.0116036,0.0392445,0.014102,0.0432035,0.061046,0.029769333,0.029769333,0.016090333,0.05639,0.005647,0.0123444,0.006488,0.0231655
0,0,0,0,0,0,0,0,0.3315,1.08009,1.348202,2.33958,0.285464,1.68657,0.009403,0.046496667,0.01471,0.01471,0.0101444,0.0332045,0.012706,0.036649,0.055793,0.025338333,0.025338333,0.013744667,0.05067,0.00533,0.0112772,0.0062545,0.020753
0,0,0,0,0,0,0,0,0.371875,1.03971,1.207583,2.36727,0.243831,1.71642,0.009304333,0.042546667,0.013928667,0.013928667,0.0093104,0.0294345,0.01203,0.0337115,0.05489,0.022878667,0.022878667,0.012378667,0.047249,0.0052868,0.0105254,0.00583375,0.021295
0,0,0,0,0,0,0,0,0.384625,0.91857,1.182769,2.87949,0.172465,1.80597,0.009715,0.045696667,0.016329,0.016329,0.0102864,0.0300485,0.014102,0.034527,0.052724,0.024971333,0.024971333,0.011778333,0.05134,0.0056156,0.011071,0.00618125,0.022636
0,0,0,0,0,0,0,0,0.410125,0.73689,1.182769,3.4749,0.1427286,1.82586,0.011105333,0.051863333,0.019564667,0.019564667,0.0116036,0.031925,0.0155575,0.041531,0.063234,0.028688667,0.028688667,0.014065333,0.05747,0.006438,0.0132222,0.0067615,0.025086
0.00614669,0.0080286,0,0.0225777,0.0272935,0.0199839,0.01611379,0.0284361,0.427125,0.61575,1.100062,4.0563,0.1189405,1.75623,0.013504,0.062,0.023548,0.023548,0.0125208,0.03718,0.0178525,0.05281,0.07397,0.03367,0.03367,0.017084667,0.0749,0.0070606,0.0144476,0.00820525,0.026384
0.1188368,0.3372,0.1236672,0.24459,0.52768,0.30774,0.266764,0.47076,0.469625,0.55518,1.009071,4.3608,0.1308354,1.71144,0.014523667,0.075446667,0.026562,0.026562,0.0139552,0.047255,0.024626,0.061435,0.079088,0.038056667,0.038056667,0.019892333,0.0887,0.0077286,0.0195654,0.0097755,0.029289
0.465103,1.11597,0.354863,0.73002,1.37377,0.80337,0.780623,1.37757,0.507875,0.38358,0.926364,3.987,0.101099,1.68159,0.017869667,0.10248,0.032807,0.032807,0.018494,0.07543,0.035494,0.08354,0.10046,0.055553333,0.055553333,0.028748333,0.104585,0.0097286,0.027228,0.01248975,0.039403
0.770389,1.86663,0.602205,1.10631,1.70578,1.14708,1.15124,2.0316,0.5355,0.3735,1.058699,3.8625,0.0892058,1.79103,0.01889,0.12818,0.03843,0.03843,0.029102,0.08722,0.0410285,0.09671,0.11709,0.06476,0.06476,0.031908333,0.10607,0.0123904,0.035904,0.0157045,0.0498765
0.881025,2.25603,0.639844,1.27188,1.74675,1.31496,1.412632,2.49288,0.646,0.46434,1.323388,3.7377,0.0951524,2.07462,0.020330333,0.12434,0.030565,0.030565,0.02178,0.09133,0.04218,0.10103,0.11665,0.060133333,0.060133333,0.032130333,0.11317,0.0141832,0.042594,0.0187865,0.0542
0.897413,2.38848,0.73663,1.09878,1.696753,1.41885,1.46098,2.5782,0.82025,0.66621,1.819649,3.6687,0.1248871,2.52735,0.019589,0.126253333,0.033092667,0.033092667,0.031686,0.086205,0.0494015,0.098475,0.11458,0.057203333,0.057203333,0.031192667,0.10358,0.015514,0.050518,0.02020025,0.059505
0.846192,2.18376,0.806531,0.88428,1.501151,1.6347,1.342813,2.36967,0.9435,0.96903,2.20837,3.5856,0.1189405,3.1044,0.017522667,0.12434,0.025792667,0.025792667,0.029796,0.072615,0.046935,0.102025,0.11096,0.0731,0.0731,0.046466667,0.11036,0.0131796,0.04808,0.01707175,0.06706
0.526575,1.60971,0.661352,0.66603,1.228216,1.41486,1.197786,2.11374,1.013625,1.21131,2.52263,3.267,0.1665167,3.6021,0.014872333,0.110143333,0.027341667,0.027341667,0.024886,0.073545,0.048161,0.093615,0.096809,0.053536667,0.053536667,0.033123333,0.094975,0.0118112,0.043078,0.0159765,0.043824
0.266356,0.7587,0.290358,0.37629,0.632298,0.85533,0.748391,1.32069,1.037,1.43337,2.77077,3.1839,0.178415,3.8358,0.015709,0.118066667,0.032522667,0.032522667,0.021578,0.072615,0.037663,0.09627,0.10008,0.05588,0.05588,0.031993667,0.09545,0.0112824,0.040712,0.016233,0.044371
0.0512227,0.140499,0.0483911,0.067734,0.1046248,0.179856,0.207689,0.36651,1.0965,1.62516,2.89484,3.4608,0.1665167,3.9204,0.017083667,0.12056,0.03721,0.03721,0.025314,0.082205,0.035494,0.099775,0.09954,0.060096667,0.060096667,0.036073333,0.098975,0.0118148,0.03943,0.0158445,0.05203
0,0,0,0,0,0,0.00537132,0.0094788,1.119875,2.15007,2.95279,3.8484,0.208148,3.7512,0.021279,0.14821,0.046806667,0.046806667,0.034374,0.119095,0.0433465,0.117445,0.12411,0.07967,0.07967,0.040973333,0.11831,0.0142516,0.04471,0.0180565,0.070535
0,0,0,0,0,0,0,0,1.1305,2.41251,3.00238,4.0701,0.214098,3.4926,0.025508,0.176333333,0.05235,0.05235,0.039,0.142585,0.0494015,0.14053,0.15329,0.0868,0.0868,0.049123333,0.146035,0.0178248,0.052714,0.02232675,0.076505
0,0,0,0,0,0,0,0,1.16025,2.71533,2.91137,4.3191,0.220048,3.1791,0.027101333,0.184693333,0.057073333,0.057073333,0.039,0.147795,0.053215,0.15017,0.16994,0.084783333,0.084783333,0.049836667,0.15855,0.020282,0.054482,0.02317575,0.081055
0,0,0,0,0,0,0,0,1.18575,3.2907,3.01074,4.776,0.267614,2.77113,0.025784667,0.186233333,0.053423333,0.053423333,0.03821,0.150435,0.05583,0.15269,0.16697,0.085783333,0.085783333,0.052756667,0.162495,0.0182136,0.053988,0.0219065,0.08106
0,0,0,0,0,0,0,0,1.179375,3.7449,3.02727,5.1222,0.315197,2.38806,0.022899,0.16451,0.045466667,0.045466667,0.034624,0.134945,0.048161,0.13745,0.14976,0.08238,0.08238,0.050293333,0.14874,0.0152618,0.046172,0.0173825,0.07238
0,0,0,0,0,0,0,0,1.12625,3.7752,3.01891,5.0946,0.374663,2.28855,0.018715667,0.13802,0.03843,0.03843,0.029796,0.10644,0.03877,0.11628,0.12321,0.0643,0.0643,0.040713333,0.12134,0.012138,0.037624,0.014642,0.062005
0,0,0,0,0,0,0,0,1.030625,3.735,3.00238,4.6929,0.416296,2.12439,0.014302667,0.109543333,0.031118667,0.031118667,0.024038,0.084195,0.030331,0.08751,0.091875,0.05179,0.05179,0.030984667,0.096545,0.009706,0.027852,0.011233,0.0458045
0,0,0,0,0,0,0,0,0.23375,1.21131,2.19184,1.84122,0.576861,2.0199,0.041353333,0.050603333,0.015510333,0.015510333,0.0139552,0.0270905,0.0156785,0.0438255,0.045708,0.023883667,0.023883667,0.014938,0.048948,0.0055884,0.0150532,0.00872725,0.0193295
0,0,0,0,0,0,0,0,0.231625,1.15074,2.2002,1.91043,0.511445,1.91046,0.03568,0.0395,0.012421667,0.012421667,0.0094472,0.021991,0.0124805,0.0332805,0.040427,0.022141667,0.022141667,0.011979333,0.0409565,0.0044926,0.0127794,0.006721,0.016938
0,0,0,0,0,0,0,0,0.155125,1.12047,2.06777,2.07654,0.416296,1.80597,0.032993667,0.03405,0.011517667,0.011517667,0.00799,0.0194695,0.011286,0.027082,0.039779,0.020791,0.020791,0.00918,0.035706,0.004224,0.0096844,0.00587775,0.01756
0,0,0,0,0,0,0,0,0.172125,1.15074,1.919,2.31189,0.398446,1.74129,0.031900667,0.030275333,0.011517667,0.011517667,0.0073624,0.0177055,0.0101445,0.0245405,0.039354,0.02013,0.02013,0.008341,0.0358395,0.0040214,0.00969,0.00553225,0.013639
0,0,0,0,0,0,0,0,0.244375,1.2315,1.844463,2.36727,0.392496,1.66668,0.03296,0.030610667,0.013166,0.013166,0.0072394,0.0185175,0.0104025,0.023513,0.039396,0.018519333,0.018519333,0.007943667,0.034506,0.0041494,0.0089542,0.00567825,0.01499
0,0,0,0,0,0,0,0,0.286875,1.34253,1.736942,2.25651,0.392496,1.64676,0.037386667,0.036186667,0.014317,0.014317,0.008377,0.0220435,0.011733,0.0258725,0.043586,0.022141667,0.022141667,0.009167,0.038449,0.0051992,0.0106554,0.0071145,0.016066
0.0409785,0.096342,0.1021592,0.071496,0.0955281,0.095922,0.0716159,0.126381,0.244375,1.41318,1.770021,1.96581,0.416296,1.58208,0.0511,0.050186667,0.022820667,0.022820667,0.0107176,0.0277865,0.0178525,0.0357305,0.055937,0.028693,0.028693,0.012839333,0.05845,0.0095348,0.0143436,0.0114055,0.022294
0.27455,0.81891,0.715122,0.56067,0.463998,0.61551,0.36346,0.6414,0.197625,1.2315,1.877542,1.56432,0.434129,1.59702,0.081503333,0.08315,0.039356667,0.039356667,0.0177576,0.0374635,0.0230835,0.0382475,0.053655,0.024597333,0.024597333,0.012395,0.06927,0.0184894,0.02513,0.019432,0.0305305
0.754001,1.971,1.881893,1.56162,0.991661,1.40688,0.828971,1.46289,0.204,1.00941,1.381281,1.19055,0.404396,1.57215,0.11737,0.126253333,0.07077,0.07077,0.027066,0.063645,0.032407,0.05321,0.077856,0.039973333,0.039973333,0.017406333,0.095135,0.029132,0.03954,0.028015,0.041901
1.118702,2.92641,3.09168,2.49858,1.687658,2.14629,1.37683,2.4297,0.210375,0.89838,1.364732,0.99675,0.469812,1.52736,0.13613,0.14138,0.084986667,0.084986667,0.030734,0.07837,0.0339655,0.058975,0.092148,0.046506667,0.046506667,0.022332333,0.100855,0.03283,0.043122,0.0313275,0.0447355
1.397349,3.6852,4.2047,3.1872,2.46092,2.39808,1.663297,2.93523,0.223125,0.83781,1.745207,0.99675,0.642277,1.46766,0.139306667,0.14821,0.08409,0.08409,0.029332,0.064685,0.029923,0.070805,0.094,0.04846,0.04846,0.026777333,0.09179,0.0315,0.04686,0.0318225,0.05554
1.512082,4.227,4.78002,3.5559,2.62021,2.80575,1.80829,3.1911,0.29325,0.91857,2.39039,1.02444,0.898008,1.43781,0.13723,0.150986667,0.08589,0.08589,0.031926,0.048372,0.0265785,0.06746,0.088336,0.05248,0.05248,0.027111333,0.07542,0.029394,0.046172,0.0334675,0.05463
1.620678,4.488,5.13494,3.6876,2.67019,2.76579,1.92287,3.3933,0.34425,0.96903,2.82055,1.03827,1.076406,1.4577,0.12671,0.132073333,0.077936667,0.077936667,0.027512,0.061785,0.0289155,0.067465,0.086396,0.05197,0.05197,0.031257333,0.0722,0.026712,0.040472,0.0286825,0.0443485
1.548972,4.5,5.17788,3.7215,2.47469,2.97762,1.80115,3.1785,0.374,0.94887,3.10992,1.13517,1.260771,1.5174,0.11881,0.13077,0.068726667,0.068726667,0.03691,0.06545,0.0349885,0.0696,0.083919,0.04846,0.04846,0.041146667,0.07799,0.024748,0.04486,0.0254125,0.05277
1.477249,4.3032,4.90903,3.5259,2.42913,2.98962,1.77259,3.1281,0.2975,1.13055,2.97768,1.45359,1.421336,1.62189,0.130403333,0.14752,0.081423333,0.081423333,0.041148,0.053015,0.0383315,0.068645,0.085313,0.046023333,0.046023333,0.031663,0.06392,0.026734,0.043562,0.028135,0.045611
1.411697,3.906,4.27462,2.9238,2.06975,2.59392,1.584519,2.79621,0.231625,1.27188,3.10992,1.79967,1.338087,1.68657,0.132656667,0.142053333,0.082306667,0.082306667,0.039266,0.069855,0.036096,0.064125,0.085451,0.03819,0.03819,0.028916,0.0483045,0.02729,0.044276,0.03047,0.0461745
1.13509,3.2394,3.59708,2.54751,1.664912,2.02638,1.285523,2.26857,0.1615,1.36272,3.58967,2.02116,1.189405,1.83582,0.129623333,0.14003,0.083196667,0.083196667,0.03265,0.06534,0.0278535,0.07217,0.088859,0.05146,0.05146,0.024341333,0.0390085,0.026064,0.044264,0.0306275,0.050125
0.89947,2.28411,2.53251,1.79493,1.07355,1.31094,0.816425,1.44075,0.146625,1.04979,4.04453,2.1873,1.070473,1.95522,0.119696667,0.128826667,0.07118,0.07118,0.029102,0.061465,0.0308905,0.07388,0.096126,0.05197,0.05197,0.024826,0.042043,0.023818,0.043032,0.0296275,0.055995
0.440521,1.05174,1.268934,0.86547,0.600457,0.66348,0.444023,0.78357,0.14875,0.94887,4.17696,1.97964,1.02884,2.10945,0.1133,0.13669,0.058943333,0.058943333,0.027736,0.0533,0.0366225,0.08092,0.096637,0.048953333,0.048953333,0.028539333,0.05616,0.022438,0.04317,0.028265,0.07512
0.0799068,0.18867,0.21508,0.150516,0.1592118,0.179856,0.1217489,0.214851,0.136,1.09017,3.95352,1.55049,0.921791,2.35323,0.11225,0.14546,0.065516667,0.065516667,0.028642,0.063995,0.0372185,0.09839,0.11571,0.063203333,0.063203333,0.0384,0.088465,0.023972,0.046882,0.0271375,0.067325
0,0.0040143,0,0,0,0.0079935,0.00537132,0.0094788,0.138125,1.22139,3.85434,1.50897,0.862325,2.4975,0.117476667,0.172596667,0.069946667,0.069946667,0.034374,0.0849,0.0427615,0.134785,0.13635,0.087513333,0.087513333,0.055503333,0.12235,0.026654,0.053586,0.0272675,0.071355
0,0,0,0,0,0,0,0,0.138125,1.14066,3.96188,1.4259,0.874208,2.6418,0.118026667,0.165966667,0.065516667,0.065516667,0.037688,0.089615,0.0429485,0.108955,0.11572,0.070093333,0.070093333,0.044323333,0.1166,0.026202,0.050802,0.02643,0.07327
0,0,0,0,0,0,0,0,0.167875,1.13055,4.04453,1.49511,0.820692,2.87064,0.096176667,0.122443333,0.044803333,0.044803333,0.027512,0.06509,0.031911,0.089635,0.093252,0.05351,0.05351,0.034486667,0.09308,0.019496,0.040072,0.02139775,0.060545
0,0,0,0,0,0,0,0,0.274125,1.2012,4.15207,1.7166,0.820692,3.1344,0.076316667,0.09011,0.035123333,0.035123333,0.022792,0.05326,0.025658,0.0683,0.071724,0.039973333,0.039973333,0.024641333,0.07241,0.0159372,0.032186,0.0170685,0.0479105
0,0,0,0,0,0,0,0,0.363375,1.27188,4.09431,1.78584,0.898008,3.2835,0.065006667,0.070506667,0.028932333,0.028932333,0.0194342,0.0413835,0.021351,0.05028,0.057347,0.03145,0.03145,0.018482333,0.05527,0.0127202,0.023318,0.012567,0.0337655
0,0,0,0,0,0,0,0,0.363375,1.43337,3.73863,1.34283,0.927741,3.3483,0.054643333,0.057493333,0.021867,0.021867,0.0100032,0.029838,0.0172735,0.0377355,0.046739,0.019803,0.019803,0.012937,0.0319185,0.0113474,0.016014,0.0114595,0.0260545
0,0,0,0,0,0,0,0,0.357,1.41318,3.20093,1.38435,0.987207,3.3432,0.047706667,0.045296667,0.021631333,0.021631333,0.0085078,0.0257375,0.0150925,0.0338945,0.044499,0.017273667,0.017273667,0.011222667,0.0299215,0.0101874,0.0134464,0.01156175,0.02245
0,0,0,0,0,0,0,0,0.3655,1.31226,2.93626,1.46742,1.064523,3.3732,0.046086667,0.042936667,0.020471667,0.020471667,0.0087718,0.02633,0.01485,0.0307355,0.044949,0.016968333,0.016968333,0.010093,0.027477,0.0096252,0.0131324,0.0097295,0.020727
0,0,0,0,0,0,0,0,0.36975,1.35261,3.06033,1.24593,1.076406,3.3084,0.046446667,0.041776667,0.020243,0.020243,0.0077364,0.025278,0.014591,0.0272325,0.047763,0.016066333,0.016066333,0.009588667,0.0265035,0.009706,0.015094,0.0091885,0.023111
0,0,0,0,0,0,0.00179044,0.0031596,0.397375,1.42329,3.01891,1.12134,1.141822,3.204,0.05056,0.047306667,0.022820667,0.022820667,0.0089052,0.029508,0.0169405,0.029588,0.05018,0.017581333,0.017581333,0.010452667,0.0297475,0.011514,0.014323,0.01114725,0.024895
0.047124,0.108384,0.1397982,0.094074,0.1182724,0.051957,0.1092148,0.192732,0.4165,1.46367,2.7626,1.24593,1.296454,3.0897,0.058853333,0.057936667,0.028664333,0.028664333,0.009863,0.033731,0.019213,0.037281,0.060794,0.021800333,0.021800333,0.012952,0.0396285,0.0154776,0.019967,0.0147965,0.0254255
0.331925,0.72258,0.93556,0.74505,0.700536,0.39168,0.528173,0.93207,0.33575,1.27188,2.43998,1.06596,1.272671,2.91045,0.08929,0.09011,0.044803333,0.044803333,0.0175756,0.04921,0.025801,0.042248,0.065273,0.021461333,0.021461333,0.014015333,0.055145,0.023298,0.02915,0.0199775,0.0446335
0.852346,1.66995,2.15612,1.70085,1.555738,1.08312,1.113636,1.96524,0.306,1.34253,2.48957,0.99675,1.272671,2.65173,0.119726667,0.126893333,0.0597,0.0597,0.02362,0.068685,0.036551,0.056765,0.090372,0.032667333,0.032667333,0.020452667,0.07737,0.032264,0.048916,0.020113,0.0697
1.258017,2.42865,3.36585,2.49105,2.32458,1.55475,1.557659,2.74881,0.289,1.38291,3.12645,1.03827,1.510552,2.32836,0.131576667,0.142053333,0.0741,0.0741,0.026402,0.083615,0.0395085,0.06915,0.10161,0.040876667,0.040876667,0.027556333,0.07914,0.035592,0.04439,0.0311025,0.06969
1.579708,2.97459,4.24232,3.0705,3.03875,1.71063,1.85487,3.2733,0.24225,1.24158,3.02727,1.17672,1.665167,2.10945,0.13493,0.146143333,0.080106667,0.080106667,0.02446,0.07604,0.039911,0.072795,0.09576,0.03559,0.03559,0.031515667,0.074265,0.034858,0.045606,0.0308025,0.06177
1.717,3.4884,4.59724,3.5334,3.56643,1.79058,2.04646,3.6114,0.206125,1.13055,2.47304,1.45359,1.83175,1.95522,0.131933333,0.144776667,0.084986667,0.084986667,0.026622,0.06816,0.041941,0.068215,0.091976,0.034743333,0.034743333,0.028311,0.068765,0.034086,0.040816,0.02707,0.054655
1.84195,3.6249,4.82296,3.6537,3.75734,2.1303,2.14846,3.7914,0.17425,1.22139,2.48957,1.82736,1.7782,1.85076,0.12353,0.131423333,0.08589,0.08589,0.0165022,0.06189,0.0263745,0.064485,0.091804,0.03349,0.03349,0.03479,0.064985,0.030478,0.037268,0.0236535,0.05508
1.84399,3.5688,4.62954,3.6426,3.9848,2.36211,2.09661,3.6999,0.159375,1.36272,2.6467,2.35341,1.90893,1.68657,0.11695,0.136023333,0.077073333,0.077073333,0.02138,0.07701,0.041939,0.066525,0.087934,0.03349,0.03349,0.037393333,0.06333,0.028698,0.038364,0.02008825,0.067655
1.75593,3.7173,4.22085,3.6012,3.944,2.3901,1.99444,3.5196,0.1445,1.4031,2.6467,3.0042,2.05768,1.59204,0.127993333,0.13802,0.071593333,0.071593333,0.02138,0.061745,0.0404305,0.060055,0.082837,0.024957667,0.024957667,0.027953667,0.056415,0.033632,0.035096,0.023193,0.05463
1.667802,3.3279,3.39283,2.92005,3.298,2.0184,1.78143,3.1437,0.14025,1.3728,3.05197,3.7932,2.23601,1.45275,0.129823333,0.142733333,0.078366667,0.078366667,0.0159772,0.05074,0.028699,0.062905,0.081347,0.022141667,0.022141667,0.02736,0.05246,0.033416,0.038856,0.02541,0.042279
1.411697,2.74575,2.66684,2.08842,2.74754,1.78257,1.503956,2.65404,0.13175,1.28196,2.99421,5.3574,2.27766,1.25871,0.126876667,0.13936,0.074943333,0.074943333,0.024038,0.062,0.0261305,0.06629,0.087307,0.026423,0.026423,0.025039333,0.0477255,0.030804,0.044348,0.029225,0.047468
0.956828,1.95495,1.67219,1.54656,1.63761,1.239,0.990097,1.74723,0.119,1.24158,2.56405,6.2295,2.27766,1.08459,0.118973333,0.13669,0.07118,0.07118,0.022998,0.06299,0.0294025,0.06693,0.093597,0.03688,0.03688,0.025650667,0.049669,0.029072,0.043968,0.0277025,0.055515
0.444618,0.9273,0.715122,0.63216,0.891582,0.57555,0.50847,0.8973,0.091375,1.11036,2.39039,5.5791,2.23601,0.99006,0.112426667,0.137353333,0.06394,0.06394,0.02198,0.06158,0.0274165,0.076065,0.10382,0.04412,0.04412,0.032321,0.059125,0.026314,0.044432,0.0283175,0.05833
0.086054,0.200715,0.1451752,0.109125,0.218348,0.1239,0.123539,0.21801,0.07225,1.01952,2.29102,4.5408,2.42046,0.97512,0.115853333,0.14752,0.065913333,0.065913333,0.029564,0.072025,0.031799,0.0919,0.12293,0.054546667,0.054546667,0.035246667,0.079365,0.028298,0.051724,0.02744,0.06639
0.00204884,0.0080286,0,0,0.00454886,0,0.00716159,0.0126381,0.068,1.0599,2.38203,5.0667,2.35501,0.98508,0.11926,0.169633333,0.06631,0.06631,0.033384,0.08628,0.0371185,0.132505,0.1495,0.082343333,0.082343333,0.05786,0.106145,0.029058,0.05821,0.0265175,0.08023
0,0,0,0,0,0,0,0,0.068,0.95895,2.30774,5.8281,2.29551,0.9204,0.11852,0.16451,0.06238,0.06238,0.035378,0.09989,0.041975,0.108365,0.13256,0.070683333,0.070683333,0.0478,0.10508,0.027106,0.05289,0.02548,0.07279
0,0,0,0,0,0,0,0,0.061625,0.95895,2.17531,6.2295,2.17668,0.85074,0.094933333,0.13012,0.04885,0.04885,0.027736,0.07892,0.0336215,0.089215,0.10338,0.04995,0.04995,0.03405,0.07904,0.020822,0.041488,0.021252,0.05629
0,0,0,0,0,0,0,0,0.070125,0.96903,2.18367,6.5343,2.00413,0.75621,0.075606667,0.10075,0.03998,0.03998,0.021182,0.060055,0.027748,0.063,0.080251,0.037753333,0.037753333,0.023394667,0.05808,0.0158608,0.0319,0.016513,0.0458995
0,0,0,0,0,0,0,0,0.08925,1.0599,1.98512,5.6622,1.73655,0.71145,0.063456667,0.075446667,0.030565,0.030565,0.0159772,0.04499,0.022534,0.046964,0.067401,0.029079667,0.029079667,0.01706,0.0448355,0.0116048,0.021768,0.01349025,0.030303
0,0,0,0,0,0,0,0,0.099875,1.14066,2.00165,5.4543,1.403503,0.66666,0.051523333,0.05617,0.025034,0.025034,0.0102864,0.031635,0.017626,0.037209,0.052376,0.023179667,0.023179667,0.013619333,0.0451095,0.0100084,0.0161912,0.01035925,0.024367
0,0,0,0,0,0,0,0,0.112625,1.10028,1.629421,5.8005,1.165622,0.60696,0.04761,0.048943333,0.022820667,0.022820667,0.0104292,0.02776,0.016293,0.0327515,0.050172,0.019803,0.019803,0.010882667,0.040986,0.0087254,0.013946,0.00891925,0.021975
0,0,0,0,0,0,0,0,0.125375,1.0599,1.53843,6.2436,0.975307,0.54726,0.04665,0.046096667,0.020932,0.020932,0.009863,0.0264355,0.016138,0.0274785,0.04562,0.018204333,0.018204333,0.009254667,0.0356405,0.008466,0.0138382,0.0093035,0.0174045
0,0,0,0,0,0,0,0,0.129625,1.04979,1.571509,6.4926,0.844475,0.51243,0.046983333,0.043716667,0.022341333,0.022341333,0.0087718,0.0251315,0.015229,0.027104,0.045629,0.017581333,0.017581333,0.008952333,0.035429,0.008548,0.0123688,0.00921975,0.0173385
0,0,0,0,0,0,0.00179044,0.0031596,0.146625,1.00941,1.695579,5.8836,0.767159,0.49254,0.050286667,0.048943333,0.023061667,0.023061667,0.010573,0.0282645,0.017018,0.02874,0.04661,0.018519333,0.018519333,0.009524667,0.0382685,0.010077,0.014179,0.00997625,0.022969
0.0491742,0.056199,0.1397982,0.082785,0.0773313,0.063948,0.1145868,0.202212,0.1785,0.92868,1.8031,5.3991,0.618494,0.4776,0.060443333,0.059726667,0.028664333,0.028664333,0.0123658,0.0321775,0.0212435,0.0359975,0.055145,0.022141667,0.022141667,0.012395667,0.048812,0.0143072,0.0174208,0.012797,0.0239505
0.321674,0.46164,0.903298,0.54939,0.409411,0.39969,0.521016,0.91944,0.1785,0.70659,1.894091,5.2329,0.523345,0.46269,0.0922,0.089563333,0.0458,0.0458,0.0175756,0.047852,0.029309,0.040148,0.067891,0.025320333,0.025320333,0.013323333,0.06007,0.02163,0.026248,0.01907775,0.0369205
0.733499,1.14807,2.20457,1.32456,0.877948,1.10313,1.086776,1.91784,0.1785,0.50472,1.836198,5.3712,0.446029,0.45273,0.12358,0.133386667,0.06238,0.06238,0.028188,0.070035,0.041642,0.05787,0.091822,0.03602,0.03602,0.019124667,0.079605,0.032482,0.04025,0.028725,0.065265
1.087966,1.80642,3.28529,2.08089,1.232755,1.41486,1.54513,2.7267,0.187,0.46434,1.9437,6.0912,0.368713,0.45273,0.140173333,0.144776667,0.06954,0.06954,0.032408,0.084645,0.0401015,0.06812,0.099423,0.04412,0.04412,0.025143333,0.07892,0.035492,0.050688,0.0345575,0.06376
1.29285,2.32425,4.08101,2.65662,1.346485,1.80654,1.84229,3.2511,0.218875,0.38358,2.17531,6.8388,0.32708,0.44775,0.144396667,0.158033333,0.070356667,0.070356667,0.033384,0.083705,0.037534,0.07047,0.10085,0.039523333,0.039523333,0.026086667,0.07195,0.038306,0.046442,0.033525,0.072355
1.411697,2.81802,4.54879,3.2814,1.72397,2.38209,2.01603,3.5577,0.2635,0.35331,2.21673,7.2957,0.35088,0.40797,0.142986667,0.163786667,0.06954,0.06954,0.030734,0.063045,0.0299775,0.06789,0.089401,0.034323333,0.034323333,0.024136667,0.06986,0.037314,0.04633,0.0357175,0.06672
1.366613,3.0831,4.84443,3.4017,1.93324,2.45403,2.09661,3.6999,0.303875,0.33312,2.51446,7.4616,0.380613,0.36318,0.138496667,0.15449,0.068726667,0.068726667,0.038736,0.0653,0.0269235,0.06356,0.090775,0.033906667,0.033906667,0.022707,0.0652,0.03353,0.039828,0.036385,0.059565
1.362516,3.2877,4.38216,3.2964,1.93324,2.43405,2.10188,3.7092,0.3655,0.44415,3.03544,7.2126,0.440079,0.34329,0.129806667,0.153083333,0.057073333,0.057073333,0.031208,0.06191,0.030037,0.067125,0.089042,0.03688,0.03688,0.025882333,0.07073,0.0283,0.041462,0.032715,0.0803
1.272365,3.6609,3.94668,2.86737,2.06975,2.37009,1.94259,3.4281,0.414375,0.58545,3.325,6.0636,0.576861,0.37812,0.137236667,0.143413333,0.057446667,0.057446667,0.040336,0.064025,0.0400835,0.06186,0.089719,0.028693,0.028693,0.019779,0.063505,0.02917,0.03949,0.03695,0.063445
1.063384,3.384,3.73692,2.66415,1.96962,2.10231,1.73485,3.0615,0.469625,0.67632,3.55661,5.2467,0.612544,0.47265,0.131743333,0.15449,0.057446667,0.057446667,0.027288,0.0623,0.0256945,0.06043,0.088894,0.029860333,0.029860333,0.017553667,0.05839,0.02923,0.045918,0.039605,0.06333
0.772429,2.73774,3.6993,2.05833,1.74216,1.93845,1.448451,2.55609,0.5355,0.67632,3.78822,5.6067,0.570911,0.5622,0.130556667,0.160896667,0.063546667,0.063546667,0.025748,0.05705,0.03865,0.06173,0.078084,0.031853333,0.031853333,0.018676333,0.061295,0.03163,0.047318,0.03926,0.07512
0.461006,1.83855,2.67767,1.21167,1.332834,1.49082,1.042015,1.83885,0.544,0.64602,4.12737,7.3233,0.588761,0.54726,0.126763333,0.160896667,0.06046,0.06046,0.029102,0.059205,0.0415505,0.069285,0.088532,0.041333333,0.041333333,0.020177333,0.051455,0.027334,0.043332,0.03631,0.06507
0.213078,0.85503,1.177525,0.59454,0.896138,0.65946,0.422535,0.74565,0.512125,0.67632,3.91229,7.7385,0.719593,0.60198,0.11666,0.159463333,0.061223333,0.061223333,0.031208,0.064485,0.0345265,0.07532,0.088373,0.042716667,0.042716667,0.023176667,0.065765,0.024164,0.040128,0.030635,0.052865
0.0327828,0.172614,0.225834,0.105363,0.231999,0.17586,0.118167,0.20853,0.51425,0.70659,4.30103,7.3095,0.749326,0.6219,0.12084,0.177086667,0.068726667,0.068726667,0.033138,0.071345,0.03425,0.09195,0.10352,0.056653333,0.056653333,0.031808,0.09638,0.025638,0.04417,0.030575,0.051175
0,0.0040143,0,0,0.00454886,0.0039969,0.00537132,0.0094788,0.54825,0.64602,4.23491,7.1571,0.737426,0.58707,0.125313333,0.20844,0.069133333,0.069133333,0.039798,0.096005,0.0399365,0.13487,0.13886,0.090153333,0.090153333,0.05192,0.124955,0.026294,0.049788,0.0285025,0.05735
0,0,0,0,0,0,0,0,0.55675,0.5451,4.11901,7.185,0.785009,0.61692,0.124656667,0.196393333,0.07118,0.07118,0.04307,0.10892,0.047935,0.10228,0.11063,0.06603,0.06603,0.04339,0.111795,0.02668,0.052234,0.027595,0.06587
0,0,0,0,0,0,0,0,0.618375,0.55518,4.43327,7.3647,0.832592,0.6219,0.101503333,0.143413333,0.053423333,0.053423333,0.031686,0.075725,0.0350985,0.084375,0.093936,0.054546667,0.054546667,0.033683333,0.090585,0.021546,0.03984,0.02238275,0.05075
0,0,0,0,0,0,0,0,0.71825,0.62583,4.11901,7.7247,0.743376,0.67662,0.08058,0.10306,0.040606667,0.040606667,0.026402,0.058555,0.027527,0.06653,0.075821,0.040876667,0.040876667,0.024245,0.074295,0.0168414,0.031106,0.018553,0.039071
0,0,0,0,0,0,0,0,0.82025,0.75708,3.49049,7.6833,0.743376,0.78606,0.06365,0.072956667,0.029201667,0.029201667,0.0177576,0.0410075,0.0211815,0.0497735,0.055679,0.03145,0.03145,0.018346,0.057525,0.0133054,0.02242,0.014898,0.0273685
0,0,0,0,0,0,0,0,0.903125,0.90849,3.49866,7.6971,0.903941,0.79602,0.054626667,0.055733333,0.022580333,0.022580333,0.0128336,0.030128,0.016765,0.0390685,0.042713,0.023179667,0.023179667,0.013204,0.0457595,0.0104164,0.0157688,0.01151025,0.0223015
0,0,0,0,0,0,0,0,0.97325,1.04979,3.34989,7.0602,1.129939,0.73134,0.049256667,0.045296667,0.021631333,0.021631333,0.0113048,0.0254325,0.015044,0.03008,0.040672,0.017891667,0.017891667,0.010226,0.037708,0.0092788,0.0142294,0.0094885,0.0180465
0,0,0,0,0,0,0,0,1.009375,1.17093,3.33336,6.8802,1.236988,0.69153,0.046486667,0.039123333,0.020243,0.020243,0.0108632,0.0239575,0.013843,0.0278755,0.037648,0.016665333,0.016665333,0.009027,0.036117,0.0086968,0.0147334,0.0093675,0.015004
0,0,0,0,0,0,0,0,0.99875,1.16082,3.63926,6.3681,1.326187,0.70149,0.04737,0.040253333,0.020243,0.020243,0.0108632,0.0252195,0.0147435,0.02777,0.040926,0.017581333,0.017581333,0.007762333,0.0378085,0.0085768,0.0147196,0.0093315,0.0155785
0,0,0,0,0,0,0.00179044,0.0031596,0.9605,1.10028,3.70538,6.3957,1.409453,0.68658,0.05062,0.041776667,0.022820667,0.022820667,0.0120584,0.025384,0.0144215,0.029208,0.041141,0.018836667,0.018836667,0.008592,0.040807,0.0096324,0.0159436,0.01064725,0.0239285
0.0266356,0.116415,0.1451752,0.086547,0.1137232,0.17586,0.0913104,0.161136,0.924375,0.90849,3.08522,6.0081,1.36187,0.66666,0.058883333,0.05314,0.027867333,0.027867333,0.0137924,0.033549,0.020602,0.036488,0.047885,0.023530667,0.023530667,0.010974667,0.050875,0.0128118,0.0184688,0.0139905,0.023378
0.133178,0.86307,0.930183,0.4365,0.823361,0.68745,0.460139,0.81201,0.818125,0.59556,2.9279,5.856,1.308354,0.71643,0.090586667,0.09341,0.045466667,0.045466667,0.02362,0.0491315,0.0305265,0.038634,0.05683,0.024957667,0.024957667,0.010995667,0.062935,0.021752,0.030094,0.0217655,0.0407945
0.31348,2.0232,2.28513,0.74883,2.11531,1.61472,0.923848,1.63032,0.80325,0.31293,2.67976,6.0081,1.147772,0.76617,0.12529,0.144776667,0.065913333,0.065913333,0.032408,0.091585,0.045802,0.052345,0.073076,0.040876667,0.040876667,0.016583667,0.08205,0.030794,0.044544,0.031935,0.06339
0.608515,3.0429,3.25299,1.08372,2.99778,2.31816,1.274779,2.24961,0.788375,0.201885,2.48957,6.3681,0.927741,0.81096,0.137086667,0.16234,0.07326,0.07326,0.037168,0.083955,0.0381435,0.06208,0.085262,0.045543333,0.045543333,0.020887667,0.086445,0.034714,0.050726,0.0422675,0.05979
0.956828,3.681,4.40895,1.3923,3.37535,2.72583,1.521857,2.68563,0.782,0.181695,2.63853,6.8112,0.785009,0.801,0.137913333,0.16743,0.0788,0.0788,0.040606,0.0769,0.041679,0.07113,0.087045,0.038633333,0.038633333,0.023784,0.08945,0.034892,0.046988,0.04228,0.05136
1.163769,4.1829,5.00042,1.80996,3.91204,2.7498,1.82801,3.2259,0.822375,0.171603,2.84525,6.5895,0.796909,0.801,0.13449,0.160896667,0.077936667,0.077936667,0.038736,0.06944,0.0404435,0.071105,0.085136,0.037753333,0.037753333,0.023048333,0.08786,0.035248,0.046356,0.0445825,0.050755
1.333837,4.3836,5.38764,1.97931,4.01676,2.94564,1.97132,3.4788,0.894625,0.222072,2.98585,6.0219,0.921791,0.82587,0.11766,0.134043333,0.065516667,0.065516667,0.027288,0.06654,0.0400655,0.069255,0.08483,0.03645,0.03645,0.023224333,0.083885,0.032698,0.04038,0.0365625,0.046164
1.538721,4.4118,5.33387,2.17875,4.32599,2.97363,1.90502,3.3618,0.894625,0.33312,3.24235,6.0912,1.147772,0.97512,0.109043333,0.136023333,0.06394,0.06394,0.024886,0.064755,0.0441145,0.067915,0.079109,0.037316667,0.037316667,0.023525,0.08782,0.029352,0.043416,0.0306925,0.05125
1.637066,4.239,5.20486,1.98306,4.26241,2.77377,1.70986,3.0174,0.813875,0.47442,3.58967,6.2157,1.468919,1.02984,0.12275,0.13077,0.06394,0.06394,0.029564,0.05555,0.0337875,0.06303,0.072674,0.029468667,0.029468667,0.020019667,0.081535,0.032834,0.041232,0.03156,0.046623
1.637066,3.7935,4.68312,1.4412,3.96661,2.61792,1.419806,2.50554,0.869125,0.63594,3.10175,6.3543,1.397553,1.13433,0.124333333,0.142733333,0.077073333,0.077073333,0.023828,0.075885,0.0334615,0.065845,0.078932,0.030650333,0.030650333,0.020990667,0.07942,0.033474,0.042016,0.035665,0.0487195
1.372767,3.1473,3.75839,0.92943,3.298,1.97442,1.09752,1.9368,1.02425,0.77724,3.36642,7.1295,1.248871,1.16916,0.125253333,0.144776667,0.07368,0.07368,0.022182,0.07033,0.0378535,0.066355,0.081596,0.034323333,0.034323333,0.019700667,0.07858,0.03237,0.042974,0.035235,0.0469795
0.948634,2.23596,2.48938,0.63216,2.40176,1.31496,0.664241,1.17219,1.054,0.78735,3.31664,8.3892,1.040723,1.17414,0.117956667,0.133386667,0.07077,0.07077,0.028414,0.07194,0.029902,0.07277,0.085084,0.040423333,0.040423333,0.020114667,0.06556,0.031272,0.041374,0.0314225,0.043648
0.475337,1.05174,1.236672,0.255879,1.169073,0.70743,0.365245,0.64455,1.073125,0.74697,3.39948,8.4999,0.820692,1.17414,0.11034,0.133386667,0.06277,0.06277,0.030498,0.05927,0.0293485,0.079895,0.097237,0.04412,0.04412,0.023513667,0.08019,0.02892,0.044428,0.0311875,0.051005
0.0962982,0.184656,0.263473,0.033867,0.250189,0.21183,0.1110066,0.195894,1.0285,0.75708,3.31664,7.7385,0.67201,1.17414,0.11417,0.146143333,0.06631,0.06631,0.034126,0.069835,0.0349425,0.09175,0.10849,0.05351,0.05351,0.028246667,0.08986,0.030166,0.04876,0.0327675,0.05441
0.00204884,0,0.00537681,0,0.00454886,0.0079935,0.00537132,0.0094788,0.8925,0.70659,3.02727,6.5343,0.529278,1.19403,0.118136667,0.163786667,0.06433,0.06433,0.037688,0.07536,0.04005,0.128285,0.13735,0.08171,0.08171,0.046993333,0.115415,0.03125,0.054112,0.0322275,0.05649
0,0,0,0,0,0,0,0,0.76075,0.5451,2.73771,5.7729,0.440079,1.20399,0.119643333,0.174086667,0.058943333,0.058943333,0.040606,0.087585,0.047119,0.10568,0.12377,0.066603333,0.066603333,0.03948,0.114955,0.028824,0.053974,0.03019,0.05971
0,0,0,0,0,0,0,0,0.6885,0.50472,2.91137,5.3712,0.374663,1.2189,0.09948,0.13802,0.047483333,0.047483333,0.031208,0.06805,0.0376305,0.08612,0.093089,0.047966667,0.047966667,0.030509333,0.089585,0.022432,0.045866,0.02495725,0.049878
0,0,0,0,0,0,0,0,0.652375,0.55518,2.88667,5.2467,0.303297,1.27362,0.080636667,0.106573333,0.03691,0.03691,0.025964,0.05229,0.0299675,0.06969,0.066798,0.03688,0.03688,0.023371,0.07436,0.017623,0.03442,0.020411,0.039928
0,0,0,0,0,0,0,0,0.64175,0.62583,3.05197,5.1084,0.309247,1.16916,0.064176667,0.070506667,0.030565,0.030565,0.0194342,0.03909,0.02143,0.052025,0.054372,0.028693,0.028693,0.016806333,0.057115,0.0134764,0.02128,0.01501675,0.023938
0,0,0,0,0,0,0,0,0.605625,0.6864,3.25888,4.9284,0.32708,1.25373,0.054876667,0.051023333,0.023548,0.023548,0.014449,0.029799,0.017103,0.037578,0.040907,0.021125,0.021125,0.011615667,0.045439,0.0102686,0.0163728,0.01116475,0.023348
0,0,0,0,0,0,0,0,0.575875,0.77724,3.22582,4.9008,0.273564,1.53234,0.050626667,0.042546667,0.020471667,0.020471667,0.0125208,0.0270985,0.017758,0.0331055,0.038941,0.018519333,0.018519333,0.009958667,0.0423255,0.0092686,0.014118,0.00931225,0.020714
0,0,0,0,0,0,0,0,0.54825,0.83781,3.42418,4.7898,0.208148,1.73631,0.049266667,0.041393333,0.020932,0.020932,0.0114538,0.0255265,0.0161175,0.0287605,0.03539,0.016665333,0.016665333,0.008479333,0.039047,0.0086826,0.0144288,0.00931925,0.019551
0,0,0,0,0,0,0,0,0.482375,0.81762,3.55661,4.8315,0.184365,2.02488,0.049153333,0.042936667,0.021164,0.021164,0.0117544,0.0253675,0.016534,0.027475,0.037677,0.016665333,0.016665333,0.008116333,0.038702,0.0089188,0.014157,0.00894925,0.0198665
0,0,0,0,0,0,0.00179044,0.0031596,0.459,0.82773,3.63109,4.7484,0.231931,2.29353,0.051293333,0.0449,0.021397333,0.021397333,0.0123658,0.0269535,0.017717,0.029555,0.039402,0.017891667,0.017891667,0.008924667,0.0431135,0.0101594,0.0147936,0.00936175,0.022428
0.0532712,0.136485,0.1182902,0.0112887,0.177412,0.095922,0.1056346,0.186414,0.4675,0.72678,3.82945,4.6515,0.315197,2.4378,0.060636667,0.05705,0.028132,0.028132,0.014119,0.032684,0.0241395,0.0363475,0.047111,0.022141667,0.022141667,0.011288667,0.05346,0.0136006,0.0195382,0.012837,0.025576
0.27251,0.89118,0.801154,0.116652,0.914328,0.41568,0.458354,0.80886,0.431375,0.57537,3.69721,4.2222,0.368713,2.42787,0.0943,0.097893333,0.049193333,0.049193333,0.02198,0.05488,0.033778,0.03818,0.048155,0.022485333,0.022485333,0.01085,0.062585,0.0218,0.029922,0.02027375,0.0382525
0.719168,2.01516,2.00013,0.32739,1.91505,0.88728,1.011585,1.78515,0.337875,0.41385,3.51519,4.1946,0.416296,2.44278,0.123046667,0.13077,0.06671,0.06671,0.03097,0.0795,0.04519,0.053055,0.073237,0.03645,0.03645,0.018078667,0.081195,0.032026,0.0416,0.0327525,0.0448895
1.241629,2.94246,3.09168,0.54186,2.77491,1.39887,1.432335,2.52765,0.43775,0.282639,3.49049,4.3191,0.523345,2.56716,0.13572,0.144776667,0.075366667,0.075366667,0.03363,0.078025,0.0419145,0.06343,0.081629,0.040423333,0.040423333,0.021498333,0.076065,0.034112,0.045116,0.0369425,0.045095
1.5674,3.6168,4.24764,0.80151,2.9614,1.67466,1.72414,3.0426,0.58225,0.222072,3.36642,4.2639,0.642277,2.61693,0.1336,0.14546,0.07452,0.07452,0.031446,0.07567,0.038066,0.0646,0.081936,0.03645,0.03645,0.022649333,0.066205,0.032822,0.04892,0.04231,0.0466785
1.81322,4.0104,4.70478,1.09125,3.3252,1.78656,1.93001,3.4059,0.6205,0.232167,3.48213,4.3884,0.69581,2.62188,0.130683333,0.13012,0.072426667,0.072426667,0.034126,0.069455,0.032451,0.065805,0.078187,0.034743333,0.034743333,0.022914667,0.068525,0.030428,0.044424,0.0391675,0.052155
1.91573,4.1589,5.12943,1.18908,3.81208,2.16228,2.05547,3.6273,0.614125,0.292731,3.26705,5.136,0.731476,2.58705,0.123223333,0.121813333,0.06832,0.06832,0.028872,0.06045,0.033619,0.065475,0.086534,0.032259,0.032259,0.021984333,0.06887,0.029138,0.042992,0.04296,0.055485
1.92389,4.2432,4.97363,1.24176,3.69376,2.16228,2.00702,3.5418,0.643875,0.44415,3.0685,5.3574,0.838525,2.66667,0.111616667,0.126253333,0.058943333,0.058943333,0.025964,0.05337,0.03195,0.063455,0.086902,0.033906667,0.033906667,0.021951667,0.068775,0.02577,0.040016,0.0353875,0.05986
1.82563,4.0986,4.83911,1.19661,3.4663,2.1183,1.91029,3.3711,0.580125,0.63594,3.08522,5.3436,0.939624,2.71143,0.119243333,0.119933333,0.063156667,0.063156667,0.021578,0.053615,0.0296085,0.059245,0.08703,0.029079667,0.029079667,0.020005667,0.0596,0.028258,0.037308,0.0353525,0.053755
1.624775,3.5967,4.46272,1.07997,3.27063,1.71063,1.73128,3.0552,0.57375,0.8883,2.85361,5.3436,1.01694,2.79105,0.12221,0.11745,0.06671,0.06671,0.022588,0.054895,0.0337415,0.06441,0.093408,0.029079667,0.029079667,0.020593,0.064185,0.030734,0.038936,0.0339425,0.046418
1.335877,2.78991,3.57561,0.82785,2.61103,1.37091,1.475311,2.60349,0.597125,1.14066,2.68812,4.9422,1.112089,2.62188,0.122116667,0.11499,0.07452,0.07452,0.024038,0.056685,0.033696,0.069085,0.090381,0.033078,0.033078,0.020546333,0.06219,0.027902,0.037696,0.0304475,0.046029
0.909704,2.01516,2.35505,0.57948,1.7969,0.96324,1.136909,2.00631,0.59925,1.35261,2.33244,4.0146,1.052623,2.50248,0.114226667,0.121186667,0.07118,0.07118,0.024886,0.05451,0.0337315,0.07126,0.093732,0.039076667,0.039076667,0.020519333,0.06242,0.026542,0.038544,0.02758,0.04961
0.434367,0.95139,1.080739,0.225777,0.987122,0.39969,0.662456,1.16904,0.527,1.44348,1.819649,3.8763,0.981257,2.39802,0.10772,0.133386667,0.065913333,0.065913333,0.024038,0.051595,0.029669,0.077725,0.097478,0.044593333,0.044593333,0.024528333,0.071995,0.023106,0.035744,0.02376025,0.0483905
0.0819553,0.216771,0.220457,0.037629,0.300237,0.075939,0.170085,0.30015,0.4845,1.5444,1.695579,3.9453,1.03479,2.28357,0.11172,0.13802,0.065913333,0.065913333,0.032894,0.06079,0.030784,0.091785,0.10696,0.050953333,0.050953333,0.029713333,0.08794,0.024624,0.041492,0.0259175,0.0477855
0.00204884,0.0040143,0.00537681,0,0.00454886,0,0.00716159,0.0126381,0.524875,1.61508,1.447458,3.2256,0.993157,2.04477,0.115406667,0.165966667,0.068726667,0.068726667,0.03821,0.071775,0.035108,0.12595,0.13511,0.07857,0.07857,0.046243333,0.11209,0.025636,0.050832,0.02872,0.05577
0,0,0,0,0,0,0,0,0.495125,1.53432,1.075248,2.9487,1.064523,1.9005,0.11309,0.166696667,0.065516667,0.065516667,0.041148,0.077195,0.0370765,0.104045,0.11116,0.070093333,0.070093333,0.04199,0.11861,0.024316,0.052088,0.02697,0.057595
0,0,0,0,0,0,0,0,0.444125,1.3728,1.000806,3.0732,1.118039,1.91046,0.091403333,0.132073333,0.05164,0.05164,0.03265,0.06069,0.030393,0.08219,0.090208,0.05146,0.05146,0.029946667,0.091545,0.0195798,0.044378,0.02288225,0.04311
0,0,0,0,0,0,0,0,0.456875,1.4031,1.009071,3.9732,1.118039,1.9602,0.076346667,0.101323333,0.040923333,0.040923333,0.026844,0.0487485,0.023794,0.063915,0.073206,0.038633333,0.038633333,0.022443,0.07481,0.0162276,0.032394,0.018786,0.0328345
0,0,0,0,0,0,0,0,0.427125,1.51413,1.066983,4.2222,1.094256,1.9005,0.06041,0.072956667,0.029201667,0.029201667,0.020008,0.0366065,0.0177315,0.045939,0.052367,0.027170333,0.027170333,0.015868333,0.05679,0.012528,0.02053,0.01381,0.022533
0,0,0,0,0,0,0,0,0.380375,1.67565,1.141425,4.0008,1.046673,1.99005,0.05115,0.057936667,0.024038667,0.024038667,0.0181242,0.028738,0.0145265,0.03501,0.045726,0.021800333,0.021800333,0.011892667,0.0456095,0.0090636,0.0159138,0.0116875,0.0174675
0,0,0,0,0,0,0,0,0.374,1.69584,1.100062,3.9315,1.213188,1.99503,0.0447,0.045696667,0.021397333,0.021397333,0.015804,0.023087,0.0132515,0.029113,0.04348,0.019156333,0.019156333,0.009473333,0.040615,0.007457,0.0149698,0.00927125,0.015984
0,0,0,0,0,0,0,0,0.36125,1.58478,1.017355,3.987,1.201305,1.97511,0.04225,0.03838,0.021631333,0.021631333,0.0146154,0.0210485,0.01223,0.025673,0.040171,0.017581333,0.017581333,0.008548667,0.0383265,0.0070652,0.0131872,0.008468,0.015553
0,0,0,0,0,0,0,0,0.295375,1.46367,1.091797,4.6098,1.112089,1.8408,0.04036,0.035826667,0.019340667,0.019340667,0.0131496,0.0194695,0.0111625,0.0242135,0.038011,0.015477,0.015477,0.007903,0.0369475,0.0069032,0.0131372,0.00791075,0.0147575
0,0,0,0,0,0,0.00179044,0.0031596,0.26775,1.30215,1.282025,4.956,1.070473,1.74627,0.042816667,0.039123333,0.020471667,0.020471667,0.014119,0.0215885,0.0131,0.0255945,0.037615,0.016968333,0.016968333,0.008737667,0.0405035,0.0074706,0.013853,0.00803625,0.017552
0.0614669,0.124443,0.1451752,0.045156,0.1546643,0.03597,0.0966824,0.170616,0.26775,1.26177,1.530165,5.0391,1.213188,1.79601,0.043053333,0.036913333,0.017591667,0.017591667,0.0119058,0.0234785,0.013407,0.029153,0.042297,0.020459333,0.020459333,0.010596667,0.0492365,0.0078042,0.0133114,0.00778625,0.0157175
0.344216,0.80688,1.048477,0.33489,0.532219,0.195843,0.454767,0.80253,0.24225,1.06998,1.687314,4.5546,1.106139,1.75623,0.055533333,0.054,0.025034,0.025034,0.0177576,0.033499,0.020563,0.0289045,0.041244,0.020791,0.020791,0.010500333,0.05474,0.0102854,0.0187232,0.01163525,0.026719
0.723265,1.95897,2.47342,0.82407,1.082645,0.39969,0.948923,1.67457,0.291125,0.78735,1.736942,4.6098,1.183455,1.58208,0.07236,0.080026667,0.034536667,0.034536667,0.023204,0.05263,0.028059,0.040644,0.051308,0.029468667,0.029468667,0.016708667,0.063915,0.0131634,0.027856,0.016972,0.0380345
1.171963,2.95851,3.77454,1.24554,1.523897,0.80736,1.51827,2.6793,0.3655,0.60564,1.869277,5.0529,1.320237,1.64178,0.085643333,0.09341,0.038736667,0.038736667,0.026402,0.06575,0.030698,0.0482575,0.061606,0.03559,0.03559,0.023229,0.067795,0.0153358,0.033778,0.022883,0.0494705
1.458821,3.6732,4.69395,1.67451,2.15611,1.07913,1.89601,3.3459,0.38675,0.59556,2.05124,4.6653,1.462969,1.70646,0.091483333,0.108946667,0.04647,0.04647,0.028642,0.066315,0.0276015,0.055665,0.066843,0.03349,0.03349,0.023336667,0.067685,0.0163706,0.034364,0.023941,0.05111
1.639123,4.1427,5.2478,2.20509,2.74295,1.24302,2.14489,3.7851,0.425,0.59556,2.31591,4.3332,1.528385,1.74129,0.0866,0.11316,0.046133333,0.046133333,0.025314,0.05908,0.033115,0.053305,0.071088,0.03349,0.03349,0.025043,0.063585,0.0146284,0.030818,0.02195025,0.0364395
1.637066,4.3956,5.68328,2.29164,2.75672,1.33494,2.26661,3.9999,0.48875,0.64602,2.622,4.1808,1.415386,1.74627,0.080206667,0.11316,0.044473333,0.044473333,0.0198164,0.05631,0.0272085,0.05407,0.075306,0.031049,0.031049,0.024576333,0.0628,0.0128112,0.03025,0.01928975,0.0330825
1.538721,4.3476,5.80697,2.29539,2.60661,1.26699,2.22904,3.9336,0.546125,0.79743,2.87831,4.3053,1.314287,1.58706,0.070953333,0.101323333,0.026562,0.026562,0.021578,0.05479,0.023856,0.052075,0.065166,0.028308667,0.028308667,0.021610667,0.061175,0.011099,0.026686,0.01354575,0.0293295
1.530527,4.1346,5.79614,1.95672,2.52008,1.34292,2.15203,3.7977,0.571625,0.98922,2.6467,4.6929,1.451069,1.38309,0.066526667,0.091753333,0.028664333,0.028664333,0.014449,0.05428,0.0164905,0.0466645,0.061675,0.025320333,0.025320333,0.020783667,0.054285,0.0111984,0.027572,0.01378825,0.0330875
1.405543,3.6408,5.14026,1.72719,2.15611,1.14708,1.9856,3.504,0.626875,1.24158,2.67976,4.527,1.593801,1.12935,0.06463,0.081583333,0.03542,0.03542,0.0183086,0.051805,0.0147935,0.048825,0.062488,0.026053333,0.026053333,0.020854333,0.05095,0.0109686,0.02631,0.0131845,0.031661
0.993718,2.79795,4.37133,1.52775,1.74675,0.67146,1.634652,2.88468,0.629,1.48386,2.77077,4.1946,1.629484,1.06965,0.062866667,0.084733333,0.034246667,0.034246667,0.014449,0.05419,0.019373,0.05416,0.056499,0.029468667,0.029468667,0.02121,0.05086,0.0106864,0.02585,0.01174425,0.0364445
0.680238,1.87065,3.02176,1.03857,1.100835,0.49959,1.192414,2.10426,0.56525,1.71603,2.60547,4.1115,1.528385,1.05969,0.067796667,0.103643333,0.039666667,0.039666667,0.0186804,0.06038,0.021896,0.059565,0.064808,0.039076667,0.039076667,0.022996667,0.052135,0.0099018,0.027298,0.01304525,0.0423575
0.340119,0.78681,1.446375,0.47412,0.518585,0.26379,0.666043,1.17537,0.5185,1.65546,2.43181,4.167,1.183455,0.99999,0.067603333,0.1019,0.03843,0.03843,0.0190556,0.06217,0.027469,0.0706,0.07031,0.04365,0.04365,0.026267667,0.06651,0.0102664,0.028984,0.01460925,0.0415205
0.0696626,0.18867,0.279604,0.109125,0.1455659,0.071943,0.186201,0.32859,0.51,1.58478,2.34897,4.5546,0.903941,1.02984,0.076836667,0.11745,0.043166667,0.043166667,0.022998,0.06489,0.0330185,0.0787,0.078585,0.05146,0.05146,0.029742333,0.081845,0.01189,0.033574,0.0150515,0.035916
0,0.0040143,0.00537681,0,0.00454886,0,0.01074247,0.0189573,0.53975,1.38291,2.15878,4.9698,0.773109,1.16916,0.082213333,0.13273,0.046133333,0.046133333,0.0251,0.074815,0.037209,0.1181,0.10924,0.082983333,0.082983333,0.051486667,0.10697,0.0135322,0.042016,0.01747325,0.0424105
0,0,0,0,0,0,0,0,0.5185,1.17093,2.04288,5.3712,0.642277,1.40298,0.08025,0.13669,0.043816667,0.043816667,0.030262,0.084295,0.041882,0.09493,0.093287,0.06718,0.06718,0.040816667,0.10725,0.0137264,0.044124,0.0175365,0.047704
0,0,0,0,0,0,0,0,0.456875,1.09017,1.99329,6.0081,0.606594,1.50249,0.067216667,0.105983333,0.032522667,0.032522667,0.023204,0.06547,0.032326,0.07576,0.076272,0.046023333,0.046023333,0.029341333,0.08211,0.0110714,0.033532,0.01449625,0.0393105
0,0,0,0,0,0,0,0,0.4165,0.94887,1.770021,5.9529,0.642277,1.62687,0.056993333,0.083676667,0.025538667,0.025538667,0.0194342,0.052475,0.025541,0.05445,0.052213,0.031853333,0.031853333,0.020848333,0.060055,0.0083728,0.027962,0.01141925,0.031219
0,0,0,0,0,0,0,0,0.405875,0.80754,1.554979,5.856,0.707693,1.85571,0.046466667,0.059726667,0.019340667,0.019340667,0.016679,0.0405885,0.0206215,0.0399235,0.040841,0.024957667,0.024957667,0.015472333,0.048744,0.0062644,0.021558,0.0082715,0.026943
0,0,0,0,0,0,0,0,0.408,0.73689,1.488802,5.6343,0.67201,2.03979,0.038896667,0.046096667,0.016122333,0.016122333,0.0122116,0.0298245,0.016767,0.0307985,0.035689,0.019156333,0.019156333,0.010924333,0.0370055,0.0051856,0.0170384,0.00705825,0.0225945
0,0,0,0,0,0,0,0,0.425,0.7167,1.480537,5.5236,0.660127,1.9602,0.033583333,0.037643333,0.013736333,0.013736333,0.0111568,0.0275225,0.015319,0.025805,0.032002,0.016364667,0.016364667,0.009285667,0.032169,0.004454,0.0139474,0.00608925,0.018865
0,0,0,0,0,0,0,0,0.410125,0.69651,1.563244,5.7174,0.654177,1.74129,0.031290333,0.032311,0.012421667,0.012421667,0.0104292,0.023621,0.014078,0.022278,0.032323,0.015186,0.015186,0.008136333,0.029737,0.0039482,0.0117154,0.005346,0.0161885
0,0,0,0,0,0,0,0,0.374,0.64602,1.455723,4.9977,0.553078,1.602,0.030208333,0.030947667,0.011340333,0.011340333,0.0100032,0.021655,0.0137195,0.0206665,0.029747,0.014327,0.014327,0.007331667,0.0293495,0.0038202,0.0118958,0.00516375,0.0187055
0,0,0,0.0037629,0,0,0.00179044,0.0031596,0.36975,0.53499,1.000806,4.8867,0.463862,1.50747,0.031359333,0.029609333,0.011875667,0.011875667,0.0108632,0.021318,0.0140885,0.0206905,0.030137,0.014897333,0.014897333,0.007489667,0.03075,0.0044544,0.0124428,0.00547025,0.0184575
0.0245871,0.056199,0.1559273,0.071496,0.054587,0.119904,0.1217489,0.214851,0.388875,0.47442,0.860206,5.0946,0.612544,1.5423,0.028650667,0.025430333,0.010300667,0.010300667,0.0086394,0.018999,0.014297,0.021878,0.031254,0.014611,0.014611,0.007513333,0.0334495,0.003878,0.0111394,0.005082,0.015119
0.1475209,0.48171,1.193656,0.52305,0.436696,0.50361,0.551446,0.97314,0.3825,0.39366,0.77748,4.3332,0.636327,1.5174,0.031725667,0.033001667,0.011340333,0.011340333,0.0110094,0.0233815,0.0158915,0.017553,0.027062,0.012142,0.012142,0.006295,0.0342555,0.0045768,0.0127334,0.00627475,0.0234305
0.385186,1.07583,2.81751,1.19661,0.964376,1.18704,1.140496,2.01264,0.388875,0.222072,0.736136,3.8208,0.749326,1.40298,0.039666667,0.045296667,0.015108,0.015108,0.014119,0.029392,0.0216095,0.0239265,0.031827,0.018836667,0.018836667,0.010353333,0.0424075,0.005509,0.01778,0.00830625,0.036796
0.58803,1.70607,4.12395,1.81374,1.81951,1.92246,1.584519,2.79621,0.461125,0.161508,0.463182,4.1808,1.052623,1.26369,0.051666667,0.063383333,0.020932,0.020932,0.02198,0.046717,0.034292,0.0324725,0.043586,0.027170333,0.027170333,0.015760333,0.0482275,0.0066514,0.022374,0.01062475,0.041205
0.78268,2.41257,5.05419,2.52492,2.41553,2.77377,1.86031,3.2829,0.52275,0.161508,0.0661694,4.1115,1.272671,1.31841,0.061513333,0.084203333,0.025285667,0.025285667,0.021182,0.05383,0.033228,0.0393305,0.057036,0.029860333,0.029860333,0.019925667,0.05858,0.0077334,0.023246,0.01147925,0.03685
0.86054,3.0909,5.67796,2.7093,2.67937,3.5253,2.10732,3.7188,0.4845,0.131226,0.0496261,4.347,1.451069,1.81095,0.062096667,0.082626667,0.028932333,0.028932333,0.0131496,0.051985,0.0342385,0.051495,0.074357,0.040876667,0.040876667,0.027207333,0.07924,0.0080042,0.023214,0.011166,0.0406865
0.792931,3.4644,6.01673,3.0855,3.08873,3.7449,2.20218,3.8862,0.5355,0.141318,0.0330847,4.6239,1.7068,2.04477,0.06541,0.08794,0.026048,0.026048,0.0146154,0.0466865,0.034344,0.069925,0.076292,0.059886667,0.059886667,0.034686667,0.08351,0.0090216,0.024796,0.011478,0.0419175
0.819553,3.4041,5.95745,2.76576,2.98418,3.6492,2.23091,3.9369,0.592875,0.201885,0.0330847,4.7067,1.647334,2.26368,0.055126667,0.07595,0.021631333,0.021631333,0.0161514,0.0395805,0.0270325,0.06527,0.056836,0.054026667,0.054026667,0.029061333,0.06893,0.0078472,0.022528,0.0097825,0.03894
0.889219,3.1191,5.60804,2.33301,2.68379,3.3612,2.14846,3.7914,0.520625,0.31293,0.024814,5.2053,1.03479,2.3781,0.053486667,0.07395,0.027080667,0.027080667,0.014449,0.0351875,0.0266465,0.038989,0.04128,0.032259,0.032259,0.018705667,0.045341,0.0066806,0.0191678,0.00927,0.028843
0.813416,2.93844,5.11328,2.20884,2.31081,2.78178,1.92117,3.3903,0.482375,0.44415,0.463182,5.0805,0.999107,2.33832,0.050176667,0.071973333,0.024783333,0.024783333,0.0102864,0.0345955,0.0284085,0.033281,0.042198,0.028693,0.028693,0.016354333,0.021717,0.0068836,0.0190586,0.0096165,0.0271075
0.635154,2.45271,4.15625,2.24271,2.006,2.22222,1.51827,2.6793,0.54825,0.57537,1.02562,4.1946,1.439186,2.11941,0.0472,0.06525,0.026820667,0.026820667,0.009863,0.033348,0.024443,0.034813,0.04152,0.03145,0.03145,0.015612,0.029425,0.0070916,0.021012,0.00959,0.029806
0.448715,1.63782,2.8443,1.41864,1.71037,1.70664,1.165554,2.05686,0.614125,0.57537,1.472272,3.6963,1.77225,2.11941,0.0481,0.069053333,0.024534,0.024534,0.0123658,0.0323585,0.019013,0.03804,0.041793,0.033906667,0.033906667,0.016271667,0.033843,0.0070046,0.021856,0.0111315,0.038284
0.186456,0.78681,1.306573,0.76764,0.937074,0.80337,0.58905,1.0395,0.626875,0.48453,1.861012,3.7932,2.19453,2.34825,0.052863333,0.068093333,0.023304333,0.023304333,0.0126768,0.039376,0.022251,0.041535,0.04614,0.026423,0.026423,0.018075667,0.04182,0.0079854,0.020398,0.01102425,0.0390295
0.0512227,0.176628,0.263473,0.161805,0.254745,0.187851,0.171887,0.30333,0.631125,0.39366,1.745207,4.1532,2.53946,2.42289,0.06079,0.079,0.028932333,0.028932333,0.0149506,0.044088,0.0299945,0.050155,0.059712,0.027927,0.027927,0.023535,0.06259,0.0091654,0.024378,0.012107,0.0366105
0.00204884,0,0.00537681,0.0037629,0.00909789,0.0079935,0.00716159,0.0126381,0.575875,0.32301,1.654235,4.3608,2.27766,2.41791,0.067226667,0.097893333,0.03631,0.03631,0.020202,0.053675,0.0327555,0.078215,0.082365,0.054026667,0.054026667,0.038446667,0.084995,0.01095,0.03205,0.014728,0.04041
0,0,0,0,0,0,0,0,0.63325,0.282639,1.612872,4.596,2.07553,2.45772,0.071996667,0.116216667,0.03843,0.03843,0.026402,0.071805,0.039833,0.071455,0.080708,0.05146,0.05146,0.03498,0.091355,0.012372,0.035154,0.01512125,0.0485215
0,0,0,0,0,0,0,0,0.584375,0.242262,1.621137,4.7067,1.85555,2.50746,0.062166667,0.09341,0.030016333,0.030016333,0.022182,0.055885,0.0325285,0.056585,0.066155,0.040876667,0.040876667,0.027033333,0.067885,0.010325,0.031382,0.01283675,0.0426675
0,0,0,0,0,0,0,0,0.461125,0.272544,1.6625,4.7898,1.96843,2.45772,0.051726667,0.070993333,0.023548,0.023548,0.0168566,0.0443325,0.0262305,0.045433,0.054198,0.029079667,0.029079667,0.018463667,0.056235,0.007669,0.025558,0.010359,0.034556
0,0,0,0,0,0,0,0,0.9605,1.31226,0.967727,1.07979,0.1486752,2.47761,0.063256667,0.12056,0.029472,0.029472,0.03447,0.13747,0.069795,0.083115,0.097552,0.056703333,0.056703333,0.034686667,0.116105,0.0067204,0.042428,0.012451,0.095395
0,0,0,0,0,0,0,0,0.92225,1.62516,0.90155,1.23207,0.136782,2.36817,0.054566667,0.0962,0.023304333,0.023304333,0.029886,0.116745,0.058505,0.06874,0.077294,0.049036667,0.049036667,0.030007,0.101045,0.005615,0.03167,0.0080745,0.077005
0,0,0,0,0,0,0,0,0.928625,1.76649,0.942913,1.39821,0.1605701,2.12934,0.048956667,0.080543333,0.020243,0.020243,0.025956,0.10311,0.05193,0.058785,0.067243,0.042213333,0.042213333,0.02538,0.090675,0.005237,0.027268,0.0070045,0.06537
0,0,0,0,0,0,0,0,0.937125,1.67565,1.017355,1.46742,0.196248,1.96518,0.044893333,0.072463333,0.018676,0.018676,0.023802,0.09342,0.046935,0.05347,0.063246,0.038166667,0.038166667,0.022562333,0.083835,0.0053338,0.024908,0.0069655,0.05587
0,0,0,0,0,0,0,0,0.8755,1.52424,1.050434,1.68894,0.208148,1.99005,0.043473333,0.068093333,0.018022,0.018022,0.021954,0.085195,0.044528,0.05236,0.06128,0.037513333,0.037513333,0.021877667,0.083255,0.0056946,0.0241,0.00657675,0.054415
0,0,0,0,0,0,0,0,0.7395,1.5444,0.975992,1.77198,0.220048,2.10447,0.044786667,0.069053333,0.017806333,0.017806333,0.02183,0.084195,0.045724,0.055025,0.063697,0.039776667,0.039776667,0.022525333,0.086785,0.0065044,0.025182,0.0072095,0.05783
0.0225386,0.032115,0.0914052,0.056445,0.0955281,0.051957,0.00716159,0.0126381,0.707625,1.5444,0.88502,1.97964,0.208148,2.16417,0.047803333,0.074946667,0.020243,0.020243,0.022154,0.084195,0.048161,0.064225,0.076615,0.041056667,0.041056667,0.024619,0.09483,0.0099006,0.031518,0.01027025,0.06161
0.256105,0.3693,0.688237,0.56445,0.937074,0.77538,0.118167,0.20853,0.629,1.29207,0.769215,2.0904,0.1546235,2.2587,0.05335,0.08902,0.024534,0.024534,0.025604,0.089265,0.054515,0.0782,0.097205,0.052103333,0.052103333,0.027418,0.10826,0.0163976,0.041734,0.01754025,0.07865
0.756041,1.2123,1.898024,1.524,2.55187,2.23422,0.42075,0.7425,0.588625,1.17093,0.587252,1.86888,0.1129939,2.26866,0.067796667,0.125613333,0.03338,0.03338,0.032072,0.119095,0.06545,0.104645,0.13591,0.06696,0.06696,0.037283333,0.131425,0.02566,0.053492,0.0266675,0.10728
1.229338,1.74621,3.13462,2.34054,3.93023,3.4053,0.680357,1.20063,0.5015,1.29207,0.603801,1.66125,0.1070473,2.44278,0.080816667,0.16018,0.04349,0.04349,0.039074,0.15176,0.0758,0.13249,0.17267,0.084053333,0.084053333,0.04702,0.145855,0.02985,0.068818,0.0365075,0.12691
1.583805,2.18778,4.12395,3.018,4.90824,4.1925,0.966824,1.70616,0.4505,1.38291,0.612066,2.03502,0.1248871,2.8209,0.087426667,0.182393333,0.046133333,0.046133333,0.04372,0.16954,0.085255,0.148785,0.18584,0.082283333,0.082283333,0.051806667,0.153,0.030542,0.076482,0.040055,0.14081
1.83175,2.43264,4.88224,3.4656,5.44969,4.7202,0.999056,1.76304,0.4505,1.21131,0.578987,2.79642,0.1427286,3.0399,0.09623,0.1956,0.050936667,0.050936667,0.046508,0.17807,0.09869,0.15929,0.1989,0.080586667,0.080586667,0.05346,0.15468,0.029916,0.082608,0.0423775,0.14047
1.95466,2.41257,5.09732,3.8871,5.73172,5.0001,1.179885,2.08215,0.459,1.12047,0.645145,3.627,0.190298,3.1641,0.09956,0.20358,0.052706667,0.052706667,0.048272,0.17951,0.08852,0.16373,0.19833,0.08039,0.08039,0.048943333,0.15073,0.02984,0.079752,0.0416425,0.142595
1.98339,2.25603,5.03272,3.891,5.63618,5.0001,1.070677,1.88943,0.5185,1.30215,0.77748,4.4439,0.261664,3.3483,0.10799,0.220836667,0.052706667,0.052706667,0.05385,0.200295,0.111225,0.1759,0.19345,0.09078,0.09078,0.057793333,0.15961,0.027246,0.08723,0.0398275,0.16924
1.87068,2.21187,4.70478,3.492,5.28139,4.896,1.084991,1.91469,0.595,1.5747,1.050434,5.4267,0.368713,3.3681,0.10327,0.225046667,0.053423333,0.053423333,0.055024,0.201825,0.10939,0.171705,0.19571,0.095313333,0.095313333,0.05998,0.15801,0.03043,0.083812,0.0392825,0.16576
1.72312,1.86663,4.03807,3.2022,4.9402,4.4166,1.036643,1.82937,0.67575,1.76649,1.100062,6.0774,0.499545,3.3234,0.106003333,0.232723333,0.054506667,0.054506667,0.055898,0.209545,0.08364,0.18246,0.20475,0.09741,0.09741,0.052276667,0.1459,0.031752,0.08996,0.039655,0.16878
1.423988,1.66995,3.27978,2.619,3.99857,3.5892,0.966824,1.70616,0.70975,2.02893,0.984257,6.5757,0.487662,3.3384,0.108993333,0.23791,0.056333333,0.056333333,0.055392,0.212675,0.09524,0.18682,0.20897,0.106036667,0.106036667,0.052783333,0.14577,0.03194,0.084782,0.0378425,0.173085
1.006009,1.21632,2.13997,1.82502,3.01597,2.60592,0.64634,1.1406,0.76925,2.07942,0.785764,6.7002,0.564961,3.2139,0.113726667,0.2556,0.06084,0.06084,0.059026,0.228665,0.09185,0.19389,0.21848,0.115383333,0.115383333,0.06671,0.13863,0.030642,0.082848,0.036745,0.160525
0.487645,0.61821,1.010838,0.88806,1.75134,1.28298,0.270351,0.47709,0.7905,1.98855,0.496261,6.2988,0.564961,3.2439,0.105836667,0.22759,0.055233333,0.055233333,0.05931,0.21741,0.096955,0.18985,0.2185,0.117166667,0.117166667,0.06213,0.15863,0.027078,0.079988,0.0339925,0.160565
0.1003952,0.160572,0.274227,0.214488,0.404855,0.227817,0.0322269,0.056871,0.592875,2.34186,0.26467,5.856,0.446029,3.3135,0.103976667,0.226743333,0.06238,0.06238,0.05987,0.212675,0.10397,0.18189,0.22295,0.12644,0.12644,0.063073333,0.184105,0.026452,0.077178,0.03296,0.15065
0.00204884,0.0040143,0.01075362,0.0037629,0.00454886,0,0,0,0.48025,2.52354,0.1736942,5.8005,0.273564,3.3732,0.10235,0.231006667,0.06008,0.06008,0.063704,0.223805,0.11494,0.17493,0.21046,0.127743333,0.127743333,0.064223333,0.20247,0.025294,0.074186,0.0307825,0.137295
0,0,0,0,0,0,0,0,0.442,2.04912,0.1157955,5.8143,0.202198,3.4179,0.10414,0.23015,0.056703333,0.056703333,0.067044,0.241865,0.12255,0.17979,0.20607,0.135643333,0.135643333,0.07073,0.226825,0.024428,0.074644,0.0290075,0.1497
0,0,0,0,0,0,0,0,0.354875,1.76649,0.1075248,5.8005,0.220048,3.3135,0.08828,0.193236667,0.04647,0.04647,0.055722,0.20644,0.10576,0.152165,0.17693,0.108196667,0.108196667,0.05834,0.18796,0.0197884,0.060096,0.023772,0.124505
0,0,0,0,0,0,0,0,0.303875,2.03904,0.0992541,5.8005,0.279514,3.2688,0.07437,0.159463333,0.039356667,0.039356667,0.04829,0.18387,0.09018,0.123255,0.143,0.089433333,0.089433333,0.04884,0.16083,0.0157398,0.050044,0.018766,0.11111
0,0,0,0,0,0,0,0,0.337875,1.90782,0.0992541,5.8143,0.35088,3.1791,0.06364,0.132073333,0.03029,0.03029,0.041786,0.162585,0.07889,0.09537,0.11141,0.07215,0.07215,0.039253333,0.12903,0.0127608,0.041908,0.01549275,0.100525
0,0,0,0,0,0,0,0,0.357,1.77657,0.1157955,5.5929,0.368713,3.0348,0.05269,0.10248,0.023548,0.023548,0.035346,0.131205,0.062625,0.08145,0.089852,0.059563333,0.059563333,0.032743,0.109185,0.0109636,0.030764,0.01181425,0.08836
0,0,0,0,0,0,0,0,0.393125,1.59489,0.1075248,5.3991,0.380613,2.90049,0.046666667,0.087403333,0.020015667,0.020015667,0.031164,0.11326,0.05583,0.070465,0.080415,0.053053333,0.053053333,0.028343,0.09743,0.009576,0.027268,0.0102545,0.078425
0,0,0,0,0,0,0,0,0.444125,1.58478,0.0992541,5.1084,0.428179,2.72139,0.043333333,0.079,0.018239,0.018239,0.027968,0.10311,0.05193,0.06608,0.072761,0.048826667,0.048826667,0.025896667,0.0914,0.0089888,0.025182,0.00923725,0.072165
0,0,0,0,0,0,0,0,0.48875,1.5747,0.0992541,4.8729,0.463862,2.46765,0.041693333,0.07395,0.017591667,0.017591667,0.025308,0.09133,0.0494015,0.05965,0.069614,0.04843,0.04843,0.024252333,0.08675,0.0088024,0.0237,0.00876325,0.06509
0,0,0,0,0,0,0,0,0.50575,1.60497,0.0992541,4.8591,0.422246,2.09454,0.0427,0.076453333,0.018239,0.018239,0.025376,0.09133,0.050655,0.06521,0.071521,0.046383333,0.046383333,0.025140333,0.08971,0.0100748,0.026146,0.009844,0.066935
0.0204884,0.052185,0.0698991,0.045156,0.0955281,0.043965,0.00716159,0.0126381,0.4845,1.73619,0.0744401,4.5129,0.362763,1.78608,0.045613333,0.081063333,0.020243,0.020243,0.024748,0.09237,0.053215,0.073385,0.081466,0.048406667,0.048406667,0.027078667,0.097005,0.013394,0.031064,0.0125965,0.07258
0.245871,0.47769,0.532304,0.49293,1.050804,0.67947,0.170085,0.30015,0.391,1.48386,0.0744401,4.3332,0.392496,1.52238,0.049783333,0.091753333,0.023792667,0.023792667,0.029206,0.094475,0.05716,0.085655,0.10409,0.059436667,0.059436667,0.029446333,0.109935,0.0196366,0.040704,0.01777475,0.0867
0.680238,1.19223,1.516257,1.3923,2.81571,2.12229,0.456552,0.80568,0.350625,1.48386,0.0330847,4.0977,0.386563,1.29354,0.063553333,0.125613333,0.033092667,0.033092667,0.036126,0.12629,0.071275,0.110105,0.1453,0.07786,0.07786,0.039286667,0.134305,0.026402,0.054076,0.0252875,0.10202
1.171963,1.85862,2.57545,2.23896,4.08493,3.4173,0.732275,1.29225,0.3485,1.50405,0.024814,4.0563,0.416296,0.95523,0.076503333,0.158033333,0.043166667,0.043166667,0.044482,0.163965,0.08364,0.14007,0.18382,0.09614,0.09614,0.050736667,0.155485,0.032198,0.067288,0.03331,0.09296
1.536681,2.09946,3.36585,2.92755,4.84466,4.2126,0.991882,1.75038,0.323,1.51413,0.0330847,4.167,0.398446,0.76119,0.081586667,0.168896667,0.04124,0.04124,0.046338,0.175205,0.08852,0.154265,0.19707,0.097413333,0.097413333,0.054946667,0.160125,0.033186,0.06816,0.0360425,0.081005
1.77021,2.30019,4.237,3.3678,5.49508,4.7202,1.170926,2.06634,0.29325,1.71603,0.0827108,4.4715,0.457929,0.77613,0.086083333,0.18163,0.04124,0.04124,0.048114,0.194245,0.09018,0.16338,0.20571,0.097596667,0.097596667,0.055366667,0.15955,0.033428,0.071478,0.03573,0.09065
1.88088,2.57316,4.6778,3.744,5.77252,4.9362,1.398318,2.46762,0.306,2.01885,0.223326,4.7622,0.576861,0.91044,0.09157,0.192453333,0.042843333,0.042843333,0.052122,0.192745,0.09524,0.170065,0.20811,0.095316667,0.095316667,0.055953333,0.155865,0.032272,0.07741,0.0356325,0.12223
1.8666,2.82204,4.7747,3.8796,5.95,4.9242,1.228233,2.16747,0.36125,2.21064,0.347396,5.2605,0.68391,1.04976,0.094146667,0.212533333,0.040293333,0.040293333,0.056708,0.20799,0.096955,0.18091,0.20432,0.10209,0.10209,0.05935,0.17019,0.029108,0.080698,0.0332825,0.127875
1.81934,2.85414,4.62954,3.4695,5.81349,4.7922,1.326697,2.34123,0.41225,2.51346,0.570703,5.4543,0.856375,1.14924,0.097806667,0.213356667,0.05164,0.05164,0.05679,0.21425,0.09018,0.17824,0.2019,0.104503333,0.104503333,0.06038,0.16764,0.031828,0.073278,0.03499,0.17484
1.639123,2.80197,3.87676,2.91252,5.23124,4.3725,1.194199,2.10741,0.465375,2.49327,0.686508,5.4129,0.993157,1.23882,0.1002,0.231006667,0.055966667,0.055966667,0.059164,0.21741,0.09869,0.190725,0.21441,0.108523333,0.108523333,0.061756667,0.15259,0.032568,0.076482,0.039555,0.141925
1.317449,2.17974,3.40898,2.36688,4.65817,3.8328,1.007998,1.77882,0.51,2.90712,0.727852,5.3853,1.165622,1.34328,0.096123333,0.215836667,0.04252,0.04252,0.058774,0.21425,0.10576,0.19801,0.22285,0.111423333,0.111423333,0.064286667,0.154405,0.032886,0.07881,0.0411325,0.11779
0.926109,1.48527,2.39267,1.59549,3.50727,2.80575,0.712589,1.25751,0.520625,3.6441,0.661694,5.1636,1.213188,1.43283,0.094093333,0.21833,0.044473333,0.044473333,0.06389,0.228665,0.09185,0.204795,0.22925,0.118566667,0.118566667,0.07001,0.16061,0.03252,0.078576,0.0409775,0.171585
0.442561,0.74265,1.236672,0.92193,1.91505,1.30296,0.315112,0.55608,0.452625,2.89704,0.570703,4.2222,1.040723,1.56219,0.09373,0.20844,0.04885,0.04885,0.061348,0.21741,0.09185,0.200155,0.24292,0.120726667,0.120726667,0.066596667,0.18967,0.028362,0.07741,0.036495,0.15472
0.0840055,0.232827,0.311847,0.206961,0.404855,0.239808,0.0429692,0.075828,0.3655,3.3615,0.322582,3.1839,0.886108,1.58706,0.094093333,0.210073333,0.05235,0.05235,0.061204,0.20644,0.09018,0.18941,0.23469,0.11884,0.11884,0.062126667,0.201365,0.028862,0.076482,0.034835,0.15116
0.00204884,0.0080286,0.01075362,0.0037629,0.00909789,0,0.00179044,0.0031596,0.261375,2.57403,0.239856,2.51955,0.743376,1.77114,0.094766667,0.217496667,0.053063333,0.053063333,0.065922,0.220595,0.09185,0.181215,0.22277,0.131603333,0.131603333,0.068623333,0.212155,0.026794,0.071926,0.031055,0.14639
0,0,0,0,0,0,0,0,0.172125,1.31226,0.198512,2.20113,0.701743,1.94031,0.095863333,0.213356667,0.04954,0.04954,0.06842,0.23193,0.09354,0.18189,0.2152,0.139843333,0.139843333,0.07476,0.23078,0.024966,0.07396,0.030035,0.14232
0,0,0,0,0,0,0,0,0.12325,1.30215,0.190228,1.9935,0.808792,2.08458,0.082603333,0.18011,0.04124,0.04124,0.05695,0.198775,0.0758,0.152175,0.18928,0.119426667,0.119426667,0.06122,0.201305,0.020354,0.061336,0.02517,0.118345
0,0,0,0,0,0,0,0,0.11475,1.65546,0.223326,2.14578,0.963424,2.12439,0.070596667,0.14752,0.032239667,0.032239667,0.046132,0.17378,0.06403,0.12916,0.15237,0.09267,0.09267,0.050523333,0.166535,0.0162992,0.050044,0.01932375,0.10601
0,0,0,0,0,0,0,0,0.1105,1.84725,0.223326,2.478,1.254821,2.21394,0.05769,0.118686667,0.025792667,0.025792667,0.038494,0.150435,0.05193,0.105345,0.12266,0.075136667,0.075136667,0.044326667,0.13828,0.0118416,0.040874,0.015545,0.0913
0,0,0,0,0,0,0,0,0.119,2.16015,0.1654235,2.67183,1.605701,2.199,0.04937,0.093963333,0.020015667,0.020015667,0.032664,0.132445,0.044528,0.08425,0.098649,0.06664,0.06664,0.03733,0.12173,0.0110774,0.030614,0.012226,0.08088
0,0,0,0,0,0,0,0,0.125375,2.33175,0.1488802,2.46417,1.74845,2.199,0.043933333,0.081063333,0.017166,0.017166,0.02881,0.116745,0.03877,0.073415,0.088995,0.05688,0.05688,0.032051667,0.100275,0.0100268,0.026984,0.0106005,0.06512
0,0,0,0,0,0,0,0,0.11475,2.30148,0.1736942,2.50569,1.93273,2.19402,0.04029,0.074946667,0.016122333,0.016122333,0.02533,0.10201,0.037663,0.06858,0.078797,0.048606667,0.048606667,0.028719,0.093165,0.0098346,0.023832,0.00988875,0.059115
0,0,0,0,0,0,0,0,0.104125,2.20053,0.1736942,2.69952,2.21816,2.24379,0.038913333,0.071483333,0.015510333,0.015510333,0.023416,0.09342,0.036571,0.064105,0.070158,0.045376667,0.045376667,0.027057667,0.0891,0.0100174,0.023172,0.0100455,0.061015
0,0,0,0,0,0,0,0,0.104125,2.24091,0.190228,2.63028,2.30146,2.41293,0.039583333,0.070506667,0.015510333,0.015510333,0.02451,0.09237,0.037663,0.06438,0.069408,0.046256667,0.046256667,0.026800667,0.08862,0.0106348,0.023966,0.01012925,0.059985
0.0225386,0.052185,0.0752761,0.048918,0.0955281,0.043965,0.00716159,0.0126381,0.102,2.33175,0.198512,2.57493,2.24791,2.4627,0.044286667,0.07696,0.018239,0.018239,0.025242,0.0966,0.04218,0.07077,0.081581,0.048163333,0.048163333,0.028961,0.093625,0.0133642,0.029578,0.0135245,0.06729
0.239717,0.48171,0.634467,0.54186,0.982566,0.71142,0.207689,0.36651,0.082875,2.42262,0.1654235,2.13192,2.13503,2.41791,0.047473333,0.085796667,0.021631333,0.021631333,0.02818,0.095535,0.045724,0.082765,0.098363,0.05672,0.05672,0.030961667,0.10452,0.0188266,0.037518,0.01899575,0.08314
0.674084,1.4652,1.650682,1.64064,2.60661,2.11032,0.698258,1.23222,0.065875,2.55384,0.0827108,2.0904,1.98628,2.48259,0.0592,0.116216667,0.028664333,0.028664333,0.036192,0.12028,0.05583,0.106065,0.13759,0.0775,0.0775,0.040396667,0.13191,0.02763,0.054076,0.02922,0.10673
1.071578,2.28813,2.53251,2.53998,3.90745,3.2373,1.156612,2.04108,0.0595,2.86677,0.0661694,2.50569,1.95058,2.54727,0.070193333,0.14003,0.033092667,0.033092667,0.045096,0.15176,0.068335,0.131455,0.17628,0.094256667,0.094256667,0.052166667,0.150705,0.032426,0.067506,0.039225,0.125225
1.401446,3.0108,3.37668,3.2775,4.6444,4.1247,1.478881,2.60979,0.05525,2.74563,0.0909834,2.72721,1.90893,2.55225,0.07368,0.15029,0.03691,0.03691,0.048684,0.159845,0.07734,0.145745,0.19096,0.095343333,0.095343333,0.056566667,0.154825,0.03272,0.07556,0.041195,0.13817
1.626832,3.5286,3.81216,3.7215,5.21764,4.7121,1.677628,2.96052,0.070125,2.67498,0.1571509,3.0732,1.683,2.77611,0.07345,0.144776667,0.03542,0.03542,0.050832,0.155775,0.071275,0.163305,0.20439,0.096416667,0.096416667,0.058803333,0.15114,0.034842,0.082608,0.0442575,0.14283
1.71292,3.5325,3.79069,3.9999,5.66338,4.9362,1.672256,2.95104,0.1105,2.8062,0.239856,3.267,1.87323,2.93034,0.073726667,0.146143333,0.03631,0.03631,0.052848,0.163965,0.07277,0.17018,0.20723,0.094503333,0.094503333,0.05864,0.15371,0.035208,0.08189,0.04614,0.130545
1.76817,3.3879,3.72077,3.9888,5.60422,4.9959,1.86915,3.2985,0.167875,2.86677,0.413554,3.5994,2.07553,2.94528,0.074876667,0.14752,0.031957667,0.031957667,0.052982,0.17951,0.0758,0.177,0.19902,0.101546667,0.101546667,0.062593333,0.16534,0.031848,0.081412,0.0412275,0.13572
1.555109,3.1872,3.39283,3.8043,5.4315,4.8321,1.785,3.15,0.244375,2.95761,0.578987,4.1115,2.12908,2.88558,0.072856667,0.153083333,0.03601,0.03601,0.043692,0.17236,0.066885,0.17748,0.20277,0.104633333,0.104633333,0.06308,0.163225,0.03339,0.082608,0.039705,0.143815
1.366613,2.78592,2.96267,3.3942,4.99477,4.5084,1.71156,3.0204,0.33575,3.1392,0.752666,4.527,2.24791,2.95521,0.071496667,0.15449,0.03691,0.03691,0.037856,0.150435,0.068335,0.190625,0.21753,0.105716667,0.105716667,0.06255,0.15471,0.032028,0.08797,0.0433825,0.125015
1.130993,2.17974,2.34422,2.82972,4.37614,3.7809,1.366086,2.41074,0.38675,2.95761,0.975992,4.8591,2.37286,3.1443,0.074093333,0.16234,0.040606667,0.040606667,0.044168,0.158485,0.066885,0.19473,0.23361,0.109356667,0.109356667,0.062113333,0.16101,0.031528,0.086492,0.0414,0.14816
0.805222,1.59768,1.742091,2.05455,3.30701,2.69385,0.875517,1.54503,0.45475,2.76582,1.108327,5.2053,2.62259,3.1941,0.076363333,0.174086667,0.041556667,0.041556667,0.04956,0.17236,0.069795,0.200485,0.23333,0.121363333,0.121363333,0.06677,0.17234,0.030672,0.089212,0.040895,0.16272
0.383146,0.96744,0.833416,1.03857,1.70136,1.23102,0.358088,0.63192,0.46325,2.6043,0.942913,5.0115,2.59879,3.2139,0.07576,0.168896667,0.043816667,0.043816667,0.050162,0.168135,0.071275,0.19014,0.22649,0.124176667,0.124176667,0.066476667,0.184715,0.028052,0.090462,0.040965,0.160115
0.0840055,0.220785,0.1881893,0.184383,0.363919,0.21183,0.0429692,0.075828,0.374,1.62516,0.595517,4.167,2.50971,3.2487,0.07669,0.16451,0.044143333,0.044143333,0.047672,0.154435,0.0758,0.18539,0.23663,0.133423333,0.133423333,0.06733,0.211045,0.027796,0.085024,0.0355075,0.14958
0.00204884,0.0040143,0.00537681,0.0037629,0.00909789,0,0,0,0.240125,1.38291,0.446633,3.2394,2.12908,3.3183,0.077536667,0.16306,0.043816667,0.043816667,0.052612,0.155775,0.082045,0.177565,0.21993,0.143056667,0.143056667,0.071113333,0.22417,0.025372,0.082128,0.03246,0.141005
0,0,0,0,0,0,0,0,0.187,1.52424,0.297768,3.1425,1.88513,3.4776,0.078053333,0.160896667,0.04252,0.04252,0.054246,0.153095,0.085255,0.1791,0.20697,0.14592,0.14592,0.076106667,0.23564,0.023812,0.080936,0.030495,0.14967
0,0,0,0,0,0,0,0,0.146625,1.82706,0.239856,2.8518,1.802,3.4578,0.065656667,0.136023333,0.033666667,0.033666667,0.04363,0.12751,0.069795,0.15186,0.17853,0.119713333,0.119713333,0.061986667,0.19813,0.0189328,0.068598,0.0252625,0.12687
0,0,0,0,0,0,0,0,0.121125,2.10969,0.198512,2.35341,1.94463,3.408,0.054763333,0.110743333,0.026304333,0.026304333,0.035682,0.110965,0.058505,0.13003,0.14567,0.099,0.099,0.05262,0.16649,0.0153314,0.059686,0.020085,0.10949
0,0,0,0,0,0,0,0,0.121125,2.25102,0.1736942,2.13192,2.08148,2.98506,0.046446667,0.092303333,0.020932,0.020932,0.030634,0.0966,0.05193,0.10203,0.11465,0.075113333,0.075113333,0.043296667,0.1306,0.0119674,0.047256,0.01574275,0.090885
0,0,0,0,0,0,0,0,0.12325,2.2611,0.1736942,2.15961,2.01603,2.83086,0.039046667,0.074446667,0.017166,0.017166,0.02585,0.08722,0.045724,0.082435,0.096623,0.069046667,0.069046667,0.038813333,0.11473,0.0102728,0.037028,0.011903,0.076395
0,0,0,0,0,0,0,0,0.129625,2.24091,0.190228,2.32572,1.8496,3.1194,0.034666667,0.059726667,0.013928667,0.013928667,0.02134,0.0783,0.039892,0.072115,0.0835,0.06187,0.06187,0.034056667,0.104515,0.0086608,0.033204,0.01043075,0.069595
0,0,0,0,0,0,0,0,0.14025,2.2611,0.24814,2.40879,1.647334,3.3135,0.033110667,0.05314,0.012238667,0.012238667,0.018628,0.072615,0.035494,0.066005,0.07186,0.05101,0.05101,0.028671333,0.09259,0.0085584,0.02798,0.00989225,0.067465
0,0,0,0,0,0,0,0,0.14875,2.16015,0.363926,2.21499,1.7306,3.1641,0.031831,0.049356667,0.011696,0.011696,0.0168738,0.07076,0.035494,0.06141,0.069092,0.047556667,0.047556667,0.025968667,0.087535,0.0085056,0.027694,0.00934775,0.063365
0,0,0,0,0,0,0,0,0.129625,2.07942,0.471447,1.97964,1.78415,3.1443,0.032650667,0.04853,0.012056667,0.012056667,0.0169006,0.072615,0.037663,0.06459,0.067982,0.04877,0.04877,0.026858333,0.09004,0.0095806,0.028846,0.0101655,0.067805
0.0225386,0.044157,0.0537681,0.05268,0.0773313,0.043965,0.00716159,0.0126381,0.136,2.03904,0.430103,1.86888,1.77225,3.2736,0.033018333,0.047306667,0.012238667,0.012238667,0.0157368,0.068935,0.036571,0.069835,0.074662,0.050386667,0.050386667,0.028455,0.09641,0.0125512,0.033672,0.012998,0.071045
0.202844,0.51783,0.57532,0.57198,0.937074,0.70344,0.229177,0.40443,0.136,1.82706,0.355661,1.70277,1.7068,3.5274,0.032285333,0.04853,0.012056667,0.012056667,0.0157868,0.06713,0.037663,0.079165,0.092188,0.05924,0.05924,0.030331333,0.10845,0.0180542,0.042428,0.01871,0.0814
0.530672,1.44513,1.720583,1.57668,2.56564,2.06235,0.775251,1.36809,0.1275,1.73619,0.330847,1.68894,1.70085,3.6219,0.037556667,0.06246,0.015108,0.015108,0.017235,0.0783,0.044528,0.10816,0.12746,0.072276667,0.072276667,0.042373333,0.13484,0.025524,0.055652,0.0281675,0.100565
0.94044,2.22792,2.96267,2.52492,3.87107,3.2973,1.321325,2.33175,0.133875,1.78668,0.281219,1.50897,1.683,3.4827,0.04319,0.072463333,0.018022,0.018022,0.02021,0.095535,0.05193,0.130675,0.15267,0.08354,0.08354,0.051346667,0.14942,0.029598,0.067942,0.03593,0.102635
1.282616,2.62935,3.94117,3.2136,4.89005,4.0887,1.675826,2.95734,0.150875,1.49394,0.347396,1.19055,1.599751,3.6468,0.045903333,0.073453333,0.019564667,0.019564667,0.020926,0.104215,0.05716,0.148575,0.17117,0.08944,0.08944,0.0561,0.1456,0.030272,0.074644,0.0398825,0.108435
1.544875,3.1674,4.62403,3.6765,5.51786,4.5084,1.9193,3.387,0.1785,1.25169,0.430103,0.99675,1.504602,3.8955,0.04601,0.070506667,0.019564667,0.019564667,0.023828,0.10311,0.05716,0.15639,0.17862,0.098453333,0.098453333,0.05694,0.15367,0.030184,0.071478,0.035525,0.123425
1.70884,3.384,4.66716,3.7968,5.63159,4.7241,2.05717,3.6303,0.2295,1.30215,0.653429,1.06596,1.457019,3.9303,0.04652,0.073453333,0.018457,0.018457,0.022142,0.095535,0.059865,0.16225,0.18619,0.102096667,0.102096667,0.058226667,0.153815,0.028368,0.071702,0.0344875,0.11251
1.717,3.2838,4.78002,3.7704,5.66797,4.9281,2.00175,3.5325,0.303875,1.67565,0.909834,1.30131,1.474869,3.9999,0.045756667,0.07002,0.016329,0.016329,0.022048,0.0966,0.05583,0.17177,0.17398,0.099043333,0.099043333,0.06149,0.161385,0.026412,0.07625,0.0314575,0.11938
1.616581,3.1152,4.46272,3.5295,5.54523,4.6683,1.84416,3.2544,0.367625,2.22072,1.075248,1.68894,1.570018,3.975,0.043016667,0.06619,0.015917333,0.015917333,0.0191724,0.095535,0.05583,0.17255,0.18614,0.10168,0.10168,0.063156667,0.165625,0.02853,0.071254,0.0344775,0.13015
1.415794,2.89428,4.02724,3.2211,5.07654,3.8409,1.584519,2.79621,0.448375,2.47308,1.14969,2.0904,1.659217,3.9255,0.043436667,0.074446667,0.017378333,0.017378333,0.0185472,0.090295,0.05193,0.18634,0.20532,0.101163333,0.101163333,0.0646,0.16696,0.027862,0.073732,0.0362475,0.118975
1.206796,2.48082,3.47339,2.67168,4.4625,3.1695,1.401888,2.47392,0.516375,1.97847,1.124876,2.36727,1.78415,3.771,0.045,0.07696,0.019118,0.019118,0.0196064,0.095535,0.0494015,0.18928,0.21143,0.11024,0.11024,0.06637,0.178945,0.028496,0.074644,0.035535,0.13332
0.835958,1.83855,2.36037,1.7874,3.33897,2.30616,0.907749,1.60191,0.50575,1.5747,0.860206,2.40879,2.08148,3.4278,0.04674,0.083676667,0.021631333,0.021631333,0.02038,0.099825,0.0494015,0.1951,0.21274,0.1095,0.1095,0.07017,0.18785,0.028178,0.070808,0.0341975,0.109785
0.452812,0.93933,1.188279,0.85794,1.669451,1.1391,0.383146,0.67614,0.41225,1.48386,0.554173,2.20113,1.93868,3.4578,0.04937,0.091753333,0.025034,0.025034,0.022612,0.10756,0.054515,0.184195,0.21606,0.131286667,0.131286667,0.070656667,0.19368,0.02562,0.066206,0.0313675,0.128415
0.0942497,0.196698,0.30647,0.206961,0.341173,0.21183,0.044761,0.07899,0.325125,1.12047,0.438368,1.81353,1.558118,3.4827,0.052303333,0.09341,0.028664333,0.028664333,0.024572,0.10756,0.059865,0.172425,0.2256,0.142143333,0.142143333,0.07038,0.21198,0.02561,0.067942,0.0318225,0.12734
0.00204884,0.0040143,0.00537681,0.0037629,0.00454886,0,0.00179044,0.0031596,0.248625,0.90849,0.405289,1.10748,1.100206,3.5673,0.057893333,0.10306,0.031397333,0.031397333,0.031964,0.12267,0.069795,0.177495,0.2221,0.15043,0.15043,0.075486667,0.233085,0.023964,0.0628,0.028875,0.12267
0,0,0,0,0,0,0,0,0.180625,0.72678,0.446633,0.71988,0.820692,3.5472,0.064066667,0.11745,0.034536667,0.034536667,0.03721,0.142585,0.07428,0.168635,0.21008,0.163403333,0.163403333,0.08052,0.24842,0.022624,0.06322,0.0276275,0.121025
0,0,0,0,0,0,0,0,0.136,0.61575,0.438368,0.47067,0.642277,3.378,0.0566,0.099603333,0.027604,0.027604,0.030994,0.128735,0.06545,0.148645,0.17945,0.127386667,0.127386667,0.068293333,0.212865,0.0183328,0.05061,0.02240625,0.098165
0,0,0,0,0,0,0,0,0.12325,0.73689,0.63688,0.48453,0.564961,3.4776,0.04933,0.084203333,0.021631333,0.021631333,0.027892,0.115575,0.05583,0.120245,0.1441,0.104146667,0.104146667,0.05423,0.176305,0.0143484,0.044364,0.0181735,0.087065
0,0,0,0,0,0,0,0,0.12325,0.66621,0.802294,0.48453,0.529278,3.5322,0.04128,0.071483333,0.017378333,0.017378333,0.022372,0.095535,0.046935,0.099295,0.11252,0.082996667,0.082996667,0.044843333,0.147235,0.0110864,0.034616,0.014125,0.067275
0,0,0,0,0,0,0,0,0.129625,0.56529,1.100062,0.45684,0.553078,3.5373,0.035426667,0.059276667,0.013545,0.013545,0.020224,0.085195,0.0410285,0.08249,0.091251,0.06909,0.06909,0.03913,0.129025,0.0091832,0.026984,0.01091475,0.06024
0,0,0,0,0,0,0,0,0.136,0.56529,1.513616,0.37377,0.553078,3.4278,0.031952,0.05357,0.011340333,0.011340333,0.016907,0.07543,0.037663,0.070185,0.078396,0.061393333,0.061393333,0.033115333,0.110895,0.0081414,0.023302,0.00976575,0.0501
0,0,0,0,0,0,0,0,0.19125,0.5451,1.505351,0.41532,0.612544,3.3831,0.029959,0.047713333,0.010131333,0.010131333,0.0151078,0.06713,0.0344315,0.06466,0.07004,0.0564,0.0564,0.029344,0.103,0.0076698,0.022002,0.00927075,0.045849
0,0,0,0,0,0,0,0,0.214625,0.52491,1.505351,0.44301,0.642277,3.0747,0.029492667,0.045696667,0.010131333,0.010131333,0.0145018,0.06359,0.033384,0.059125,0.066789,0.05362,0.05362,0.026742667,0.09757,0.0075102,0.02149,0.009271,0.042665
0,0,0,0,0,0,0,0,0.231625,0.84792,1.463988,0.44301,0.582811,3.1692,0.030843333,0.0469,0.010989,0.010989,0.0153774,0.064465,0.035494,0.06032,0.067138,0.053703333,0.053703333,0.027383,0.100685,0.008373,0.02213,0.0099265,0.04664
0.0184399,0.036129,0.0591451,0.030102,0.0864297,0.043965,0.00537132,0.0094788,0.238,0.76716,1.430909,0.51222,0.523345,3.0447,0.033883333,0.051443333,0.012421667,0.012421667,0.0160874,0.066235,0.037663,0.06483,0.076245,0.053756667,0.053756667,0.028544,0.104995,0.010529,0.026564,0.01216375,0.0482415
0.231523,0.48573,0.758138,0.36876,0.873392,0.68745,0.247078,0.43602,0.20825,0.57537,1.364732,0.37377,0.416296,2.79105,0.0371,0.055296667,0.014317,0.014317,0.0179012,0.066235,0.039892,0.07478,0.089471,0.060756667,0.060756667,0.029974,0.116655,0.0152384,0.033672,0.01697725,0.06349
0.700723,1.40499,2.19906,1.11006,2.42454,2.02239,0.89879,1.5861,0.187,0.53499,1.174504,0.35994,0.285464,2.56218,0.04518,0.074946667,0.018457,0.018457,0.021124,0.08722,0.048161,0.09303,0.11642,0.073163333,0.073163333,0.040396667,0.14148,0.021594,0.04892,0.0267025,0.0896
1.161729,2.25603,3.45192,2.02071,3.83928,3.2694,1.459195,2.57505,0.231625,0.60564,0.843657,0.30456,0.386563,2.63682,0.05544,0.09564,0.023061667,0.023061667,0.025896,0.11211,0.058505,0.116475,0.14762,0.088126667,0.088126667,0.051123333,0.161905,0.024856,0.05948,0.033175,0.101385
1.546915,2.88225,4.38216,2.61525,4.7719,4.0887,1.79571,3.1689,0.34,0.43404,0.678243,0.30456,0.505495,2.77611,0.057893333,0.099603333,0.024783333,0.024783333,0.027188,0.121475,0.062625,0.122275,0.15248,0.093476667,0.093476667,0.05639,0.166355,0.025156,0.06556,0.0342,0.105195
1.77633,3.3279,5.05419,2.95767,5.22223,4.5843,2.00889,3.5451,0.4335,0.43404,0.876736,0.35994,0.576861,2.8209,0.05986,0.10075,0.027341667,0.027341667,0.02766,0.12387,0.06403,0.129475,0.16505,0.098776667,0.098776667,0.05764,0.165655,0.025876,0.066422,0.0347575,0.10854
1.86252,3.5325,5.25312,2.99529,5.5998,4.8762,2.05547,3.6273,0.5015,0.83781,1.157955,0.51222,0.67796,2.77611,0.062113333,0.107756667,0.028132,0.028132,0.029548,0.12267,0.062625,0.149325,0.18688,0.102223333,0.102223333,0.058003333,0.170695,0.024244,0.066206,0.0357275,0.11467
1.86048,3.4401,5.2155,3.1344,5.6406,4.944,2.03745,3.5955,0.5525,1.24158,1.406095,0.77523,0.850425,2.60199,0.06203,0.108946667,0.026820667,0.026820667,0.031688,0.12751,0.06545,0.153425,0.17436,0.111433333,0.111433333,0.063653333,0.177505,0.021834,0.067288,0.03156,0.107195
1.79282,3.4161,4.98427,3.1008,5.51327,4.7802,1.95874,3.4566,0.575875,1.72611,2.09266,1.10748,1.100206,2.63184,0.061526667,0.10835,0.025792667,0.025792667,0.030344,0.12508,0.06403,0.150465,0.16947,0.114393333,0.114393333,0.066803333,0.172455,0.022812,0.06428,0.0294975,0.116215
1.653454,3.1191,4.57026,2.85231,5.14029,4.4004,1.78143,3.1437,0.6035,1.90782,2.4814,1.43973,1.451069,2.45772,0.062156667,0.113766667,0.027341667,0.027341667,0.029602,0.12508,0.061235,0.15536,0.17582,0.11479,0.11479,0.06742,0.16872,0.02273,0.068818,0.0303475,0.117905
1.385058,2.68152,3.9197,2.397,4.45791,3.4851,1.516485,2.67615,0.612,2.09961,2.87014,2.07654,1.516485,2.47263,0.063936667,0.11745,0.029201667,0.029201667,0.031692,0.129965,0.059865,0.167445,0.1746,0.11342,0.11342,0.068706667,0.165905,0.022588,0.070808,0.0315975,0.11848
0.958885,1.95897,2.86577,1.63689,3.35257,2.38608,1.056346,1.86414,0.61625,1.85733,3.20929,2.86563,1.480802,2.48259,0.066656667,0.13077,0.033092667,0.033092667,0.035338,0.140015,0.062625,0.161705,0.16364,0.12134,0.12134,0.07277,0.18062,0.022282,0.071254,0.0317325,0.11754
0.448715,0.90321,1.440998,0.82032,1.683102,1.21902,0.39389,0.6951,0.575875,1.29207,2.94462,3.1563,1.308354,2.38806,0.0674,0.134043333,0.03483,0.03483,0.036936,0.14388,0.06545,0.17192,0.21245,0.127043333,0.127043333,0.07514,0.193595,0.022022,0.0726,0.0314075,0.126345
0.086054,0.18867,0.290358,0.161805,0.327522,0.191847,0.0304368,0.053712,0.47175,0.92868,2.6467,2.40879,0.915841,2.10447,0.070686667,0.133386667,0.03843,0.03843,0.038044,0.13747,0.071275,0.17486,0.20143,0.1345,0.1345,0.07291,0.208195,0.022264,0.068378,0.029765,0.11913
0.00204884,0.0040143,0.00537681,0,0.00454886,0,0,0,0.37825,0.87819,2.33244,2.46417,0.642277,1.93035,0.07414,0.14683,0.041556667,0.041556667,0.045508,0.155775,0.082045,0.181805,0.20362,0.149126667,0.149126667,0.074016667,0.21988,0.020788,0.06322,0.0270175,0.11535
0,0,0,0,0,0,0,0,0.36125,0.858,1.90228,1.74429,0.487662,1.81095,0.076456667,0.14683,0.04124,0.04124,0.04988,0.16674,0.08852,0.17578,0.18951,0.15517,0.15517,0.072336667,0.22197,0.0199158,0.065346,0.026145,0.12002
0,0,0,0,0,0,0,0,0.397375,0.67632,1.621137,1.39821,0.398446,1.63185,0.064623333,0.118066667,0.031397333,0.031397333,0.038178,0.134945,0.071275,0.145185,0.15959,0.12384,0.12384,0.057343333,0.18157,0.0165264,0.053686,0.02103925,0.102295
0,0,0,0,0,0,0,0,0.393125,0.60564,1.430909,0.83061,0.392496,1.82091,0.055083333,0.093963333,0.023548,0.023548,0.0316,0.116745,0.059865,0.12134,0.12993,0.103726667,0.103726667,0.049056667,0.15521,0.0129482,0.0458,0.01687425,0.09118
0,0,0,0,0,0,0,0,0.414375,0.61575,1.406095,0.59529,0.422246,2.199,0.046776667,0.078486667,0.018457,0.018457,0.027182,0.105325,0.05193,0.0999,0.10942,0.092313333,0.092313333,0.044053333,0.13381,0.0098546,0.036376,0.013056,0.076995
0,0,0,0,0,0,0,0,0.45475,0.65613,1.654235,0.62295,0.434129,2.64678,0.03955,0.062,0.014317,0.014317,0.02201,0.08824,0.0433465,0.08151,0.086776,0.07542,0.07542,0.038693333,0.111555,0.0078576,0.0287,0.01042775,0.070835
0,0,0,0,0,0,0,0,0.490875,0.74697,1.99329,0.70602,0.457929,2.74626,0.0353,0.05314,0.011875667,0.011875667,0.0179706,0.07734,0.037663,0.067995,0.072905,0.064193333,0.064193333,0.034733333,0.09442,0.0071136,0.025044,0.00917525,0.05868
0,0,0,0,0,0,0,0,0.499375,0.76716,2.27449,0.74757,0.422246,2.85573,0.03345,0.04853,0.010471,0.010471,0.016221,0.07076,0.035494,0.060205,0.069591,0.06137,0.06137,0.031528,0.087075,0.0064344,0.022908,0.008247,0.05244
0,0,0,0,0,0,0,0,0.48875,0.7167,2.18367,0.89985,0.410346,2.91045,0.032315667,0.0449,0.009963333,0.009963333,0.0150374,0.06713,0.0344315,0.05923,0.067254,0.056313333,0.056313333,0.029204667,0.08303,0.0062674,0.021618,0.00769075,0.048282
0,0,0,0,0,0,0,0,0.4845,0.61575,2.10083,1.12134,0.362763,3.0846,0.033386667,0.046096667,0.010471,0.010471,0.01614,0.068935,0.0344315,0.056025,0.066941,0.059393333,0.059393333,0.028256333,0.08273,0.0061532,0.02149,0.007462,0.0471
0.01639123,0.036129,0.0591451,0.030102,0.0682346,0.03597,0.00537132,0.0094788,0.520625,0.5148,1.90228,1.23207,0.362763,3.3084,0.03613,0.050186667,0.011696,0.011696,0.0162938,0.069845,0.037663,0.05626,0.06615,0.056156667,0.056156667,0.027341333,0.083275,0.0064284,0.02226,0.008016,0.04646
0.239717,0.44961,0.747384,0.46284,0.914328,0.60351,0.234549,0.41391,0.520625,0.3432,1.588058,1.23207,0.285464,3.3633,0.036873333,0.05357,0.012056667,0.012056667,0.016294,0.069845,0.03877,0.05788,0.062486,0.05366,0.05366,0.024947667,0.08345,0.0074858,0.026006,0.0098555,0.057795
0.710974,1.42908,2.13997,1.44498,2.55187,1.92246,0.875517,1.54503,0.5525,0.252354,1.166239,1.02444,0.243831,3.3084,0.043403333,0.068573333,0.015308333,0.015308333,0.020466,0.08722,0.046935,0.06797,0.07481,0.06643,0.06643,0.028528667,0.09765,0.008939,0.034932,0.0132235,0.077505
1.184271,2.37243,3.37136,2.51364,3.88926,3.1134,1.49141,2.6319,0.533375,0.252354,1.009071,1.14903,0.315197,3.1044,0.050616667,0.081063333,0.019118,0.019118,0.024242,0.109825,0.05583,0.08284,0.091961,0.07626,0.07626,0.03716,0.110295,0.0113292,0.042778,0.01776475,0.090855
1.557166,3.0951,4.19938,3.0255,4.73994,3.897,1.82087,3.2133,0.444125,0.43404,0.88502,1.14903,0.32708,3.0399,0.054883333,0.090653333,0.022580333,0.022580333,0.025706,0.12028,0.062625,0.088565,0.096416,0.077206667,0.077206667,0.040946667,0.12086,0.0116494,0.048176,0.01828525,0.093195
1.79486,3.4764,4.85526,3.5145,5.54965,4.3686,2.04289,3.6051,0.4335,0.89838,0.785764,1.10748,0.33898,3.2985,0.05556,0.079,0.020701333,0.020701333,0.026196,0.116745,0.06403,0.1013,0.10489,0.078583333,0.078583333,0.04401,0.12083,0.012564,0.050232,0.01853,0.096935
1.91369,3.6168,5.07034,3.7515,5.79989,4.6962,2.18603,3.8577,0.46325,1.29207,0.810578,1.21824,0.416296,3.4179,0.057203333,0.09508,0.024783333,0.024783333,0.026616,0.119095,0.06545,0.105515,0.10845,0.078943333,0.078943333,0.04435,0.12282,0.0128848,0.050044,0.017691,0.090595
1.91165,3.633,5.08649,3.7365,5.89084,4.8282,2.20405,3.8895,0.48875,1.78668,0.934648,1.55049,0.564961,3.6318,0.058586667,0.10075,0.022580333,0.022580333,0.028716,0.11792,0.06545,0.103655,0.10224,0.075093333,0.075093333,0.043476667,0.113845,0.012015,0.051372,0.01726575,0.09565
1.81526,3.4884,4.69927,3.6048,5.71353,4.7202,2.11803,3.7377,0.54825,2.56392,1.075248,1.9935,0.713643,3.6765,0.057203333,0.097893333,0.022341333,0.022341333,0.02842,0.12028,0.062625,0.0992,0.098629,0.065273333,0.065273333,0.041206667,0.09944,0.0115302,0.046706,0.01563475,0.080775
1.671899,3.1674,4.43593,2.93886,5.304,4.3566,1.98016,3.4944,0.618375,3.21,1.265476,2.46417,0.856375,3.597,0.056156667,0.09733,0.022103667,0.022103667,0.025738,0.121475,0.061235,0.103725,0.10377,0.07478,0.07478,0.041863333,0.10395,0.010702,0.051754,0.016854,0.09697
1.395292,2.56512,3.62406,2.63028,4.59442,3.5691,1.588106,2.80254,0.677875,3.4926,1.447458,2.78256,0.850425,3.5571,0.057933333,0.101323333,0.023304333,0.023304333,0.026056,0.12267,0.058505,0.1071,0.11424,0.073703333,0.073703333,0.04535,0.11346,0.0116814,0.049292,0.01650125,0.094615
0.971176,1.99911,2.64537,1.99437,3.45712,2.51799,1.076032,1.89888,0.65875,2.90712,1.513616,2.9487,0.779059,3.4377,0.061483333,0.112553333,0.029201667,0.029201667,0.030348,0.133695,0.059865,0.11111,0.13585,0.061473333,0.061473333,0.047446667,0.128425,0.011193,0.056448,0.0199225,0.109315
0.461006,1.00758,1.338835,0.99342,1.73315,1.15908,0.386733,0.68247,0.5525,2.33175,1.207583,2.67183,0.660127,3.5175,0.063853333,0.123706667,0.031677,0.031677,0.033528,0.13874,0.06545,0.11659,0.13139,0.074823333,0.074823333,0.050433333,0.142315,0.01345,0.056448,0.0213865,0.112165
0.0840055,0.200715,0.241965,0.19191,0.322966,0.171864,0.0232747,0.041073,0.405875,1.48386,0.926364,1.92426,0.541178,3.6417,0.067443333,0.126253333,0.034536667,0.034536667,0.036728,0.1413,0.07277,0.114925,0.12979,0.09015,0.09015,0.051373333,0.164845,0.0143712,0.059072,0.02340325,0.1115
0,0.0040143,0,0,0.00454886,0,0,0,0.306,1.03971,0.785764,1.50897,0.35088,3.6717,0.071676667,0.143413333,0.03843,0.03843,0.047028,0.159845,0.082045,0.12021,0.14478,0.11534,0.11534,0.05884,0.190845,0.0139136,0.057652,0.02325025,0.11156
0,0,0,0,0,0,0,0,0.252875,0.81762,0.694773,1.24593,0.243831,3.4578,0.073313333,0.14138,0.03631,0.03631,0.046284,0.163965,0.08852,0.130535,0.14728,0.12637,0.12637,0.06714,0.21158,0.013337,0.05745,0.02272575,0.121005
0,0,0,0,0,0,0,0,0.1955,0.75708,0.63688,1.13517,0.1486752,3.4479,0.062703333,0.118066667,0.028664333,0.028664333,0.036286,0.134945,0.07277,0.11738,0.12756,0.10616,0.10616,0.058593333,0.181855,0.0112954,0.048734,0.01899625,0.10172
0,0,0,0,0,0,0,0,0.180625,0.66621,0.612066,1.07979,0.136782,3.5223,0.05449,0.097893333,0.023304333,0.023304333,0.030118,0.11792,0.062625,0.10372,0.1075,0.08734,0.08734,0.05318,0.157915,0.0089794,0.041046,0.01555275,0.08949
0,0,0,0,0,0,0,0,0.184875,0.73689,0.570703,1.14903,0.1248871,3.597,0.045866667,0.079,0.017591667,0.017591667,0.024732,0.099825,0.05193,0.08352,0.086499,0.077583333,0.077583333,0.047283333,0.130125,0.0071422,0.032432,0.0125115,0.07608
0,0,0,0,0,0,0,0,0.184875,0.64602,0.463182,1.05213,0.136782,3.5124,0.039413333,0.06572,0.013736333,0.013736333,0.02129,0.089265,0.0433465,0.0711,0.070373,0.066906667,0.066906667,0.041323333,0.11105,0.0057574,0.02741,0.0101925,0.06411
0,0,0,0,0,0,0,0,0.184875,0.63594,0.438368,0.83061,0.1427286,3.3234,0.03454,0.05617,0.012056667,0.012056667,0.0173998,0.08024,0.03877,0.064045,0.062922,0.055876667,0.055876667,0.03591,0.094865,0.0049522,0.02213,0.00841225,0.057235
0,0,0,0,0,0,0,0,0.184875,0.74697,0.438368,0.77523,0.1308354,3.3183,0.032406667,0.049356667,0.010815,0.010815,0.0156852,0.071685,0.0344315,0.056385,0.054823,0.04954,0.04954,0.031355667,0.07889,0.0044726,0.0192588,0.007769,0.05031
0,0,0,0,0,0,0,0,0.184875,0.98922,0.405289,0.83061,0.1427286,3.3582,0.031200667,0.046096667,0.010642333,0.010642333,0.0145528,0.06713,0.0344315,0.05177,0.052931,0.048316667,0.048316667,0.029140667,0.080625,0.0043856,0.018184,0.00759275,0.043655
0,0,0,0,0,0,0,0,0.184875,1.48386,0.347396,0.83061,0.1486752,3.2637,0.031831,0.046496667,0.010471,0.010471,0.014511,0.064465,0.0344315,0.050565,0.05328,0.047256667,0.047256667,0.028045667,0.079755,0.0044504,0.0174828,0.00748725,0.042313
0.01229338,0.032115,0.0591451,0.033867,0.0682346,0.0279777,0.00537132,0.0094788,0.184875,1.79676,0.272954,0.89985,0.1427286,3.1542,0.031891333,0.046096667,0.010989,0.010989,0.0142534,0.06272,0.0344315,0.051635,0.050685,0.041243333,0.041243333,0.026603333,0.076545,0.0041718,0.017022,0.006989,0.0364225
0.23562,0.5058,0.645221,0.53433,0.927979,0.58353,0.209474,0.36966,0.184875,1.96836,0.198512,0.7614,0.1070473,3.1692,0.031530333,0.043716667,0.010131333,0.010131333,0.0147784,0.061855,0.036571,0.052605,0.049364,0.043096667,0.043096667,0.024947333,0.07893,0.004596,0.0174828,0.007004,0.044123
0.729402,1.55352,1.876516,1.70838,2.61103,1.91847,0.834326,1.47234,0.184875,1.79676,0.1488802,0.60912,0.0832592,3.2586,0.03746,0.05705,0.013545,0.013545,0.016685,0.074485,0.04218,0.061475,0.062885,0.055623333,0.055623333,0.029957,0.08941,0.0055342,0.021618,0.0090255,0.053815
1.198602,2.51292,3.04874,2.58513,4.01217,3.2694,1.412632,2.49288,0.184875,1.83714,0.1488802,0.5676,0.0951524,3.0198,0.04468,0.070506667,0.017166,0.017166,0.020328,0.0966,0.053215,0.076405,0.079037,0.07121,0.07121,0.037653333,0.10479,0.0065304,0.027268,0.0110565,0.064105
1.563303,3.1995,4.04871,3.2964,4.93561,4.0767,1.79945,3.1755,0.184875,1.81695,0.1571509,0.47067,0.1129939,2.59701,0.049743333,0.077976667,0.017591667,0.017591667,0.020802,0.099825,0.05583,0.08378,0.088315,0.073046667,0.073046667,0.041086667,0.11219,0.0076388,0.033828,0.01333225,0.07123
1.81118,3.6087,4.73689,3.5862,5.51786,4.5924,2.06074,3.6366,0.184875,2.04912,0.206777,0.55374,0.136782,2.68158,0.052223333,0.079513333,0.018896333,0.018896333,0.02245,0.104215,0.058505,0.08902,0.092386,0.078893333,0.078893333,0.04332,0.11538,0.0084998,0.036376,0.01387425,0.07497
1.94854,3.7974,5.0274,3.8946,5.79071,4.8681,2.18246,3.8514,0.184875,2.48319,0.397024,0.67833,0.184365,2.66667,0.054213333,0.082626667,0.018896333,0.018896333,0.023144,0.105325,0.059865,0.097175,0.09788,0.07305,0.07305,0.04453,0.118875,0.0095084,0.041734,0.0147905,0.081275
1.94446,3.8376,5.01125,3.729,5.84086,4.9161,2.08046,3.6714,0.184875,2.9475,0.545889,0.99675,0.237881,2.73135,0.05343,0.085263333,0.018022,0.018022,0.024908,0.109825,0.061235,0.109335,0.098056,0.079436667,0.079436667,0.049093333,0.123615,0.0084842,0.042428,0.01522425,0.07997
1.86252,3.7011,4.82847,3.4995,5.69534,4.7241,1.99631,3.5229,0.184875,3.3816,0.76095,1.34283,0.315197,2.75124,0.05138,0.081583333,0.017378333,0.017378333,0.023044,0.10201,0.05716,0.107415,0.096911,0.074533333,0.074533333,0.04981,0.11926,0.008104,0.041388,0.01363025,0.08092
1.70255,3.396,4.2047,3.1158,5.27221,4.2486,1.82257,3.2163,0.184875,3.5331,1.009071,1.70277,0.386563,3.0696,0.054253333,0.08848,0.018239,0.018239,0.023264,0.104215,0.05716,0.110765,0.1008,0.07446,0.07446,0.049983333,0.117015,0.0081948,0.042778,0.01370125,0.08214
1.364573,2.84613,3.43045,2.69049,4.53985,3.5532,1.471724,2.59716,0.184875,3.3312,1.240681,1.92426,0.475762,3.0945,0.053273333,0.087403333,0.020471667,0.020471667,0.02252,0.100915,0.05193,0.110185,0.10178,0.0858,0.0858,0.051556667,0.13104,0.0073444,0.04508,0.01371525,0.074285
0.932246,2.00313,2.15612,2.09595,3.33897,2.56596,0.879087,1.55133,0.184875,2.85666,1.282025,2.29806,0.618494,2.92041,0.05648,0.10075,0.024534,0.024534,0.025776,0.110965,0.05583,0.121625,0.12159,0.07634,0.07634,0.055323333,0.122745,0.007775,0.042778,0.01395525,0.09483
0.413882,0.98349,1.059231,1.00095,1.678563,1.19106,0.272136,0.48024,0.184875,1.99866,1.075248,2.35341,0.66606,2.82588,0.061316667,0.113766667,0.030016333,0.030016333,0.028754,0.12028,0.062625,0.1222,0.12611,0.08213,0.08213,0.055873333,0.15639,0.0090734,0.047072,0.01513475,0.10065
0.0799068,0.18867,0.290358,0.180621,0.309332,0.17586,0.0196945,0.034755,0.184875,1.0599,0.703038,1.81353,0.463862,2.69154,0.063126667,0.11931,0.035713333,0.035713333,0.032652,0.12267,0.069795,0.1238,0.13334,0.09994,0.09994,0.057376667,0.164935,0.0106708,0.054468,0.01911375,0.104855
0.00204884,0,0.00537681,0,0,0,0,0,0.184875,0.69651,0.504545,1.53663,0.291397,2.54229,0.0693,0.128826667,0.037513333,0.037513333,0.040254,0.142585,0.07889,0.135845,0.15039,0.12112,0.12112,0.067936667,0.18864,0.0114184,0.054076,0.0203575,0.098385
0,0,0,0,0,0,0,0,0.184875,0.57537,0.463182,1.5228,0.225981,2.38308,0.07359,0.135363333,0.039046667,0.039046667,0.042806,0.153095,0.085255,0.144495,0.15159,0.127766667,0.127766667,0.072716667,0.201365,0.0121942,0.06322,0.0222825,0.1043
0,0,0,0,0,0,0,0,0.184875,0.49461,0.496261,1.66125,0.190298,2.31342,0.064193333,0.116216667,0.03338,0.03338,0.035784,0.132445,0.07428,0.125805,0.12545,0.106936667,0.106936667,0.063213333,0.175225,0.0105636,0.053492,0.01903175,0.092945
0,0,0,0,0,0,0,0,0.184875,0.52491,0.521075,1.75815,0.1546235,2.15919,0.0554,0.0962,0.025792667,0.025792667,0.029328,0.114415,0.062625,0.10341,0.10215,0.093483333,0.093483333,0.05501,0.144665,0.008346,0.04598,0.01459625,0.084285
0,0,0,0,0,0,0,0,0.635375,1.63527,1.157955,2.3811,1.123989,1.94526,0.039213333,0.052296667,0.039733333,0.039733333,0.0173946,0.13747,0.069795,0.0470925,0.071414,0.038576667,0.038576667,0.016367333,0.06195,0.0060782,0.0154298,0.0069445,0.0251595
0,0,0,0,0,0,0,0,0.601375,1.58478,1.257211,3.1149,1.040723,1.81095,0.034103333,0.038143333,0.03396,0.03396,0.0136304,0.116745,0.058505,0.0391675,0.065295,0.031323667,0.031323667,0.01414,0.05412,0.0051502,0.0111708,0.0058025,0.022233
0,0,0,0,0,0,0,0,0.597125,1.55451,1.224132,2.67183,1.01099,1.61193,0.031530333,0.030656,0.027733,0.027733,0.0122116,0.10311,0.05193,0.041733,0.065054,0.031952,0.031952,0.013067333,0.054525,0.0046568,0.0097336,0.0054825,0.0199055
0,0,0,0,0,0,0,0,0.580125,1.46367,1.133141,2.2842,0.886108,1.38807,0.031380333,0.029745333,0.025126333,0.025126333,0.0110094,0.09342,0.046935,0.039484,0.063614,0.030611333,0.030611333,0.011666,0.05308,0.0047052,0.0084278,0.005254,0.018484
0,0,0,0,0,0,0,0,0.578,1.46367,1.091797,1.79967,0.880158,1.17909,0.031650333,0.028599333,0.023335,0.023335,0.0108632,0.085195,0.044528,0.0404405,0.063206,0.032810333,0.032810333,0.012178,0.053815,0.005188,0.008279,0.00541525,0.0175755
0,0,0,0,0,0,0,0,0.575875,1.46367,1.050434,2.07654,0.898008,0.95025,0.03697,0.036403333,0.023297,0.023297,0.0107176,0.084195,0.045724,0.0447105,0.074322,0.037576667,0.037576667,0.012533333,0.05777,0.0064208,0.0107898,0.0067325,0.019973
0.00204884,0.0080286,0,0.0075258,0.00909789,0.0039969,0,0,0.541875,1.41318,0.951178,2.3811,0.993157,0.82587,0.054606667,0.06229,0.022777,0.022777,0.0111568,0.084195,0.048161,0.060655,0.12141,0.056356667,0.056356667,0.019645667,0.08212,0.0124044,0.0181714,0.01204975,0.028212
0.1372767,0.2529,0.1021592,0.34995,0.532219,0.287769,0.0662456,0.116904,0.55675,1.30215,0.818843,2.54724,1.100206,0.66666,0.084703333,0.08668,0.023906,0.023906,0.010573,0.089265,0.054515,0.08067,0.1711,0.06021,0.06021,0.021108333,0.097695,0.02295,0.03097,0.019992,0.040813
0.631057,0.97548,0.655975,1.49013,2.006,1.251,0.320484,0.56556,0.51,1.00941,0.63688,2.53338,1.159672,0.49752,0.112873333,0.11874,0.027622333,0.027622333,0.014119,0.119095,0.06545,0.11163,0.25764,0.09294,0.09294,0.035853333,0.124175,0.031314,0.047304,0.0309125,0.052255
1.09412,1.6017,1.075362,2.34807,3.25703,2.17827,0.547859,0.96681,0.5015,0.67632,0.454917,2.31189,1.106139,0.39303,0.1359,0.151913333,0.03512,0.03512,0.0181242,0.15176,0.0758,0.128375,0.29962,0.11164,0.11164,0.039583333,0.12233,0.03628,0.06093,0.042915,0.06289
1.29081,1.84254,1.344212,2.70555,3.61182,2.93766,0.653497,1.15323,0.512125,0.50472,0.471447,2.14578,1.058573,0.4179,0.141306667,0.162176667,0.03737,0.03737,0.0194342,0.16954,0.085255,0.13402,0.31542,0.104563333,0.104563333,0.038076667,0.11808,0.037802,0.066756,0.0468025,0.068115
1.44857,1.89474,1.091493,2.82219,3.70277,3.1296,0.728705,1.28595,0.5015,0.46434,0.545889,2.20113,1.254821,0.46767,0.13815,0.158593333,0.041166667,0.041166667,0.021182,0.17807,0.09869,0.123395,0.29657,0.095573333,0.095573333,0.03581,0.116965,0.03691,0.06423,0.04324,0.059565
1.442416,1.70607,1.333458,2.74695,3.61182,3.0855,0.674985,1.19115,0.66725,0.41385,0.686508,2.06271,1.260771,0.48756,0.12636,0.138916667,0.04278,0.04278,0.021578,0.17951,0.08852,0.12067,0.26622,0.08198,0.08198,0.032771,0.10751,0.03628,0.061326,0.042,0.06426
1.262114,1.67796,1.09687,2.53245,3.19787,2.75778,0.5049,0.891,0.82025,0.42396,0.835392,2.32572,1.231038,0.54228,0.124386667,0.150963333,0.046033333,0.046033333,0.02059,0.200295,0.111225,0.13804,0.24982,0.108663333,0.108663333,0.03699,0.125535,0.031518,0.064666,0.0377975,0.094975
1.006009,1.56156,0.596828,2.01693,2.58842,1.93845,0.298996,0.52764,0.805375,0.52491,0.893285,2.24268,1.385653,0.58209,0.13534,0.160076667,0.042323333,0.042323333,0.0198164,0.201825,0.10939,0.13631,0.29501,0.098046667,0.098046667,0.037066667,0.102795,0.035252,0.058904,0.036405,0.06849
0.495839,0.85905,0.344109,1.03482,1.396516,0.97521,0.1468137,0.259083,0.860625,0.60564,0.827108,2.3811,1.570018,0.57213,0.13985,0.16414,0.042806667,0.042806667,0.020786,0.209545,0.08364,0.135735,0.31057,0.091546667,0.091546667,0.038853333,0.098925,0.037642,0.060826,0.03989,0.066485
0.0635154,0.164586,0.0591451,0.150516,0.236538,0.1239,0.01611379,0.0284361,0.911625,0.57537,0.752666,2.67183,1.593801,0.5622,0.14611,0.1952,0.04024,0.04024,0.022182,0.212675,0.09524,0.13288,0.28964,0.095686667,0.095686667,0.04245,0.09884,0.037546,0.062102,0.0377375,0.06515
0,0.0120429,0.00537681,0,0.00454886,0,0,0,0.949875,0.56529,0.835392,2.53338,1.623534,0.67164,0.157893333,0.224573333,0.04422,0.04422,0.025314,0.228665,0.09185,0.16152,0.35208,0.133883333,0.133883333,0.04908,0.119895,0.041268,0.069588,0.041685,0.08062
0,0,0,0,0,0,0,0,0.979625,0.5148,0.926364,2.45034,1.653267,0.85074,0.15178,0.22624,0.046886667,0.046886667,0.029102,0.21741,0.096955,0.17039,0.34095,0.137306667,0.137306667,0.060666667,0.138645,0.039124,0.06883,0.0422175,0.07966
0,0,0,0,0,0,0,0,0.95625,0.40377,0.876736,2.43648,1.89108,1.21392,0.142196667,0.222426667,0.051193333,0.051193333,0.033138,0.212675,0.10397,0.172325,0.33759,0.13651,0.13651,0.060356667,0.14586,0.035376,0.065542,0.0376975,0.070905
0,0,0,0,0,0,0,0,0.975375,0.33312,0.769215,2.50569,1.81985,1.6617,0.127986667,0.21042,0.06229,0.06229,0.034374,0.223805,0.11494,0.160275,0.29128,0.13135,0.13135,0.058366667,0.141005,0.030906,0.063002,0.031005,0.07505
0,0,0,0,0,0,0,0,1.068875,0.252354,0.77748,2.76873,1.7782,1.95024,0.10944,0.186433333,0.06644,0.06644,0.035884,0.241865,0.12255,0.147455,0.24783,0.122986667,0.122986667,0.05178,0.1254,0.025028,0.052628,0.02586,0.06288
0,0,0,0,0,0,0,0,1.14325,0.201885,0.794029,2.86563,1.8377,2.16915,0.08808,0.153686667,0.05608,0.05608,0.03097,0.20644,0.10576,0.116905,0.1884,0.088446667,0.088446667,0.038286667,0.09749,0.0193788,0.038788,0.02011,0.0466525
0,0,0,0,0,0,0,0,1.16875,0.151413,0.794029,2.68566,1.94463,2.39802,0.070146667,0.110563333,0.046556667,0.046556667,0.024672,0.18387,0.09018,0.092185,0.14526,0.0724,0.0724,0.029882667,0.08343,0.0146874,0.031218,0.016003,0.042601
0,0,0,0,0,0,0,0,1.173,0.121131,0.719587,2.53338,2.12313,2.53233,0.05343,0.069133333,0.020015667,0.020015667,0.016679,0.041409,0.07889,0.06784,0.11298,0.054786667,0.054786667,0.021751667,0.064525,0.0117202,0.02209,0.01186175,0.034282
0,0,0,0,0,0,0,0,1.145375,0.121131,0.678243,2.69952,2.09338,2.63682,0.046156667,0.05227,0.015917333,0.015917333,0.0142836,0.032231,0.062625,0.055705,0.099605,0.04618,0.04618,0.01806,0.059875,0.0102686,0.0179814,0.00959325,0.0260495
0,0,0,0,0,0,0,0,1.111375,0.141318,0.711322,2.63028,1.8615,2.70648,0.043086667,0.039906667,0.014908333,0.014908333,0.0122116,0.028999,0.05583,0.0481315,0.090271,0.03644,0.03644,0.014302667,0.053685,0.0091488,0.0148214,0.008845,0.0252915
0,0,0,0,0,0,0,0,1.11775,0.151413,0.736136,2.46417,1.68895,2.73633,0.042876667,0.03777,0.014513,0.014513,0.0126768,0.0287885,0.05193,0.0401205,0.091307,0.03639,0.03639,0.013621667,0.051415,0.00889,0.013483,0.00865,0.022874
0,0,0,0,0,0,0,0,1.085875,0.151413,0.785764,2.53338,1.599751,2.56218,0.043226667,0.0385,0.014122333,0.014122333,0.0122116,0.028612,0.0494015,0.0410845,0.090422,0.035896667,0.035896667,0.013826667,0.053625,0.0091162,0.0134844,0.00905775,0.024708
0,0,0,0,0,0,0,0,1.071,0.141318,0.810578,2.49186,1.552168,2.35323,0.04692,0.043693333,0.016745,0.016745,0.0142836,0.0331465,0.050655,0.043707,0.09748,0.036626667,0.036626667,0.014643667,0.055705,0.0104756,0.0152106,0.0100515,0.028851
0.00409785,0.0040143,0,0.0075258,0.00909789,0.0039969,0,0,1.090125,0.131226,0.802294,2.83794,1.528385,2.10945,0.063296667,0.06692,0.025285667,0.025285667,0.024248,0.0479215,0.053215,0.0634,0.1395,0.04958,0.04958,0.020434667,0.078915,0.0162888,0.023602,0.0151375,0.0378265
0.129081,0.30108,0.0645221,0.33114,0.26384,0.227817,0.0232747,0.041073,1.0965,0.141318,0.752666,2.83794,1.93273,1.86567,0.099933333,0.112516667,0.031677,0.031677,0.04142,0.054795,0.05716,0.08473,0.20594,0.062503333,0.062503333,0.023986,0.1036,0.027084,0.033474,0.02421575,0.052675
0.360604,1.0116,0.532304,1.34337,1.087201,0.94725,0.186201,0.32859,0.979625,0.100941,0.603801,2.68566,2.40856,1.6617,0.12938,0.15097,0.04349,0.04349,0.05934,0.0681,0.071275,0.11959,0.28685,0.089043333,0.089043333,0.040263333,0.132915,0.035874,0.046744,0.0336025,0.06915
0.565488,1.58565,1.161394,2.09973,1.696753,1.47882,0.474453,0.83727,0.924375,0.080754,0.570703,2.65797,2.62854,1.42785,0.15027,0.18237,0.04252,0.04252,0.0774,0.090335,0.08364,0.14271,0.32602,0.10563,0.10563,0.044876667,0.123105,0.040338,0.057186,0.0432625,0.067
0.78472,1.81848,1.354966,2.32173,2.16529,1.97043,0.735862,1.29858,0.986,0.090849,0.63688,2.68566,2.58689,1.25871,0.15323,0.19304,0.044473333,0.044473333,0.08731,0.10179,0.08852,0.14389,0.33863,0.110406667,0.110406667,0.04017,0.127635,0.03825,0.060928,0.0453575,0.063155
0.919955,1.78635,1.682944,2.51739,2.64299,2.32614,0.839698,1.48182,1.01575,0.141318,0.686508,2.76873,2.97942,1.20897,0.152833333,0.198363333,0.043816667,0.043816667,0.090078,0.0934,0.09018,0.14271,0.33301,0.107683333,0.107683333,0.03958,0.109465,0.03893,0.06169,0.046295,0.06942
0.878985,1.686,1.553896,2.5287,2.55187,2.22621,0.931022,1.64298,1.022125,0.141318,0.769215,2.99022,2.85464,1.34826,0.140863333,0.168826667,0.03721,0.03721,0.07703,0.090855,0.09524,0.13118,0.31278,0.090756667,0.090756667,0.035113333,0.09072,0.036532,0.056802,0.04418,0.063695
0.803165,1.6338,1.274311,2.33679,2.33818,1.89447,0.900575,1.58925,1.122,0.141318,0.843657,3.1839,3.01512,1.57215,0.134286667,0.18794,0.047823333,0.047823333,0.074832,0.10239,0.096955,0.132315,0.2868,0.098486667,0.098486667,0.036633333,0.10403,0.03339,0.060994,0.0393325,0.06527
0.54706,1.3809,0.763515,1.92285,1.90604,1.56276,0.61948,1.0932,1.21975,0.151413,0.810578,3.4332,3.88943,1.74129,0.138653333,0.18414,0.044473333,0.044473333,0.083046,0.09706,0.09018,0.130055,0.30762,0.088633333,0.088633333,0.035143333,0.090455,0.036658,0.054604,0.0390925,0.06165
0.247911,0.7065,0.381748,0.95202,0.982566,0.84333,0.239921,0.42339,1.192125,0.141318,0.719587,3.8484,3.96661,2.04975,0.139346667,0.179596667,0.04885,0.04885,0.078142,0.098075,0.09869,0.13862,0.33145,0.100626667,0.100626667,0.036766667,0.114925,0.037164,0.057262,0.0410575,0.059415
0.0409785,0.152541,0.0591451,0.142992,0.1501151,0.111909,0.0179044,0.031596,1.179375,0.131226,0.587252,3.9177,3.62763,2.40795,0.145786667,0.205283333,0.050583333,0.050583333,0.08001,0.110035,0.10576,0.14271,0.31602,0.102946667,0.102946667,0.038756667,0.116975,0.03777,0.059098,0.04128,0.06244
0,0.0040143,0.00537681,0,0,0,0,0,1.179375,0.181695,0.504545,3.6825,3.69903,2.65671,0.15863,0.231856667,0.06394,0.06394,0.085358,0.128325,0.09185,0.174265,0.39236,0.13791,0.13791,0.05205,0.129715,0.04014,0.06662,0.0421,0.078595
0,0,0,0,0,0,0,0,1.230375,0.171603,0.438368,3.1287,3.61573,2.63184,0.152173333,0.243226667,0.06631,0.06631,0.08497,0.14112,0.09185,0.180815,0.37766,0.14697,0.14697,0.059756667,0.151055,0.038058,0.066838,0.0396,0.081235
0,0,0,0,0,0,0,0,1.332375,0.151413,0.380475,3.2808,3.51475,2.52735,0.149093333,0.24971,0.064726667,0.064726667,0.074106,0.14381,0.09018,0.181475,0.35833,0.141996667,0.141996667,0.060553333,0.150775,0.035998,0.066594,0.0369575,0.083025
0,0,0,0,0,0,0,0,1.343,0.151413,0.380475,3.7239,3.4017,2.57214,0.13336,0.22462,0.06394,0.06394,0.064648,0.14233,0.09185,0.17168,0.31388,0.132083333,0.132083333,0.05693,0.143645,0.031782,0.06722,0.034015,0.08099
0,0,0,0,0,0,0,0,1.302625,0.181695,0.397024,4.2363,3.31245,2.53731,0.115613333,0.182703333,0.055966667,0.055966667,0.053636,0.11312,0.09354,0.13804,0.2646,0.122236667,0.122236667,0.0493,0.128735,0.0263,0.05519,0.02897,0.073825
0,0,0,0,0,0,0,0,1.272875,0.211977,0.38874,4.7622,3.15792,2.58705,0.088983333,0.13539,0.043166667,0.043166667,0.04335,0.091745,0.0758,0.10698,0.19345,0.09319,0.09319,0.03759,0.102055,0.020482,0.041384,0.0221375,0.05587
0,0,0,0,0,0,0,0,1.27075,0.232167,0.330847,5.5098,2.87249,2.56218,0.071903333,0.10325,0.034246667,0.034246667,0.033384,0.07292,0.06403,0.084275,0.15342,0.068733333,0.068733333,0.03027,0.08668,0.0159074,0.030888,0.01739075,0.0459015
0,0,0,0,0,0,0,0,1.31325,0.252354,0.272954,6.2436,2.81894,2.50248,0.057526667,0.07131,0.023792667,0.023792667,0.026622,0.05462,0.05193,0.0634,0.12721,0.053696667,0.053696667,0.023110667,0.0704,0.0124608,0.02201,0.0133605,0.032178
0,0,0,0,0,0,0,0,1.413125,0.33312,0.231591,6.0912,2.66424,2.51244,0.051073333,0.05539,0.019789667,0.019789667,0.024672,0.0451575,0.044528,0.0470925,0.10108,0.043846667,0.043846667,0.015333333,0.05905,0.0111076,0.01744,0.01224325,0.02885
0,0,0,0,0,0,0,0,1.430125,0.42396,0.231591,5.3991,2.40261,2.39304,0.04685,0.04698,0.019340667,0.019340667,0.021578,0.038178,0.03877,0.041408,0.095903,0.03868,0.03868,0.013095333,0.053995,0.010166,0.0149118,0.01084125,0.025712
0,0,0,0,0,0,0,0,1.33875,0.45423,0.239856,4.6929,2.18263,2.35323,0.046483333,0.042233333,0.018239,0.018239,0.021578,0.0356935,0.037663,0.040762,0.096618,0.037096667,0.037096667,0.012378667,0.05391,0.0097264,0.0139452,0.01061425,0.025827
0,0,0,0,0,0,0,0,1.332375,0.46434,0.24814,4.2222,2.20048,2.04975,0.048063333,0.03987,0.018239,0.018239,0.020984,0.0366165,0.036571,0.042059,0.097273,0.036233333,0.036233333,0.0132,0.05586,0.0093942,0.0136798,0.0106115,0.0254175
0,0,0,0,0,0,0,0,1.353625,0.48453,0.289484,3.7656,2.43831,1.75623,0.050806667,0.049346667,0.020471667,0.020471667,0.023204,0.041328,0.037663,0.045385,0.10486,0.043833333,0.043833333,0.014192667,0.06162,0.0110898,0.0163318,0.011687,0.0291625
0.00204884,0.0040143,0,0.0037629,0.00454886,0.0039969,0,0,1.36,0.53499,0.322582,3.3639,2.96157,1.45275,0.06868,0.07095,0.027080667,0.027080667,0.031686,0.05118,0.04218,0.065,0.14402,0.05822,0.05822,0.020965667,0.07891,0.0159918,0.02281,0.01602475,0.039427
0.0881025,0.27297,0.0967822,0.248355,0.209253,0.235812,0.039389,0.06951,1.28775,0.58545,0.314298,3.4332,3.3184,1.22886,0.10111,0.10779,0.031677,0.031677,0.052102,0.065855,0.045724,0.08382,0.20453,0.072583333,0.072583333,0.024212333,0.105045,0.026812,0.03574,0.02514,0.045663
0.262259,0.92328,0.526927,0.94074,1.05536,0.91527,0.343757,0.60663,1.1645,0.62583,0.206777,3.5577,3.27675,1.04976,0.13336,0.149906667,0.046133333,0.046133333,0.070882,0.0833,0.05583,0.11905,0.29726,0.100546667,0.100546667,0.03887,0.133665,0.034912,0.04866,0.0352175,0.060055
0.553197,1.44915,1.177525,1.7046,1.85147,1.79856,0.778838,1.37442,1.156,0.57537,0.1819649,3.5994,3.12817,0.95025,0.15303,0.165226667,0.053423333,0.053423333,0.08731,0.110725,0.068335,0.13345,0.33874,0.113483333,0.113483333,0.043496667,0.13739,0.039746,0.05555,0.0438,0.069495
0.696626,1.83855,1.806615,1.96425,2.42454,2.27019,1.165554,2.05686,1.204875,0.62583,0.1654235,3.6132,3.19957,0.99999,0.157893333,0.18835,0.058566667,0.058566667,0.08968,0.11667,0.07734,0.139785,0.35188,0.101103333,0.101103333,0.043393333,0.1295,0.040272,0.063178,0.0503475,0.06084
0.713014,1.78233,1.650682,2.04705,2.94321,2.62989,1.26582,2.2338,1.200625,0.67632,0.1571509,3.4056,3.247,1.12437,0.16536,0.180023333,0.04954,0.04954,0.096154,0.1006,0.071275,0.13345,0.34046,0.117863333,0.117863333,0.040313333,0.120935,0.03893,0.057124,0.0463675,0.06509
0.717111,1.66191,1.56465,1.98684,2.97959,2.83773,1.312383,2.31597,1.1475,0.72678,0.1736942,3.5994,3.06867,1.24377,0.148376667,0.147083333,0.048163333,0.048163333,0.08849,0.103615,0.07277,0.123945,0.33839,0.10519,0.10519,0.037026667,0.103905,0.03482,0.05045,0.04221,0.041932
0.676141,1.42506,1.242049,1.55034,2.94321,2.67786,1.076032,1.89888,1.21125,0.79743,0.215042,3.627,2.98537,1.25871,0.138843333,0.179586667,0.056703333,0.056703333,0.080764,0.11694,0.0758,0.129495,0.31544,0.13363,0.13363,0.037573333,0.122705,0.031578,0.051302,0.0357,0.057975
0.495839,1.05576,0.887167,1.14393,2.6248,2.16228,0.768094,1.35546,1.19425,0.75708,0.24814,3.5718,2.69399,1.36815,0.143283333,0.17801,0.045466667,0.045466667,0.080764,0.10058,0.066885,0.129495,0.34166,0.11023,0.11023,0.035673333,0.120665,0.034728,0.049328,0.033215,0.054665
0.239717,0.60213,0.381748,0.54939,1.442008,0.95124,0.316897,0.55923,1.158125,0.69651,0.256405,3.5439,2.58689,1.52736,0.140863333,0.174833333,0.03721,0.03721,0.083046,0.09448,0.068335,0.14271,0.33886,0.10522,0.10522,0.037183333,0.11247,0.036124,0.052818,0.0374775,0.05305
0.0368798,0.108384,0.0483911,0.056445,0.200158,0.115908,0.0250665,0.044235,1.04125,0.76716,0.256405,3.2532,2.29551,1.53732,0.145913333,0.191053333,0.041876667,0.041876667,0.08731,0.10228,0.066885,0.145075,0.3423,0.109693333,0.109693333,0.038373333,0.10231,0.037674,0.056644,0.0389375,0.06104
0,0.0120429,0,0,0,0,0,0,0.86275,0.90849,0.26467,3.2808,2.01008,1.55223,0.162216667,0.223283333,0.056703333,0.056703333,0.091278,0.122805,0.069795,0.173615,0.36451,0.133983333,0.133983333,0.048496667,0.12191,0.042684,0.07097,0.0434575,0.080895
0,0,0,0,0,0,0,0,0.8075,0.99933,0.206777,3.018,1.7901,1.66668,0.16018,0.23471,0.061993333,0.061993333,0.086526,0.134845,0.071275,0.182805,0.37592,0.145986667,0.145986667,0.057393333,0.14317,0.041202,0.067828,0.0406975,0.08405
0,0,0,0,0,0,0,0,0.745875,1.00941,0.1406095,2.89332,1.74845,1.90548,0.15409,0.231453333,0.063156667,0.063156667,0.08497,0.13882,0.0758,0.18614,0.36355,0.150883333,0.150883333,0.06254,0.154255,0.037898,0.068934,0.037365,0.082285
0,0,0,0,0,0,0,0,0.748,0.94887,0.0992541,2.72721,1.575968,2.02488,0.1379,0.221633333,0.05932,0.05932,0.072666,0.13432,0.082045,0.17297,0.31527,0.13593,0.13593,0.05961,0.14988,0.03053,0.063036,0.0314925,0.075495
0,0,0,0,0,0,0,0,0.741625,0.86811,0.1075248,3.1149,1.34997,2.0796,0.120253333,0.183303333,0.04954,0.04954,0.061304,0.116345,0.085255,0.14271,0.26322,0.115076667,0.115076667,0.0478,0.129845,0.025528,0.054688,0.0276075,0.072915
0,0,0,0,0,0,0,0,0.622625,0.83781,0.1323388,3.087,1.254821,2.24877,0.096386667,0.141913333,0.03843,0.03843,0.045606,0.09028,0.069795,0.10955,0.20185,0.092833333,0.092833333,0.037296667,0.102105,0.0193094,0.04235,0.0215115,0.057855
0,0,0,0,0,0,0,0,0.575875,0.82773,0.190228,3.267,1.308354,2.3184,0.076223333,0.104176667,0.030841333,0.030841333,0.037948,0.069115,0.058505,0.082465,0.148,0.07085,0.07085,0.028891333,0.084335,0.0155304,0.032686,0.0165155,0.0465925
0,0,0,0,0,0,0,0,0.550375,0.91857,0.215042,3.6408,1.201305,2.44278,0.061356667,0.074203333,0.023548,0.023548,0.028872,0.0490505,0.05193,0.06261,0.12427,0.052806667,0.052806667,0.022965,0.0697,0.0124044,0.023816,0.0127695,0.035802
0,0,0,0,0,0,0,0,0.53125,0.84792,0.256405,3.4194,1.088306,2.47761,0.052726667,0.054833333,0.020701333,0.020701333,0.0251,0.04386,0.045724,0.05024,0.10668,0.043823333,0.043823333,0.017322667,0.06001,0.010166,0.0173904,0.01087725,0.0276065
0,0,0,0,0,0,0,0,0.495125,0.86811,0.339112,3.018,1.040723,2.4378,0.0474,0.04251,0.018896333,0.018896333,0.023204,0.0392575,0.039892,0.0440405,0.095561,0.03914,0.03914,0.014601667,0.053855,0.0091814,0.0159898,0.00978475,0.0218745
0,0,0,0,0,0,0,0,0.461125,0.87819,0.421819,2.7549,0.862325,2.50746,0.047066667,0.042303333,0.018239,0.018239,0.02198,0.0358455,0.035494,0.0404405,0.09567,0.037786667,0.037786667,0.014224333,0.054035,0.0089062,0.0153212,0.009583,0.022199
0,0,0,0,0,0,0,0,0.376125,0.76716,0.438368,2.8518,0.636327,2.47761,0.047473333,0.041506667,0.018457,0.018457,0.023828,0.036151,0.035494,0.0404405,0.095414,0.038053333,0.038053333,0.014957,0.056345,0.0090514,0.0150392,0.0096635,0.0238215
0,0,0,0,0,0,0,0,0.323,0.64602,0.463182,2.67183,0.553078,2.40795,0.05331,0.04833,0.018896333,0.018896333,0.0251,0.039547,0.037663,0.045385,0.11014,0.046793333,0.046793333,0.015626667,0.064695,0.0103374,0.0176538,0.01043125,0.0265085
0,0.0040143,0,0.0037629,0.00909789,0.0039969,0,0,0.257125,0.6864,0.421819,2.74104,0.511445,2.26866,0.07195,0.07318,0.027604,0.027604,0.035126,0.055775,0.036571,0.06743,0.15113,0.060646667,0.060646667,0.022137333,0.08611,0.0155512,0.02553,0.015448,0.036163
0.0922012,0.1686,0.1075362,0.195672,0.436696,0.247803,0.0375989,0.066351,0.204,0.58545,0.454917,2.27037,0.541178,2.02488,0.107213333,0.112763333,0.03631,0.03631,0.055822,0.068755,0.037663,0.08749,0.2036,0.069486667,0.069486667,0.02519,0.106345,0.02461,0.037012,0.024931,0.0499445
0.385186,0.69849,0.559189,0.76389,1.614864,1.16307,0.22559,0.3981,0.155125,0.43404,0.471447,2.17344,0.499545,1.80597,0.138276667,0.15484,0.047483333,0.047483333,0.073384,0.096655,0.044528,0.11478,0.29375,0.10098,0.10098,0.0397,0.13391,0.032226,0.04925,0.0335175,0.068295
0.682278,1.22034,1.242049,1.31703,2.57924,1.9944,0.388518,0.68562,0.133875,0.252354,0.438368,2.15961,0.457929,1.7811,0.154953333,0.178713333,0.051286667,0.051286667,0.090078,0.107695,0.05193,0.13345,0.36012,0.105143333,0.105143333,0.04422,0.116185,0.037866,0.055914,0.0398,0.070335
0.842095,1.63782,1.666813,1.51647,3.07513,2.33814,0.469081,0.82779,0.14025,0.171603,0.38874,2.33958,0.392496,1.77612,0.15053,0.198503333,0.04647,0.04647,0.087702,0.10606,0.05716,0.14095,0.38704,0.103256667,0.103256667,0.043633333,0.119915,0.037898,0.06177,0.044145,0.082945
0.844152,1.83453,1.90874,1.59171,3.21606,2.45802,0.456552,0.80568,0.17425,0.121131,0.397024,2.33958,0.386563,1.64178,0.15027,0.185823333,0.06084,0.06084,0.096978,0.10864,0.05716,0.137465,0.38291,0.10321,0.10321,0.038673333,0.10277,0.038476,0.060142,0.04567,0.085615
0.907664,1.95897,1.586158,1.59924,2.92043,2.46603,0.399262,0.70458,0.252875,0.100941,0.421819,2.45034,0.34493,1.37811,0.146043333,0.180566667,0.04349,0.04349,0.095332,0.07971,0.059865,0.121755,0.36396,0.108653333,0.108653333,0.03439,0.121925,0.036816,0.055884,0.0400525,0.08126
0.856443,1.7181,1.521634,1.56915,2.06516,2.15028,0.27931,0.4929,0.34,0.151413,0.471447,2.3811,0.422246,1.31841,0.137336667,0.175726667,0.049193333,0.049193333,0.076662,0.09223,0.05583,0.135165,0.30186,0.114933333,0.114933333,0.03627,0.134705,0.030272,0.057886,0.03617,0.097015
0.686375,1.34478,1.156017,1.15899,1.332834,1.4988,0.256037,0.45183,0.425,0.3735,0.471447,2.35341,0.392496,1.35324,0.137586667,0.159533333,0.052706667,0.052706667,0.083428,0.10433,0.05583,0.13118,0.30476,0.10142,0.10142,0.033148,0.12964,0.03312,0.056038,0.0385325,0.066285
0.317577,0.73863,0.57532,0.56067,0.568616,0.69543,0.1378615,0.243285,0.476,0.55518,0.330847,2.10423,0.35683,1.398,0.141753333,0.17626,0.04252,0.04252,0.078514,0.085755,0.05193,0.14567,0.33056,0.090873333,0.090873333,0.03639,0.11726,0.034026,0.06,0.039165,0.068625
0.0491742,0.116415,0.0591451,0.090309,0.0636854,0.083934,0.01253291,0.0221169,0.53975,0.69651,0.239856,1.6197,0.446029,1.17414,0.150663333,0.197516667,0.046806667,0.046806667,0.085746,0.09904,0.0494015,0.147455,0.3584,0.104526667,0.104526667,0.03896,0.104065,0.034116,0.057186,0.0374925,0.069445
0,0,0.00537681,0,0,0,0,0,0.6205,0.80754,0.239856,1.53663,0.701743,1.05474,0.166666667,0.238203333,0.06084,0.06084,0.093294,0.11859,0.0494015,0.17297,0.39941,0.14329,0.14329,0.048273333,0.123275,0.038314,0.067896,0.0401475,0.084345
0,0,0,0,0,0,0,0,0.73525,1.0296,0.239856,1.41204,0.921791,1.06467,0.166323333,0.246843333,0.06394,0.06394,0.092888,0.142095,0.054515,0.17884,0.3769,0.141823333,0.141823333,0.056483333,0.14144,0.036846,0.067748,0.038015,0.08266
0,0,0,0,0,0,0,0,0.867,1.2012,0.231591,1.25976,0.987207,1.07961,0.157556667,0.234653333,0.061223333,0.061223333,0.084198,0.148725,0.059865,0.180815,0.36549,0.143706667,0.143706667,0.058836667,0.151075,0.03516,0.069216,0.0369225,0.0826
0,0,0,0,0,0,0,0,1.073125,1.41318,0.215042,1.01058,1.052623,0.93036,0.141433333,0.228493333,0.0597,0.0597,0.075928,0.14855,0.069795,0.17039,0.31956,0.13419,0.13419,0.05903,0.144575,0.030848,0.064516,0.0319825,0.08257
0,0,0,0,0,0,0,0,1.226125,1.70592,0.1736942,0.94137,1.171572,0.77115,0.12314,0.191043333,0.051993333,0.051993333,0.062966,0.12782,0.07428,0.1433,0.26448,0.119506667,0.119506667,0.049183333,0.125215,0.025634,0.054126,0.02672,0.071875
0,0,0,0,0,0,0,0,1.306875,2.0895,0.1736942,0.98289,1.403503,0.64179,0.096386667,0.144976667,0.041876667,0.041876667,0.049692,0.103115,0.06545,0.110585,0.20311,0.09367,0.09367,0.038843333,0.09704,0.019194,0.043082,0.0207945,0.05596
0,0,0,0,0,0,0,0,1.29625,2.463,0.215042,1.14903,1.552168,0.55224,0.077393333,0.112253333,0.03483,0.03483,0.036652,0.07786,0.05583,0.08473,0.15826,0.073083333,0.073083333,0.030505333,0.081245,0.0158654,0.033606,0.016206,0.0457605
0,0,0,0,0,0,0,0,1.3005,2.463,0.239856,1.27362,1.635434,0.51243,0.06334,0.07845,0.024534,0.024534,0.027066,0.057775,0.046935,0.06702,0.12938,0.052936667,0.052936667,0.022162,0.062515,0.0125736,0.022966,0.012131,0.040053
0,0,0,0,0,0,0,0,1.268625,2.40243,0.297768,1.28745,1.653267,0.49254,0.05304,0.058763333,0.019340667,0.019340667,0.023204,0.043111,0.0410285,0.05024,0.10839,0.04767,0.04767,0.015738333,0.054925,0.010948,0.0169904,0.009845,0.0309845
0,0,0,0,0,0,0,0,1.258,2.48319,0.24814,1.12134,1.605701,0.4776,0.04903,0.046073333,0.017591667,0.017591667,0.020396,0.034922,0.037663,0.0440405,0.10044,0.042423333,0.042423333,0.013680333,0.046735,0.0098438,0.0150702,0.00925075,0.0286445
0,0,0,0,0,0,0,0,1.30475,2.52354,0.231591,0.9552,1.68895,0.50745,0.047876667,0.044543333,0.016955,0.016955,0.021182,0.0358575,0.0344315,0.0398015,0.098708,0.04032,0.04032,0.013028333,0.0450385,0.0093122,0.014497,0.0090755,0.0245205
0,0,0,0,0,0,0,0,1.345125,2.76582,0.1819649,0.81678,1.7901,0.49752,0.048286667,0.04174,0.017806333,0.017806333,0.020202,0.0346665,0.033384,0.0410845,0.099136,0.043416667,0.043416667,0.013543667,0.04782,0.0098774,0.0144924,0.009117,0.027415
0,0,0,0,0,0,0,0,1.294125,3.099,0.1323388,0.81678,2.03388,0.47265,0.05035,0.04566,0.019789667,0.019789667,0.022998,0.036793,0.035494,0.0467485,0.10577,0.050633333,0.050633333,0.015260333,0.052585,0.0110364,0.0175434,0.01008275,0.029785
0.00204884,0.0040143,0,0.0037629,0,0,0,0,1.326,3.3714,0.0909834,0.80292,2.14098,0.40299,0.06961,0.068923333,0.027604,0.027604,0.033138,0.04775,0.037663,0.06621,0.14982,0.064006667,0.064006667,0.021562667,0.072225,0.01661,0.02634,0.0151605,0.0392935
0.1147381,0.232827,0.1720583,0.176859,0.177412,0.227817,0.0322269,0.056871,1.394,3.3312,0.0992541,0.59529,2.15883,0.36318,0.102783333,0.110766667,0.038123333,0.038123333,0.052712,0.06454,0.039892,0.09029,0.21229,0.072363333,0.072363333,0.025151,0.094935,0.026032,0.036874,0.02308225,0.05047
0.346256,1.02363,0.822662,0.90687,0.632298,1.18704,0.200532,0.35388,1.362125,3.1899,0.0827108,0.42915,2.08743,0.34827,0.135216667,0.15016,0.053783333,0.053783333,0.071594,0.09042,0.048161,0.121755,0.29812,0.111033333,0.111033333,0.038653333,0.12565,0.032522,0.048568,0.03219,0.060645
0.594184,1.90677,1.613043,1.53528,1.282803,2.44206,0.415378,0.73302,1.30475,3.2706,0.0909834,0.40146,2.06958,0.293532,0.149093333,0.17229,0.058193333,0.058193333,0.092484,0.09812,0.058505,0.14271,0.35163,0.122053333,0.122053333,0.043373333,0.12644,0.036846,0.054654,0.03854,0.06857
0.694569,2.42061,2.1508,1.96425,1.74216,2.96562,0.549661,0.96999,1.345125,3.7248,0.1075248,0.38763,2.27766,0.273633,0.15257,0.17427,0.047823333,0.047823333,0.092484,0.08742,0.062625,0.14567,0.37757,0.105466667,0.105466667,0.042623333,0.12164,0.036816,0.061646,0.0421975,0.070425
0.760138,2.74176,2.26898,2.29914,1.81509,3.1854,0.590835,1.04265,1.374875,3.5127,0.1654235,0.38763,2.53946,0.30846,0.150663333,0.173803333,0.046133333,0.046133333,0.092888,0.121205,0.06403,0.14567,0.36686,0.094613333,0.094613333,0.037613333,0.120685,0.03578,0.066506,0.0425225,0.07947
0.737596,2.70963,2.44112,2.28411,1.8241,3.3492,0.597992,1.05528,1.44075,3.3615,0.26467,0.41532,2.66424,0.33333,0.140546667,0.15461,0.052706667,0.052706667,0.094514,0.095775,0.062625,0.122845,0.34214,0.08232,0.08232,0.030771,0.115015,0.033904,0.063336,0.0427475,0.06811
0.741693,2.50491,2.34973,2.12607,1.364675,3.0735,0.555033,0.97947,1.481125,3.5127,0.26467,0.37377,2.90802,0.33831,0.132313333,0.165826667,0.050936667,0.050936667,0.084584,0.08296,0.06545,0.127815,0.2939,0.09343,0.09343,0.040716667,0.12036,0.031284,0.065792,0.0384125,0.08611
0.545003,1.95495,1.682944,1.58043,0.909789,2.39409,0.370617,0.65403,1.4705,3.6237,0.24814,0.35994,3.02702,0.33831,0.142963333,0.157113333,0.051286667,0.051286667,0.071594,0.08591,0.06403,0.13288,0.3159,0.119063333,0.119063333,0.03791,0.112305,0.033934,0.057324,0.0346275,0.07663
0.229483,0.97548,0.833416,0.71871,0.463998,1.02717,0.1682983,0.296997,1.566125,3.2403,0.256405,0.45684,2.89017,0.293532,0.14669,0.180216667,0.051286667,0.051286667,0.076662,0.109335,0.061235,0.14271,0.33055,0.114756667,0.114756667,0.039436667,0.10112,0.03433,0.059032,0.03866,0.077615
0.0266356,0.132471,0.1559273,0.101598,0.0909789,0.107913,0.01432335,0.0252765,1.476875,3.3108,0.26467,0.42915,2.97347,0.30348,0.147143333,0.180733333,0.053783333,0.053783333,0.083046,0.09638,0.059865,0.14686,0.31347,0.103393333,0.103393333,0.040853333,0.094305,0.03324,0.058746,0.03648,0.075715
0,0,0.01613043,0,0,0,0,0,1.326,3.3714,0.206777,0.48453,3.13412,0.31344,0.158833333,0.217836667,0.06954,0.06954,0.096154,0.120755,0.062625,0.16847,0.33174,0.140703333,0.140703333,0.050273333,0.109595,0.036846,0.065388,0.0380675,0.093385
0,0,0,0,0,0,0,0,1.16025,3.654,0.1654235,0.49836,3.34815,0.32835,0.15303,0.226286667,0.07452,0.07452,0.092484,0.14362,0.06545,0.174915,0.32985,0.147433333,0.147433333,0.057743333,0.131495,0.035252,0.068908,0.037555,0.090625
0,0,0,0,0,0,0,0,1.19,3.8157,0.206777,0.5676,3.36005,0.30348,0.14831,0.2348,0.07118,0.07118,0.086918,0.136145,0.071275,0.181475,0.33261,0.143446667,0.143446667,0.06041,0.133435,0.034086,0.067044,0.0354175,0.08945
0,0,0,0,0,0,0,0,1.323875,3.8256,0.215042,0.60912,3.3422,0.268656,0.133853333,0.22096,0.06631,0.06631,0.0774,0.136405,0.082045,0.171035,0.3058,0.151233333,0.151233333,0.058126667,0.14233,0.028852,0.064658,0.0319225,0.090075
0,0,0,0,0,0,0,0,1.404625,3.8964,0.206777,0.6645,3.24105,0.283581,0.11567,0.179653333,0.057446667,0.057446667,0.063972,0.12237,0.08852,0.14271,0.24919,0.122483333,0.122483333,0.047683333,0.11923,0.024506,0.05591,0.0266475,0.0797
0,0,0,0,0,0,0,0,1.464125,4.0881,0.198512,0.74757,3.18767,0.32835,0.092083333,0.13715,0.0458,0.0458,0.050288,0.094905,0.071275,0.10955,0.19521,0.09634,0.09634,0.03776,0.097,0.0185992,0.042244,0.02052875,0.063135
0,0,0,0,0,0,0,0,1.527875,4.0074,0.206777,0.80292,3.14007,0.32337,0.07669,0.099043333,0.034536667,0.034536667,0.039798,0.07046,0.059865,0.087025,0.15078,0.076556667,0.076556667,0.029182667,0.080195,0.015137,0.03409,0.01660475,0.055495
0,0,0,0,0,0,0,0,1.430125,4.068,0.190228,0.71988,3.06867,0.35322,0.059613333,0.072093333,0.026562,0.026562,0.032408,0.053795,0.05193,0.06784,0.11817,0.058763333,0.058763333,0.022161,0.064465,0.011885,0.02354,0.012094,0.0409645
0,0,0,0,0,0,0,0,1.434375,3.9771,0.190228,0.73371,2.91397,0.48258,0.050883333,0.0577,0.018457,0.018457,0.025748,0.038168,0.0433465,0.0498865,0.10345,0.050273333,0.050273333,0.014616333,0.049844,0.0103546,0.0163562,0.0092545,0.029026
0,0,0,0,0,0,0,0,1.374875,3.8358,0.223326,0.63681,2.83679,0.48258,0.04641,0.046043333,0.019564667,0.019564667,0.02362,0.0342965,0.037663,0.0447105,0.097012,0.04452,0.04452,0.013104333,0.0479625,0.0091976,0.0141112,0.00814175,0.023721
0,0,0,0,0,0,0,0,1.38975,4.0782,0.223326,0.60912,2.86059,0.40797,0.044786667,0.043343333,0.017806333,0.017806333,0.022384,0.034871,0.035494,0.038538,0.087237,0.040473333,0.040473333,0.011146,0.0426945,0.008794,0.012766,0.00798175,0.023612
0,0,0,0,0,0,0,0,1.3345,4.2597,0.24814,0.62295,2.77729,0.4179,0.044146667,0.04153,0.019340667,0.019340667,0.023204,0.0352725,0.0344315,0.0391675,0.084043,0.040853333,0.040853333,0.011536,0.044943,0.0085558,0.0121328,0.007703,0.0227525
0,0,0,0,0,0,0,0,1.268625,4.4718,0.24814,0.63681,2.47996,0.56715,0.045903333,0.045183333,0.021164,0.021164,0.0251,0.0376605,0.0344315,0.041733,0.086863,0.04478,0.04478,0.012622333,0.048931,0.0090838,0.0138802,0.008382,0.0256355
0.00204884,0.0040143,0,0,0.00454886,0,0,0,1.24525,4.4817,0.272954,0.62295,2.27171,0.66666,0.051646667,0.05655,0.030841333,0.030841333,0.036396,0.054875,0.037663,0.05203,0.099132,0.055043333,0.055043333,0.016153,0.06052,0.011001,0.0171688,0.01009275,0.0298605
0.0840055,0.30507,0.1451752,0.124176,0.391204,0.255795,0.0232747,0.041073,1.19,4.3203,0.26467,0.67833,2.01603,0.57213,0.06471,0.081096667,0.03843,0.03843,0.057408,0.06667,0.03877,0.062215,0.13324,0.066116667,0.066116667,0.017848333,0.07731,0.0143846,0.02155,0.0139405,0.0382835
0.450755,1.31268,0.709745,0.55314,1.71955,1.45083,0.184416,0.32544,1.107125,4.29,0.223326,0.58143,1.83175,0.53235,0.077913333,0.100976667,0.057446667,0.057446667,0.072666,0.092685,0.046935,0.07758,0.16008,0.08484,0.08484,0.02806,0.09339,0.0173708,0.028374,0.01727125,0.052805
0.872831,2.21187,1.451752,0.94449,3.13429,2.85372,0.499528,0.88152,1.111375,4.5828,0.223326,0.51222,1.6949,0.65175,0.093886667,0.13389,0.05164,0.05164,0.084198,0.10483,0.05583,0.098465,0.18744,0.088746667,0.088746667,0.037346667,0.10426,0.0197276,0.035758,0.020755,0.054205
1.024454,2.72568,1.99481,1.06116,3.79389,3.3294,0.832541,1.46919,1.200625,4.3203,0.231591,0.60912,1.80795,1.00995,0.09623,0.12903,0.054506667,0.054506667,0.087702,0.10415,0.062625,0.12067,0.21528,0.073533333,0.073533333,0.037773333,0.1054,0.02041,0.041584,0.020687,0.048842
1.069521,2.93043,2.29045,1.10253,4.05314,3.5532,0.98294,1.7346,1.022125,4.1487,0.26467,0.74757,1.92083,1.22886,0.09342,0.133646667,0.047823333,0.047823333,0.087702,0.09541,0.06403,0.108005,0.20112,0.075396667,0.075396667,0.033177,0.105955,0.0196576,0.041576,0.019466,0.068415
1.108451,3.0549,2.16695,1.07997,3.97579,3.6411,0.965039,1.70301,0.992375,3.4926,0.339112,0.81678,1.90298,1.24875,0.089893333,0.13114,0.04885,0.04885,0.08001,0.089855,0.06545,0.09651,0.18496,0.069836667,0.069836667,0.030547,0.057305,0.0179466,0.037424,0.01856225,0.069345
0.733499,2.75781,2.0216,0.88806,3.42074,3.3054,0.721531,1.27329,0.975375,3.3108,0.380475,0.81678,1.87323,1.28856,0.082893333,0.130416667,0.041556667,0.041556667,0.074106,0.087765,0.06545,0.09651,0.16339,0.06726,0.06726,0.027287,0.119915,0.0151988,0.037488,0.01623625,0.07606
0.559351,2.09145,1.553896,0.72249,2.61103,2.58993,0.524586,0.92574,0.915875,3.321,0.339112,0.87216,1.96248,1.2189,0.07548,0.118713333,0.044473333,0.044473333,0.08152,0.093165,0.062625,0.097975,0.1529,0.07443,0.07443,0.027137333,0.10858,0.0151782,0.036654,0.01652175,0.07746
0.258162,0.97548,0.720499,0.31233,1.410167,1.23102,0.22559,0.3981,0.860625,2.86677,0.330847,0.98289,2.11123,1.08954,0.073406667,0.119396667,0.040606667,0.040606667,0.091278,0.08565,0.061235,0.098465,0.14875,0.088196667,0.088196667,0.030506667,0.096035,0.0143846,0.03504,0.0172655,0.07461
0.0286841,0.132471,0.1236672,0.048918,0.1683102,0.139887,0.0214846,0.037914,0.737375,2.75571,0.355661,1.09365,2.21221,1.08459,0.077346667,0.13437,0.044143333,0.044143333,0.090476,0.085935,0.058505,0.098955,0.14989,0.08577,0.08577,0.031664667,0.095435,0.0147484,0.034482,0.017554,0.06101
0,0,0.01075362,0,0,0,0,0,0.622625,2.84658,0.463182,0.88599,2.33716,1.08954,0.095446667,0.170153333,0.06084,0.06084,0.097806,0.10752,0.059865,0.13062,0.19653,0.12382,0.12382,0.042173333,0.109305,0.0180584,0.043582,0.02170175,0.07529
0,0,0,0,0,0,0,0,0.51425,2.59422,0.537624,0.81678,2.48591,1.1592,0.100843333,0.18387,0.06631,0.06631,0.091278,0.12432,0.06545,0.13118,0.21597,0.131826667,0.131826667,0.050796667,0.134475,0.0194714,0.047274,0.0235555,0.07713
0,0,0,0,0,0,0,0,0.52275,2.2611,0.545889,0.80292,2.98537,1.19403,0.102836667,0.193186667,0.06394,0.06394,0.08968,0.129035,0.07277,0.141535,0.23682,0.13298,0.13298,0.053256667,0.142725,0.020126,0.050566,0.02454675,0.076715
0,0,0,0,0,0,0,0,0.527,2.09961,0.578987,0.88599,3.32435,1.34826,0.094506667,0.180903333,0.0597,0.0597,0.078514,0.126645,0.082045,0.141535,0.22132,0.13073,0.13073,0.053496667,0.142145,0.0175692,0.048512,0.02319625,0.078645
0,0,0,0,0,0,0,0,0.554625,2.12988,0.678243,1.13517,3.4969,1.52238,0.08005,0.14405,0.053423333,0.053423333,0.066008,0.107935,0.08852,0.110585,0.16893,0.111593333,0.111593333,0.042383333,0.120715,0.014789,0.038492,0.018071,0.06189
0,0,0,0,0,0,0,0,0.584375,2.22072,0.769215,1.12134,3.4255,1.69155,0.06705,0.11402,0.040293333,0.040293333,0.052406,0.086695,0.07277,0.090765,0.13991,0.08399,0.08399,0.031689667,0.097105,0.0119402,0.030776,0.01464175,0.05546
0,0,0,0,0,0,0,0,0.56525,1.89771,0.752666,1.13517,3.4017,1.83084,0.056316667,0.084973333,0.027867333,0.027867333,0.040066,0.0669,0.062625,0.06866,0.10787,0.068086667,0.068086667,0.024006,0.07993,0.0098944,0.023134,0.0113505,0.043204
0,0,0,0,0,0,0,0,0.5015,1.86744,0.719587,1.28745,3.28865,2.01492,0.047583333,0.065126667,0.023548,0.023548,0.033384,0.05216,0.05193,0.053855,0.094011,0.050463333,0.050463333,0.017555,0.06647,0.0079046,0.0172322,0.0083585,0.032828
0,0,0,0,0,0,0,0,0.47175,1.50405,0.843657,1.45359,3.00917,2.38806,0.04063,0.049763333,0.017166,0.017166,0.025314,0.042562,0.0433465,0.0430445,0.083229,0.040633333,0.040633333,0.013121667,0.057695,0.006786,0.0136804,0.00682625,0.0276975
0,0,0,0,0,0,0,0,0.431375,1.56459,0.752666,1.43973,2.84869,2.59701,0.035906667,0.038393333,0.015308333,0.015308333,0.022384,0.0377985,0.03877,0.038225,0.076547,0.033396667,0.033396667,0.012099,0.05374,0.0058498,0.0103782,0.005644,0.0238175
0,0,0,0,0,0,0,0,0.393125,1.55451,0.719587,1.45359,2.65829,2.54727,0.033946667,0.030948333,0.01471,0.01471,0.021578,0.0361975,0.0344315,0.0322155,0.069324,0.03122,0.03122,0.010707667,0.049519,0.0053024,0.0088234,0.0049615,0.019843
0,0,0,0,0,0,0,0,0.367625,1.0296,0.736136,1.19055,2.43236,2.28855,0.033386667,0.029585333,0.014513,0.014513,0.021578,0.0343185,0.0344315,0.0325045,0.069621,0.032131667,0.032131667,0.010204667,0.05068,0.005226,0.008119,0.00460575,0.019409
0,0,0,0,0,0,0,0,0.354875,0.90849,0.752666,1.12134,2.73564,2.20896,0.033666667,0.031922333,0.015510333,0.015510333,0.020786,0.036603,0.0344315,0.0325045,0.071803,0.03601,0.03601,0.010009333,0.053115,0.0054692,0.0082634,0.00458925,0.0196315
0,0.0040143,0,0,0,0,0,0,0.34,0.78735,0.703038,0.98289,2.84869,2.19402,0.0353,0.035116667,0.018022,0.018022,0.024038,0.043843,0.0344315,0.035462,0.076769,0.037906667,0.037906667,0.011417333,0.056905,0.0062416,0.0100664,0.00530175,0.022614
0.1270325,0.31713,0.209703,0.127941,0.1410167,0.251799,0.0232747,0.041073,0.34425,0.72678,0.578987,0.87216,2.70589,2.10447,0.038746667,0.04037,0.021867,0.021867,0.031208,0.052345,0.036571,0.038225,0.082771,0.03864,0.03864,0.011019,0.06404,0.0068286,0.0108264,0.00626475,0.0238575
0.594184,1.25244,0.93556,0.80904,0.509473,1.239,0.300798,0.53082,0.391,0.63594,0.463182,0.65064,2.73564,1.81593,0.044216667,0.053,0.031677,0.031677,0.036396,0.0679,0.04218,0.0460645,0.085398,0.05162,0.05162,0.017186,0.07576,0.0081038,0.0145532,0.007461,0.0401075
1.026494,2.04729,1.553896,1.63689,0.932535,2.41008,0.811053,1.43127,0.478125,0.64602,0.38874,0.59529,2.84274,1.8408,0.052263333,0.07437,0.038736667,0.038736667,0.042242,0.09279,0.053215,0.06261,0.12079,0.079856667,0.079856667,0.028107667,0.11235,0.0102172,0.0198154,0.01078975,0.06471
1.223184,2.51292,1.92489,2.15991,1.446564,3.1935,1.167356,2.06004,0.595,0.59556,0.413554,0.58143,2.99727,2.01492,0.064666667,0.096903333,0.039666667,0.039666667,0.045606,0.090365,0.05583,0.07412,0.14467,0.077356667,0.077356667,0.027013667,0.107045,0.0121064,0.023876,0.01332975,0.05896
1.303101,2.71767,2.16144,2.37066,1.664912,3.2454,1.281936,2.26224,0.66725,0.50472,0.471447,0.67833,2.99727,2.21394,0.067796667,0.1142,0.040923333,0.040923333,0.04307,0.08737,0.058505,0.080225,0.15629,0.094996667,0.094996667,0.028102667,0.13116,0.01367,0.023766,0.01172525,0.07636
1.208853,2.67753,1.92489,2.19378,2.07434,3.1254,1.224646,2.16114,0.750125,0.5148,0.504545,0.83061,3.05677,2.14428,0.077066667,0.131423333,0.04124,0.04124,0.04142,0.08713,0.059865,0.082465,0.17623,0.08343,0.08343,0.027086667,0.11777,0.0138272,0.024496,0.01018325,0.058835
1.008066,2.44068,1.516257,1.64439,1.81509,2.8617,1.102892,1.94628,0.85,0.60564,0.496261,0.91368,3.366,2.09454,0.071136667,0.123556667,0.03782,0.03782,0.041966,0.081765,0.061235,0.088885,0.16117,0.085983333,0.085983333,0.027632333,0.115735,0.01183,0.029784,0.01130125,0.06842
0.696626,1.971,0.957068,1.10253,1.401072,2.21022,0.75735,1.3365,0.860625,0.73689,0.496261,0.94137,3.03892,2.19402,0.063553333,0.094136667,0.031397333,0.031397333,0.037428,0.07871,0.05716,0.07412,0.12267,0.062866667,0.062866667,0.019501667,0.09144,0.0105796,0.023784,0.00924925,0.047048
0.280704,0.97947,0.446272,0.47037,0.859741,0.98322,0.325856,0.57504,0.86275,0.77724,0.463182,0.91368,2.42641,2.38308,0.058586667,0.085176667,0.030016333,0.030016333,0.036396,0.07829,0.05716,0.07032,0.12763,0.054386667,0.054386667,0.022878333,0.082825,0.010632,0.02502,0.010531,0.0496485
0.0245871,0.128457,0.0322601,0.060207,0.1319183,0.095922,0.0304368,0.053712,0.898875,0.858,0.471447,1.02444,2.47401,2.18409,0.057853333,0.092896667,0.032522667,0.032522667,0.040336,0.077385,0.05193,0.07242,0.11993,0.0636,0.0636,0.022607333,0.083025,0.0110898,0.027318,0.0118385,0.0431715
0,0,0,0,0,0,0,0,0.935,1.0296,0.438368,1.329,2.35501,1.80099,0.070863333,0.12161,0.047483333,0.047483333,0.052712,0.097515,0.05583,0.09945,0.15796,0.096063333,0.096063333,0.031069,0.10613,0.0136896,0.038166,0.01596675,0.055025
0,0,0,0,0,0,0,0,0.92225,1.2012,0.355661,1.28745,2.25386,1.67661,0.077393333,0.135476667,0.054506667,0.054506667,0.05302,0.11559,0.062625,0.11007,0.17471,0.09964,0.09964,0.037826667,0.1191,0.0152194,0.040468,0.0173305,0.0573
0,0,0,0,0,0,0,0,0.91375,1.29207,0.380475,1.27362,2.41451,1.59204,0.085786667,0.139456667,0.056703333,0.056703333,0.052712,0.11812,0.069795,0.11744,0.19739,0.11154,0.11154,0.040833333,0.13224,0.016869,0.043072,0.01851325,0.06083
0,0,0,0,0,0,0,0,0.869125,1.33245,0.454917,1.20441,2.57499,1.602,0.082843333,0.13684,0.053783333,0.053783333,0.051192,0.11662,0.07889,0.11637,0.18659,0.10486,0.10486,0.040006667,0.12796,0.0151576,0.042214,0.0185435,0.06495
0,0,0,0,0,0,0,0,0.852125,1.2315,0.51281,0.9552,2.60474,1.70646,0.071723333,0.11766,0.044803333,0.044803333,0.04142,0.096385,0.085255,0.10143,0.15023,0.094546667,0.094546667,0.036203333,0.116265,0.0129534,0.036948,0.01602225,0.057295
0,0,0,0,0,0,0,0,0.79475,1.08009,0.578987,0.96906,2.52161,1.68159,0.06398,0.09945,0.03542,0.03542,0.034624,0.076745,0.07428,0.082915,0.11848,0.077523333,0.077523333,0.028063333,0.09442,0.0107368,0.031618,0.0133085,0.045726
0,0,0,0,0,0,0,0,0.765,0.90849,0.703038,0.98289,2.46211,1.62189,0.051763333,0.075803333,0.026304333,0.026304333,0.028414,0.057665,0.062625,0.063005,0.089998,0.060256667,0.060256667,0.019935,0.07575,0.0086506,0.02162,0.00964175,0.0370205
