{
  "variant": "v6q_nocomm_gru_macpo_qcap2400",
  "exploratory": true,
  "target_updates": 1000,
  "resumed_from_update": 625,
  "dimensions": {
    "num_agents": 4,
    "action_dim": 8,
    "base_obs_dim": 32,
    "actor_obs_dim": 40
  },
  "metrics": [
    {
      "update": 626,
      "algorithm": "macpo",
      "actor_loss": -0.45130378007888794,
      "reward_critic_loss": 0.002375895855948329,
      "cost_critic_loss": 0.258865624666214,
      "reward_critic_loss_last": 0.002375895855948329,
      "cost_critic_loss_last": 0.258865624666214,
      "critic_epochs": 1,
      "daily_voltage_cost": 0.008565799333155155,
      "daily_voltage_cost_raw": 0.008565799333155155,
      "daily_voltage_cost_normalized": 0.4282900393009186,
      "daily_economic_return_raw_yuan": -1220785.5,
      "daily_economic_return_normalized": -0.38734132051467896,
      "daily_economic_cost_raw_yuan": 1220785.5,
      "economic_reward_scale_yuan": 3151704.8194007874,
      "lagrange_multiplier": 0.0,
      "cost_budget": 1.0,
      "cost_budget_raw": 0.02,
      "cost_budget_normalized": 1.0,
      "algorithm_cost_mode": "separate_cost",
      "fixed_cost_penalty_coef": 0.0,
      "log_std_max": -2.3,
      "accepted": true,
      "mode": "reward",
      "reward_before": 4.063403480358829e-07,
      "reward_after": 0.45130378007888794,
      "cost_before": 0.4282934367656708,
      "cost_after": 0.5274254083633423,
      "kl_before": -2.384185791015625e-07,
      "kl_after": 0.019988885149359703,
      "cost_gap": -0.5717065632343292,
      "cost_recoverable": true,
      "cost_quadratic": 557.31689453125,
      "reward_quadratic": 5.855806827545166,
      "reward_cost_cross": 2.8569083213806152,
      "max_linear_cost_drop": 4.721512022779356,
      "rollout_wall_seconds": 5.6256612204015255,
      "update_wall_seconds": 20.878406507894397,
      "total_wall_seconds": 26.504069251939654
    },
    {
      "update": 627,
      "algorithm": "macpo",
      "actor_loss": -0.4973893165588379,
      "reward_critic_loss": 0.003162829903885722,
      "cost_critic_loss": 0.05739382654428482,
      "reward_critic_loss_last": 0.003162829903885722,
      "cost_critic_loss_last": 0.05739382654428482,
      "critic_epochs": 1,
      "daily_voltage_cost": 0.002457996131852269,
      "daily_voltage_cost_raw": 0.002457996131852269,
      "daily_voltage_cost_normalized": 0.12289981544017792,
      "daily_economic_return_raw_yuan": -1709574.25,
      "daily_economic_return_normalized": -0.5424284338951111,
      "daily_economic_cost_raw_yuan": 1709574.25,
      "economic_reward_scale_yuan": 3151704.8194007874,
      "lagrange_multiplier": 0.0,
      "cost_budget": 1.0,
      "cost_budget_raw": 0.02,
      "cost_budget_normalized": 1.0,
      "algorithm_cost_mode": "separate_cost",
      "fixed_cost_penalty_coef": 0.0,
      "log_std_max": -2.3,
      "accepted": true,
      "mode": "reward",
      "reward_before": 8.51923232403351e-07,
      "reward_after": 0.4973893165588379,
      "cost_before": 0.12289820611476898,
      "cost_after": 0.6962776780128479,
      "kl_before": -2.384185791015625e-07,
      "kl_after": 0.019976124167442322,
      "cost_gap": -0.877101793885231,
      "cost_recoverable": true,
      "cost_quadratic": 161.88523864746094,
      "reward_quadratic": 6.864402770996094,
      "reward_cost_cross": 7.9996843338012695,
      "max_linear_cost_drop": 2.5446826021919584,
      "rollout_wall_seconds": 3.1024157628417015,
      "update_wall_seconds": 0.9560376293957233,
      "total_wall_seconds": 4.058456411585212
    },
    {
      "update": 628,
      "algorithm": "macpo",
      "actor_loss": -0.49876946210861206,
      "reward_critic_loss": 0.002831901889294386,
      "cost_critic_loss": 0.3547969460487366,
      "reward_critic_loss_last": 0.002831901889294386,
      "cost_critic_loss_last": 0.3547969460487366,
      "critic_epochs": 1,
      "daily_voltage_cost": 0.006245569791644812,
      "daily_voltage_cost_raw": 0.006245569791644812,
      "daily_voltage_cost_normalized": 0.31227847933769226,
      "daily_economic_return_raw_yuan": -1517812.625,
      "daily_economic_return_normalized": -0.4815846383571625,
      "daily_economic_cost_raw_yuan": 1517812.625,
      "economic_reward_scale_yuan": 3151704.8194007874,
      "lagrange_multiplier": 0.0,
      "cost_budget": 1.0,
      "cost_budget_raw": 0.02,
      "cost_budget_normalized": 1.0,
      "algorithm_cost_mode": "separate_cost",
      "fixed_cost_penalty_coef": 0.0,
      "log_std_max": -2.3,
      "accepted": true,
      "mode": "reward",
      "reward_before": 2.161783498877412e-07,
      "reward_after": 0.49876946210861206,
      "cost_before": 0.3122764229774475,
      "cost_after": -0.5164920091629028,
      "kl_before": -2.384185791015625e-07,
      "kl_after": 0.019991766661405563,
      "cost_gap": -0.6877235770225525,
      "cost_recoverable": true,
      "cost_quadratic": 735.2764892578125,
      "reward_quadratic": 6.210245132446289,
      "reward_cost_cross": -9.895490646362305,
      "max_linear_cost_drop": 5.4231964347894035,
      "rollout_wall_seconds": 1.891079232096672,
      "update_wall_seconds": 0.9494147039949894,
      "total_wall_seconds": 2.840496502816677
    },
    {
      "update": 629,
      "algorithm": "macpo",
      "actor_loss": 0.007983945310115814,
      "reward_critic_loss": 0.0020220614969730377,
      "cost_critic_loss": 1.9610910415649414,
      "reward_critic_loss_last": 0.0020220614969730377,
      "cost_critic_loss_last": 1.9610910415649414,
      "critic_epochs": 1,
      "daily_voltage_cost": 0.03133188188076019,
      "daily_voltage_cost_raw": 0.03133188188076019,
      "daily_voltage_cost_normalized": 1.5665942430496216,
      "daily_economic_return_raw_yuan": -1283667.25,
      "daily_economic_return_normalized": -0.4072929918766022,
      "daily_economic_cost_raw_yuan": 1283667.25,
      "economic_reward_scale_yuan": 3151704.8194007874,
      "lagrange_multiplier": 0.0,
      "cost_budget": 1.0,
      "cost_budget_raw": 0.02,
      "cost_budget_normalized": 1.0,
      "algorithm_cost_mode": "separate_cost",
      "fixed_cost_penalty_coef": 0.0,
      "log_std_max": -2.3,
      "accepted": true,
      "mode": "cost_recovery",
      "reward_before": 8.225107706039125e-09,
      "reward_after": -0.007983945310115814,
      "cost_before": 1.5665802955627441,
      "cost_after": -4.357056617736816,
      "kl_before": -2.384185791015625e-07,
      "kl_after": 0.004999078810214996,
      "cost_gap": 0.5665802955627441,
      "cost_recoverable": true,
      "cost_quadratic": 4078.442138671875,
      "reward_quadratic": 4.599645614624023,
      "reward_cost_cross": 4.613025665283203,
      "max_linear_cost_drop": 12.772536378764986,
      "rollout_wall_seconds": 2.3344963919371367,
      "update_wall_seconds": 1.099031401798129,
      "total_wall_seconds": 3.4335301276296377
    },
    {
      "update": 630,
      "algorithm": "macpo",
      "actor_loss": -0.4221993088722229,
      "reward_critic_loss": 0.002287499373778701,
      "cost_critic_loss": 0.4241393804550171,
      "reward_critic_loss_last": 0.002287499373778701,
      "cost_critic_loss_last": 0.4241393804550171,
      "critic_epochs": 1,
      "daily_voltage_cost": 0.01956414245069027,
      "daily_voltage_cost_raw": 0.01956414245069027,
      "daily_voltage_cost_normalized": 0.9782072305679321,
      "daily_economic_return_raw_yuan": -1298352.5,
      "daily_economic_return_normalized": -0.4119524359703064,
      "daily_economic_cost_raw_yuan": 1298352.5,
      "economic_reward_scale_yuan": 3151704.8194007874,
      "lagrange_multiplier": 0.0,
      "cost_budget": 1.0,
      "cost_budget_raw": 0.02,
      "cost_budget_normalized": 1.0,
      "algorithm_cost_mode": "separate_cost",
      "fixed_cost_penalty_coef": 0.0,
      "log_std_max": -2.3,
      "accepted": true,
      "mode": "reward",
      "reward_before": -3.7176533851379645e-07,
      "reward_after": 0.4221993088722229,
      "cost_before": 0.9782088398933411,
      "cost_after": 0.5410979390144348,
      "kl_before": -2.384185791015625e-07,
      "kl_after": 0.019918693229556084,
      "cost_gap": -0.021791160106658936,
      "cost_recoverable": true,
      "cost_quadratic": 874.3128662109375,
      "reward_quadratic": 4.397110939025879,
      "reward_cost_cross": -5.473700523376465,
      "max_linear_cost_drop": 5.913756390690904,
      "rollout_wall_seconds": 1.927254419773817,
      "update_wall_seconds": 1.3865881003439426,
      "total_wall_seconds": 3.3138451632112265
    },
    {
      "update": 631,
      "algorithm": "macpo",
      "actor_loss": 0.006877201609313488,
      "reward_critic_loss": 0.0023352517746388912,
      "cost_critic_loss": 0.8475520610809326,
      "reward_critic_loss_last": 0.0023352517746388912,
      "cost_critic_loss_last": 0.8475520610809326,
      "critic_epochs": 1,
      "daily_voltage_cost": 0.02117999829351902,
      "daily_voltage_cost_raw": 0.02117999829351902,
      "daily_voltage_cost_normalized": 1.059000015258789,
      "daily_economic_return_raw_yuan": -1193379.875,
      "daily_economic_return_normalized": -0.3786458373069763,
      "daily_economic_cost_raw_yuan": 1193379.875,
      "economic_reward_scale_yuan": 3151704.8194007874,
      "lagrange_multiplier": 0.0,
      "cost_budget": 1.0,
      "cost_budget_raw": 0.02,
      "cost_budget_normalized": 1.0,
      "algorithm_cost_mode": "separate_cost",
      "fixed_cost_penalty_coef": 0.0,
      "log_std_max": -2.3,
      "accepted": true,
      "mode": "cost_recovery",
      "reward_before": -1.7070414060071926e-07,
      "reward_after": -0.006877201609313488,
      "cost_before": 1.058991551399231,
      "cost_after": -2.9258618354797363,
      "kl_before": -2.384185791015625e-07,
      "kl_after": 0.005036371294409037,
      "cost_gap": 0.05899155139923096,
      "cost_recoverable": true,
      "cost_quadratic": 1786.654296875,
      "reward_quadratic": 5.3997297286987305,
      "reward_cost_cross": 4.083221912384033,
      "max_linear_cost_drop": 8.453766727027663,
      "rollout_wall_seconds": 1.8241274952888489,
      "update_wall_seconds": 1.0045890714973211,
      "total_wall_seconds": 2.8287187423557043
    },
    {
      "update": 632,
      "algorithm": "macpo",
      "actor_loss": -0.5000437498092651,
      "reward_critic_loss": 0.002756202593445778,
      "cost_critic_loss": 0.17123650014400482,
      "reward_critic_loss_last": 0.002756202593445778,
      "cost_critic_loss_last": 0.17123650014400482,
      "critic_epochs": 1,
      "daily_voltage_cost": 0.008575805462896824,
      "daily_voltage_cost_raw": 0.008575805462896824,
      "daily_voltage_cost_normalized": 0.42879027128219604,
      "daily_economic_return_raw_yuan": -1370029.5,
      "daily_economic_return_normalized": -0.43469473719596863,
      "daily_economic_cost_raw_yuan": 1370029.5,
      "economic_reward_scale_yuan": 3151704.8194007874,
      "lagrange_multiplier": 0.0,
      "cost_budget": 1.0,
      "cost_budget_raw": 0.02,
      "cost_budget_normalized": 1.0,
      "algorithm_cost_mode": "separate_cost",
      "fixed_cost_penalty_coef": 0.0,
      "log_std_max": -2.3,
      "accepted": true,
      "mode": "reward",
      "reward_before": -6.180142690936918e-07,
      "reward_after": 0.5000437498092651,
      "cost_before": 0.4287927448749542,
      "cost_after": -0.6677137017250061,
      "kl_before": -2.384185791015625e-07,
      "kl_after": 0.01991213671863079,
      "cost_gap": -0.5712072551250458,
      "cost_recoverable": true,
      "cost_quadratic": 401.3764343261719,
      "reward_quadratic": 6.044459342956543,
      "reward_cost_cross": -11.464227676391602,
      "max_linear_cost_drop": 4.0068762612597455,
      "rollout_wall_seconds": 1.6914151962846518,
      "update_wall_seconds": 0.9120600540190935,
      "total_wall_seconds": 2.6034774221479893
    },
    {
      "update": 633,
      "algorithm": "macpo",
      "actor_loss": -0.39787909388542175,
      "reward_critic_loss": 0.001566325081512332,
      "cost_critic_loss": 0.3316081464290619,
      "reward_critic_loss_last": 0.001566325081512332,
      "cost_critic_loss_last": 0.3316081464290619,
      "critic_epochs": 1,
      "daily_voltage_cost": 0.016824793070554733,
      "daily_voltage_cost_raw": 0.016824793070554733,
      "daily_voltage_cost_normalized": 0.8412396311759949,
      "daily_economic_return_raw_yuan": -1277290.125,
      "daily_economic_return_normalized": -0.405269593000412,
      "daily_economic_cost_raw_yuan": 1277290.125,
      "economic_reward_scale_yuan": 3151704.8194007874,
      "lagrange_multiplier": 0.0,
      "cost_budget": 1.0,
      "cost_budget_raw": 0.02,
      "cost_budget_normalized": 1.0,
      "algorithm_cost_mode": "separate_cost",
      "fixed_cost_penalty_coef": 0.0,
      "log_std_max": -2.3,
      "accepted": true,
      "mode": "reward",
      "reward_before": 6.448534861647204e-08,
      "reward_after": 0.39787909388542175,
      "cost_before": 0.8412428498268127,
      "cost_after": 0.2123258113861084,
      "kl_before": -2.384185791015625e-07,
      "kl_after": 0.019946148619055748,
      "cost_gap": -0.15875715017318726,
      "cost_recoverable": true,
      "cost_quadratic": 673.9578857421875,
      "reward_quadratic": 3.856511354446411,
      "reward_cost_cross": -7.010699272155762,
      "max_linear_cost_drop": 5.192139773704817,
      "rollout_wall_seconds": 1.8834748696535826,
      "update_wall_seconds": 0.9084264021366835,
      "total_wall_seconds": 2.7919034399092197
    },
    {
      "update": 634,
      "algorithm": "macpo",
      "actor_loss": -0.43362534046173096,
      "reward_critic_loss": 0.002445381134748459,
      "cost_critic_loss": 0.20523498952388763,
      "reward_critic_loss_last": 0.002445381134748459,
      "cost_critic_loss_last": 0.20523498952388763,
      "critic_epochs": 1,
      "daily_voltage_cost": 0.005373270250856876,
      "daily_voltage_cost_raw": 0.005373270250856876,
      "daily_voltage_cost_normalized": 0.26866352558135986,
      "daily_economic_return_raw_yuan": -1384832.875,
      "daily_economic_return_normalized": -0.4393916726112366,
      "daily_economic_cost_raw_yuan": 1384832.875,
      "economic_reward_scale_yuan": 3151704.8194007874,
      "lagrange_multiplier": 0.0,
      "cost_budget": 1.0,
      "cost_budget_raw": 0.02,
      "cost_budget_normalized": 1.0,
      "algorithm_cost_mode": "separate_cost",
      "fixed_cost_penalty_coef": 0.0,
      "log_std_max": -2.3,
      "accepted": true,
      "mode": "reward",
      "reward_before": -6.860559551569168e-07,
      "reward_after": 0.43362534046173096,
      "cost_before": 0.26866644620895386,
      "cost_after": 0.16208051145076752,
      "kl_before": -2.384185791015625e-07,
      "kl_after": 0.019902585074305534,
      "cost_gap": -0.7313335537910461,
      "cost_recoverable": true,
      "cost_quadratic": 413.6124267578125,
      "reward_quadratic": 4.821671009063721,
      "reward_cost_cross": 0.5023491382598877,
      "max_linear_cost_drop": 4.067492725293126,
      "rollout_wall_seconds": 2.9514655638486147,
      "update_wall_seconds": 0.8580288533121347,
      "total_wall_seconds": 3.809496905654669
    },
    {
      "update": 635,
      "algorithm": "macpo",
      "actor_loss": -0.22722238302230835,
      "reward_critic_loss": 0.002476809546351433,
      "cost_critic_loss": 0.4687539041042328,
      "reward_critic_loss_last": 0.002476809546351433,
      "cost_critic_loss_last": 0.4687539041042328,
      "critic_epochs": 1,
      "daily_voltage_cost": 0.016845524311065674,
      "daily_voltage_cost_raw": 0.016845524311065674,
      "daily_voltage_cost_normalized": 0.8422762155532837,
      "daily_economic_return_raw_yuan": -1233165.5,
      "daily_economic_return_normalized": -0.39126935601234436,
      "daily_economic_cost_raw_yuan": 1233165.5,
      "economic_reward_scale_yuan": 3151704.8194007874,
      "lagrange_multiplier": 0.0,
      "cost_budget": 1.0,
      "cost_budget_raw": 0.02,
      "cost_budget_normalized": 1.0,
      "algorithm_cost_mode": "separate_cost",
      "fixed_cost_penalty_coef": 0.0,
      "log_std_max": -2.3,
      "accepted": true,
      "mode": "constrained_reward",
      "reward_before": -8.526684780463256e-08,
      "reward_after": 0.22722238302230835,
      "cost_before": 0.8422738313674927,
      "cost_after": 0.927272617816925,
      "kl_before": -2.384185791015625e-07,
      "kl_after": 0.004976328462362289,
      "cost_gap": -0.15772616863250732,
      "cost_recoverable": true,
      "cost_quadratic": 1234.346923828125,
      "reward_quadratic": 5.130444526672363,
      "reward_cost_cross": 3.002581834793091,
      "max_linear_cost_drop": 7.02665474839379,
      "rollout_wall_seconds": 1.0062574669718742,
      "update_wall_seconds": 0.9006066881120205,
      "total_wall_seconds": 1.9068661499768496
    },
    {
      "update": 636,
      "algorithm": "macpo",
      "actor_loss": -0.44434958696365356,
      "reward_critic_loss": 0.0022364589385688305,
      "cost_critic_loss": 0.2883249521255493,
      "reward_critic_loss_last": 0.0022364589385688305,
      "cost_critic_loss_last": 0.2883249521255493,
      "critic_epochs": 1,
      "daily_voltage_cost": 0.006057762540876865,
      "daily_voltage_cost_raw": 0.006057762540876865,
      "daily_voltage_cost_normalized": 0.3028881251811981,
      "daily_economic_return_raw_yuan": -1343215.5,
      "daily_economic_return_normalized": -0.4261869788169861,
      "daily_economic_cost_raw_yuan": 1343215.5,
      "economic_reward_scale_yuan": 3151704.8194007874,
      "lagrange_multiplier": 0.0,
      "cost_budget": 1.0,
      "cost_budget_raw": 0.02,
      "cost_budget_normalized": 1.0,
      "algorithm_cost_mode": "separate_cost",
      "fixed_cost_penalty_coef": 0.0,
      "log_std_max": -2.3,
      "accepted": true,
      "mode": "reward",
      "reward_before": -1.7440669353163685e-08,
      "reward_after": 0.44434958696365356,
      "cost_before": 0.30289554595947266,
      "cost_after": -1.1588125228881836,
      "kl_before": -2.384185791015625e-07,
      "kl_after": 0.019955966621637344,
      "cost_gap": -0.6971044540405273,
      "cost_recoverable": true,
      "cost_quadratic": 626.2633056640625,
      "reward_quadratic": 4.9868268966674805,
      "reward_cost_cross": -14.217643737792969,
      "max_linear_cost_drop": 5.005050671727759,
      "rollout_wall_seconds": 1.4317130912095308,
      "update_wall_seconds": 1.1031131725758314,
      "total_wall_seconds": 2.5348282884806395
    },
    {
      "update": 637,
      "algorithm": "macpo",
      "actor_loss": -0.20750325918197632,
      "reward_critic_loss": 0.0020273239351809025,
      "cost_critic_loss": 0.3595975339412689,
      "reward_critic_loss_last": 0.0020273239351809025,
      "cost_critic_loss_last": 0.3595975339412689,
      "critic_epochs": 1,
      "daily_voltage_cost": 0.014756137505173683,
      "daily_voltage_cost_raw": 0.014756137505173683,
      "daily_voltage_cost_normalized": 0.7378069162368774,
      "daily_economic_return_raw_yuan": -1309541.5,
      "daily_economic_return_normalized": -0.4155025780200958,
      "daily_economic_cost_raw_yuan": 1309541.5,
      "economic_reward_scale_yuan": 3151704.8194007874,
      "lagrange_multiplier": 0.0,
      "cost_budget": 1.0,
      "cost_budget_raw": 0.02,
      "cost_budget_normalized": 1.0,
      "algorithm_cost_mode": "separate_cost",
      "fixed_cost_penalty_coef": 0.0,
      "log_std_max": -2.3,
      "accepted": true,
      "mode": "constrained_reward",
      "reward_before": -2.462169845784956e-07,
      "reward_after": 0.20750325918197632,
      "cost_before": 0.7378102540969849,
      "cost_after": 0.9350202679634094,
      "kl_before": -2.384185791015625e-07,
      "kl_after": 0.005000915378332138,
      "cost_gap": -0.26218974590301514,
      "cost_recoverable": true,
      "cost_quadratic": 786.9013671875,
      "reward_quadratic": 4.1137213706970215,
      "reward_cost_cross": 3.0212621688842773,
      "max_linear_cost_drop": 5.6103524566198155,
      "rollout_wall_seconds": 1.5206748265773058,
      "update_wall_seconds": 0.9927356857806444,
      "total_wall_seconds": 2.513412520289421
    },
    {
      "update": 638,
      "algorithm": "macpo",
      "actor_loss": -0.4385252892971039,
      "reward_critic_loss": 0.0019887881353497505,
      "cost_critic_loss": 0.3800348937511444,
      "reward_critic_loss_last": 0.0019887881353497505,
      "cost_critic_loss_last": 0.3800348937511444,
      "critic_epochs": 1,
      "daily_voltage_cost": 0.012547986581921577,
      "daily_voltage_cost_raw": 0.012547986581921577,
      "daily_voltage_cost_normalized": 0.6273993253707886,
      "daily_economic_return_raw_yuan": -1213095.0,
      "daily_economic_return_normalized": -0.384901225566864,
      "daily_economic_cost_raw_yuan": 1213095.0,
      "economic_reward_scale_yuan": 3151704.8194007874,
      "lagrange_multiplier": 0.0,
      "cost_budget": 1.0,
      "cost_budget_raw": 0.02,
      "cost_budget_normalized": 1.0,
      "algorithm_cost_mode": "separate_cost",
      "fixed_cost_penalty_coef": 0.0,
      "log_std_max": -2.3,
      "accepted": true,
      "mode": "reward",
      "reward_before": 2.8493511194938037e-07,
      "reward_after": 0.4385252892971039,
      "cost_before": 0.6274032592773438,
      "cost_after": 0.23376822471618652,
      "kl_before": -2.384185791015625e-07,
      "kl_after": 0.01994110643863678,
      "cost_gap": -0.37259674072265625,
      "cost_recoverable": true,
      "cost_quadratic": 837.1424560546875,
      "reward_quadratic": 4.716552734375,
      "reward_cost_cross": -4.622971057891846,
      "max_linear_cost_drop": 5.786682835803903,
      "rollout_wall_seconds": 2.0976291485130787,
      "update_wall_seconds": 1.2960357945412397,
      "total_wall_seconds": 3.393667235970497
    },
    {
      "update": 639,
      "algorithm": "macpo",
      "actor_loss": -0.38874971866607666,
      "reward_critic_loss": 0.001380106434226036,
      "cost_critic_loss": 0.20814268290996552,
      "reward_critic_loss_last": 0.001380106434226036,
      "cost_critic_loss_last": 0.20814268290996552,
      "critic_epochs": 1,
      "daily_voltage_cost": 0.015004601329565048,
      "daily_voltage_cost_raw": 0.015004601329565048,
      "daily_voltage_cost_normalized": 0.750230073928833,
      "daily_economic_return_raw_yuan": -1280056.0,
      "daily_economic_return_normalized": -0.40614718198776245,
      "daily_economic_cost_raw_yuan": 1280056.0,
      "economic_reward_scale_yuan": 3151704.8194007874,
      "lagrange_multiplier": 0.0,
      "cost_budget": 1.0,
      "cost_budget_raw": 0.02,
      "cost_budget_normalized": 1.0,
      "algorithm_cost_mode": "separate_cost",
      "fixed_cost_penalty_coef": 0.0,
      "log_std_max": -2.3,
      "accepted": true,
      "mode": "reward",
      "reward_before": -9.770453601731788e-08,
      "reward_after": 0.38874971866607666,
      "cost_before": 0.7502321004867554,
      "cost_after": -0.252117395401001,
      "kl_before": -2.384185791015625e-07,
      "kl_after": 0.019983649253845215,
      "cost_gap": -0.24976789951324463,
      "cost_recoverable": true,
      "cost_quadratic": 539.1089477539062,
      "reward_quadratic": 3.525021553039551,
      "reward_cost_cross": -8.796122550964355,
      "max_linear_cost_drop": 4.643743953983278,
      "rollout_wall_seconds": 2.4619186855852604,
      "update_wall_seconds": 1.4863498322665691,
      "total_wall_seconds": 3.948270896449685
    },
    {
      "update": 640,
      "algorithm": "macpo",
      "actor_loss": -0.05573197454214096,
      "reward_critic_loss": 0.0022951464634388685,
      "cost_critic_loss": 0.7559706568717957,
      "reward_critic_loss_last": 0.0022951464634388685,
      "cost_critic_loss_last": 0.7559706568717957,
      "critic_epochs": 1,
      "daily_voltage_cost": 0.02041325345635414,
      "daily_voltage_cost_raw": 0.02041325345635414,
      "daily_voltage_cost_normalized": 1.0206626653671265,
      "daily_economic_return_raw_yuan": -1422963.0,
      "daily_economic_return_normalized": -0.4514899253845215,
      "daily_economic_cost_raw_yuan": 1422963.0,
      "economic_reward_scale_yuan": 3151704.8194007874,
      "lagrange_multiplier": 0.0,
      "cost_budget": 1.0,
      "cost_budget_raw": 0.02,
      "cost_budget_normalized": 1.0,
      "algorithm_cost_mode": "separate_cost",
      "fixed_cost_penalty_coef": 0.0,
      "log_std_max": -2.3,
      "accepted": true,
      "mode": "cost_recovery",
      "reward_before": -3.686221461407513e-08,
      "reward_after": 0.05573197454214096,
      "cost_before": 1.0206639766693115,
      "cost_after": -6.523066997528076,
      "kl_before": -2.384185791015625e-07,
      "kl_after": 0.019992725923657417,
      "cost_gap": 0.020663976669311523,
      "cost_recoverable": true,
      "cost_quadratic": 1622.4923095703125,
      "reward_quadratic": 5.071274280548096,
      "reward_cost_cross": -11.409453392028809,
      "max_linear_cost_drop": 8.056034532126368,
      "rollout_wall_seconds": 2.4715067595243454,
      "update_wall_seconds": 1.4709806069731712,
      "total_wall_seconds": 3.9424898494035006
    },
    {
      "update": 641,
      "algorithm": "macpo",
      "actor_loss": -0.265938401222229,
      "reward_critic_loss": 0.003240840509533882,
      "cost_critic_loss": 0.1392972469329834,
      "reward_critic_loss_last": 0.003240840509533882,
      "cost_critic_loss_last": 0.1392972469329834,
      "critic_epochs": 1,
      "daily_voltage_cost": 0.0024992981925606728,
      "daily_voltage_cost_raw": 0.0024992981925606728,
      "daily_voltage_cost_normalized": 0.12496490031480789,
      "daily_economic_return_raw_yuan": -1502143.375,
      "daily_economic_return_normalized": -0.47661298513412476,
      "daily_economic_cost_raw_yuan": 1502143.375,
      "economic_reward_scale_yuan": 3151704.8194007874,
      "lagrange_multiplier": 0.0,
      "cost_budget": 1.0,
      "cost_budget_raw": 0.02,
      "cost_budget_normalized": 1.0,
      "algorithm_cost_mode": "separate_cost",
      "fixed_cost_penalty_coef": 0.0,
      "log_std_max": -2.3,
      "accepted": true,
      "mode": "reward",
      "reward_before": 3.1336463734987774e-07,
      "reward_after": 0.265938401222229,
      "cost_before": 0.12497135251760483,
      "cost_after": 0.4464172124862671,
      "kl_before": -2.384185791015625e-07,
      "kl_after": 0.004955674055963755,
      "cost_gap": -0.8750286474823952,
      "cost_recoverable": true,
      "cost_quadratic": 351.2746887207031,
      "reward_quadratic": 7.274900436401367,
      "reward_cost_cross": 8.02451229095459,
      "max_linear_cost_drop": 3.7484646922210865,
      "rollout_wall_seconds": 2.1453033089637756,
      "update_wall_seconds": 1.3635996002703905,
      "total_wall_seconds": 3.508906437084079
    },
    {
      "update": 642,
      "algorithm": "macpo",
      "actor_loss": -0.44407975673675537,
      "reward_critic_loss": 0.0022851864341646433,
      "cost_critic_loss": 0.24909524619579315,
      "reward_critic_loss_last": 0.0022851864341646433,
      "cost_critic_loss_last": 0.24909524619579315,
      "critic_epochs": 1,
      "daily_voltage_cost": 0.006082938052713871,
      "daily_voltage_cost_raw": 0.006082938052713871,
      "daily_voltage_cost_normalized": 0.304146945476532,
      "daily_economic_return_raw_yuan": -1215105.75,
      "daily_economic_return_normalized": -0.3855392038822174,
      "daily_economic_cost_raw_yuan": 1215105.75,
      "economic_reward_scale_yuan": 3151704.8194007874,
      "lagrange_multiplier": 0.0,
      "cost_budget": 1.0,
      "cost_budget_raw": 0.02,
      "cost_budget_normalized": 1.0,
      "algorithm_cost_mode": "separate_cost",
      "fixed_cost_penalty_coef": 0.0,
      "log_std_max": -2.3,
      "accepted": true,
      "mode": "reward",
      "reward_before": 5.204197250918696e-08,
      "reward_after": 0.44407975673675537,
      "cost_before": 0.3041480779647827,
      "cost_after": -0.5755651593208313,
      "kl_before": -2.384185791015625e-07,
      "kl_after": 0.019992265850305557,
      "cost_gap": -0.6958519220352173,
      "cost_recoverable": true,
      "cost_quadratic": 913.16064453125,
      "reward_quadratic": 4.962699890136719,
      "reward_cost_cross": -8.816619873046875,
      "max_linear_cost_drop": 6.043709604311743,
      "rollout_wall_seconds": 2.268066804856062,
      "update_wall_seconds": 1.2023366950452328,
      "total_wall_seconds": 3.470406310632825
    },
    {
      "update": 643,
      "algorithm": "macpo",
      "actor_loss": -0.23575688898563385,
      "reward_critic_loss": 0.0027026000898331404,
      "cost_critic_loss": 0.257239431142807,
      "reward_critic_loss_last": 0.0027026000898331404,
      "cost_critic_loss_last": 0.257239431142807,
      "critic_epochs": 1,
      "daily_voltage_cost": 0.013779863715171814,
      "daily_voltage_cost_raw": 0.013779863715171814,
      "daily_voltage_cost_normalized": 0.6889932751655579,
      "daily_economic_return_raw_yuan": -1335206.125,
      "daily_economic_return_normalized": -0.42364567518234253,
      "daily_economic_cost_raw_yuan": 1335206.125,
      "economic_reward_scale_yuan": 3151704.8194007874,
      "lagrange_multiplier": 0.0,
      "cost_budget": 1.0,
      "cost_budget_raw": 0.02,
      "cost_budget_normalized": 1.0,
      "algorithm_cost_mode": "separate_cost",
      "fixed_cost_penalty_coef": 0.0,
      "log_std_max": -2.3,
      "accepted": true,
      "mode": "constrained_reward",
      "reward_before": 5.621916443487862e-07,
      "reward_after": 0.23575688898563385,
      "cost_before": 0.6889909505844116,
      "cost_after": 0.8634908199310303,
      "kl_before": -2.384185791015625e-07,
      "kl_after": 0.004991536028683186,
      "cost_gap": -0.3110090494155884,
      "cost_recoverable": true,
      "cost_quadratic": 622.316650390625,
      "reward_quadratic": 5.675590991973877,
      "reward_cost_cross": 5.446774005889893,
      "max_linear_cost_drop": 4.989255056180732,
      "rollout_wall_seconds": 1.3438489641994238,
      "update_wall_seconds": 0.9869226031005383,
      "total_wall_seconds": 2.33077366091311
    },
    {
      "update": 644,
      "algorithm": "macpo",
      "actor_loss": 0.0596095472574234,
      "reward_critic_loss": 0.002020640764385462,
      "cost_critic_loss": 1.0960991382598877,
      "reward_critic_loss_last": 0.002020640764385462,
      "cost_critic_loss_last": 1.0960991382598877,
      "critic_epochs": 1,
      "daily_voltage_cost": 0.026774514466524124,
      "daily_voltage_cost_raw": 0.026774514466524124,
      "daily_voltage_cost_normalized": 1.3387258052825928,
      "daily_economic_return_raw_yuan": -1296373.0,
      "daily_economic_return_normalized": -0.4113243818283081,
      "daily_economic_cost_raw_yuan": 1296373.0,
      "economic_reward_scale_yuan": 3151704.8194007874,
      "lagrange_multiplier": 0.0,
      "cost_budget": 1.0,
      "cost_budget_raw": 0.02,
      "cost_budget_normalized": 1.0,
      "algorithm_cost_mode": "separate_cost",
      "fixed_cost_penalty_coef": 0.0,
      "log_std_max": -2.3,
      "accepted": true,
      "mode": "cost_recovery",
      "reward_before": -2.781457624223549e-07,
      "reward_after": -0.0596095472574234,
      "cost_before": 1.3387154340744019,
      "cost_after": -6.918819427490234,
      "kl_before": -2.384185791015625e-07,
      "kl_after": 0.019799767062067986,
      "cost_gap": 0.33871543407440186,
      "cost_recoverable": true,
      "cost_quadratic": 2111.3662109375,
      "reward_quadratic": 4.8563432693481445,
      "reward_cost_cross": 14.733858108520508,
      "max_linear_cost_drop": 9.189921024551843,
      "rollout_wall_seconds": 1.6399355363100767,
      "update_wall_seconds": 1.1342992316931486,
      "total_wall_seconds": 2.7742370944470167
    },
    {
      "update": 645,
      "algorithm": "macpo",
      "actor_loss": -0.4979579448699951,
      "reward_critic_loss": 0.002665875479578972,
      "cost_critic_loss": 0.2666873335838318,
      "reward_critic_loss_last": 0.002665875479578972,
      "cost_critic_loss_last": 0.2666873335838318,
      "critic_epochs": 1,
      "daily_voltage_cost": 0.011594182811677456,
      "daily_voltage_cost_raw": 0.011594182811677456,
      "daily_voltage_cost_normalized": 0.5797091722488403,
      "daily_economic_return_raw_yuan": -1315419.375,
      "daily_economic_return_normalized": -0.4173675775527954,
      "daily_economic_cost_raw_yuan": 1315419.375,
      "economic_reward_scale_yuan": 3151704.8194007874,
      "lagrange_multiplier": 0.0,
      "cost_budget": 1.0,
      "cost_budget_raw": 0.02,
      "cost_budget_normalized": 1.0,
      "algorithm_cost_mode": "separate_cost",
      "fixed_cost_penalty_coef": 0.0,
      "log_std_max": -2.3,
      "accepted": true,
      "mode": "reward",
      "reward_before": 1.0995557886417373e-07,
      "reward_after": 0.4979579448699951,
      "cost_before": 0.5797051191329956,
      "cost_after": -0.5860270261764526,
      "kl_before": -2.384185791015625e-07,
      "kl_after": 0.019980086013674736,
      "cost_gap": -0.4202948808670044,
      "cost_recoverable": true,
      "cost_quadratic": 656.242919921875,
      "reward_quadratic": 5.8137431144714355,
      "reward_cost_cross": -14.330730438232422,
      "max_linear_cost_drop": 5.12344774511022,
      "rollout_wall_seconds": 2.498165600001812,
      "update_wall_seconds": 1.4125036094337702,
      "total_wall_seconds": 3.9106719754636288
    },
    {
      "update": 646,
      "algorithm": "macpo",
      "actor_loss": -0.47317609190940857,
      "reward_critic_loss": 0.0020790225826203823,
      "cost_critic_loss": 0.1319429874420166,
      "reward_critic_loss_last": 0.0020790225826203823,
      "cost_critic_loss_last": 0.1319429874420166,
      "critic_epochs": 1,
      "daily_voltage_cost": 0.007298764307051897,
      "daily_voltage_cost_raw": 0.007298764307051897,
      "daily_voltage_cost_normalized": 0.3649381995201111,
      "daily_economic_return_raw_yuan": -1247913.5,
      "daily_economic_return_normalized": -0.39594873785972595,
      "daily_economic_cost_raw_yuan": 1247913.5,
      "economic_reward_scale_yuan": 3151704.8194007874,
      "lagrange_multiplier": 0.0,
      "cost_budget": 1.0,
      "cost_budget_raw": 0.02,
      "cost_budget_normalized": 1.0,
      "algorithm_cost_mode": "separate_cost",
      "fixed_cost_penalty_coef": 0.0,
      "log_std_max": -2.3,
      "accepted": true,
      "mode": "reward",
      "reward_before": 2.3113055647172587e-07,
      "reward_after": 0.47317609190940857,
      "cost_before": 0.36493995785713196,
      "cost_after": -0.9008191227912903,
      "kl_before": -2.384185791015625e-07,
      "kl_after": 0.019963879138231277,
      "cost_gap": -0.635060042142868,
      "cost_recoverable": true,
      "cost_quadratic": 387.2882385253906,
      "reward_quadratic": 5.37443733215332,
      "reward_cost_cross": -13.390841484069824,
      "max_linear_cost_drop": 3.9359280406297605,
      "rollout_wall_seconds": 2.032997865229845,
      "update_wall_seconds": 1.2831725887954235,
      "total_wall_seconds": 3.316173719242215
    },
    {
      "update": 647,
      "algorithm": "macpo",
      "actor_loss": -0.24341677129268646,
      "reward_critic_loss": 0.0024298664648085833,
      "cost_critic_loss": 1.3225711584091187,
      "reward_critic_loss_last": 0.0024298664648085833,
      "cost_critic_loss_last": 1.3225711584091187,
      "critic_epochs": 1,
      "daily_voltage_cost": 0.01813800446689129,
      "daily_voltage_cost_raw": 0.01813800446689129,
      "daily_voltage_cost_normalized": 0.9069003462791443,
      "daily_economic_return_raw_yuan": -1309951.5,
      "daily_economic_return_normalized": -0.4156326651573181,
      "daily_economic_cost_raw_yuan": 1309951.5,
      "economic_reward_scale_yuan": 3151704.8194007874,
      "lagrange_multiplier": 0.0,
      "cost_budget": 1.0,
      "cost_budget_raw": 0.02,
      "cost_budget_normalized": 1.0,
      "algorithm_cost_mode": "separate_cost",
      "fixed_cost_penalty_coef": 0.0,
      "log_std_max": -2.3,
      "accepted": true,
      "mode": "constrained_reward",
      "reward_before": -1.1813917666358975e-07,
      "reward_after": 0.24341677129268646,
      "cost_before": 0.9068939685821533,
      "cost_after": 0.9539823532104492,
      "kl_before": -2.384185791015625e-07,
      "kl_after": 0.005014138296246529,
      "cost_gap": -0.09310603141784668,
      "cost_recoverable": true,
      "cost_quadratic": 2947.315185546875,
      "reward_quadratic": 5.743064880371094,
      "reward_cost_cross": 2.8755674362182617,
      "max_linear_cost_drop": 10.857836221912494,
      "rollout_wall_seconds": 1.2791421208530664,
      "update_wall_seconds": 1.2309144791215658,
      "total_wall_seconds": 2.5100587755441666
    },
    {
      "update": 648,
      "algorithm": "macpo",
      "actor_loss": -0.3687324821949005,
      "reward_critic_loss": 0.0016454379074275494,
      "cost_critic_loss": 0.620341956615448,
      "reward_critic_loss_last": 0.0016454379074275494,
      "cost_critic_loss_last": 0.620341956615448,
      "critic_epochs": 1,
      "daily_voltage_cost": 0.016321662813425064,
      "daily_voltage_cost_raw": 0.016321662813425064,
      "daily_voltage_cost_normalized": 0.8160830736160278,
      "daily_economic_return_raw_yuan": -1309252.625,
      "daily_economic_return_normalized": -0.41541093587875366,
      "daily_economic_cost_raw_yuan": 1309252.625,
      "economic_reward_scale_yuan": 3151704.8194007874,
      "lagrange_multiplier": 0.0,
      "cost_budget": 1.0,
      "cost_budget_raw": 0.02,
      "cost_budget_normalized": 1.0,
      "algorithm_cost_mode": "separate_cost",
      "fixed_cost_penalty_coef": 0.0,
      "log_std_max": -2.3,
      "accepted": true,
      "mode": "reward",
      "reward_before": 2.3027952522625128e-07,
      "reward_after": 0.3687324821949005,
      "cost_before": 0.8160792589187622,
      "cost_after": -0.0001297593116760254,
      "kl_before": -2.384185791015625e-07,
      "kl_after": 0.01994534768164158,
      "cost_gap": -0.1839207410812378,
      "cost_recoverable": true,
      "cost_quadratic": 1300.554931640625,
      "reward_quadratic": 3.4395718574523926,
      "reward_cost_cross": -8.936668395996094,
      "max_linear_cost_drop": 7.212641490163295,
      "rollout_wall_seconds": 1.3498616553843021,
      "update_wall_seconds": 1.1318046189844608,
      "total_wall_seconds": 2.481668332591653
    },
    {
      "update": 649,
      "algorithm": "macpo",
      "actor_loss": -0.24069315195083618,
      "reward_critic_loss": 0.002756979316473007,
      "cost_critic_loss": 0.08463969081640244,
      "reward_critic_loss_last": 0.002756979316473007,
      "cost_critic_loss_last": 0.08463969081640244,
      "critic_epochs": 1,
      "daily_voltage_cost": 0.0013020859332755208,
      "daily_voltage_cost_raw": 0.0013020859332755208,
      "daily_voltage_cost_normalized": 0.06510429829359055,
      "daily_economic_return_raw_yuan": -1521569.375,
      "daily_economic_return_normalized": -0.48277661204338074,
      "daily_economic_cost_raw_yuan": 1521569.375,
      "economic_reward_scale_yuan": 3151704.8194007874,
      "lagrange_multiplier": 0.0,
      "cost_budget": 1.0,
      "cost_budget_raw": 0.02,
      "cost_budget_normalized": 1.0,
      "algorithm_cost_mode": "separate_cost",
      "fixed_cost_penalty_coef": 0.0,
      "log_std_max": -2.3,
      "accepted": true,
      "mode": "reward",
      "reward_before": 7.663446695005405e-07,
      "reward_after": 0.24069315195083618,
      "cost_before": 0.0651061087846756,
      "cost_after": 0.12858352065086365,
      "kl_before": -2.384185791015625e-07,
      "kl_after": 0.005004165694117546,
      "cost_gap": -0.9348938912153244,
      "cost_recoverable": true,
      "cost_quadratic": 193.44879150390625,
      "reward_quadratic": 6.202906131744385,
      "reward_cost_cross": 1.8185416460037231,
      "max_linear_cost_drop": 2.781717394013319,
      "rollout_wall_seconds": 2.0428011883050203,
      "update_wall_seconds": 1.1279683243483305,
      "total_wall_seconds": 3.1707716044038534
    },
    {
      "update": 650,
      "algorithm": "macpo",
      "actor_loss": -0.4908236861228943,
      "reward_critic_loss": 0.0024802787229418755,
      "cost_critic_loss": 0.3756842613220215,
      "reward_critic_loss_last": 0.0024802787229418755,
      "cost_critic_loss_last": 0.3756842613220215,
      "critic_epochs": 1,
      "daily_voltage_cost": 0.012976097874343395,
      "daily_voltage_cost_raw": 0.012976097874343395,
      "daily_voltage_cost_normalized": 0.6488048434257507,
      "daily_economic_return_raw_yuan": -1357791.0,
      "daily_economic_return_normalized": -0.4308116137981415,
      "daily_economic_cost_raw_yuan": 1357791.0,
      "economic_reward_scale_yuan": 3151704.8194007874,
      "lagrange_multiplier": 0.0,
      "cost_budget": 1.0,
      "cost_budget_raw": 0.02,
      "cost_budget_normalized": 1.0,
      "algorithm_cost_mode": "separate_cost",
      "fixed_cost_penalty_coef": 0.0,
      "log_std_max": -2.3,
      "accepted": true,
      "mode": "reward",
      "reward_before": -2.0701267544609436e-07,
      "reward_after": 0.4908236861228943,
      "cost_before": 0.6488144993782043,
      "cost_after": 0.20207715034484863,
      "kl_before": -2.384185791015625e-07,
      "kl_after": 0.01985909603536129,
      "cost_gap": -0.35118550062179565,
      "cost_recoverable": true,
      "cost_quadratic": 922.625,
      "reward_quadratic": 5.868653297424316,
      "reward_cost_cross": -4.102806091308594,
      "max_linear_cost_drop": 6.074948559452993,
      "rollout_wall_seconds": 2.3873024601489305,
      "update_wall_seconds": 1.2516391854733229,
      "total_wall_seconds": 3.6389442328363657
    },
    {
      "update": 651,
      "algorithm": "macpo",
      "actor_loss": 0.009895266965031624,
      "reward_critic_loss": 0.0017942653503268957,
      "cost_critic_loss": 3.1350626945495605,
      "reward_critic_loss_last": 0.0017942653503268957,
      "cost_critic_loss_last": 3.1350626945495605,
      "critic_epochs": 1,
      "daily_voltage_cost": 0.053918518126010895,
      "daily_voltage_cost_raw": 0.053918518126010895,
      "daily_voltage_cost_normalized": 2.6959259510040283,
      "daily_economic_return_raw_yuan": -1242764.75,
      "daily_economic_return_normalized": -0.39431509375572205,
      "daily_economic_cost_raw_yuan": 1242764.75,
      "economic_reward_scale_yuan": 3151704.8194007874,
      "lagrange_multiplier": 0.0,
      "cost_budget": 1.0,
      "cost_budget_raw": 0.02,
      "cost_budget_normalized": 1.0,
      "algorithm_cost_mode": "separate_cost",
      "fixed_cost_penalty_coef": 0.0,
      "log_std_max": -2.3,
      "accepted": true,
      "mode": "cost_recovery",
      "reward_before": -4.350302162947628e-08,
      "reward_after": -0.009895266965031624,
      "cost_before": 2.695919990539551,
      "cost_after": -12.352892875671387,
      "kl_before": -2.384185791015625e-07,
      "kl_after": 0.019896743819117546,
      "cost_gap": 1.6959199905395508,
      "cost_recoverable": true,
      "cost_quadratic": 7281.095703125,
      "reward_quadratic": 4.229783058166504,
      "reward_cost_cross": 6.6352643966674805,
      "max_linear_cost_drop": 17.065867341714572,
      "rollout_wall_seconds": 2.5449997447431087,
      "update_wall_seconds": 1.6269964594393969,
      "total_wall_seconds": 4.17199912853539
    },
    {
      "update": 652,
      "algorithm": "macpo",
      "actor_loss": -0.4221419095993042,
      "reward_critic_loss": 0.0021001638378947973,
      "cost_critic_loss": 0.13549131155014038,
      "reward_critic_loss_last": 0.0021001638378947973,
      "cost_critic_loss_last": 0.13549131155014038,
      "critic_epochs": 1,
      "daily_voltage_cost": 0.007004390936344862,
      "daily_voltage_cost_raw": 0.007004390936344862,
      "daily_voltage_cost_normalized": 0.3502195477485657,
      "daily_economic_return_raw_yuan": -1157474.5,
      "daily_economic_return_normalized": -0.36725348234176636,
      "daily_economic_cost_raw_yuan": 1157474.5,
      "economic_reward_scale_yuan": 3151704.8194007874,
      "lagrange_multiplier": 0.0,
      "cost_budget": 1.0,
      "cost_budget_raw": 0.02,
      "cost_budget_normalized": 1.0,
      "algorithm_cost_mode": "separate_cost",
      "fixed_cost_penalty_coef": 0.0,
      "log_std_max": -2.3,
      "accepted": true,
      "mode": "reward",
      "reward_before": -2.806609700201079e-07,
      "reward_after": 0.4221419095993042,
      "cost_before": 0.35022082924842834,
      "cost_after": -0.021444737911224365,
      "kl_before": -2.384185791015625e-07,
      "kl_after": 0.019935552030801773,
      "cost_gap": -0.6497791707515717,
      "cost_recoverable": true,
      "cost_quadratic": 387.9779357910156,
      "reward_quadratic": 4.589723587036133,
      "reward_cost_cross": -2.9423840045928955,
      "max_linear_cost_drop": 3.9394311050760393,
      "rollout_wall_seconds": 2.536018395796418,
      "update_wall_seconds": 1.5024511944502592,
      "total_wall_seconds": 4.038472028449178
    },
    {
      "update": 653,
      "algorithm": "macpo",
      "actor_loss": -0.21924594044685364,
      "reward_critic_loss": 0.0021058362908661366,
      "cost_critic_loss": 0.1843639612197876,
      "reward_critic_loss_last": 0.0021058362908661366,
      "cost_critic_loss_last": 0.1843639612197876,
      "critic_epochs": 1,
      "daily_voltage_cost": 0.007101732771843672,
      "daily_voltage_cost_raw": 0.007101732771843672,
      "daily_voltage_cost_normalized": 0.35508665442466736,
      "daily_economic_return_raw_yuan": -1239241.25,
      "daily_economic_return_normalized": -0.39319711923599243,
      "daily_economic_cost_raw_yuan": 1239241.25,
      "economic_reward_scale_yuan": 3151704.8194007874,
      "lagrange_multiplier": 0.0,
      "cost_budget": 1.0,
      "cost_budget_raw": 0.02,
      "cost_budget_normalized": 1.0,
      "algorithm_cost_mode": "separate_cost",
      "fixed_cost_penalty_coef": 0.0,
      "log_std_max": -2.3,
      "accepted": true,
      "mode": "reward",
      "reward_before": 2.018808231696312e-09,
      "reward_after": 0.21924594044685364,
      "cost_before": 0.355090856552124,
      "cost_after": 0.3639782667160034,
      "kl_before": -2.384185791015625e-07,
      "kl_after": 0.004995453171432018,
      "cost_gap": -0.644909143447876,
      "cost_recoverable": true,
      "cost_quadratic": 427.1116943359375,
      "reward_quadratic": 4.629254341125488,
      "reward_cost_cross": 0.3538203239440918,
      "max_linear_cost_drop": 4.1333361553879815,
      "rollout_wall_seconds": 2.2260144874453545,
      "update_wall_seconds": 1.0905758757144213,
      "total_wall_seconds": 3.316593036055565
    },
    {
      "update": 654,
      "algorithm": "macpo",
      "actor_loss": -0.4898397624492645,
      "reward_critic_loss": 0.0026253897231072187,
      "cost_critic_loss": 0.05184580013155937,
      "reward_critic_loss_last": 0.0026253897231072187,
      "cost_critic_loss_last": 0.05184580013155937,
      "critic_epochs": 1,
      "daily_voltage_cost": 8.00863272161223e-05,
      "daily_voltage_cost_raw": 8.00863272161223e-05,
      "daily_voltage_cost_normalized": 0.004004316404461861,
      "daily_economic_return_raw_yuan": -1265270.5,
      "daily_economic_return_normalized": -0.40145590901374817,
      "daily_economic_cost_raw_yuan": 1265270.5,
      "economic_reward_scale_yuan": 3151704.8194007874,
      "lagrange_multiplier": 0.0,
      "cost_budget": 1.0,
      "cost_budget_raw": 0.02,
      "cost_budget_normalized": 1.0,
      "algorithm_cost_mode": "separate_cost",
      "fixed_cost_penalty_coef": 0.0,
      "log_std_max": -2.3,
      "accepted": true,
      "mode": "reward",
      "reward_before": -2.274603616569948e-08,
      "reward_after": 0.4898397624492645,
      "cost_before": 0.0040055252611637115,
      "cost_after": -0.6643937230110168,
      "kl_before": -2.384185791015625e-07,
      "kl_after": 0.019981451332569122,
      "cost_gap": -0.9959944747388363,
      "cost_recoverable": true,
      "cost_quadratic": 130.26318359375,
      "reward_quadratic": 5.360135078430176,
      "reward_cost_cross": -5.9525957107543945,
      "max_linear_cost_drop": 2.282657955925504,
      "rollout_wall_seconds": 1.8915611393749714,
      "update_wall_seconds": 1.1143540274351835,
      "total_wall_seconds": 3.0059176180511713
    },
    {
      "update": 655,
      "algorithm": "macpo",
      "actor_loss": -0.18870648741722107,
      "reward_critic_loss": 0.0019069225527346134,
      "cost_critic_loss": 0.431475967168808,
      "reward_critic_loss_last": 0.0019069225527346134,
      "cost_critic_loss_last": 0.431475967168808,
      "critic_epochs": 1,
      "daily_voltage_cost": 0.010896502994000912,
      "daily_voltage_cost_raw": 0.010896502994000912,
      "daily_voltage_cost_normalized": 0.5448251366615295,
      "daily_economic_return_raw_yuan": -1383483.375,
      "daily_economic_return_normalized": -0.43896350264549255,
      "daily_economic_cost_raw_yuan": 1383483.375,
      "economic_reward_scale_yuan": 3151704.8194007874,
      "lagrange_multiplier": 0.0,
      "cost_budget": 1.0,
      "cost_budget_raw": 0.02,
      "cost_budget_normalized": 1.0,
      "algorithm_cost_mode": "separate_cost",
      "fixed_cost_penalty_coef": 0.0,
      "log_std_max": -2.3,
      "accepted": true,
      "mode": "constrained_reward",
      "reward_before": 1.4083715882406977e-07,
      "reward_after": 0.18870648741722107,
      "cost_before": 0.544822633266449,
      "cost_after": 0.7854640483856201,
      "kl_before": -2.384185791015625e-07,
      "kl_after": 0.004991223104298115,
      "cost_gap": -0.455177366733551,
      "cost_recoverable": true,
      "cost_quadratic": 1094.789306640625,
      "reward_quadratic": 3.6591358184814453,
      "reward_cost_cross": 6.730906009674072,
      "max_linear_cost_drop": 6.617520099374463,
      "rollout_wall_seconds": 1.8406796120107174,
      "update_wall_seconds": 1.0261611752212048,
      "total_wall_seconds": 2.86684294231236
    },
    {
      "update": 656,
      "algorithm": "macpo",
      "actor_loss": -0.4340076446533203,
      "reward_critic_loss": 0.002116737887263298,
      "cost_critic_loss": 0.11566139757633209,
      "reward_critic_loss_last": 0.002116737887263298,
      "cost_critic_loss_last": 0.11566139757633209,
      "critic_epochs": 1,
      "daily_voltage_cost": 0.002861468819901347,
      "daily_voltage_cost_raw": 0.002861468819901347,
      "daily_voltage_cost_normalized": 0.1430734544992447,
      "daily_economic_return_raw_yuan": -1384083.75,
      "daily_economic_return_normalized": -0.4391539990901947,
      "daily_economic_cost_raw_yuan": 1384083.75,
      "economic_reward_scale_yuan": 3151704.8194007874,
      "lagrange_multiplier": 0.0,
      "cost_budget": 1.0,
      "cost_budget_raw": 0.02,
      "cost_budget_normalized": 1.0,
      "algorithm_cost_mode": "separate_cost",
      "fixed_cost_penalty_coef": 0.0,
      "log_std_max": -2.3,
      "accepted": true,
      "mode": "reward",
      "reward_before": 2.889476888867648e-07,
      "reward_after": 0.4340076446533203,
      "cost_before": 0.14307336509227753,
      "cost_after": -0.4635035991668701,
      "kl_before": -2.384185791015625e-07,
      "kl_after": 0.01998870074748993,
      "cost_gap": -0.8569266349077225,
      "cost_recoverable": true,
      "cost_quadratic": 261.0618896484375,
      "reward_quadratic": 4.861462116241455,
      "reward_cost_cross": -5.22904109954834,
      "max_linear_cost_drop": 3.2314819488800337,
      "rollout_wall_seconds": 2.0419194251298904,
      "update_wall_seconds": 1.2582954298704863,
      "total_wall_seconds": 3.30021739192307
    },
    {
      "update": 657,
      "algorithm": "macpo",
      "actor_loss": -0.5770576000213623,
      "reward_critic_loss": 0.0031841914169490337,
      "cost_critic_loss": 0.09673096984624863,
      "reward_critic_loss_last": 0.0031841914169490337,
      "cost_critic_loss_last": 0.09673096984624863,
      "critic_epochs": 1,
      "daily_voltage_cost": 0.0041159698739647865,
      "daily_voltage_cost_raw": 0.0041159698739647865,
      "daily_voltage_cost_normalized": 0.20579847693443298,
      "daily_economic_return_raw_yuan": -1217404.25,
      "daily_economic_return_normalized": -0.3862684965133667,
      "daily_economic_cost_raw_yuan": 1217404.25,
      "economic_reward_scale_yuan": 3151704.8194007874,
      "lagrange_multiplier": 0.0,
      "cost_budget": 1.0,
      "cost_budget_raw": 0.02,
      "cost_budget_normalized": 1.0,
      "algorithm_cost_mode": "separate_cost",
      "fixed_cost_penalty_coef": 0.0,
      "log_std_max": -2.3,
      "accepted": true,
      "mode": "reward",
      "reward_before": 5.047085096521187e-07,
      "reward_after": 0.5770576000213623,
      "cost_before": 0.20579954981803894,
      "cost_after": 0.03317546844482422,
      "kl_before": -2.384185791015625e-07,
      "kl_after": 0.019925519824028015,
      "cost_gap": -0.7942004501819611,
      "cost_recoverable": true,
      "cost_quadratic": 225.96653747558594,
      "reward_quadratic": 8.584127426147461,
      "reward_cost_cross": -2.357984781265259,
      "max_linear_cost_drop": 3.0064366780332223,
      "rollout_wall_seconds": 1.98356525413692,
      "update_wall_seconds": 1.3543116077780724,
      "total_wall_seconds": 3.3378790449351072
    },
    {
      "update": 658,
      "algorithm": "macpo",
      "actor_loss": -0.4058898389339447,
      "reward_critic_loss": 0.002392789348959923,
      "cost_critic_loss": 0.6515448689460754,
      "reward_critic_loss_last": 0.002392789348959923,
      "cost_critic_loss_last": 0.6515448689460754,
      "critic_epochs": 1,
      "daily_voltage_cost": 0.018537085503339767,
      "daily_voltage_cost_raw": 0.018537085503339767,
      "daily_voltage_cost_normalized": 0.9268543720245361,
      "daily_economic_return_raw_yuan": -1434502.375,
      "daily_economic_return_normalized": -0.4551512598991394,
      "daily_economic_cost_raw_yuan": 1434502.375,
      "economic_reward_scale_yuan": 3151704.8194007874,
      "lagrange_multiplier": 0.0,
      "cost_budget": 1.0,
      "cost_budget_raw": 0.02,
      "cost_budget_normalized": 1.0,
      "algorithm_cost_mode": "separate_cost",
      "fixed_cost_penalty_coef": 0.0,
      "log_std_max": -2.3,
      "accepted": true,
      "mode": "reward",
      "reward_before": 1.9096378878202813e-07,
      "reward_after": 0.4058898389339447,
      "cost_before": 0.9268523454666138,
      "cost_after": -1.0122331380844116,
      "kl_before": -2.384185791015625e-07,
      "kl_after": 0.01990506425499916,
      "cost_gap": -0.07314765453338623,
      "cost_recoverable": true,
      "cost_quadratic": 1432.84130859375,
      "reward_quadratic": 4.437389373779297,
      "reward_cost_cross": -22.475343704223633,
      "max_linear_cost_drop": 7.57057807196716,
      "rollout_wall_seconds": 1.9118547681719065,
      "update_wall_seconds": 1.2487032543867826,
      "total_wall_seconds": 3.160560181364417
    },
    {
      "update": 659,
      "algorithm": "macpo",
      "actor_loss": -0.5042679309844971,
      "reward_critic_loss": 0.0023723726626485586,
      "cost_critic_loss": 0.07793565094470978,
      "reward_critic_loss_last": 0.0023723726626485586,
      "cost_critic_loss_last": 0.07793565094470978,
      "critic_epochs": 1,
      "daily_voltage_cost": 0.0020915151108056307,
      "daily_voltage_cost_raw": 0.0020915151108056307,
      "daily_voltage_cost_normalized": 0.1045757532119751,
      "daily_economic_return_raw_yuan": -1320053.75,
      "daily_economic_return_normalized": -0.4188380241394043,
      "daily_economic_cost_raw_yuan": 1320053.75,
      "economic_reward_scale_yuan": 3151704.8194007874,
      "lagrange_multiplier": 0.0,
      "cost_budget": 1.0,
      "cost_budget_raw": 0.02,
      "cost_budget_normalized": 1.0,
      "algorithm_cost_mode": "separate_cost",
      "fixed_cost_penalty_coef": 0.0,
      "log_std_max": -2.3,
      "accepted": true,
      "mode": "reward",
      "reward_before": 3.894381848112971e-07,
      "reward_after": 0.5042679309844971,
      "cost_before": 0.10457590222358704,
      "cost_after": -0.43132877349853516,
      "kl_before": -2.384185791015625e-07,
      "kl_after": 0.019856128841638565,
      "cost_gap": -0.895424097776413,
      "cost_recoverable": true,
      "cost_quadratic": 197.03443908691406,
      "reward_quadratic": 5.447535514831543,
      "reward_cost_cross": -5.52777099609375,
      "max_linear_cost_drop": 2.8073791271355857,
      "rollout_wall_seconds": 2.0176771618425846,
      "update_wall_seconds": 1.4272784907370806,
      "total_wall_seconds": 3.444957660511136
    },
    {
      "update": 660,
      "algorithm": "macpo",
      "actor_loss": -0.4937778413295746,
      "reward_critic_loss": 0.0020207492634654045,
      "cost_critic_loss": 0.07313333451747894,
      "reward_critic_loss_last": 0.0020207492634654045,
      "cost_critic_loss_last": 0.07313333451747894,
      "critic_epochs": 1,
      "daily_voltage_cost": 0.00039645613287575543,
      "daily_voltage_cost_raw": 0.00039645613287575543,
      "daily_voltage_cost_normalized": 0.019822807982563972,
      "daily_economic_return_raw_yuan": -1338115.25,
      "daily_economic_return_normalized": -0.42456871271133423,
      "daily_economic_cost_raw_yuan": 1338115.25,
      "economic_reward_scale_yuan": 3151704.8194007874,
      "lagrange_multiplier": 0.0,
      "cost_budget": 1.0,
      "cost_budget_raw": 0.02,
      "cost_budget_normalized": 1.0,
      "algorithm_cost_mode": "separate_cost",
      "fixed_cost_penalty_coef": 0.0,
      "log_std_max": -2.3,
      "accepted": true,
      "mode": "reward",
      "reward_before": -2.8312206268310547e-07,
      "reward_after": 0.4937778413295746,
      "cost_before": 0.019823536276817322,
      "cost_after": -0.46791872382164,
      "kl_before": -2.384185791015625e-07,
      "kl_after": 0.019926268607378006,
      "cost_gap": -0.9801764637231827,
      "cost_recoverable": true,
      "cost_quadratic": 212.67971801757812,
      "reward_quadratic": 5.099123477935791,
      "reward_cost_cross": -5.09445858001709,
      "max_linear_cost_drop": 2.9167085422961145,
      "rollout_wall_seconds": 2.233802678063512,
      "update_wall_seconds": 1.1931787356734276,
      "total_wall_seconds": 3.4269840251654387
    },
    {
      "update": 661,
      "algorithm": "macpo",
      "actor_loss": -0.2216867208480835,
      "reward_critic_loss": 0.002202066592872143,
      "cost_critic_loss": 0.37477606534957886,
      "reward_critic_loss_last": 0.002202066592872143,
      "cost_critic_loss_last": 0.37477606534957886,
      "critic_epochs": 1,
      "daily_voltage_cost": 0.008135773241519928,
      "daily_voltage_cost_raw": 0.008135773241519928,
      "daily_voltage_cost_normalized": 0.4067886471748352,
      "daily_economic_return_raw_yuan": -1306221.125,
      "daily_economic_return_normalized": -0.4144490957260132,
      "daily_economic_cost_raw_yuan": 1306221.125,
      "economic_reward_scale_yuan": 3151704.8194007874,
      "lagrange_multiplier": 0.0,
      "cost_budget": 1.0,
      "cost_budget_raw": 0.02,
      "cost_budget_normalized": 1.0,
      "algorithm_cost_mode": "separate_cost",
      "fixed_cost_penalty_coef": 0.0,
      "log_std_max": -2.3,
      "accepted": true,
      "mode": "reward",
      "reward_before": -1.7161839593882178e-07,
      "reward_after": 0.2216867208480835,
      "cost_before": 0.4067862033843994,
      "cost_after": 0.4129306972026825,
      "kl_before": -2.384185791015625e-07,
      "kl_after": 0.0050047617405653,
      "cost_gap": -0.5932137966156006,
      "cost_recoverable": true,
      "cost_quadratic": 813.112060546875,
      "reward_quadratic": 5.012126922607422,
      "reward_cost_cross": 0.9929852485656738,
      "max_linear_cost_drop": 5.703023971707904,
      "rollout_wall_seconds": 2.164110915735364,
      "update_wall_seconds": 1.3801094256341457,
      "total_wall_seconds": 3.5442235730588436
    },
    {
      "update": 662,
      "algorithm": "macpo",
      "actor_loss": -0.02532416582107544,
      "reward_critic_loss": 0.0022227782756090164,
      "cost_critic_loss": 1.4894603490829468,
      "reward_critic_loss_last": 0.0022227782756090164,
      "cost_critic_loss_last": 1.4894603490829468,
      "critic_epochs": 1,
      "daily_voltage_cost": 0.020290542393922806,
      "daily_voltage_cost_raw": 0.020290542393922806,
      "daily_voltage_cost_normalized": 1.0145270824432373,
      "daily_economic_return_raw_yuan": -1458728.0,
      "daily_economic_return_normalized": -0.46283775568008423,
      "daily_economic_cost_raw_yuan": 1458728.0,
      "economic_reward_scale_yuan": 3151704.8194007874,
      "lagrange_multiplier": 0.0,
      "cost_budget": 1.0,
      "cost_budget_raw": 0.02,
      "cost_budget_normalized": 1.0,
      "algorithm_cost_mode": "separate_cost",
      "fixed_cost_penalty_coef": 0.0,
      "log_std_max": -2.3,
      "accepted": true,
      "mode": "cost_recovery",
      "reward_before": 3.757452304853359e-07,
      "reward_after": 0.02532416582107544,
      "cost_before": 1.0145219564437866,
      "cost_after": -8.752619743347168,
      "kl_before": -2.384185791015625e-07,
      "kl_after": 0.019950127229094505,
      "cost_gap": 0.014521956443786621,
      "cost_recoverable": true,
      "cost_quadratic": 3274.6298828125,
      "reward_quadratic": 4.957247257232666,
      "reward_cost_cross": -8.081475257873535,
      "max_linear_cost_drop": 11.444876378209596,
      "rollout_wall_seconds": 1.4935876559466124,
      "update_wall_seconds": 1.1948503516614437,
      "total_wall_seconds": 2.6884403359144926
    },
    {
      "update": 663,
      "algorithm": "macpo",
      "actor_loss": -0.43852221965789795,
      "reward_critic_loss": 0.0021562546025961637,
      "cost_critic_loss": 0.06244848296046257,
      "reward_critic_loss_last": 0.0021562546025961637,
      "cost_critic_loss_last": 0.06244848296046257,
      "critic_epochs": 1,
      "daily_voltage_cost": 0.0029016227927058935,
      "daily_voltage_cost_raw": 0.0029016227927058935,
      "daily_voltage_cost_normalized": 0.14508113265037537,
      "daily_economic_return_raw_yuan": -1316602.125,
      "daily_economic_return_normalized": -0.41774284839630127,
      "daily_economic_cost_raw_yuan": 1316602.125,
      "economic_reward_scale_yuan": 3151704.8194007874,
      "lagrange_multiplier": 0.0,
      "cost_budget": 1.0,
      "cost_budget_raw": 0.02,
      "cost_budget_normalized": 1.0,
      "algorithm_cost_mode": "separate_cost",
      "fixed_cost_penalty_coef": 0.0,
      "log_std_max": -2.3,
      "accepted": true,
      "mode": "reward",
      "reward_before": 1.621944107910167e-07,
      "reward_after": 0.43852221965789795,
      "cost_before": 0.14508099853992462,
      "cost_after": -0.11747267842292786,
      "kl_before": -2.384185791015625e-07,
      "kl_after": 0.019933350384235382,
      "cost_gap": -0.8549190014600754,
      "cost_recoverable": true,
      "cost_quadratic": 161.708740234375,
      "reward_quadratic": 5.2624711990356445,
      "reward_cost_cross": -3.5699634552001953,
      "max_linear_cost_drop": 2.5432950299513033,
      "rollout_wall_seconds": 1.7392091639339924,
      "update_wall_seconds": 1.0953819323331118,
      "total_wall_seconds": 2.834593201056123
    },
    {
      "update": 664,
      "algorithm": "macpo",
      "actor_loss": -0.18476960062980652,
      "reward_critic_loss": 0.0018047610064968467,
      "cost_critic_loss": 0.17963235080242157,
      "reward_critic_loss_last": 0.0018047610064968467,
      "cost_critic_loss_last": 0.17963235080242157,
      "critic_epochs": 1,
      "daily_voltage_cost": 0.010165052488446236,
      "daily_voltage_cost_raw": 0.010165052488446236,
      "daily_voltage_cost_normalized": 0.5082526206970215,
      "daily_economic_return_raw_yuan": -1423598.875,
      "daily_economic_return_normalized": -0.45169171690940857,
      "daily_economic_cost_raw_yuan": 1423598.875,
      "economic_reward_scale_yuan": 3151704.8194007874,
      "lagrange_multiplier": 0.0,
      "cost_budget": 1.0,
      "cost_budget_raw": 0.02,
      "cost_budget_normalized": 1.0,
      "algorithm_cost_mode": "separate_cost",
      "fixed_cost_penalty_coef": 0.0,
      "log_std_max": -2.3,
      "accepted": true,
      "mode": "reward",
      "reward_before": 5.845738542120671e-07,
      "reward_after": 0.18476960062980652,
      "cost_before": 0.5082511901855469,
      "cost_after": 0.423973023891449,
      "kl_before": -2.384185791015625e-07,
      "kl_after": 0.004999000113457441,
      "cost_gap": -0.4917488098144531,
      "cost_recoverable": true,
      "cost_quadratic": 405.84649658203125,
      "reward_quadratic": 3.575740337371826,
      "reward_cost_cross": -1.6402287483215332,
      "max_linear_cost_drop": 4.029126439227398,
      "rollout_wall_seconds": 1.382442396134138,
      "update_wall_seconds": 1.1936092507094145,
      "total_wall_seconds": 2.5760539323091507
    },
    {
      "update": 665,
      "algorithm": "macpo",
      "actor_loss": -0.4457809627056122,
      "reward_critic_loss": 0.0020879399962723255,
      "cost_critic_loss": 0.13663756847381592,
      "reward_critic_loss_last": 0.0020879399962723255,
      "cost_critic_loss_last": 0.13663756847381592,
      "critic_epochs": 1,
      "daily_voltage_cost": 0.004946700297296047,
      "daily_voltage_cost_raw": 0.004946700297296047,
      "daily_voltage_cost_normalized": 0.2473350465297699,
      "daily_economic_return_raw_yuan": -1271245.75,
      "daily_economic_return_normalized": -0.4033517837524414,
      "daily_economic_cost_raw_yuan": 1271245.75,
      "economic_reward_scale_yuan": 3151704.8194007874,
      "lagrange_multiplier": 0.0,
      "cost_budget": 1.0,
      "cost_budget_raw": 0.02,
      "cost_budget_normalized": 1.0,
      "algorithm_cost_mode": "separate_cost",
      "fixed_cost_penalty_coef": 0.0,
      "log_std_max": -2.3,
      "accepted": true,
      "mode": "reward",
      "reward_before": -1.532846312102265e-07,
      "reward_after": 0.4457809627056122,
      "cost_before": 0.247337207198143,
      "cost_after": -0.7312242984771729,
      "kl_before": -2.384185791015625e-07,
      "kl_after": 0.01997731626033783,
      "cost_gap": -0.752662792801857,
      "cost_recoverable": true,
      "cost_quadratic": 347.3654479980469,
      "reward_quadratic": 4.8719682693481445,
      "reward_cost_cross": -9.562557220458984,
      "max_linear_cost_drop": 3.727548513422981,
      "rollout_wall_seconds": 1.6442631501704454,
      "update_wall_seconds": 1.1467734016478062,
      "total_wall_seconds": 2.791038628667593
    },
    {
      "update": 666,
      "algorithm": "macpo",
      "actor_loss": -0.45987462997436523,
      "reward_critic_loss": 0.002286794362589717,
      "cost_critic_loss": 0.13358473777770996,
      "reward_critic_loss_last": 0.002286794362589717,
      "cost_critic_loss_last": 0.13358473777770996,
      "critic_epochs": 1,
      "daily_voltage_cost": 0.007647883612662554,
      "daily_voltage_cost_raw": 0.007647883612662554,
      "daily_voltage_cost_normalized": 0.3823942244052887,
      "daily_economic_return_raw_yuan": -1301140.75,
      "daily_economic_return_normalized": -0.4128371477127075,
      "daily_economic_cost_raw_yuan": 1301140.75,
      "economic_reward_scale_yuan": 3151704.8194007874,
      "lagrange_multiplier": 0.0,
      "cost_budget": 1.0,
      "cost_budget_raw": 0.02,
      "cost_budget_normalized": 1.0,
      "algorithm_cost_mode": "separate_cost",
      "fixed_cost_penalty_coef": 0.0,
      "log_std_max": -2.3,
      "accepted": true,
      "mode": "reward",
      "reward_before": 2.9433337545015092e-08,
      "reward_after": 0.45987462997436523,
      "cost_before": 0.3823951780796051,
      "cost_after": 0.26693490147590637,
      "kl_before": -2.384185791015625e-07,
      "kl_after": 0.019925447180867195,
      "cost_gap": -0.6176048219203949,
      "cost_recoverable": true,
      "cost_quadratic": 356.07305908203125,
      "reward_quadratic": 4.902606964111328,
      "reward_cost_cross": -1.2662750482559204,
      "max_linear_cost_drop": 3.7739796453188843,
      "rollout_wall_seconds": 1.3978992868214846,
      "update_wall_seconds": 1.0392608791589737,
      "total_wall_seconds": 2.4371623266488314
    },
    {
      "update": 667,
      "algorithm": "macpo",
      "actor_loss": -0.45758122205734253,
      "reward_critic_loss": 0.0022884791251271963,
      "cost_critic_loss": 0.11245536804199219,
      "reward_critic_loss_last": 0.0022884791251271963,
      "cost_critic_loss_last": 0.11245536804199219,
      "critic_epochs": 1,
      "daily_voltage_cost": 0.00831407681107521,
      "daily_voltage_cost_raw": 0.00831407681107521,
      "daily_voltage_cost_normalized": 0.4157038629055023,
      "daily_economic_return_raw_yuan": -1241497.25,
      "daily_economic_return_normalized": -0.3939129412174225,
      "daily_economic_cost_raw_yuan": 1241497.25,
      "economic_reward_scale_yuan": 3151704.8194007874,
      "lagrange_multiplier": 0.0,
      "cost_budget": 1.0,
      "cost_budget_raw": 0.02,
      "cost_budget_normalized": 1.0,
      "algorithm_cost_mode": "separate_cost",
      "fixed_cost_penalty_coef": 0.0,
      "log_std_max": -2.3,
      "accepted": true,
      "mode": "reward",
      "reward_before": -3.293202439635934e-07,
      "reward_after": 0.45758122205734253,
      "cost_before": 0.415701687335968,
      "cost_after": 0.22024840116500854,
      "kl_before": -2.384185791015625e-07,
      "kl_after": 0.019961543381214142,
      "cost_gap": -0.584298312664032,
      "cost_recoverable": true,
      "cost_quadratic": 312.32781982421875,
      "reward_quadratic": 5.045807361602783,
      "reward_cost_cross": -1.3542685508728027,
      "max_linear_cost_drop": 3.5345597735741787,
      "rollout_wall_seconds": 1.2513386439532042,
      "update_wall_seconds": 1.3235329203307629,
      "total_wall_seconds": 2.5748738162219524
    },
    {
      "update": 668,
      "algorithm": "macpo",
      "actor_loss": -0.5358904600143433,
      "reward_critic_loss": 0.003097762353718281,
      "cost_critic_loss": 1.312056064605713,
      "reward_critic_loss_last": 0.003097762353718281,
      "cost_critic_loss_last": 1.312056064605713,
      "critic_epochs": 1,
      "daily_voltage_cost": 0.018274597823619843,
      "daily_voltage_cost_raw": 0.018274597823619843,
      "daily_voltage_cost_normalized": 0.9137299060821533,
      "daily_economic_return_raw_yuan": -1459883.25,
      "daily_economic_return_normalized": -0.4632043242454529,
      "daily_economic_cost_raw_yuan": 1459883.25,
      "economic_reward_scale_yuan": 3151704.8194007874,
      "lagrange_multiplier": 0.0,
      "cost_budget": 1.0,
      "cost_budget_raw": 0.02,
      "cost_budget_normalized": 1.0,
      "algorithm_cost_mode": "separate_cost",
      "fixed_cost_penalty_coef": 0.0,
      "log_std_max": -2.3,
      "accepted": true,
      "mode": "reward",
      "reward_before": -5.7899988803455926e-08,
      "reward_after": 0.5358904600143433,
      "cost_before": 0.9137231707572937,
      "cost_after": 0.02976924180984497,
      "kl_before": -2.384185791015625e-07,
      "kl_after": 0.01994231343269348,
      "cost_gap": -0.0862768292427063,
      "cost_recoverable": true,
      "cost_quadratic": 2968.8681640625,
      "reward_quadratic": 7.15716552734375,
      "reward_cost_cross": -11.750877380371094,
      "max_linear_cost_drop": 10.897464226254657,
      "rollout_wall_seconds": 1.695886017754674,
      "update_wall_seconds": 1.413355639204383,
      "total_wall_seconds": 3.1092438958585262
    },
    {
      "update": 669,
      "algorithm": "macpo",
      "actor_loss": -0.47845712304115295,
      "reward_critic_loss": 0.0021316069178283215,
      "cost_critic_loss": 0.19102869927883148,
      "reward_critic_loss_last": 0.0021316069178283215,
      "cost_critic_loss_last": 0.19102869927883148,
      "critic_epochs": 1,
      "daily_voltage_cost": 0.013705680146813393,
      "daily_voltage_cost_raw": 0.013705680146813393,
      "daily_voltage_cost_normalized": 0.6852840185165405,
      "daily_economic_return_raw_yuan": -1183759.75,
      "daily_economic_return_normalized": -0.37559348344802856,
      "daily_economic_cost_raw_yuan": 1183759.75,
      "economic_reward_scale_yuan": 3151704.8194007874,
      "lagrange_multiplier": 0.0,
      "cost_budget": 1.0,
      "cost_budget_raw": 0.02,
      "cost_budget_normalized": 1.0,
      "algorithm_cost_mode": "separate_cost",
      "fixed_cost_penalty_coef": 0.0,
      "log_std_max": -2.3,
      "accepted": true,
      "mode": "reward",
      "reward_before": -2.5935872827176354e-07,
      "reward_after": 0.47845712304115295,
      "cost_before": 0.6852833032608032,
      "cost_after": -0.017156124114990234,
      "kl_before": -2.384185791015625e-07,
      "kl_after": 0.019982879981398582,
      "cost_gap": -0.3147166967391968,
      "cost_recoverable": true,
      "cost_quadratic": 480.79022216796875,
      "reward_quadratic": 4.832070350646973,
      "reward_cost_cross": -6.150509357452393,
      "max_linear_cost_drop": 4.385385830998083,
      "rollout_wall_seconds": 2.128464000299573,
      "update_wall_seconds": 1.3462435211986303,
      "total_wall_seconds": 3.474710436537862
    },
    {
      "update": 670,
      "algorithm": "macpo",
      "actor_loss": -0.4906512498855591,
      "reward_critic_loss": 0.0023808374535292387,
      "cost_critic_loss": 0.5447477102279663,
      "reward_critic_loss_last": 0.0023808374535292387,
      "cost_critic_loss_last": 0.5447477102279663,
      "critic_epochs": 1,
      "daily_voltage_cost": 0.01615944504737854,
      "daily_voltage_cost_raw": 0.01615944504737854,
      "daily_voltage_cost_normalized": 0.807972252368927,
      "daily_economic_return_raw_yuan": -1360377.25,
      "daily_economic_return_normalized": -0.4316321909427643,
      "daily_economic_cost_raw_yuan": 1360377.25,
      "economic_reward_scale_yuan": 3151704.8194007874,
      "lagrange_multiplier": 0.0,
      "cost_budget": 1.0,
      "cost_budget_raw": 0.02,
      "cost_budget_normalized": 1.0,
      "algorithm_cost_mode": "separate_cost",
      "fixed_cost_penalty_coef": 0.0,
      "log_std_max": -2.3,
      "accepted": true,
      "mode": "reward",
      "reward_before": -5.286067334964173e-07,
      "reward_after": 0.4906512498855591,
      "cost_before": 0.8079703450202942,
      "cost_after": -2.1665074825286865,
      "kl_before": -2.384185791015625e-07,
      "kl_after": 0.019960865378379822,
      "cost_gap": -0.1920296549797058,
      "cost_recoverable": true,
      "cost_quadratic": 1721.6744384765625,
      "reward_quadratic": 5.689812660217285,
      "reward_cost_cross": -37.40562057495117,
      "max_linear_cost_drop": 8.298612988871243,
      "rollout_wall_seconds": 1.590450780466199,
      "update_wall_seconds": 1.107399007305503,
      "total_wall_seconds": 2.6978521440178156
    },
    {
      "update": 671,
      "algorithm": "macpo",
      "actor_loss": -0.472930908203125,
      "reward_critic_loss": 0.002343564061447978,
      "cost_critic_loss": 0.07229351997375488,
      "reward_critic_loss_last": 0.002343564061447978,
      "cost_critic_loss_last": 0.07229351997375488,
      "critic_epochs": 1,
      "daily_voltage_cost": 0.0006789317121729255,
      "daily_voltage_cost_raw": 0.0006789317121729255,
      "daily_voltage_cost_normalized": 0.03394658491015434,
      "daily_economic_return_raw_yuan": -1457687.375,
      "daily_economic_return_normalized": -0.46250760555267334,
      "daily_economic_cost_raw_yuan": 1457687.375,
      "economic_reward_scale_yuan": 3151704.8194007874,
      "lagrange_multiplier": 0.0,
      "cost_budget": 1.0,
      "cost_budget_raw": 0.02,
      "cost_budget_normalized": 1.0,
      "algorithm_cost_mode": "separate_cost",
      "fixed_cost_penalty_coef": 0.0,
      "log_std_max": -2.3,
      "accepted": true,
      "mode": "reward",
      "reward_before": -6.419872988772113e-08,
      "reward_after": 0.472930908203125,
      "cost_before": 0.033947497606277466,
      "cost_after": 0.43349048495292664,
      "kl_before": -2.384185791015625e-07,
      "kl_after": 0.019971909001469612,
      "cost_gap": -0.9660525023937225,
      "cost_recoverable": true,
      "cost_quadratic": 198.33200073242188,
      "reward_quadratic": 5.336655616760254,
      "reward_cost_cross": 5.09201717376709,
      "max_linear_cost_drop": 2.8166078941338064,
      "rollout_wall_seconds": 1.947498943656683,
      "update_wall_seconds": 1.1547508276998997,
      "total_wall_seconds": 3.1022518053650856
    },
    {
      "update": 672,
      "algorithm": "macpo",
      "actor_loss": -0.48787954449653625,
      "reward_critic_loss": 0.0023821580689400434,
      "cost_critic_loss": 0.8436899185180664,
      "reward_critic_loss_last": 0.0023821580689400434,
      "cost_critic_loss_last": 0.8436899185180664,
      "critic_epochs": 1,
      "daily_voltage_cost": 0.012880738824605942,
      "daily_voltage_cost_raw": 0.012880738824605942,
      "daily_voltage_cost_normalized": 0.6440369486808777,
      "daily_economic_return_raw_yuan": -1440369.5,
      "daily_economic_return_normalized": -0.4570128321647644,
      "daily_economic_cost_raw_yuan": 1440369.5,
      "economic_reward_scale_yuan": 3151704.8194007874,
      "lagrange_multiplier": 0.0,
      "cost_budget": 1.0,
      "cost_budget_raw": 0.02,
      "cost_budget_normalized": 1.0,
      "algorithm_cost_mode": "separate_cost",
      "fixed_cost_penalty_coef": 0.0,
      "log_std_max": -2.3,
      "accepted": true,
      "mode": "reward",
      "reward_before": 3.928079195247847e-09,
      "reward_after": 0.48787954449653625,
      "cost_before": 0.6440370082855225,
      "cost_after": -0.1624576449394226,
      "kl_before": -2.384185791015625e-07,
      "kl_after": 0.019972074776887894,
      "cost_gap": -0.35596299171447754,
      "cost_recoverable": true,
      "cost_quadratic": 1904.603759765625,
      "reward_quadratic": 5.889668941497803,
      "reward_cost_cross": -9.715171813964844,
      "max_linear_cost_drop": 8.728353246210022,
      "rollout_wall_seconds": 2.1222206242382526,
      "update_wall_seconds": 1.2698616683483124,
      "total_wall_seconds": 3.392084466293454
    },
    {
      "update": 673,
      "algorithm": "macpo",
      "actor_loss": -0.5347262620925903,
      "reward_critic_loss": 0.002982738893479109,
      "cost_critic_loss": 0.5052489042282104,
      "reward_critic_loss_last": 0.002982738893479109,
      "cost_critic_loss_last": 0.5052489042282104,
      "critic_epochs": 1,
      "daily_voltage_cost": 0.014600974507629871,
      "daily_voltage_cost_raw": 0.014600974507629871,
      "daily_voltage_cost_normalized": 0.7300487756729126,
      "daily_economic_return_raw_yuan": -1294739.75,
      "daily_economic_return_normalized": -0.41080614924430847,
      "daily_economic_cost_raw_yuan": 1294739.75,
      "economic_reward_scale_yuan": 3151704.8194007874,
      "lagrange_multiplier": 0.0,
      "cost_budget": 1.0,
      "cost_budget_raw": 0.02,
      "cost_budget_normalized": 1.0,
      "algorithm_cost_mode": "separate_cost",
      "fixed_cost_penalty_coef": 0.0,
      "log_std_max": -2.3,
      "accepted": true,
      "mode": "constrained_reward",
      "reward_before": -1.5144394183153054e-07,
      "reward_after": 0.5347262620925903,
      "cost_before": 0.7300432920455933,
      "cost_after": 0.9965828657150269,
      "kl_before": -2.384185791015625e-07,
      "kl_after": 0.019811205565929413,
      "cost_gap": -0.26995670795440674,
      "cost_recoverable": true,
      "cost_quadratic": 1104.917236328125,
      "reward_quadratic": 6.64937162399292,
      "reward_cost_cross": 6.011980056762695,
      "max_linear_cost_drop": 6.648059074130209,
      "rollout_wall_seconds": 2.00142390280962,
      "update_wall_seconds": 1.303775578737259,
      "total_wall_seconds": 3.305202279239893
    },
    {
      "update": 674,
      "algorithm": "macpo",
      "actor_loss": -0.42116615176200867,
      "reward_critic_loss": 0.0019571089651435614,
      "cost_critic_loss": 0.0753869116306305,
      "reward_critic_loss_last": 0.0019571089651435614,
      "cost_critic_loss_last": 0.0753869116306305,
      "critic_epochs": 1,
      "daily_voltage_cost": 0.0035273763351142406,
      "daily_voltage_cost_raw": 0.0035273763351142406,
      "daily_voltage_cost_normalized": 0.1763688176870346,
      "daily_economic_return_raw_yuan": -1427106.0,
      "daily_economic_return_normalized": -0.45280447602272034,
      "daily_economic_cost_raw_yuan": 1427106.0,
      "economic_reward_scale_yuan": 3151704.8194007874,
      "lagrange_multiplier": 0.0,
      "cost_budget": 1.0,
      "cost_budget_raw": 0.02,
      "cost_budget_normalized": 1.0,
      "algorithm_cost_mode": "separate_cost",
      "fixed_cost_penalty_coef": 0.0,
      "log_std_max": -2.3,
      "accepted": true,
      "mode": "reward",
      "reward_before": 7.650399425074283e-08,
      "reward_after": 0.42116615176200867,
      "cost_before": 0.17636895179748535,
      "cost_after": 0.4365083575248718,
      "kl_before": -2.384185791015625e-07,
      "kl_after": 0.019984859973192215,
      "cost_gap": -0.8236310482025146,
      "cost_recoverable": true,
      "cost_quadratic": 181.14512634277344,
      "reward_quadratic": 4.619357109069824,
      "reward_cost_cross": 3.573620319366455,
      "max_linear_cost_drop": 2.69180330888253,
      "rollout_wall_seconds": 2.241180907934904,
      "update_wall_seconds": 1.2671288214623928,
      "total_wall_seconds": 3.5083187390118837
    },
    {
      "update": 675,
      "algorithm": "macpo",
      "actor_loss": -0.21450263261795044,
      "reward_critic_loss": 0.0018706148257479072,
      "cost_critic_loss": 0.08197769522666931,
      "reward_critic_loss_last": 0.0018706148257479072,
      "cost_critic_loss_last": 0.08197769522666931,
      "critic_epochs": 1,
      "daily_voltage_cost": 0.007461994886398315,
      "daily_voltage_cost_raw": 0.007461994886398315,
      "daily_voltage_cost_normalized": 0.37309974431991577,
      "daily_economic_return_raw_yuan": -1316251.25,
      "daily_economic_return_normalized": -0.41763150691986084,
      "daily_economic_cost_raw_yuan": 1316251.25,
      "economic_reward_scale_yuan": 3151704.8194007874,
      "lagrange_multiplier": 0.0,
      "cost_budget": 1.0,
      "cost_budget_raw": 0.02,
      "cost_budget_normalized": 1.0,
      "algorithm_cost_mode": "separate_cost",
      "fixed_cost_penalty_coef": 0.0,
      "log_std_max": -2.3,
      "accepted": true,
      "mode": "reward",
      "reward_before": -4.2010949385939966e-08,
      "reward_after": 0.21450263261795044,
      "cost_before": 0.3731021285057068,
      "cost_after": 0.3918311595916748,
      "kl_before": -2.384185791015625e-07,
      "kl_after": 0.005001045763492584,
      "cost_gap": -0.6268978714942932,
      "cost_recoverable": true,
      "cost_quadratic": 220.54884338378906,
      "reward_quadratic": 4.670591354370117,
      "reward_cost_cross": 0.44718411564826965,
      "max_linear_cost_drop": 2.9701773912262484,
      "rollout_wall_seconds": 1.9807319696992636,
      "update_wall_seconds": 1.3022041283547878,
      "total_wall_seconds": 3.282938251271844
    },
    {
      "update": 676,
      "algorithm": "macpo",
      "actor_loss": -0.5142287015914917,
      "reward_critic_loss": 0.002188794082030654,
      "cost_critic_loss": 0.9374338984489441,
      "reward_critic_loss_last": 0.002188794082030654,
      "cost_critic_loss_last": 0.9374338984489441,
      "critic_epochs": 1,
      "daily_voltage_cost": 0.013941001147031784,
      "daily_voltage_cost_raw": 0.013941001147031784,
      "daily_voltage_cost_normalized": 0.6970500946044922,
      "daily_economic_return_raw_yuan": -1286804.5,
      "daily_economic_return_normalized": -0.4082884192466736,
      "daily_economic_cost_raw_yuan": 1286804.5,
      "economic_reward_scale_yuan": 3151704.8194007874,
      "lagrange_multiplier": 0.0,
      "cost_budget": 1.0,
      "cost_budget_raw": 0.02,
      "cost_budget_normalized": 1.0,
      "algorithm_cost_mode": "separate_cost",
      "fixed_cost_penalty_coef": 0.0,
      "log_std_max": -2.3,
      "accepted": true,
      "mode": "reward",
      "reward_before": -1.560631233132881e-07,
      "reward_after": 0.5142287015914917,
      "cost_before": 0.6970444321632385,
      "cost_after": -1.1803548336029053,
      "kl_before": -2.384185791015625e-07,
      "kl_after": 0.01989087462425232,
      "cost_gap": -0.3029555678367615,
      "cost_recoverable": true,
      "cost_quadratic": 2249.12158203125,
      "reward_quadratic": 5.440149307250977,
      "reward_cost_cross": -20.112262725830078,
      "max_linear_cost_drop": 9.48498093204462,
      "rollout_wall_seconds": 1.952247304841876,
      "update_wall_seconds": 1.359579287469387,
      "total_wall_seconds": 3.311829013749957
    },
    {
      "update": 677,
      "algorithm": "macpo",
      "actor_loss": -0.40518948435783386,
      "reward_critic_loss": 0.0016703488072380424,
      "cost_critic_loss": 0.27706581354141235,
      "reward_critic_loss_last": 0.0016703488072380424,
      "cost_critic_loss_last": 0.27706581354141235,
      "critic_epochs": 1,
      "daily_voltage_cost": 0.008704457432031631,
      "daily_voltage_cost_raw": 0.008704457432031631,
      "daily_voltage_cost_normalized": 0.435222864151001,
      "daily_economic_return_raw_yuan": -1304151.0,
      "daily_economic_return_normalized": -0.4137922525405884,
      "daily_economic_cost_raw_yuan": 1304151.0,
      "economic_reward_scale_yuan": 3151704.8194007874,
      "lagrange_multiplier": 0.0,
      "cost_budget": 1.0,
      "cost_budget_raw": 0.02,
      "cost_budget_normalized": 1.0,
      "algorithm_cost_mode": "separate_cost",
      "fixed_cost_penalty_coef": 0.0,
      "log_std_max": -2.3,
      "accepted": true,
      "mode": "reward",
      "reward_before": -1.2400465720929787e-07,
      "reward_after": 0.40518948435783386,
      "cost_before": 0.4352206289768219,
      "cost_after": 0.6568043828010559,
      "kl_before": -2.384185791015625e-07,
      "kl_after": 0.019988849759101868,
      "cost_gap": -0.5647793710231781,
      "cost_recoverable": true,
      "cost_quadratic": 797.1192626953125,
      "reward_quadratic": 3.774685859680176,
      "reward_cost_cross": 3.4092257022857666,
      "max_linear_cost_drop": 5.6466601197356034,
      "rollout_wall_seconds": 1.7867401391267776,
      "update_wall_seconds": 1.193114286288619,
      "total_wall_seconds": 2.979856953024864
    },
    {
      "update": 678,
      "algorithm": "macpo",
      "actor_loss": -0.47270166873931885,
      "reward_critic_loss": 0.0024139571469277143,
      "cost_critic_loss": 0.22135071456432343,
      "reward_critic_loss_last": 0.0024139571469277143,
      "cost_critic_loss_last": 0.22135071456432343,
      "critic_epochs": 1,
      "daily_voltage_cost": 0.007203192915767431,
      "daily_voltage_cost_raw": 0.007203192915767431,
      "daily_voltage_cost_normalized": 0.36015963554382324,
      "daily_economic_return_raw_yuan": -1407932.0,
      "daily_economic_return_normalized": -0.44672077894210815,
      "daily_economic_cost_raw_yuan": 1407932.0,
      "economic_reward_scale_yuan": 3151704.8194007874,
      "lagrange_multiplier": 0.0,
      "cost_budget": 1.0,
      "cost_budget_raw": 0.02,
      "cost_budget_normalized": 1.0,
      "algorithm_cost_mode": "separate_cost",
      "fixed_cost_penalty_coef": 0.0,
      "log_std_max": -2.3,
      "accepted": true,
      "mode": "reward",
      "reward_before": 3.899896228176658e-08,
      "reward_after": 0.47270166873931885,
      "cost_before": 0.3601606786251068,
      "cost_after": 0.05909895896911621,
      "kl_before": -2.384185791015625e-07,
      "kl_after": 0.01997506245970726,
      "cost_gap": -0.6398393213748932,
      "cost_recoverable": true,
      "cost_quadratic": 455.43218994140625,
      "reward_quadratic": 5.460158348083496,
      "reward_cost_cross": -2.628028631210327,
      "max_linear_cost_drop": 4.2681714583245425,
      "rollout_wall_seconds": 1.5600244794040918,
      "update_wall_seconds": 1.1028247885406017,
      "total_wall_seconds": 2.662852082401514
    },
    {
      "update": 679,
      "algorithm": "macpo",
      "actor_loss": -0.49930334091186523,
      "reward_critic_loss": 0.002393036615103483,
      "cost_critic_loss": 0.13239336013793945,
      "reward_critic_loss_last": 0.002393036615103483,
      "cost_critic_loss_last": 0.13239336013793945,
      "critic_epochs": 1,
      "daily_voltage_cost": 0.006404004991054535,
      "daily_voltage_cost_raw": 0.006404004991054535,
      "daily_voltage_cost_normalized": 0.32020026445388794,
      "daily_economic_return_raw_yuan": -1334146.0,
      "daily_economic_return_normalized": -0.423309326171875,
      "daily_economic_cost_raw_yuan": 1334146.0,
      "economic_reward_scale_yuan": 3151704.8194007874,
      "lagrange_multiplier": 0.0,
      "cost_budget": 1.0,
      "cost_budget_raw": 0.02,
      "cost_budget_normalized": 1.0,
      "algorithm_cost_mode": "separate_cost",
      "fixed_cost_penalty_coef": 0.0,
      "log_std_max": -2.3,
      "accepted": true,
      "mode": "reward",
      "reward_before": 9.774092291081615e-08,
      "reward_after": 0.49930334091186523,
      "cost_before": 0.32019519805908203,
      "cost_after": -0.13528990745544434,
      "kl_before": -2.384185791015625e-07,
      "kl_after": 0.019958218559622765,
      "cost_gap": -0.679804801940918,
      "cost_recoverable": true,
      "cost_quadratic": 308.67999267578125,
      "reward_quadratic": 5.586238384246826,
      "reward_cost_cross": -4.597823143005371,
      "max_linear_cost_drop": 3.5138582366155937,
      "rollout_wall_seconds": 1.457736087962985,
      "update_wall_seconds": 0.9652306735515594,
      "total_wall_seconds": 2.4229701329022646
    },
    {
      "update": 680,
      "algorithm": "macpo",
      "actor_loss": -0.20861904323101044,
      "reward_critic_loss": 0.0018294572364538908,
      "cost_critic_loss": 0.5570894479751587,
      "reward_critic_loss_last": 0.0018294572364538908,
      "cost_critic_loss_last": 0.5570894479751587,
      "critic_epochs": 1,
      "daily_voltage_cost": 0.017637059092521667,
      "daily_voltage_cost_raw": 0.017637059092521667,
      "daily_voltage_cost_normalized": 0.8818528652191162,
      "daily_economic_return_raw_yuan": -1517928.0,
      "daily_economic_return_normalized": -0.48162126541137695,
      "daily_economic_cost_raw_yuan": 1517928.0,
      "economic_reward_scale_yuan": 3151704.8194007874,
      "lagrange_multiplier": 0.0,
      "cost_budget": 1.0,
      "cost_budget_raw": 0.02,
      "cost_budget_normalized": 1.0,
      "algorithm_cost_mode": "separate_cost",
      "fixed_cost_penalty_coef": 0.0,
      "log_std_max": -2.3,
      "accepted": true,
      "mode": "reward",
      "reward_before": 1.8593136985600722e-07,
      "reward_after": 0.20861904323101044,
      "cost_before": 0.8818429112434387,
      "cost_after": 0.35273778438568115,
      "kl_before": -2.384185791015625e-07,
      "kl_after": 0.005027712322771549,
      "cost_gap": -0.11815708875656128,
      "cost_recoverable": true,
      "cost_quadratic": 1464.87841796875,
      "reward_quadratic": 4.538791656494141,
      "reward_cost_cross": -11.08857536315918,
      "max_linear_cost_drop": 7.654746025750952,
      "rollout_wall_seconds": 1.6978785246610641,
      "update_wall_seconds": 1.0215069837868214,
      "total_wall_seconds": 2.7193878199905157
    },
    {
      "update": 681,
      "algorithm": "macpo",
      "actor_loss": -0.4878050684928894,
      "reward_critic_loss": 0.00217230012640357,
      "cost_critic_loss": 0.5346086621284485,
      "reward_critic_loss_last": 0.00217230012640357,
      "cost_critic_loss_last": 0.5346086621284485,
      "critic_epochs": 1,
      "daily_voltage_cost": 0.01802610233426094,
      "daily_voltage_cost_raw": 0.01802610233426094,
      "daily_voltage_cost_normalized": 0.9013051390647888,
      "daily_economic_return_raw_yuan": -1282829.375,
      "daily_economic_return_normalized": -0.40702715516090393,
      "daily_economic_cost_raw_yuan": 1282829.375,
      "economic_reward_scale_yuan": 3151704.8194007874,
      "lagrange_multiplier": 0.0,
      "cost_budget": 1.0,
      "cost_budget_raw": 0.02,
      "cost_budget_normalized": 1.0,
      "algorithm_cost_mode": "separate_cost",
      "fixed_cost_penalty_coef": 0.0,
      "log_std_max": -2.3,
      "accepted": true,
      "mode": "reward",
      "reward_before": -5.71750717881514e-08,
      "reward_after": 0.4878050684928894,
      "cost_before": 0.9013043642044067,
      "cost_after": 0.7510930895805359,
      "kl_before": -2.384185791015625e-07,
      "kl_after": 0.01997087523341179,
      "cost_gap": -0.09869563579559326,
      "cost_recoverable": true,
      "cost_quadratic": 1275.0596923828125,
      "reward_quadratic": 5.547370910644531,
      "reward_cost_cross": -2.029421091079712,
      "max_linear_cost_drop": 7.14159559869589,
      "rollout_wall_seconds": 1.9128647278994322,
      "update_wall_seconds": 1.0646045003086329,
      "total_wall_seconds": 2.9774713777005672
    },
    {
      "update": 682,
      "algorithm": "macpo",
      "actor_loss": -0.4033297002315521,
      "reward_critic_loss": 0.0017200140282511711,
      "cost_critic_loss": 0.36655110120773315,
      "reward_critic_loss_last": 0.0017200140282511711,
      "cost_critic_loss_last": 0.36655110120773315,
      "critic_epochs": 1,
      "daily_voltage_cost": 0.01956285536289215,
      "daily_voltage_cost_raw": 0.01956285536289215,
      "daily_voltage_cost_normalized": 0.9781427979469299,
      "daily_economic_return_raw_yuan": -1299517.75,
      "daily_economic_return_normalized": -0.41232216358184814,
      "daily_economic_cost_raw_yuan": 1299517.75,
      "economic_reward_scale_yuan": 3151704.8194007874,
      "lagrange_multiplier": 0.0,
      "cost_budget": 1.0,
      "cost_budget_raw": 0.02,
      "cost_budget_normalized": 1.0,
      "algorithm_cost_mode": "separate_cost",
      "fixed_cost_penalty_coef": 0.0,
      "log_std_max": -2.3,
      "accepted": true,
      "mode": "constrained_reward",
      "reward_before": -2.3698407858319115e-07,
      "reward_after": 0.4033297002315521,
      "cost_before": 0.9781414270401001,
      "cost_after": 0.9785093069076538,
      "kl_before": -2.384185791015625e-07,
      "kl_after": 0.01990973949432373,
      "cost_gap": -0.021858572959899902,
      "cost_recoverable": true,
      "cost_quadratic": 834.3511352539062,
      "reward_quadratic": 3.83444881439209,
      "reward_cost_cross": 3.4076125621795654,
      "max_linear_cost_drop": 5.777027385269716,
      "rollout_wall_seconds": 1.8231744058430195,
      "update_wall_seconds": 1.4313443396240473,
      "total_wall_seconds": 3.2545215785503387
    },
    {
      "update": 683,
      "algorithm": "macpo",
      "actor_loss": -0.498353511095047,
      "reward_critic_loss": 0.0026765251532197,
      "cost_critic_loss": 0.09135574102401733,
      "reward_critic_loss_last": 0.0026765251532197,
      "cost_critic_loss_last": 0.09135574102401733,
      "critic_epochs": 1,
      "daily_voltage_cost": 0.002338539808988571,
      "daily_voltage_cost_raw": 0.002338539808988571,
      "daily_voltage_cost_normalized": 0.11692699044942856,
      "daily_economic_return_raw_yuan": -1214270.375,
      "daily_economic_return_normalized": -0.38527417182922363,
      "daily_economic_cost_raw_yuan": 1214270.375,
      "economic_reward_scale_yuan": 3151704.8194007874,
      "lagrange_multiplier": 0.0,
      "cost_budget": 1.0,
      "cost_budget_raw": 0.02,
      "cost_budget_normalized": 1.0,
      "algorithm_cost_mode": "separate_cost",
      "fixed_cost_penalty_coef": 0.0,
      "log_std_max": -2.3,
      "accepted": true,
      "mode": "reward",
      "reward_before": -3.036277007595345e-07,
      "reward_after": 0.498353511095047,
      "cost_before": 0.11693021655082703,
      "cost_after": -0.19335174560546875,
      "kl_before": -2.384185791015625e-07,
      "kl_after": 0.019902151077985764,
      "cost_gap": -0.883069783449173,
      "cost_recoverable": true,
      "cost_quadratic": 223.93255615234375,
      "reward_quadratic": 5.767206192016602,
      "reward_cost_cross": -3.328176736831665,
      "max_linear_cost_drop": 2.9928752473321953,
      "rollout_wall_seconds": 1.9256582260131836,
      "update_wall_seconds": 1.3663830570876598,
      "total_wall_seconds": 3.292043961584568
    },
    {
      "update": 684,
      "algorithm": "macpo",
      "actor_loss": -0.24100689589977264,
      "reward_critic_loss": 0.0024033570662140846,
      "cost_critic_loss": 0.19590908288955688,
      "reward_critic_loss_last": 0.0024033570662140846,
      "cost_critic_loss_last": 0.19590908288955688,
      "critic_epochs": 1,
      "daily_voltage_cost": 0.006732332054525614,
      "daily_voltage_cost_raw": 0.006732332054525614,
      "daily_voltage_cost_normalized": 0.3366166055202484,
      "daily_economic_return_raw_yuan": -1342669.375,
      "daily_economic_return_normalized": -0.426013708114624,
      "daily_economic_cost_raw_yuan": 1342669.375,
      "economic_reward_scale_yuan": 3151704.8194007874,
      "lagrange_multiplier": 0.0,
      "cost_budget": 1.0,
      "cost_budget_raw": 0.02,
      "cost_budget_normalized": 1.0,
      "algorithm_cost_mode": "separate_cost",
      "fixed_cost_penalty_coef": 0.0,
      "log_std_max": -2.3,
      "accepted": true,
      "mode": "constrained_reward",
      "reward_before": -8.106387667794479e-07,
      "reward_after": 0.24100689589977264,
      "cost_before": 0.33661380410194397,
      "cost_after": 0.6300585865974426,
      "kl_before": -2.384185791015625e-07,
      "kl_after": 0.005006713792681694,
      "cost_gap": -0.663386195898056,
      "cost_recoverable": true,
      "cost_quadratic": 560.050537109375,
      "reward_quadratic": 5.632205963134766,
      "reward_cost_cross": 9.362969398498535,
      "max_linear_cost_drop": 4.7330773799268275,
      "rollout_wall_seconds": 1.929755013436079,
      "update_wall_seconds": 1.0212853085249662,
      "total_wall_seconds": 2.9510430954396725
    },
    {
      "update": 685,
      "algorithm": "macpo",
      "actor_loss": -0.4648486375808716,
      "reward_critic_loss": 0.002307233167812228,
      "cost_critic_loss": 0.3343656659126282,
      "reward_critic_loss_last": 0.002307233167812228,
      "cost_critic_loss_last": 0.3343656659126282,
      "critic_epochs": 1,
      "daily_voltage_cost": 0.010997679084539413,
      "daily_voltage_cost_raw": 0.010997679084539413,
      "daily_voltage_cost_normalized": 0.5498839616775513,
      "daily_economic_return_raw_yuan": -1403967.875,
      "daily_economic_return_normalized": -0.44546300172805786,
      "daily_economic_cost_raw_yuan": 1403967.875,
      "economic_reward_scale_yuan": 3151704.8194007874,
      "lagrange_multiplier": 0.0,
      "cost_budget": 1.0,
      "cost_budget_raw": 0.02,
      "cost_budget_normalized": 1.0,
      "algorithm_cost_mode": "separate_cost",
      "fixed_cost_penalty_coef": 0.0,
      "log_std_max": -2.3,
      "accepted": true,
      "mode": "constrained_reward",
      "reward_before": 5.9215906844656274e-08,
      "reward_after": 0.4648486375808716,
      "cost_before": 0.5498835444450378,
      "cost_after": 0.9001660346984863,
      "kl_before": -2.384185791015625e-07,
      "kl_after": 0.019903717562556267,
      "cost_gap": -0.45011645555496216,
      "cost_recoverable": true,
      "cost_quadratic": 763.7579345703125,
      "reward_quadratic": 5.571746826171875,
      "reward_cost_cross": 7.920632362365723,
      "max_linear_cost_drop": 5.527234153065392,
      "rollout_wall_seconds": 1.7273299638181925,
      "update_wall_seconds": 1.0721332766115665,
      "total_wall_seconds": 2.799466345459223
    },
    {
      "update": 686,
      "algorithm": "macpo",
      "actor_loss": -0.49912500381469727,
      "reward_critic_loss": 0.0025208978913724422,
      "cost_critic_loss": 0.08520641922950745,
      "reward_critic_loss_last": 0.0025208978913724422,
      "cost_critic_loss_last": 0.08520641922950745,
      "critic_epochs": 1,
      "daily_voltage_cost": 0.004151614382863045,
      "daily_voltage_cost_raw": 0.004151614382863045,
      "daily_voltage_cost_normalized": 0.20758071541786194,
      "daily_economic_return_raw_yuan": -1189634.75,
      "daily_economic_return_normalized": -0.37745755910873413,
      "daily_economic_cost_raw_yuan": 1189634.75,
      "economic_reward_scale_yuan": 3151704.8194007874,
      "lagrange_multiplier": 0.0,
      "cost_budget": 1.0,
      "cost_budget_raw": 0.02,
      "cost_budget_normalized": 1.0,
      "algorithm_cost_mode": "separate_cost",
      "fixed_cost_penalty_coef": 0.0,
      "log_std_max": -2.3,
      "accepted": true,
      "mode": "reward",
      "reward_before": -4.565700919556548e-07,
      "reward_after": 0.49912500381469727,
      "cost_before": 0.20758065581321716,
      "cost_after": -0.7129939794540405,
      "kl_before": -2.384185791015625e-07,
      "kl_after": 0.01999638043344021,
      "cost_gap": -0.7924193441867828,
      "cost_recoverable": true,
      "cost_quadratic": 225.52694702148438,
      "reward_quadratic": 5.478814125061035,
      "reward_cost_cross": -9.572494506835938,
      "max_linear_cost_drop": 3.0035109257100054,
      "rollout_wall_seconds": 1.5232857763767242,
      "update_wall_seconds": 1.1761711724102497,
      "total_wall_seconds": 2.699463490396738
    },
    {
      "update": 687,
      "algorithm": "macpo",
      "actor_loss": -0.45634734630584717,
      "reward_critic_loss": 0.0018903526943176985,
      "cost_critic_loss": 0.28365764021873474,
      "reward_critic_loss_last": 0.0018903526943176985,
      "cost_critic_loss_last": 0.28365764021873474,
      "critic_epochs": 1,
      "daily_voltage_cost": 0.007242945022881031,
      "daily_voltage_cost_raw": 0.007242945022881031,
      "daily_voltage_cost_normalized": 0.3621472716331482,
      "daily_economic_return_raw_yuan": -1134483.0,
      "daily_economic_return_normalized": -0.3599585294723511,
      "daily_economic_cost_raw_yuan": 1134483.0,
      "economic_reward_scale_yuan": 3151704.8194007874,
      "lagrange_multiplier": 0.0,
      "cost_budget": 1.0,
      "cost_budget_raw": 0.02,
      "cost_budget_normalized": 1.0,
      "algorithm_cost_mode": "separate_cost",
      "fixed_cost_penalty_coef": 0.0,
      "log_std_max": -2.3,
      "accepted": true,
      "mode": "reward",
      "reward_before": -8.519108973814582e-08,
      "reward_after": 0.45634734630584717,
      "cost_before": 0.3621417284011841,
      "cost_after": -0.5855807662010193,
      "kl_before": -2.384185791015625e-07,
      "kl_after": 0.01990612968802452,
      "cost_gap": -0.6378582715988159,
      "cost_recoverable": true,
      "cost_quadratic": 757.3295288085938,
      "reward_quadratic": 4.546698570251465,
      "reward_cost_cross": -8.956395149230957,
      "max_linear_cost_drop": 5.5039241593924375,
      "rollout_wall_seconds": 1.812535660341382,
      "update_wall_seconds": 1.1975138019770384,
      "total_wall_seconds": 3.0100512728095055
    },
    {
      "update": 688,
      "algorithm": "macpo",
      "actor_loss": -0.5209813117980957,
      "reward_critic_loss": 0.002932557836174965,
      "cost_critic_loss": 0.06807492673397064,
      "reward_critic_loss_last": 0.002932557836174965,
      "cost_critic_loss_last": 0.06807492673397064,
      "critic_epochs": 1,
      "daily_voltage_cost": 0.0004929118440486491,
      "daily_voltage_cost_raw": 0.0004929118440486491,
      "daily_voltage_cost_normalized": 0.024645594879984856,
      "daily_economic_return_raw_yuan": -1175944.75,
      "daily_economic_return_normalized": -0.37311387062072754,
      "daily_economic_cost_raw_yuan": 1175944.75,
      "economic_reward_scale_yuan": 3151704.8194007874,
      "lagrange_multiplier": 0.0,
      "cost_budget": 1.0,
      "cost_budget_raw": 0.02,
      "cost_budget_normalized": 1.0,
      "algorithm_cost_mode": "separate_cost",
      "fixed_cost_penalty_coef": 0.0,
      "log_std_max": -2.3,
      "accepted": true,
      "mode": "reward",
      "reward_before": -1.6040981165588164e-07,
      "reward_after": 0.5209813117980957,
      "cost_before": 0.024645790457725525,
      "cost_after": -0.687786877155304,
      "kl_before": -2.384185791015625e-07,
      "kl_after": 0.019956674426794052,
      "cost_gap": -0.9753542095422745,
      "cost_recoverable": true,
      "cost_quadratic": 175.3625030517578,
      "reward_quadratic": 5.846952438354492,
      "reward_cost_cross": -6.762872695922852,
      "max_linear_cost_drop": 2.6484901589528915,
      "rollout_wall_seconds": 1.7215046361088753,
      "update_wall_seconds": 1.0737614799290895,
      "total_wall_seconds": 2.795267967507243
    },
    {
      "update": 689,
      "algorithm": "macpo",
      "actor_loss": -0.4745872914791107,
      "reward_critic_loss": 0.0027029539924114943,
      "cost_critic_loss": 0.0679839625954628,
      "reward_critic_loss_last": 0.0027029539924114943,
      "cost_critic_loss_last": 0.0679839625954628,
      "critic_epochs": 1,
      "daily_voltage_cost": 0.0020277900621294975,
      "daily_voltage_cost_raw": 0.0020277900621294975,
      "daily_voltage_cost_normalized": 0.10138950496912003,
      "daily_economic_return_raw_yuan": -1257378.875,
      "daily_economic_return_normalized": -0.39895200729370117,
      "daily_economic_cost_raw_yuan": 1257378.875,
      "economic_reward_scale_yuan": 3151704.8194007874,
      "lagrange_multiplier": 0.0,
      "cost_budget": 1.0,
      "cost_budget_raw": 0.02,
      "cost_budget_normalized": 1.0,
      "algorithm_cost_mode": "separate_cost",
      "fixed_cost_penalty_coef": 0.0,
      "log_std_max": -2.3,
      "accepted": true,
      "mode": "reward",
      "reward_before": -1.5639633943465014e-07,
      "reward_after": 0.4745872914791107,
      "cost_before": 0.10139096528291702,
      "cost_after": -0.2828643023967743,
      "kl_before": -2.384185791015625e-07,
      "kl_after": 0.019900165498256683,
      "cost_gap": -0.898609034717083,
      "cost_recoverable": true,
      "cost_quadratic": 180.03976440429688,
      "reward_quadratic": 5.73954439163208,
      "reward_cost_cross": -3.4306118488311768,
      "max_linear_cost_drop": 2.683577943002937,
      "rollout_wall_seconds": 1.226813780143857,
      "update_wall_seconds": 0.9543658643960953,
      "total_wall_seconds": 2.1811818424612284
    },
    {
      "update": 690,
      "algorithm": "macpo",
      "actor_loss": -0.385945588350296,
      "reward_critic_loss": 0.0019329636124894023,
      "cost_critic_loss": 0.35118886828422546,
      "reward_critic_loss_last": 0.0019329636124894023,
      "cost_critic_loss_last": 0.35118886828422546,
      "critic_epochs": 1,
      "daily_voltage_cost": 0.017777852714061737,
      "daily_voltage_cost_raw": 0.017777852714061737,
      "daily_voltage_cost_normalized": 0.8888927102088928,
      "daily_economic_return_raw_yuan": -1392584.75,
      "daily_economic_return_normalized": -0.44185125827789307,
      "daily_economic_cost_raw_yuan": 1392584.75,
      "economic_reward_scale_yuan": 3151704.8194007874,
      "lagrange_multiplier": 0.0,
      "cost_budget": 1.0,
      "cost_budget_raw": 0.02,
      "cost_budget_normalized": 1.0,
      "algorithm_cost_mode": "separate_cost",
      "fixed_cost_penalty_coef": 0.0,
      "log_std_max": -2.3,
      "accepted": true,
      "mode": "reward",
      "reward_before": 1.5489723637074349e-07,
      "reward_after": 0.385945588350296,
      "cost_before": 0.8888938426971436,
      "cost_after": 0.5731254816055298,
      "kl_before": -2.384185791015625e-07,
      "kl_after": 0.019942283630371094,
      "cost_gap": -0.11110615730285645,
      "cost_recoverable": true,
      "cost_quadratic": 872.2474365234375,
      "reward_quadratic": 4.442783832550049,
      "reward_cost_cross": -4.009427070617676,
      "max_linear_cost_drop": 5.906767090459678,
      "rollout_wall_seconds": 1.6316553764045238,
      "update_wall_seconds": 1.149553643539548,
      "total_wall_seconds": 2.7812114730477333
    },
    {
      "update": 691,
      "algorithm": "macpo",
      "actor_loss": -0.4542384743690491,
      "reward_critic_loss": 0.0021607119124382734,
      "cost_critic_loss": 0.241911381483078,
      "reward_critic_loss_last": 0.0021607119124382734,
      "cost_critic_loss_last": 0.241911381483078,
      "critic_epochs": 1,
      "daily_voltage_cost": 0.007513362914323807,
      "daily_voltage_cost_raw": 0.007513362914323807,
      "daily_voltage_cost_normalized": 0.37566816806793213,
      "daily_economic_return_raw_yuan": -1303694.5,
      "daily_economic_return_normalized": -0.4136474132537842,
      "daily_economic_cost_raw_yuan": 1303694.5,
      "economic_reward_scale_yuan": 3151704.8194007874,
      "lagrange_multiplier": 0.0,
      "cost_budget": 1.0,
      "cost_budget_raw": 0.02,
      "cost_budget_normalized": 1.0,
      "algorithm_cost_mode": "separate_cost",
      "fixed_cost_penalty_coef": 0.0,
      "log_std_max": -2.3,
      "accepted": true,
      "mode": "reward",
      "reward_before": -8.700827436314285e-08,
      "reward_after": 0.4542384743690491,
      "cost_before": 0.37566718459129333,
      "cost_after": -1.9126077890396118,
      "kl_before": -2.384185791015625e-07,
      "kl_after": 0.019909214228391647,
      "cost_gap": -0.6243328154087067,
      "cost_recoverable": true,
      "cost_quadratic": 755.0274047851562,
      "reward_quadratic": 5.21286678314209,
      "reward_cost_cross": -27.354246139526367,
      "max_linear_cost_drop": 5.495552400933526,
      "rollout_wall_seconds": 1.8164510484784842,
      "update_wall_seconds": 1.1790583357214928,
      "total_wall_seconds": 2.995512042194605
    },
    {
      "update": 692,
      "algorithm": "macpo",
      "actor_loss": -0.5143149495124817,
      "reward_critic_loss": 0.0030309210997074842,
      "cost_critic_loss": 0.07891255617141724,
      "reward_critic_loss_last": 0.0030309210997074842,
      "cost_critic_loss_last": 0.07891255617141724,
      "critic_epochs": 1,
      "daily_voltage_cost": 0.003218561876565218,
      "daily_voltage_cost_raw": 0.003218561876565218,
      "daily_voltage_cost_normalized": 0.16092810034751892,
      "daily_economic_return_raw_yuan": -1361219.625,
      "daily_economic_return_normalized": -0.43189945816993713,
      "daily_economic_cost_raw_yuan": 1361219.625,
      "economic_reward_scale_yuan": 3151704.8194007874,
      "lagrange_multiplier": 0.0,
      "cost_budget": 1.0,
      "cost_budget_raw": 0.02,
      "cost_budget_normalized": 1.0,
      "algorithm_cost_mode": "separate_cost",
      "fixed_cost_penalty_coef": 0.0,
      "log_std_max": -2.3,
      "accepted": true,
      "mode": "reward",
      "reward_before": 1.333083901045029e-07,
      "reward_after": 0.5143149495124817,
      "cost_before": 0.16092735528945923,
      "cost_after": -0.691636323928833,
      "kl_before": -2.384185791015625e-07,
      "kl_after": 0.019898710772395134,
      "cost_gap": -0.8390726447105408,
      "cost_recoverable": true,
      "cost_quadratic": 216.49273681640625,
      "reward_quadratic": 6.948646545410156,
      "reward_cost_cross": -11.51480770111084,
      "max_linear_cost_drop": 2.942738430893281,
      "rollout_wall_seconds": 1.8729751110076904,
      "update_wall_seconds": 1.1649523321539164,
      "total_wall_seconds": 3.037930030375719
    },
    {
      "update": 693,
      "algorithm": "macpo",
      "actor_loss": -0.42182308435440063,
      "reward_critic_loss": 0.002133078407496214,
      "cost_critic_loss": 0.0895211324095726,
      "reward_critic_loss_last": 0.002133078407496214,
      "cost_critic_loss_last": 0.0895211324095726,
      "critic_epochs": 1,
      "daily_voltage_cost": 0.005909704603254795,
      "daily_voltage_cost_raw": 0.005909704603254795,
      "daily_voltage_cost_normalized": 0.295485258102417,
      "daily_economic_return_raw_yuan": -1244002.375,
      "daily_economic_return_normalized": -0.3947077691555023,
      "daily_economic_cost_raw_yuan": 1244002.375,
      "economic_reward_scale_yuan": 3151704.8194007874,
      "lagrange_multiplier": 0.0,
      "cost_budget": 1.0,
      "cost_budget_raw": 0.02,
      "cost_budget_normalized": 1.0,
      "algorithm_cost_mode": "separate_cost",
      "fixed_cost_penalty_coef": 0.0,
      "log_std_max": -2.3,
      "accepted": true,
      "mode": "reward",
      "reward_before": 2.9359455311350757e-08,
      "reward_after": 0.42182308435440063,
      "cost_before": 0.2954837679862976,
      "cost_after": -0.22373312711715698,
      "kl_before": -2.384185791015625e-07,
      "kl_after": 0.019963230937719345,
      "cost_gap": -0.7045162320137024,
      "cost_recoverable": true,
      "cost_quadratic": 228.78958129882812,
      "reward_quadratic": 4.454068183898926,
      "reward_cost_cross": -4.67832088470459,
      "max_linear_cost_drop": 3.025158384606189,
      "rollout_wall_seconds": 1.88208644464612,
      "update_wall_seconds": 1.0205495785921812,
      "total_wall_seconds": 2.902638716623187
    },
    {
      "update": 694,
      "algorithm": "macpo",
      "actor_loss": -0.41573813557624817,
      "reward_critic_loss": 0.0018256934126839042,
      "cost_critic_loss": 0.18139618635177612,
      "reward_critic_loss_last": 0.0018256934126839042,
      "cost_critic_loss_last": 0.18139618635177612,
      "critic_epochs": 1,
      "daily_voltage_cost": 0.009101085364818573,
      "daily_voltage_cost_raw": 0.009101085364818573,
      "daily_voltage_cost_normalized": 0.45505428314208984,
      "daily_economic_return_raw_yuan": -1227648.375,
      "daily_economic_return_normalized": -0.3895188570022583,
      "daily_economic_cost_raw_yuan": 1227648.375,
      "economic_reward_scale_yuan": 3151704.8194007874,
      "lagrange_multiplier": 0.0,
      "cost_budget": 1.0,
      "cost_budget_raw": 0.02,
      "cost_budget_normalized": 1.0,
      "algorithm_cost_mode": "separate_cost",
      "fixed_cost_penalty_coef": 0.0,
      "log_std_max": -2.3,
      "accepted": true,
      "mode": "reward",
      "reward_before": -8.582508570498248e-08,
      "reward_after": 0.41573813557624817,
      "cost_before": 0.4550531208515167,
      "cost_after": 0.4682699143886566,
      "kl_before": -2.384185791015625e-07,
      "kl_after": 0.019899414852261543,
      "cost_gap": -0.5449468791484833,
      "cost_recoverable": true,
      "cost_quadratic": 445.433349609375,
      "reward_quadratic": 4.037055969238281,
      "reward_cost_cross": -0.009234428405761719,
      "max_linear_cost_drop": 4.22105839622896,
      "rollout_wall_seconds": 1.4635214246809483,
      "update_wall_seconds": 0.9134474508464336,
      "total_wall_seconds": 2.3769715689122677
    },
    {
      "update": 695,
      "algorithm": "macpo",
      "actor_loss": -0.22086426615715027,
      "reward_critic_loss": 0.002066926099359989,
      "cost_critic_loss": 0.5618511438369751,
      "reward_critic_loss_last": 0.002066926099359989,
      "cost_critic_loss_last": 0.5618511438369751,
      "critic_epochs": 1,
      "daily_voltage_cost": 0.00955027062445879,
      "daily_voltage_cost_raw": 0.00955027062445879,
      "daily_voltage_cost_normalized": 0.47751355171203613,
      "daily_economic_return_raw_yuan": -1226094.125,
      "daily_economic_return_normalized": -0.3890256881713867,
      "daily_economic_cost_raw_yuan": 1226094.125,
      "economic_reward_scale_yuan": 3151704.8194007874,
      "lagrange_multiplier": 0.0,
      "cost_budget": 1.0,
      "cost_budget_raw": 0.02,
      "cost_budget_normalized": 1.0,
      "algorithm_cost_mode": "separate_cost",
      "fixed_cost_penalty_coef": 0.0,
      "log_std_max": -2.3,
      "accepted": true,
      "mode": "reward",
      "reward_before": 2.111021046857786e-08,
      "reward_after": 0.22086426615715027,
      "cost_before": 0.47752758860588074,
      "cost_after": 0.30567359924316406,
      "kl_before": -2.384185791015625e-07,
      "kl_after": 0.004988729488104582,
      "cost_gap": -0.5224724113941193,
      "cost_recoverable": true,
      "cost_quadratic": 1498.437744140625,
      "reward_quadratic": 4.66240119934082,
      "reward_cost_cross": -3.313446521759033,
      "max_linear_cost_drop": 7.741931914297942,
      "rollout_wall_seconds": 1.3569119963794947,
      "update_wall_seconds": 0.850046319887042,
      "total_wall_seconds": 2.2069603875279427
    },
    {
      "update": 696,
      "algorithm": "macpo",
      "actor_loss": -0.3881065249443054,
      "reward_critic_loss": 0.0017144273733720183,
      "cost_critic_loss": 0.1315498799085617,
      "reward_critic_loss_last": 0.0017144273733720183,
      "cost_critic_loss_last": 0.1315498799085617,
      "critic_epochs": 1,
      "daily_voltage_cost": 0.006357252597808838,
      "daily_voltage_cost_raw": 0.006357252597808838,
      "daily_voltage_cost_normalized": 0.3178626596927643,
      "daily_economic_return_raw_yuan": -1421452.5,
      "daily_economic_return_normalized": -0.45101067423820496,
      "daily_economic_cost_raw_yuan": 1421452.5,
      "economic_reward_scale_yuan": 3151704.8194007874,
      "lagrange_multiplier": 0.0,
      "cost_budget": 1.0,
      "cost_budget_raw": 0.02,
      "cost_budget_normalized": 1.0,
      "algorithm_cost_mode": "separate_cost",
      "fixed_cost_penalty_coef": 0.0,
      "log_std_max": -2.3,
      "accepted": true,
      "mode": "reward",
      "reward_before": 1.5304659939374687e-07,
      "reward_after": 0.3881065249443054,
      "cost_before": 0.3178609013557434,
      "cost_after": 0.14476686716079712,
      "kl_before": -2.384185791015625e-07,
      "kl_after": 0.019935086369514465,
      "cost_gap": -0.6821390986442566,
      "cost_recoverable": true,
      "cost_quadratic": 384.779052734375,
      "reward_quadratic": 4.1557159423828125,
      "reward_cost_cross": -1.2885749340057373,
      "max_linear_cost_drop": 3.9231571609323788,
      "rollout_wall_seconds": 1.910852737724781,
      "update_wall_seconds": 1.1213346906006336,
      "total_wall_seconds": 3.032190592959523
    },
    {
      "update": 697,
      "algorithm": "macpo",
      "actor_loss": -0.2334972321987152,
      "reward_critic_loss": 0.0023152651265263557,
      "cost_critic_loss": 0.31213098764419556,
      "reward_critic_loss_last": 0.0023152651265263557,
      "cost_critic_loss_last": 0.31213098764419556,
      "critic_epochs": 1,
      "daily_voltage_cost": 0.0059767356142401695,
      "daily_voltage_cost_raw": 0.0059767356142401695,
      "daily_voltage_cost_normalized": 0.29883676767349243,
      "daily_economic_return_raw_yuan": -1376910.125,
      "daily_economic_return_normalized": -0.43687790632247925,
      "daily_economic_cost_raw_yuan": 1376910.125,
      "economic_reward_scale_yuan": 3151704.8194007874,
      "lagrange_multiplier": 0.0,
      "cost_budget": 1.0,
      "cost_budget_raw": 0.02,
      "cost_budget_normalized": 1.0,
      "algorithm_cost_mode": "separate_cost",
      "fixed_cost_penalty_coef": 0.0,
      "log_std_max": -2.3,
      "accepted": true,
      "mode": "constrained_reward",
      "reward_before": 1.2209642363814055e-07,
      "reward_after": 0.2334972321987152,
      "cost_before": 0.29883813858032227,
      "cost_after": 0.7037290930747986,
      "kl_before": -2.384185791015625e-07,
      "kl_after": 0.004991357214748859,
      "cost_gap": -0.7011618614196777,
      "cost_recoverable": true,
      "cost_quadratic": 982.1780395507812,
      "reward_quadratic": 5.611757278442383,
      "reward_cost_cross": 8.621184349060059,
      "max_linear_cost_drop": 6.2679439676844,
      "rollout_wall_seconds": 1.621927423402667,
      "update_wall_seconds": 1.127187266945839,
      "total_wall_seconds": 2.749116851016879
    },
    {
      "update": 698,
      "algorithm": "macpo",
      "actor_loss": -0.2110787034034729,
      "reward_critic_loss": 0.0022103269584476948,
      "cost_critic_loss": 0.4353862702846527,
      "reward_critic_loss_last": 0.0022103269584476948,
      "cost_critic_loss_last": 0.4353862702846527,
      "critic_epochs": 1,
      "daily_voltage_cost": 0.007935967296361923,
      "daily_voltage_cost_raw": 0.007935967296361923,
      "daily_voltage_cost_normalized": 0.39679837226867676,
      "daily_economic_return_raw_yuan": -1407821.125,
      "daily_economic_return_normalized": -0.4466856122016907,
      "daily_economic_cost_raw_yuan": 1407821.125,
      "economic_reward_scale_yuan": 3151704.8194007874,
      "lagrange_multiplier": 0.0,
      "cost_budget": 1.0,
      "cost_budget_raw": 0.02,
      "cost_budget_normalized": 1.0,
      "algorithm_cost_mode": "separate_cost",
      "fixed_cost_penalty_coef": 0.0,
      "log_std_max": -2.3,
      "accepted": true,
      "mode": "reward",
      "reward_before": 3.268939963163575e-07,
      "reward_after": 0.2110787034034729,
      "cost_before": 0.3968033492565155,
      "cost_after": 0.42151546478271484,
      "kl_before": -2.384185791015625e-07,
      "kl_after": 0.004999544005841017,
      "cost_gap": -0.6031966507434845,
      "cost_recoverable": true,
      "cost_quadratic": 908.878173828125,
      "reward_quadratic": 4.526096343994141,
      "reward_cost_cross": 0.6090124845504761,
      "max_linear_cost_drop": 6.029521287227121,
      "rollout_wall_seconds": 1.2664606682956219,
      "update_wall_seconds": 1.1608943566679955,
      "total_wall_seconds": 2.4273567888885736
    },
    {
      "update": 699,
      "algorithm": "macpo",
      "actor_loss": -0.40218910574913025,
      "reward_critic_loss": 0.001960946246981621,
      "cost_critic_loss": 0.2667704224586487,
      "reward_critic_loss_last": 0.001960946246981621,
      "cost_critic_loss_last": 0.2667704224586487,
      "critic_epochs": 1,
      "daily_voltage_cost": 0.007082224823534489,
      "daily_voltage_cost_raw": 0.007082224823534489,
      "daily_voltage_cost_normalized": 0.3541112542152405,
      "daily_economic_return_raw_yuan": -1500953.375,
      "daily_economic_return_normalized": -0.47623541951179504,
      "daily_economic_cost_raw_yuan": 1500953.375,
      "economic_reward_scale_yuan": 3151704.8194007874,
      "lagrange_multiplier": 0.0,
      "cost_budget": 1.0,
      "cost_budget_raw": 0.02,
      "cost_budget_normalized": 1.0,
      "algorithm_cost_mode": "separate_cost",
      "fixed_cost_penalty_coef": 0.0,
      "log_std_max": -2.3,
      "accepted": true,
      "mode": "reward",
      "reward_before": -2.7457190299173817e-07,
      "reward_after": 0.40218910574913025,
      "cost_before": 0.35411205887794495,
      "cost_after": 0.04599592089653015,
      "kl_before": -2.384185791015625e-07,
      "kl_after": 0.01995341293513775,
      "cost_gap": -0.645887941122055,
      "cost_recoverable": true,
      "cost_quadratic": 705.694091796875,
      "reward_quadratic": 3.9541711807250977,
      "reward_cost_cross": -3.4702982902526855,
      "max_linear_cost_drop": 5.312980676783513,
      "rollout_wall_seconds": 1.7949169855564833,
      "update_wall_seconds": 1.0290225893259048,
      "total_wall_seconds": 2.823941493406892
    },
    {
      "update": 700,
      "algorithm": "macpo",
      "actor_loss": -0.4439901113510132,
      "reward_critic_loss": 0.00224092323333025,
      "cost_critic_loss": 0.0942491814494133,
      "reward_critic_loss_last": 0.00224092323333025,
      "cost_critic_loss_last": 0.0942491814494133,
      "critic_epochs": 1,
      "daily_voltage_cost": 0.0055754175409674644,
      "daily_voltage_cost_raw": 0.0055754175409674644,
      "daily_voltage_cost_normalized": 0.27877089381217957,
      "daily_economic_return_raw_yuan": -1277920.125,
      "daily_economic_return_normalized": -0.40546947717666626,
      "daily_economic_cost_raw_yuan": 1277920.125,
      "economic_reward_scale_yuan": 3151704.8194007874,
      "lagrange_multiplier": 0.0,
      "cost_budget": 1.0,
      "cost_budget_raw": 0.02,
      "cost_budget_normalized": 1.0,
      "algorithm_cost_mode": "separate_cost",
      "fixed_cost_penalty_coef": 0.0,
      "log_std_max": -2.3,
      "accepted": true,
      "mode": "reward",
      "reward_before": 4.814242515749356e-08,
      "reward_after": 0.4439901113510132,
      "cost_before": 0.2787672281265259,
      "cost_after": -0.2988184988498688,
      "kl_before": -2.384185791015625e-07,
      "kl_after": 0.01990656554698944,
      "cost_gap": -0.7212327718734741,
      "cost_recoverable": true,
      "cost_quadratic": 232.83387756347656,
      "reward_quadratic": 4.760814666748047,
      "reward_cost_cross": -6.189618110656738,
      "max_linear_cost_drop": 3.0517790061764076,
      "rollout_wall_seconds": 1.7632187213748693,
      "update_wall_seconds": 1.071773923933506,
      "total_wall_seconds": 2.834994738921523
    },
    {
      "update": 701,
      "algorithm": "macpo",
      "actor_loss": -0.4917500615119934,
      "reward_critic_loss": 0.0025260625407099724,
      "cost_critic_loss": 0.19060248136520386,
      "reward_critic_loss_last": 0.0025260625407099724,
      "cost_critic_loss_last": 0.19060248136520386,
      "critic_epochs": 1,
      "daily_voltage_cost": 0.011529361829161644,
      "daily_voltage_cost_raw": 0.011529361829161644,
      "daily_voltage_cost_normalized": 0.5764681100845337,
      "daily_economic_return_raw_yuan": -1208984.0,
      "daily_economic_return_normalized": -0.38359683752059937,
      "daily_economic_cost_raw_yuan": 1208984.0,
      "economic_reward_scale_yuan": 3151704.8194007874,
      "lagrange_multiplier": 0.0,
      "cost_budget": 1.0,
      "cost_budget_raw": 0.02,
      "cost_budget_normalized": 1.0,
      "algorithm_cost_mode": "separate_cost",
      "fixed_cost_penalty_coef": 0.0,
      "log_std_max": -2.3,
      "accepted": true,
      "mode": "reward",
      "reward_before": -5.2024937247097114e-08,
      "reward_after": 0.4917500615119934,
      "cost_before": 0.576474130153656,
      "cost_after": 0.8722841143608093,
      "kl_before": -2.384185791015625e-07,
      "kl_after": 0.01992667093873024,
      "cost_gap": -0.423525869846344,
      "cost_recoverable": true,
      "cost_quadratic": 427.66253662109375,
      "reward_quadratic": 5.314157962799072,
      "reward_cost_cross": 3.644318103790283,
      "max_linear_cost_drop": 4.136000660643534,
      "rollout_wall_seconds": 1.9956790208816528,
      "update_wall_seconds": 1.3949691243469715,
      "total_wall_seconds": 3.3906515780836344
    },
    {
      "update": 702,
      "algorithm": "macpo",
      "actor_loss": -0.5036375522613525,
      "reward_critic_loss": 0.0024267984554171562,
      "cost_critic_loss": 0.10767039656639099,
      "reward_critic_loss_last": 0.0024267984554171562,
      "cost_critic_loss_last": 0.10767039656639099,
      "critic_epochs": 1,
      "daily_voltage_cost": 0.00256893178448081,
      "daily_voltage_cost_raw": 0.00256893178448081,
      "daily_voltage_cost_normalized": 0.12844659388065338,
      "daily_economic_return_raw_yuan": -1135413.0,
      "daily_economic_return_normalized": -0.36025360226631165,
      "daily_economic_cost_raw_yuan": 1135413.0,
      "economic_reward_scale_yuan": 3151704.8194007874,
      "lagrange_multiplier": 0.0,
      "cost_budget": 1.0,
      "cost_budget_raw": 0.02,
      "cost_budget_normalized": 1.0,
      "algorithm_cost_mode": "separate_cost",
      "fixed_cost_penalty_coef": 0.0,
      "log_std_max": -2.3,
      "accepted": true,
      "mode": "reward",
      "reward_before": -2.286672895479569e-07,
      "reward_after": 0.5036375522613525,
      "cost_before": 0.12844714522361755,
      "cost_after": -0.9812889099121094,
      "kl_before": -2.384185791015625e-07,
      "kl_after": 0.01997869275510311,
      "cost_gap": -0.8715528547763824,
      "cost_recoverable": true,
      "cost_quadratic": 279.29254150390625,
      "reward_quadratic": 5.260911464691162,
      "reward_cost_cross": -10.152236938476562,
      "max_linear_cost_drop": 3.3424095590092264,
      "rollout_wall_seconds": 1.9224949069321156,
      "update_wall_seconds": 0.9797055758535862,
      "total_wall_seconds": 2.9022029042243958
    },
    {
      "update": 703,
      "algorithm": "macpo",
      "actor_loss": -0.39899250864982605,
      "reward_critic_loss": 0.0017320518381893635,
      "cost_critic_loss": 0.15764671564102173,
      "reward_critic_loss_last": 0.0017320518381893635,
      "cost_critic_loss_last": 0.15764671564102173,
      "critic_epochs": 1,
      "daily_voltage_cost": 0.004971351474523544,
      "daily_voltage_cost_raw": 0.004971351474523544,
      "daily_voltage_cost_normalized": 0.2485675811767578,
      "daily_economic_return_raw_yuan": -1208843.375,
      "daily_economic_return_normalized": -0.383552223443985,
      "daily_economic_cost_raw_yuan": 1208843.375,
      "economic_reward_scale_yuan": 3151704.8194007874,
      "lagrange_multiplier": 0.0,
      "cost_budget": 1.0,
      "cost_budget_raw": 0.02,
      "cost_budget_normalized": 1.0,
      "algorithm_cost_mode": "separate_cost",
      "fixed_cost_penalty_coef": 0.0,
      "log_std_max": -2.3,
      "accepted": true,
      "mode": "reward",
      "reward_before": 5.580923243542202e-07,
      "reward_after": 0.39899250864982605,
      "cost_before": 0.24856749176979065,
      "cost_after": -0.18146401643753052,
      "kl_before": -2.384185791015625e-07,
      "kl_after": 0.019942115992307663,
      "cost_gap": -0.7514325082302094,
      "cost_recoverable": true,
      "cost_quadratic": 407.96868896484375,
      "reward_quadratic": 3.9416396617889404,
      "reward_cost_cross": -3.5288195610046387,
      "max_linear_cost_drop": 4.039646959648052,
      "rollout_wall_seconds": 1.2623600736260414,
      "update_wall_seconds": 1.060005560517311,
      "total_wall_seconds": 2.32236760109663
    },
    {
      "update": 704,
      "algorithm": "macpo",
      "actor_loss": -0.5104794502258301,
      "reward_critic_loss": 0.0020698136650025845,
      "cost_critic_loss": 0.3531017303466797,
      "reward_critic_loss_last": 0.0020698136650025845,
      "cost_critic_loss_last": 0.3531017303466797,
      "critic_epochs": 1,
      "daily_voltage_cost": 0.014037921093404293,
      "daily_voltage_cost_raw": 0.014037921093404293,
      "daily_voltage_cost_normalized": 0.7018960118293762,
      "daily_economic_return_raw_yuan": -1085188.25,
      "daily_economic_return_normalized": -0.34431785345077515,
      "daily_economic_cost_raw_yuan": 1085188.25,
      "economic_reward_scale_yuan": 3151704.8194007874,
      "lagrange_multiplier": 0.0,
      "cost_budget": 1.0,
      "cost_budget_raw": 0.02,
      "cost_budget_normalized": 1.0,
      "algorithm_cost_mode": "separate_cost",
      "fixed_cost_penalty_coef": 0.0,
      "log_std_max": -2.3,
      "accepted": true,
      "mode": "reward",
      "reward_before": -5.013266246578496e-09,
      "reward_after": 0.5104794502258301,
      "cost_before": 0.7018915414810181,
      "cost_after": -0.0055890679359436035,
      "kl_before": -2.384185791015625e-07,
      "kl_after": 0.019943274557590485,
      "cost_gap": -0.29810845851898193,
      "cost_recoverable": true,
      "cost_quadratic": 976.9130249023438,
      "reward_quadratic": 4.966765403747559,
      "reward_cost_cross": -7.098153114318848,
      "max_linear_cost_drop": 6.2511215790523345,
      "rollout_wall_seconds": 1.7196925859898329,
      "update_wall_seconds": 1.241223767399788,
      "total_wall_seconds": 2.960918325930834
    },
    {
      "update": 705,
      "algorithm": "macpo",
      "actor_loss": -0.47279250621795654,
      "reward_critic_loss": 0.0024025174789130688,
      "cost_critic_loss": 0.14785072207450867,
      "reward_critic_loss_last": 0.0024025174789130688,
      "cost_critic_loss_last": 0.14785072207450867,
      "critic_epochs": 1,
      "daily_voltage_cost": 0.004058601334691048,
      "daily_voltage_cost_raw": 0.004058601334691048,
      "daily_voltage_cost_normalized": 0.20293007791042328,
      "daily_economic_return_raw_yuan": -903788.9375,
      "daily_economic_return_normalized": -0.28676193952560425,
      "daily_economic_cost_raw_yuan": 903788.9375,
      "economic_reward_scale_yuan": 3151704.8194007874,
      "lagrange_multiplier": 0.0,
      "cost_budget": 1.0,
      "cost_budget_raw": 0.02,
      "cost_budget_normalized": 1.0,
      "algorithm_cost_mode": "separate_cost",
      "fixed_cost_penalty_coef": 0.0,
      "log_std_max": -2.3,
      "accepted": true,
      "mode": "reward",
      "reward_before": -3.9549135522065626e-08,
      "reward_after": 0.47279250621795654,
      "cost_before": 0.20293016731739044,
      "cost_after": -0.07223005592823029,
      "kl_before": -2.384185791015625e-07,
      "kl_after": 0.01992797665297985,
      "cost_gap": -0.7970698326826096,
      "cost_recoverable": true,
      "cost_quadratic": 322.736328125,
      "reward_quadratic": 4.987673282623291,
      "reward_cost_cross": -2.031679153442383,
      "max_linear_cost_drop": 3.5929727420340947,
      "rollout_wall_seconds": 1.8454222902655602,
      "update_wall_seconds": 1.0673601496964693,
      "total_wall_seconds": 2.9127847999334335
    },
    {
      "update": 706,
      "algorithm": "macpo",
      "actor_loss": -0.42627453804016113,
      "reward_critic_loss": 0.0018820154946297407,
      "cost_critic_loss": 0.13870464265346527,
      "reward_critic_loss_last": 0.0018820154946297407,
      "cost_critic_loss_last": 0.13870464265346527,
      "critic_epochs": 1,
      "daily_voltage_cost": 0.003642176277935505,
      "daily_voltage_cost_raw": 0.003642176277935505,
      "daily_voltage_cost_normalized": 0.1821088343858719,
      "daily_economic_return_raw_yuan": -1253572.0,
      "daily_economic_return_normalized": -0.3977441191673279,
      "daily_economic_cost_raw_yuan": 1253572.0,
      "economic_reward_scale_yuan": 3151704.8194007874,
      "lagrange_multiplier": 0.0,
      "cost_budget": 1.0,
      "cost_budget_raw": 0.02,
      "cost_budget_normalized": 1.0,
      "algorithm_cost_mode": "separate_cost",
      "fixed_cost_penalty_coef": 0.0,
      "log_std_max": -2.3,
      "accepted": true,
      "mode": "reward",
      "reward_before": -4.2129158828174695e-07,
      "reward_after": 0.42627453804016113,
      "cost_before": 0.18210816383361816,
      "cost_after": -0.1471162587404251,
      "kl_before": -2.384185791015625e-07,
      "kl_after": 0.019947491586208344,
      "cost_gap": -0.8178918361663818,
      "cost_recoverable": true,
      "cost_quadratic": 318.2294006347656,
      "reward_quadratic": 4.255988121032715,
      "reward_cost_cross": -1.8601388931274414,
      "max_linear_cost_drop": 3.567797082989814,
      "rollout_wall_seconds": 1.4896881580352783,
      "update_wall_seconds": 1.0139290038496256,
      "total_wall_seconds": 2.503619125112891
    },
    {
      "update": 707,
      "algorithm": "macpo",
      "actor_loss": -0.39056819677352905,
      "reward_critic_loss": 0.0018925471231341362,
      "cost_critic_loss": 0.2805829644203186,
      "reward_critic_loss_last": 0.0018925471231341362,
      "cost_critic_loss_last": 0.2805829644203186,
      "critic_epochs": 1,
      "daily_voltage_cost": 0.017335155978798866,
      "daily_voltage_cost_raw": 0.017335155978798866,
      "daily_voltage_cost_normalized": 0.866757869720459,
      "daily_economic_return_raw_yuan": -1330716.5,
      "daily_economic_return_normalized": -0.42222118377685547,
      "daily_economic_cost_raw_yuan": 1330716.5,
      "economic_reward_scale_yuan": 3151704.8194007874,
      "lagrange_multiplier": 0.0,
      "cost_budget": 1.0,
      "cost_budget_raw": 0.02,
      "cost_budget_normalized": 1.0,
      "algorithm_cost_mode": "separate_cost",
      "fixed_cost_penalty_coef": 0.0,
      "log_std_max": -2.3,
      "accepted": true,
      "mode": "reward",
      "reward_before": 2.9871546303184005e-07,
      "reward_after": 0.39056819677352905,
      "cost_before": 0.8667519092559814,
      "cost_after": 0.6164059638977051,
      "kl_before": -2.384185791015625e-07,
      "kl_after": 0.019972916692495346,
      "cost_gap": -0.13324809074401855,
      "cost_recoverable": true,
      "cost_quadratic": 621.53759765625,
      "reward_quadratic": 4.076134204864502,
      "reward_cost_cross": -2.436277389526367,
      "max_linear_cost_drop": 4.9861311561420045,
      "rollout_wall_seconds": 1.8655893541872501,
      "update_wall_seconds": 1.2697331979870796,
      "total_wall_seconds": 3.1353248842060566
    },
    {
      "update": 708,
      "algorithm": "macpo",
      "actor_loss": -0.37637457251548767,
      "reward_critic_loss": 0.0016341013833880424,
      "cost_critic_loss": 0.21818134188652039,
      "reward_critic_loss_last": 0.0016341013833880424,
      "cost_critic_loss_last": 0.21818134188652039,
      "critic_epochs": 1,
      "daily_voltage_cost": 0.004920493811368942,
      "daily_voltage_cost_raw": 0.004920493811368942,
      "daily_voltage_cost_normalized": 0.2460246980190277,
      "daily_economic_return_raw_yuan": -1016992.4375,
      "daily_economic_return_normalized": -0.32268011569976807,
      "daily_economic_cost_raw_yuan": 1016992.4375,
      "economic_reward_scale_yuan": 3151704.8194007874,
      "lagrange_multiplier": 0.0,
      "cost_budget": 1.0,
      "cost_budget_raw": 0.02,
      "cost_budget_normalized": 1.0,
      "algorithm_cost_mode": "separate_cost",
      "fixed_cost_penalty_coef": 0.0,
      "log_std_max": -2.3,
      "accepted": true,
      "mode": "reward",
      "reward_before": -8.342742319200624e-08,
      "reward_after": 0.37637457251548767,
      "cost_before": 0.24602264165878296,
      "cost_after": -0.6785153150558472,
      "kl_before": -2.384185791015625e-07,
      "kl_after": 0.019911818206310272,
      "cost_gap": -0.753977358341217,
      "cost_recoverable": true,
      "cost_quadratic": 624.7515869140625,
      "reward_quadratic": 3.535017251968384,
      "reward_cost_cross": -9.175031661987305,
      "max_linear_cost_drop": 4.999006248902125,
      "rollout_wall_seconds": 2.062470493838191,
      "update_wall_seconds": 1.2129631247371435,
      "total_wall_seconds": 3.275436196476221
    },
    {
      "update": 709,
      "algorithm": "macpo",
      "actor_loss": -0.06714468449354172,
      "reward_critic_loss": 0.0019053848227486014,
      "cost_critic_loss": 1.8413586616516113,
      "reward_critic_loss_last": 0.0019053848227486014,
      "cost_critic_loss_last": 1.8413586616516113,
      "critic_epochs": 1,
      "daily_voltage_cost": 0.028081849217414856,
      "daily_voltage_cost_raw": 0.028081849217414856,
      "daily_voltage_cost_normalized": 1.4040924310684204,
      "daily_economic_return_raw_yuan": -1174180.75,
      "daily_economic_return_normalized": -0.3725541830062866,
      "daily_economic_cost_raw_yuan": 1174180.75,
      "economic_reward_scale_yuan": 3151704.8194007874,
      "lagrange_multiplier": 0.0,
      "cost_budget": 1.0,
      "cost_budget_raw": 0.02,
      "cost_budget_normalized": 1.0,
      "algorithm_cost_mode": "separate_cost",
      "fixed_cost_penalty_coef": 0.0,
      "log_std_max": -2.3,
      "accepted": true,
      "mode": "cost_recovery",
      "reward_before": -2.3841258212087268e-07,
      "reward_after": 0.06714468449354172,
      "cost_before": 1.4040679931640625,
      "cost_after": -10.085993766784668,
      "kl_before": -2.384185791015625e-07,
      "kl_after": 0.01991814374923706,
      "cost_gap": 0.4040679931640625,
      "cost_recoverable": true,
      "cost_quadratic": 4426.2783203125,
      "reward_quadratic": 4.259740352630615,
      "reward_cost_cross": -24.793190002441406,
      "max_linear_cost_drop": 13.306056245653707,
      "rollout_wall_seconds": 1.9911836218088865,
      "update_wall_seconds": 1.1943925227969885,
      "total_wall_seconds": 3.1855782940983772
    },
    {
      "update": 710,
      "algorithm": "macpo",
      "actor_loss": -0.44633376598358154,
      "reward_critic_loss": 0.002474901732057333,
      "cost_critic_loss": 0.06272110342979431,
      "reward_critic_loss_last": 0.002474901732057333,
      "cost_critic_loss_last": 0.06272110342979431,
      "critic_epochs": 1,
      "daily_voltage_cost": 0.002544247545301914,
      "daily_voltage_cost_raw": 0.002544247545301914,
      "daily_voltage_cost_normalized": 0.12721237540245056,
      "daily_economic_return_raw_yuan": -1425132.625,
      "daily_economic_return_normalized": -0.45217835903167725,
      "daily_economic_cost_raw_yuan": 1425132.625,
      "economic_reward_scale_yuan": 3151704.8194007874,
      "lagrange_multiplier": 0.0,
      "cost_budget": 1.0,
      "cost_budget_raw": 0.02,
      "cost_budget_normalized": 1.0,
      "algorithm_cost_mode": "separate_cost",
      "fixed_cost_penalty_coef": 0.0,
      "log_std_max": -2.3,
      "accepted": true,
      "mode": "reward",
      "reward_before": 6.66520122649672e-07,
      "reward_after": 0.44633376598358154,
      "cost_before": 0.12721431255340576,
      "cost_after": 0.04887226223945618,
      "kl_before": -2.384185791015625e-07,
      "kl_after": 0.019986934959888458,
      "cost_gap": -0.8727856874465942,
      "cost_recoverable": true,
      "cost_quadratic": 139.50927734375,
      "reward_quadratic": 5.449164390563965,
      "reward_cost_cross": -0.18291039764881134,
      "max_linear_cost_drop": 2.36228090915327,
      "rollout_wall_seconds": 2.1357913240790367,
      "update_wall_seconds": 1.2040946893393993,
      "total_wall_seconds": 3.339888148009777
    },
    {
      "update": 711,
      "algorithm": "macpo",
      "actor_loss": -0.5302366614341736,
      "reward_critic_loss": 0.0023898803628981113,
      "cost_critic_loss": 1.4045381546020508,
      "reward_critic_loss_last": 0.0023898803628981113,
      "cost_critic_loss_last": 1.4045381546020508,
      "critic_epochs": 1,
      "daily_voltage_cost": 0.015544137917459011,
      "daily_voltage_cost_raw": 0.015544137917459011,
      "daily_voltage_cost_normalized": 0.7772068977355957,
      "daily_economic_return_raw_yuan": -1294199.25,
      "daily_economic_return_normalized": -0.4106346666812897,
      "daily_economic_cost_raw_yuan": 1294199.25,
      "economic_reward_scale_yuan": 3151704.8194007874,
      "lagrange_multiplier": 0.0,
      "cost_budget": 1.0,
      "cost_budget_raw": 0.02,
      "cost_budget_normalized": 1.0,
      "algorithm_cost_mode": "separate_cost",
      "fixed_cost_penalty_coef": 0.0,
      "log_std_max": -2.3,
      "accepted": true,
      "mode": "reward",
      "reward_before": -2.801620553327666e-07,
      "reward_after": 0.5302366614341736,
      "cost_before": 0.7771997451782227,
      "cost_after": 0.348430335521698,
      "kl_before": -2.384185791015625e-07,
      "kl_after": 0.019907811656594276,
      "cost_gap": -0.22280025482177734,
      "cost_recoverable": true,
      "cost_quadratic": 3192.12060546875,
      "reward_quadratic": 6.620510101318359,
      "reward_cost_cross": -4.103397369384766,
      "max_linear_cost_drop": 11.299770980809745,
      "rollout_wall_seconds": 1.908437179401517,
      "update_wall_seconds": 1.2487162053585052,
      "total_wall_seconds": 3.1571559719741344
    },
    {
      "update": 712,
      "algorithm": "macpo",
      "actor_loss": -0.4893626868724823,
      "reward_critic_loss": 0.003038345603272319,
      "cost_critic_loss": 0.11390557140111923,
      "reward_critic_loss_last": 0.003038345603272319,
      "cost_critic_loss_last": 0.11390557140111923,
      "critic_epochs": 1,
      "daily_voltage_cost": 0.0030401283875107765,
      "daily_voltage_cost_raw": 0.0030401283875107765,
      "daily_voltage_cost_normalized": 0.15200641751289368,
      "daily_economic_return_raw_yuan": -1176485.875,
      "daily_economic_return_normalized": -0.37328556180000305,
      "daily_economic_cost_raw_yuan": 1176485.875,
      "economic_reward_scale_yuan": 3151704.8194007874,
      "lagrange_multiplier": 0.0,
      "cost_budget": 1.0,
      "cost_budget_raw": 0.02,
      "cost_budget_normalized": 1.0,
      "algorithm_cost_mode": "separate_cost",
      "fixed_cost_penalty_coef": 0.0,
      "log_std_max": -2.3,
      "accepted": true,
      "mode": "reward",
      "reward_before": -1.4796239611314377e-07,
      "reward_after": 0.4893626868724823,
      "cost_before": 0.1520066112279892,
      "cost_after": -0.1686011254787445,
      "kl_before": -2.384185791015625e-07,
      "kl_after": 0.019958414137363434,
      "cost_gap": -0.8479933887720108,
      "cost_recoverable": true,
      "cost_quadratic": 237.90602111816406,
      "reward_quadratic": 6.203577995300293,
      "reward_cost_cross": -4.256522178649902,
      "max_linear_cost_drop": 3.0848404893489327,
      "rollout_wall_seconds": 2.064605148509145,
      "update_wall_seconds": 1.36548781581223,
      "total_wall_seconds": 3.4300952944904566
    },
    {
      "update": 713,
      "algorithm": "macpo",
      "actor_loss": -0.20908761024475098,
      "reward_critic_loss": 0.00210910988971591,
      "cost_critic_loss": 0.6509861350059509,
      "reward_critic_loss_last": 0.00210910988971591,
      "cost_critic_loss_last": 0.6509861350059509,
      "critic_epochs": 1,
      "daily_voltage_cost": 0.015352718532085419,
      "daily_voltage_cost_raw": 0.015352718532085419,
      "daily_voltage_cost_normalized": 0.7676359415054321,
      "daily_economic_return_raw_yuan": -1218924.875,
      "daily_economic_return_normalized": -0.3867509663105011,
      "daily_economic_cost_raw_yuan": 1218924.875,
      "economic_reward_scale_yuan": 3151704.8194007874,
      "lagrange_multiplier": 0.0,
      "cost_budget": 1.0,
      "cost_budget_raw": 0.02,
      "cost_budget_normalized": 1.0,
      "algorithm_cost_mode": "separate_cost",
      "fixed_cost_penalty_coef": 0.0,
      "log_std_max": -2.3,
      "accepted": true,
      "mode": "reward",
      "reward_before": -3.52885649590462e-07,
      "reward_after": 0.20908761024475098,
      "cost_before": 0.7676270604133606,
      "cost_after": 0.8096592426300049,
      "kl_before": -2.384185791015625e-07,
      "kl_after": 0.00503153121098876,
      "cost_gap": -0.2323729395866394,
      "cost_recoverable": true,
      "cost_quadratic": 1304.1453857421875,
      "reward_quadratic": 4.438333511352539,
      "reward_cost_cross": 1.874262809753418,
      "max_linear_cost_drop": 7.222590631462335,
      "rollout_wall_seconds": 2.384106231853366,
      "update_wall_seconds": 1.4342565201222897,
      "total_wall_seconds": 3.8183658849447966
    },
    {
      "update": 714,
      "algorithm": "macpo",
      "actor_loss": -0.4309271574020386,
      "reward_critic_loss": 0.002341381972655654,
      "cost_critic_loss": 0.4120299816131592,
      "reward_critic_loss_last": 0.002341381972655654,
      "cost_critic_loss_last": 0.4120299816131592,
      "critic_epochs": 1,
      "daily_voltage_cost": 0.010692226700484753,
      "daily_voltage_cost_raw": 0.010692226700484753,
      "daily_voltage_cost_normalized": 0.5346113443374634,
      "daily_economic_return_raw_yuan": -1131789.375,
      "daily_economic_return_normalized": -0.35910385847091675,
      "daily_economic_cost_raw_yuan": 1131789.375,
      "economic_reward_scale_yuan": 3151704.8194007874,
      "lagrange_multiplier": 0.0,
      "cost_budget": 1.0,
      "cost_budget_raw": 0.02,
      "cost_budget_normalized": 1.0,
      "algorithm_cost_mode": "separate_cost",
      "fixed_cost_penalty_coef": 0.0,
      "log_std_max": -2.3,
      "accepted": true,
      "mode": "reward",
      "reward_before": -2.002697101488593e-07,
      "reward_after": 0.4309271574020386,
      "cost_before": 0.5346115231513977,
      "cost_after": -0.2709627151489258,
      "kl_before": -2.384185791015625e-07,
      "kl_after": 0.019941452890634537,
      "cost_gap": -0.4653884768486023,
      "cost_recoverable": true,
      "cost_quadratic": 1091.347900390625,
      "reward_quadratic": 4.808142185211182,
      "reward_cost_cross": -10.451166152954102,
      "max_linear_cost_drop": 6.607111018866339,
      "rollout_wall_seconds": 2.5356366988271475,
      "update_wall_seconds": 1.4892966337502003,
      "total_wall_seconds": 4.024936176836491
    },
    {
      "update": 715,
      "algorithm": "macpo",
      "actor_loss": -0.47857150435447693,
      "reward_critic_loss": 0.0025521181523799896,
      "cost_critic_loss": 1.077717661857605,
      "reward_critic_loss_last": 0.0025521181523799896,
      "cost_critic_loss_last": 1.077717661857605,
      "critic_epochs": 1,
      "daily_voltage_cost": 0.015623890794813633,
      "daily_voltage_cost_raw": 0.015623890794813633,
      "daily_voltage_cost_normalized": 0.7811945080757141,
      "daily_economic_return_raw_yuan": -1185238.5,
      "daily_economic_return_normalized": -0.37606266140937805,
      "daily_economic_cost_raw_yuan": 1185238.5,
      "economic_reward_scale_yuan": 3151704.8194007874,
      "lagrange_multiplier": 0.0,
      "cost_budget": 1.0,
      "cost_budget_raw": 0.02,
      "cost_budget_normalized": 1.0,
      "algorithm_cost_mode": "separate_cost",
      "fixed_cost_penalty_coef": 0.0,
      "log_std_max": -2.3,
      "accepted": true,
      "mode": "constrained_reward",
      "reward_before": -9.026930314348647e-08,
      "reward_after": 0.47857150435447693,
      "cost_before": 0.7811936140060425,
      "cost_after": 0.9845303893089294,
      "kl_before": -2.384185791015625e-07,
      "kl_after": 0.01981194317340851,
      "cost_gap": -0.21880638599395752,
      "cost_recoverable": true,
      "cost_quadratic": 2220.92236328125,
      "reward_quadratic": 6.196216583251953,
      "reward_cost_cross": 5.40669059753418,
      "max_linear_cost_drop": 9.425332595258906,
      "rollout_wall_seconds": 2.2785534523427486,
      "update_wall_seconds": 1.2430873457342386,
      "total_wall_seconds": 3.521643280982971
    },
    {
      "update": 716,
      "algorithm": "macpo",
      "actor_loss": -0.20235377550125122,
      "reward_critic_loss": 0.0018698277417570353,
      "cost_critic_loss": 1.4867022037506104,
      "reward_critic_loss_last": 0.0018698277417570353,
      "cost_critic_loss_last": 1.4867022037506104,
      "critic_epochs": 1,
      "daily_voltage_cost": 0.01927410624921322,
      "daily_voltage_cost_raw": 0.01927410624921322,
      "daily_voltage_cost_normalized": 0.9637053608894348,
      "daily_economic_return_raw_yuan": -1289746.625,
      "daily_economic_return_normalized": -0.409221887588501,
      "daily_economic_cost_raw_yuan": 1289746.625,
      "economic_reward_scale_yuan": 3151704.8194007874,
      "lagrange_multiplier": 0.0,
      "cost_budget": 1.0,
      "cost_budget_raw": 0.02,
      "cost_budget_normalized": 1.0,
      "algorithm_cost_mode": "separate_cost",
      "fixed_cost_penalty_coef": 0.0,
      "log_std_max": -2.3,
      "accepted": true,
      "mode": "reward",
      "reward_before": -4.917652063340938e-09,
      "reward_after": 0.20235377550125122,
      "cost_before": 0.963691234588623,
      "cost_after": -0.14355534315109253,
      "kl_before": -2.384185791015625e-07,
      "kl_after": 0.005001930054277182,
      "cost_gap": -0.03630876541137695,
      "cost_recoverable": true,
      "cost_quadratic": 2588.13037109375,
      "reward_quadratic": 4.187259674072266,
      "reward_cost_cross": -22.44071388244629,
      "max_linear_cost_drop": 10.174734141182757,
      "rollout_wall_seconds": 1.6658956743776798,
      "update_wall_seconds": 1.2415178325027227,
      "total_wall_seconds": 2.9074157550930977
    },
    {
      "update": 717,
      "algorithm": "macpo",
      "actor_loss": -0.4718538820743561,
      "reward_critic_loss": 0.00209270347841084,
      "cost_critic_loss": 0.059020839631557465,
      "reward_critic_loss_last": 0.00209270347841084,
      "cost_critic_loss_last": 0.059020839631557465,
      "critic_epochs": 1,
      "daily_voltage_cost": 0.002149132313206792,
      "daily_voltage_cost_raw": 0.002149132313206792,
      "daily_voltage_cost_normalized": 0.10745660960674286,
      "daily_economic_return_raw_yuan": -1028402.25,
      "daily_economic_return_normalized": -0.32630032300949097,
      "daily_economic_cost_raw_yuan": 1028402.25,
      "economic_reward_scale_yuan": 3151704.8194007874,
      "lagrange_multiplier": 0.0,
      "cost_budget": 1.0,
      "cost_budget_raw": 0.02,
      "cost_budget_normalized": 1.0,
      "algorithm_cost_mode": "separate_cost",
      "fixed_cost_penalty_coef": 0.0,
      "log_std_max": -2.3,
      "accepted": true,
      "mode": "reward",
      "reward_before": 3.4170633966823516e-07,
      "reward_after": 0.4718538820743561,
      "cost_before": 0.10745955258607864,
      "cost_after": -0.8982264399528503,
      "kl_before": -2.384185791015625e-07,
      "kl_after": 0.019953789189457893,
      "cost_gap": -0.8925404474139214,
      "cost_recoverable": true,
      "cost_quadratic": 147.9210205078125,
      "reward_quadratic": 5.001626491546631,
      "reward_cost_cross": -9.360968589782715,
      "max_linear_cost_drop": 2.4324557180578847,
      "rollout_wall_seconds": 1.8609990756958723,
      "update_wall_seconds": 1.2430084273219109,
      "total_wall_seconds": 3.104009695351124
    },
    {
      "update": 718,
      "algorithm": "macpo",
      "actor_loss": -0.4348953664302826,
      "reward_critic_loss": 0.002145283855497837,
      "cost_critic_loss": 0.08754019439220428,
      "reward_critic_loss_last": 0.002145283855497837,
      "cost_critic_loss_last": 0.08754019439220428,
      "critic_epochs": 1,
      "daily_voltage_cost": 0.00237167626619339,
      "daily_voltage_cost_raw": 0.00237167626619339,
      "daily_voltage_cost_normalized": 0.1185838133096695,
      "daily_economic_return_raw_yuan": -1118745.0,
      "daily_economic_return_normalized": -0.3549650311470032,
      "daily_economic_cost_raw_yuan": 1118745.0,
      "economic_reward_scale_yuan": 3151704.8194007874,
      "lagrange_multiplier": 0.0,
      "cost_budget": 1.0,
      "cost_budget_raw": 0.02,
      "cost_budget_normalized": 1.0,
      "algorithm_cost_mode": "separate_cost",
      "fixed_cost_penalty_coef": 0.0,
      "log_std_max": -2.3,
      "accepted": true,
      "mode": "reward",
      "reward_before": -6.383492063832819e-07,
      "reward_after": 0.4348953664302826,
      "cost_before": 0.11858687549829483,
      "cost_after": -0.3296322226524353,
      "kl_before": -2.384185791015625e-07,
      "kl_after": 0.019971312955021858,
      "cost_gap": -0.8814131245017052,
      "cost_recoverable": true,
      "cost_quadratic": 244.42877197265625,
      "reward_quadratic": 4.309997081756592,
      "reward_cost_cross": -3.937645435333252,
      "max_linear_cost_drop": 3.126843596809129,
      "rollout_wall_seconds": 2.001063968986273,
      "update_wall_seconds": 1.2195358369499445,
      "total_wall_seconds": 3.2206019330769777
    },
    {
      "update": 719,
      "algorithm": "macpo",
      "actor_loss": -0.24744239449501038,
      "reward_critic_loss": 0.0026603182777762413,
      "cost_critic_loss": 0.5298207998275757,
      "reward_critic_loss_last": 0.0026603182777762413,
      "cost_critic_loss_last": 0.5298207998275757,
      "critic_epochs": 1,
      "daily_voltage_cost": 0.014737611636519432,
      "daily_voltage_cost_raw": 0.014737611636519432,
      "daily_voltage_cost_normalized": 0.7368806004524231,
      "daily_economic_return_raw_yuan": -1281270.875,
      "daily_economic_return_normalized": -0.4065326452255249,
      "daily_economic_cost_raw_yuan": 1281270.875,
      "economic_reward_scale_yuan": 3151704.8194007874,
      "lagrange_multiplier": 0.0,
      "cost_budget": 1.0,
      "cost_budget_raw": 0.02,
      "cost_budget_normalized": 1.0,
      "algorithm_cost_mode": "separate_cost",
      "fixed_cost_penalty_coef": 0.0,
      "log_std_max": -2.3,
      "accepted": true,
      "mode": "reward",
      "reward_before": -8.451921473806578e-08,
      "reward_after": 0.24744239449501038,
      "cost_before": 0.7368760108947754,
      "cost_after": 0.474109411239624,
      "kl_before": -2.384185791015625e-07,
      "kl_after": 0.005004385020583868,
      "cost_gap": -0.2631239891052246,
      "cost_recoverable": true,
      "cost_quadratic": 1288.238037109375,
      "reward_quadratic": 5.93013334274292,
      "reward_cost_cross": -6.400665283203125,
      "max_linear_cost_drop": 7.178406611802859,
      "rollout_wall_seconds": 1.6815180983394384,
      "update_wall_seconds": 1.2725074291229248,
      "total_wall_seconds": 2.954027896746993
    },
    {
      "update": 720,
      "algorithm": "macpo",
      "actor_loss": -0.47983962297439575,
      "reward_critic_loss": 0.002726574894040823,
      "cost_critic_loss": 0.2505602240562439,
      "reward_critic_loss_last": 0.002726574894040823,
      "cost_critic_loss_last": 0.2505602240562439,
      "critic_epochs": 1,
      "daily_voltage_cost": 0.009233187884092331,
      "daily_voltage_cost_raw": 0.009233187884092331,
      "daily_voltage_cost_normalized": 0.46165940165519714,
      "daily_economic_return_raw_yuan": -1435983.625,
      "daily_economic_return_normalized": -0.45562124252319336,
      "daily_economic_cost_raw_yuan": 1435983.625,
      "economic_reward_scale_yuan": 3151704.8194007874,
      "lagrange_multiplier": 0.0,
      "cost_budget": 1.0,
      "cost_budget_raw": 0.02,
      "cost_budget_normalized": 1.0,
      "algorithm_cost_mode": "separate_cost",
      "fixed_cost_penalty_coef": 0.0,
      "log_std_max": -2.3,
      "accepted": true,
      "mode": "reward",
      "reward_before": 6.6274893129048e-08,
      "reward_after": 0.47983962297439575,
      "cost_before": 0.4616663157939911,
      "cost_after": -0.31449583172798157,
      "kl_before": -2.384185791015625e-07,
      "kl_after": 0.019959118217229843,
      "cost_gap": -0.5383336842060089,
      "cost_recoverable": true,
      "cost_quadratic": 635.3551025390625,
      "reward_quadratic": 6.067553997039795,
      "reward_cost_cross": -8.930719375610352,
      "max_linear_cost_drop": 5.041250251828657,
      "rollout_wall_seconds": 2.0088339913636446,
      "update_wall_seconds": 1.313890803605318,
      "total_wall_seconds": 3.3227270506322384
    },
    {
      "update": 721,
      "algorithm": "macpo",
      "actor_loss": -0.11315448582172394,
      "reward_critic_loss": 0.0025129676796495914,
      "cost_critic_loss": 1.3339341878890991,
      "reward_critic_loss_last": 0.0025129676796495914,
      "cost_critic_loss_last": 1.3339341878890991,
      "critic_epochs": 1,
      "daily_voltage_cost": 0.027726583182811737,
      "daily_voltage_cost_raw": 0.027726583182811737,
      "daily_voltage_cost_normalized": 1.386329174041748,
      "daily_economic_return_raw_yuan": -1274060.25,
      "daily_economic_return_normalized": -0.4042447805404663,
      "daily_economic_cost_raw_yuan": 1274060.25,
      "economic_reward_scale_yuan": 3151704.8194007874,
      "lagrange_multiplier": 0.0,
      "cost_budget": 1.0,
      "cost_budget_raw": 0.02,
      "cost_budget_normalized": 1.0,
      "algorithm_cost_mode": "separate_cost",
      "fixed_cost_penalty_coef": 0.0,
      "log_std_max": -2.3,
      "accepted": true,
      "mode": "cost_recovery",
      "reward_before": 8.891359470908355e-08,
      "reward_after": 0.11315448582172394,
      "cost_before": 1.3863312005996704,
      "cost_after": -9.237297058105469,
      "kl_before": -2.384185791015625e-07,
      "kl_after": 0.019965682178735733,
      "cost_gap": 0.3863312005996704,
      "cost_recoverable": true,
      "cost_quadratic": 4044.08203125,
      "reward_quadratic": 5.02907657623291,
      "reward_cost_cross": -37.43622970581055,
      "max_linear_cost_drop": 12.718619471074682,
      "rollout_wall_seconds": 2.397586576640606,
      "update_wall_seconds": 1.5463046599179506,
      "total_wall_seconds": 3.943894375115633
    },
    {
      "update": 722,
      "algorithm": "macpo",
      "actor_loss": -0.5329537987709045,
      "reward_critic_loss": 0.002587697235867381,
      "cost_critic_loss": 0.1108078584074974,
      "reward_critic_loss_last": 0.002587697235867381,
      "cost_critic_loss_last": 0.1108078584074974,
      "critic_epochs": 1,
      "daily_voltage_cost": 0.004202845506370068,
      "daily_voltage_cost_raw": 0.004202845506370068,
      "daily_voltage_cost_normalized": 0.21014228463172913,
      "daily_economic_return_raw_yuan": -1250547.5,
      "daily_economic_return_normalized": -0.3967844843864441,
      "daily_economic_cost_raw_yuan": 1250547.5,
      "economic_reward_scale_yuan": 3151704.8194007874,
      "lagrange_multiplier": 0.0,
      "cost_budget": 1.0,
      "cost_budget_raw": 0.02,
      "cost_budget_normalized": 1.0,
      "algorithm_cost_mode": "separate_cost",
      "fixed_cost_penalty_coef": 0.0,
      "log_std_max": -2.3,
      "accepted": true,
      "mode": "reward",
      "reward_before": -4.879035486737848e-08,
      "reward_after": 0.5329537987709045,
      "cost_before": 0.2101428210735321,
      "cost_after": -0.30718162655830383,
      "kl_before": -2.384185791015625e-07,
      "kl_after": 0.01990450546145439,
      "cost_gap": -0.7898571789264679,
      "cost_recoverable": true,
      "cost_quadratic": 302.6879577636719,
      "reward_quadratic": 6.781959533691406,
      "reward_cost_cross": -6.46696662902832,
      "max_linear_cost_drop": 3.479585939525977,
      "rollout_wall_seconds": 2.6246186401695013,
      "update_wall_seconds": 1.5860048197209835,
      "total_wall_seconds": 4.2106261420995
    },
    {
      "update": 723,
      "algorithm": "macpo",
      "actor_loss": -0.22290778160095215,
      "reward_critic_loss": 0.00212307833135128,
      "cost_critic_loss": 0.1589488387107849,
      "reward_critic_loss_last": 0.00212307833135128,
      "cost_critic_loss_last": 0.1589488387107849,
      "critic_epochs": 1,
      "daily_voltage_cost": 0.0029470562003552914,
      "daily_voltage_cost_raw": 0.0029470562003552914,
      "daily_voltage_cost_normalized": 0.14735281467437744,
      "daily_economic_return_raw_yuan": -1011703.75,
      "daily_economic_return_normalized": -0.3210020661354065,
      "daily_economic_cost_raw_yuan": 1011703.75,
      "economic_reward_scale_yuan": 3151704.8194007874,
      "lagrange_multiplier": 0.0,
      "cost_budget": 1.0,
      "cost_budget_raw": 0.02,
      "cost_budget_normalized": 1.0,
      "algorithm_cost_mode": "separate_cost",
      "fixed_cost_penalty_coef": 0.0,
      "log_std_max": -2.3,
      "accepted": true,
      "mode": "reward",
      "reward_before": -1.9539027107384754e-07,
      "reward_after": 0.22290778160095215,
      "cost_before": 0.14735616743564606,
      "cost_after": -0.2871209979057312,
      "kl_before": -2.384185791015625e-07,
      "kl_after": 0.005024876445531845,
      "cost_gap": -0.8526438325643539,
      "cost_recoverable": true,
      "cost_quadratic": 363.3143310546875,
      "reward_quadratic": 4.5670166015625,
      "reward_cost_cross": -9.951961517333984,
      "max_linear_cost_drop": 3.8121612298258714,
      "rollout_wall_seconds": 2.5107091683894396,
      "update_wall_seconds": 1.6025184988975525,
      "total_wall_seconds": 4.113230474293232
    },
    {
      "update": 724,
      "algorithm": "macpo",
      "actor_loss": -0.46183329820632935,
      "reward_critic_loss": 0.0023026014678180218,
      "cost_critic_loss": 0.23522454500198364,
      "reward_critic_loss_last": 0.0023026014678180218,
      "cost_critic_loss_last": 0.23522454500198364,
      "critic_epochs": 1,
      "daily_voltage_cost": 0.01004202663898468,
      "daily_voltage_cost_raw": 0.01004202663898468,
      "daily_voltage_cost_normalized": 0.5021013617515564,
      "daily_economic_return_raw_yuan": -1239170.375,
      "daily_economic_return_normalized": -0.3931746482849121,
      "daily_economic_cost_raw_yuan": 1239170.375,
      "economic_reward_scale_yuan": 3151704.8194007874,
      "lagrange_multiplier": 0.0,
      "cost_budget": 1.0,
      "cost_budget_raw": 0.02,
      "cost_budget_normalized": 1.0,
      "algorithm_cost_mode": "separate_cost",
      "fixed_cost_penalty_coef": 0.0,
      "log_std_max": -2.3,
      "accepted": true,
      "mode": "reward",
      "reward_before": -2.247591623927292e-08,
      "reward_after": 0.46183329820632935,
      "cost_before": 0.5021005272865295,
      "cost_after": 0.6227917075157166,
      "kl_before": -2.384185791015625e-07,
      "kl_after": 0.019920628517866135,
      "cost_gap": -0.49789947271347046,
      "cost_recoverable": true,
      "cost_quadratic": 585.864501953125,
      "reward_quadratic": 5.097598552703857,
      "reward_cost_cross": 1.3223589658737183,
      "max_linear_cost_drop": 4.840927605131583,
      "rollout_wall_seconds": 2.2884208224713802,
      "update_wall_seconds": 1.1460868585854769,
      "total_wall_seconds": 3.4345099087804556
    },
    {
      "update": 725,
      "algorithm": "macpo",
      "actor_loss": -0.35526448488235474,
      "reward_critic_loss": 0.0012641135836020112,
      "cost_critic_loss": 0.3628104329109192,
      "reward_critic_loss_last": 0.0012641135836020112,
      "cost_critic_loss_last": 0.3628104329109192,
      "critic_epochs": 1,
      "daily_voltage_cost": 0.007779295556247234,
      "daily_voltage_cost_raw": 0.007779295556247234,
      "daily_voltage_cost_normalized": 0.38896477222442627,
      "daily_economic_return_raw_yuan": -1387239.25,
      "daily_economic_return_normalized": -0.4401552081108093,
      "daily_economic_cost_raw_yuan": 1387239.25,
      "economic_reward_scale_yuan": 3151704.8194007874,
      "lagrange_multiplier": 0.0,
      "cost_budget": 1.0,
      "cost_budget_raw": 0.02,
      "cost_budget_normalized": 1.0,
      "algorithm_cost_mode": "separate_cost",
      "fixed_cost_penalty_coef": 0.0,
      "log_std_max": -2.3,
      "accepted": true,
      "mode": "reward",
      "reward_before": -4.236528639012249e-08,
      "reward_after": 0.35526448488235474,
      "cost_before": 0.38896146416664124,
      "cost_after": -0.9647319316864014,
      "kl_before": -2.384185791015625e-07,
      "kl_after": 0.01996520906686783,
      "cost_gap": -0.6110385358333588,
      "cost_recoverable": true,
      "cost_quadratic": 741.2205810546875,
      "reward_quadratic": 2.855691432952881,
      "reward_cost_cross": -9.866178512573242,
      "max_linear_cost_drop": 5.445073299982976,
      "rollout_wall_seconds": 2.242139756679535,
      "update_wall_seconds": 1.175492724403739,
      "total_wall_seconds": 3.417634788900614
    },
    {
      "update": 726,
      "algorithm": "macpo",
      "actor_loss": -0.2592913806438446,
      "reward_critic_loss": 0.002664557658135891,
      "cost_critic_loss": 0.11556944251060486,
      "reward_critic_loss_last": 0.002664557658135891,
      "cost_critic_loss_last": 0.11556944251060486,
      "critic_epochs": 1,
      "daily_voltage_cost": 0.0007758279680274427,
      "daily_voltage_cost_raw": 0.0007758279680274427,
      "daily_voltage_cost_normalized": 0.03879140317440033,
      "daily_economic_return_raw_yuan": -999802.5,
      "daily_economic_return_normalized": -0.31722593307495117,
      "daily_economic_cost_raw_yuan": 999802.5,
      "economic_reward_scale_yuan": 3151704.8194007874,
      "lagrange_multiplier": 0.0,
      "cost_budget": 1.0,
      "cost_budget_raw": 0.02,
      "cost_budget_normalized": 1.0,
      "algorithm_cost_mode": "separate_cost",
      "fixed_cost_penalty_coef": 0.0,
      "log_std_max": -2.3,
      "accepted": true,
      "mode": "reward",
      "reward_before": -6.849020337540423e-07,
      "reward_after": 0.2592913806438446,
      "cost_before": 0.038791924715042114,
      "cost_after": -0.540282130241394,
      "kl_before": -2.384185791015625e-07,
      "kl_after": 0.005006195046007633,
      "cost_gap": -0.9612080752849579,
      "cost_recoverable": true,
      "cost_quadratic": 318.6546325683594,
      "reward_quadratic": 6.182260036468506,
      "reward_cost_cross": -13.760547637939453,
      "max_linear_cost_drop": 3.5701800098502563,
      "rollout_wall_seconds": 1.987867083400488,
      "update_wall_seconds": 1.1297991499304771,
      "total_wall_seconds": 3.1176683865487576
    },
    {
      "update": 727,
      "algorithm": "macpo",
      "actor_loss": -0.40726161003112793,
      "reward_critic_loss": 0.0020458081271499395,
      "cost_critic_loss": 0.8655980825424194,
      "reward_critic_loss_last": 0.0020458081271499395,
      "cost_critic_loss_last": 0.8655980825424194,
      "critic_epochs": 1,
      "daily_voltage_cost": 0.011515599675476551,
      "daily_voltage_cost_raw": 0.011515599675476551,
      "daily_voltage_cost_normalized": 0.5757800340652466,
      "daily_economic_return_raw_yuan": -1318135.0,
      "daily_economic_return_normalized": -0.41822922229766846,
      "daily_economic_cost_raw_yuan": 1318135.0,
      "economic_reward_scale_yuan": 3151704.8194007874,
      "lagrange_multiplier": 0.0,
      "cost_budget": 1.0,
      "cost_budget_raw": 0.02,
      "cost_budget_normalized": 1.0,
      "algorithm_cost_mode": "separate_cost",
      "fixed_cost_penalty_coef": 0.0,
      "log_std_max": -2.3,
      "accepted": true,
      "mode": "constrained_reward",
      "reward_before": 4.0341816998079594e-08,
      "reward_after": 0.40726161003112793,
      "cost_before": 0.575779139995575,
      "cost_after": 0.9091622829437256,
      "kl_before": -2.384185791015625e-07,
      "kl_after": 0.019931329414248466,
      "cost_gap": -0.42422086000442505,
      "cost_recoverable": true,
      "cost_quadratic": 2158.1904296875,
      "reward_quadratic": 4.257610321044922,
      "reward_cost_cross": 11.64905834197998,
      "max_linear_cost_drop": 9.291265639701622,
      "rollout_wall_seconds": 1.6581093948334455,
      "update_wall_seconds": 1.1438195016235113,
      "total_wall_seconds": 2.801930908113718
    },
    {
      "update": 728,
      "algorithm": "macpo",
      "actor_loss": -0.43210041522979736,
      "reward_critic_loss": 0.0021961024031043053,
      "cost_critic_loss": 0.21959547698497772,
      "reward_critic_loss_last": 0.0021961024031043053,
      "cost_critic_loss_last": 0.21959547698497772,
      "critic_epochs": 1,
      "daily_voltage_cost": 0.006104731000959873,
      "daily_voltage_cost_raw": 0.006104731000959873,
      "daily_voltage_cost_normalized": 0.3052365481853485,
      "daily_economic_return_raw_yuan": -1130895.75,
      "daily_economic_return_normalized": -0.3588203191757202,
      "daily_economic_cost_raw_yuan": 1130895.75,
      "economic_reward_scale_yuan": 3151704.8194007874,
      "lagrange_multiplier": 0.0,
      "cost_budget": 1.0,
      "cost_budget_raw": 0.02,
      "cost_budget_normalized": 1.0,
      "algorithm_cost_mode": "separate_cost",
      "fixed_cost_penalty_coef": 0.0,
      "log_std_max": -2.3,
      "accepted": true,
      "mode": "reward",
      "reward_before": 1.2683159411608358e-08,
      "reward_after": 0.43210041522979736,
      "cost_before": 0.30523040890693665,
      "cost_after": 0.6025472283363342,
      "kl_before": -2.384185791015625e-07,
      "kl_after": 0.01995193213224411,
      "cost_gap": -0.6947695910930634,
      "cost_recoverable": true,
      "cost_quadratic": 585.838134765625,
      "reward_quadratic": 4.492363452911377,
      "reward_cost_cross": 3.8798677921295166,
      "max_linear_cost_drop": 4.840818669463358,
      "rollout_wall_seconds": 1.8382104188203812,
      "update_wall_seconds": 1.140531299635768,
      "total_wall_seconds": 2.9787437710911036
    },
    {
      "update": 729,
      "algorithm": "macpo",
      "actor_loss": -0.23054462671279907,
      "reward_critic_loss": 0.0024487199261784554,
      "cost_critic_loss": 0.4604581296443939,
      "reward_critic_loss_last": 0.0024487199261784554,
      "cost_critic_loss_last": 0.4604581296443939,
      "critic_epochs": 1,
      "daily_voltage_cost": 0.011502954177558422,
      "daily_voltage_cost_raw": 0.011502954177558422,
      "daily_voltage_cost_normalized": 0.5751476287841797,
      "daily_economic_return_raw_yuan": -1207393.375,
      "daily_economic_return_normalized": -0.38309216499328613,
      "daily_economic_cost_raw_yuan": 1207393.375,
      "economic_reward_scale_yuan": 3151704.8194007874,
      "lagrange_multiplier": 0.0,
      "cost_budget": 1.0,
      "cost_budget_raw": 0.02,
      "cost_budget_normalized": 1.0,
      "algorithm_cost_mode": "separate_cost",
      "fixed_cost_penalty_coef": 0.0,
      "log_std_max": -2.3,
      "accepted": true,
      "mode": "reward",
      "reward_before": 2.2315595060717897e-07,
      "reward_after": 0.23054462671279907,
      "cost_before": 0.5751455426216125,
      "cost_after": 0.4650503396987915,
      "kl_before": -2.384185791015625e-07,
      "kl_after": 0.005017227493226528,
      "cost_gap": -0.42485445737838745,
      "cost_recoverable": true,
      "cost_quadratic": 1164.65771484375,
      "reward_quadratic": 5.47060489654541,
      "reward_cost_cross": -3.54002046585083,
      "max_linear_cost_drop": 6.8254163677939825,
      "rollout_wall_seconds": 1.6512961369007826,
      "update_wall_seconds": 1.3809992671012878,
      "total_wall_seconds": 3.032297572121024
    },
    {
      "update": 730,
      "algorithm": "macpo",
      "actor_loss": -0.22708763182163239,
      "reward_critic_loss": 0.0020889590959995985,
      "cost_critic_loss": 0.2513713836669922,
      "reward_critic_loss_last": 0.0020889590959995985,
      "cost_critic_loss_last": 0.2513713836669922,
      "critic_epochs": 1,
      "daily_voltage_cost": 0.01041015237569809,
      "daily_voltage_cost_raw": 0.01041015237569809,
      "daily_voltage_cost_normalized": 0.5205075740814209,
      "daily_economic_return_raw_yuan": -1157201.25,
      "daily_economic_return_normalized": -0.36716675758361816,
      "daily_economic_cost_raw_yuan": 1157201.25,
      "economic_reward_scale_yuan": 3151704.8194007874,
      "lagrange_multiplier": 0.0,
      "cost_budget": 1.0,
      "cost_budget_raw": 0.02,
      "cost_budget_normalized": 1.0,
      "algorithm_cost_mode": "separate_cost",
      "fixed_cost_penalty_coef": 0.0,
      "log_std_max": -2.3,
      "accepted": true,
      "mode": "reward",
      "reward_before": 9.981373949585759e-08,
      "reward_after": 0.22708763182163239,
      "cost_before": 0.5205039978027344,
      "cost_after": 0.36618998646736145,
      "kl_before": -2.384185791015625e-07,
      "kl_after": 0.005009910091757774,
      "cost_gap": -0.4794960021972656,
      "cost_recoverable": true,
      "cost_quadratic": 559.3643188476562,
      "reward_quadratic": 4.983889579772949,
      "reward_cost_cross": -4.082013130187988,
      "max_linear_cost_drop": 4.730176820575131,
      "rollout_wall_seconds": 2.278502846136689,
      "update_wall_seconds": 1.251847516745329,
      "total_wall_seconds": 3.5303523764014244
    },
    {
      "update": 731,
      "algorithm": "macpo",
      "actor_loss": -0.013154992833733559,
      "reward_critic_loss": 0.0016100774519145489,
      "cost_critic_loss": 1.2825952768325806,
      "reward_critic_loss_last": 0.0016100774519145489,
      "cost_critic_loss_last": 1.2825952768325806,
      "critic_epochs": 1,
      "daily_voltage_cost": 0.024945270270109177,
      "daily_voltage_cost_raw": 0.024945270270109177,
      "daily_voltage_cost_normalized": 1.2472635507583618,
      "daily_economic_return_raw_yuan": -1285554.875,
      "daily_economic_return_normalized": -0.4078919291496277,
      "daily_economic_cost_raw_yuan": 1285554.875,
      "economic_reward_scale_yuan": 3151704.8194007874,
      "lagrange_multiplier": 0.0,
      "cost_budget": 1.0,
      "cost_budget_raw": 0.02,
      "cost_budget_normalized": 1.0,
      "algorithm_cost_mode": "separate_cost",
      "fixed_cost_penalty_coef": 0.0,
      "log_std_max": -2.3,
      "accepted": true,
      "mode": "cost_recovery",
      "reward_before": 4.328130671638064e-07,
      "reward_after": 0.013154992833733559,
      "cost_before": 1.247262954711914,
      "cost_after": -7.721652507781982,
      "kl_before": -2.384185791015625e-07,
      "kl_after": 0.01999915950000286,
      "cost_gap": 0.24726295471191406,
      "cost_recoverable": true,
      "cost_quadratic": 2837.2314453125,
      "reward_quadratic": 3.745961904525757,
      "reward_cost_cross": -5.20548152923584,
      "max_linear_cost_drop": 10.653133708562002,
      "rollout_wall_seconds": 1.9556480757892132,
      "update_wall_seconds": 1.1263607554137707,
      "total_wall_seconds": 3.0820109210908413
    },
    {
      "update": 732,
      "algorithm": "macpo",
      "actor_loss": -0.4398869276046753,
      "reward_critic_loss": 0.002069068606942892,
      "cost_critic_loss": 0.540681779384613,
      "reward_critic_loss_last": 0.002069068606942892,
      "cost_critic_loss_last": 0.540681779384613,
      "critic_epochs": 1,
      "daily_voltage_cost": 0.01121609192341566,
      "daily_voltage_cost_raw": 0.01121609192341566,
      "daily_voltage_cost_normalized": 0.5608044862747192,
      "daily_economic_return_raw_yuan": -1206534.0,
      "daily_economic_return_normalized": -0.3828194737434387,
      "daily_economic_cost_raw_yuan": 1206534.0,
      "economic_reward_scale_yuan": 3151704.8194007874,
      "lagrange_multiplier": 0.0,
      "cost_budget": 1.0,
      "cost_budget_raw": 0.02,
      "cost_budget_normalized": 1.0,
      "algorithm_cost_mode": "separate_cost",
      "fixed_cost_penalty_coef": 0.0,
      "log_std_max": -2.3,
      "accepted": true,
      "mode": "reward",
      "reward_before": -2.1082419721096812e-07,
      "reward_after": 0.4398869276046753,
      "cost_before": 0.5608029365539551,
      "cost_after": -0.15071511268615723,
      "kl_before": -2.384185791015625e-07,
      "kl_after": 0.01993582770228386,
      "cost_gap": -0.4391970634460449,
      "cost_recoverable": true,
      "cost_quadratic": 1173.0513916015625,
      "reward_quadratic": 4.615969657897949,
      "reward_cost_cross": -5.747677326202393,
      "max_linear_cost_drop": 6.849967566643108,
      "rollout_wall_seconds": 1.961805321276188,
      "update_wall_seconds": 1.2311538010835648,
      "total_wall_seconds": 3.1929611898958683
    },
    {
      "update": 733,
      "algorithm": "macpo",
      "actor_loss": -0.4739193320274353,
      "reward_critic_loss": 0.002727868966758251,
      "cost_critic_loss": 0.6235806941986084,
      "reward_critic_loss_last": 0.002727868966758251,
      "cost_critic_loss_last": 0.6235806941986084,
      "critic_epochs": 1,
      "daily_voltage_cost": 0.013210685923695564,
      "daily_voltage_cost_raw": 0.013210685923695564,
      "daily_voltage_cost_normalized": 0.6605342626571655,
      "daily_economic_return_raw_yuan": -1176661.0,
      "daily_economic_return_normalized": -0.3733411431312561,
      "daily_economic_cost_raw_yuan": 1176661.0,
      "economic_reward_scale_yuan": 3151704.8194007874,
      "lagrange_multiplier": 0.0,
      "cost_budget": 1.0,
      "cost_budget_raw": 0.02,
      "cost_budget_normalized": 1.0,
      "algorithm_cost_mode": "separate_cost",
      "fixed_cost_penalty_coef": 0.0,
      "log_std_max": -2.3,
      "accepted": true,
      "mode": "reward",
      "reward_before": -1.3153229616591489e-08,
      "reward_after": 0.4739193320274353,
      "cost_before": 0.6605218052864075,
      "cost_after": 0.02035421133041382,
      "kl_before": -2.384185791015625e-07,
      "kl_after": 0.01996411196887493,
      "cost_gap": -0.33947819471359253,
      "cost_recoverable": true,
      "cost_quadratic": 1652.6861572265625,
      "reward_quadratic": 5.65453577041626,
      "reward_cost_cross": -9.305753707885742,
      "max_linear_cost_drop": 8.13064857739298,
      "rollout_wall_seconds": 2.033171344548464,
      "update_wall_seconds": 1.3528086431324482,
      "total_wall_seconds": 3.3859825767576694
    },
    {
      "update": 734,
      "algorithm": "macpo",
      "actor_loss": -0.4453926682472229,
      "reward_critic_loss": 0.00202932464890182,
      "cost_critic_loss": 0.1958526074886322,
      "reward_critic_loss_last": 0.00202932464890182,
      "cost_critic_loss_last": 0.1958526074886322,
      "critic_epochs": 1,
      "daily_voltage_cost": 0.013338856399059296,
      "daily_voltage_cost_raw": 0.013338856399059296,
      "daily_voltage_cost_normalized": 0.666942834854126,
      "daily_economic_return_raw_yuan": -1179390.0,
      "daily_economic_return_normalized": -0.3742070198059082,
      "daily_economic_cost_raw_yuan": 1179390.0,
      "economic_reward_scale_yuan": 3151704.8194007874,
      "lagrange_multiplier": 0.0,
      "cost_budget": 1.0,
      "cost_budget_raw": 0.02,
      "cost_budget_normalized": 1.0,
      "algorithm_cost_mode": "separate_cost",
      "fixed_cost_penalty_coef": 0.0,
      "log_std_max": -2.3,
      "accepted": true,
      "mode": "reward",
      "reward_before": 4.3444481434562476e-07,
      "reward_after": 0.4453926682472229,
      "cost_before": 0.6669419407844543,
      "cost_after": 0.5198180675506592,
      "kl_before": -2.384185791015625e-07,
      "kl_after": 0.019958728924393654,
      "cost_gap": -0.33305805921554565,
      "cost_recoverable": true,
      "cost_quadratic": 519.8180541992188,
      "reward_quadratic": 5.4646196365356445,
      "reward_cost_cross": -0.7766962647438049,
      "max_linear_cost_drop": 4.559903745471909,
      "rollout_wall_seconds": 2.1473138239234686,
      "update_wall_seconds": 1.2804402317851782,
      "total_wall_seconds": 3.427756365388632
    },
    {
      "update": 735,
      "algorithm": "macpo",
      "actor_loss": -0.39681410789489746,
      "reward_critic_loss": 0.0018131401157006621,
      "cost_critic_loss": 0.5370521545410156,
      "reward_critic_loss_last": 0.0018131401157006621,
      "cost_critic_loss_last": 0.5370521545410156,
      "critic_epochs": 1,
      "daily_voltage_cost": 0.016832130029797554,
      "daily_voltage_cost_raw": 0.016832130029797554,
      "daily_voltage_cost_normalized": 0.8416064381599426,
      "daily_economic_return_raw_yuan": -1235832.0,
      "daily_economic_return_normalized": -0.39211541414260864,
      "daily_economic_cost_raw_yuan": 1235832.0,
      "economic_reward_scale_yuan": 3151704.8194007874,
      "lagrange_multiplier": 0.0,
      "cost_budget": 1.0,
      "cost_budget_raw": 0.02,
      "cost_budget_normalized": 1.0,
      "algorithm_cost_mode": "separate_cost",
      "fixed_cost_penalty_coef": 0.0,
      "log_std_max": -2.3,
      "accepted": true,
      "mode": "reward",
      "reward_before": -3.7726721302533406e-08,
      "reward_after": 0.39681410789489746,
      "cost_before": 0.841606855392456,
      "cost_after": -0.9570245146751404,
      "kl_before": -2.384185791015625e-07,
      "kl_after": 0.019873766228556633,
      "cost_gap": -0.15839314460754395,
      "cost_recoverable": true,
      "cost_quadratic": 1353.245361328125,
      "reward_quadratic": 3.8784632682800293,
      "reward_cost_cross": -19.69101333618164,
      "max_linear_cost_drop": 7.357296681059219,
      "rollout_wall_seconds": 2.4042980652302504,
      "update_wall_seconds": 1.35443171299994,
      "total_wall_seconds": 3.758732018992305
    },
    {
      "update": 736,
      "algorithm": "macpo",
      "actor_loss": -0.5031221508979797,
      "reward_critic_loss": 0.0026839599013328552,
      "cost_critic_loss": 0.5191463828086853,
      "reward_critic_loss_last": 0.0026839599013328552,
      "cost_critic_loss_last": 0.5191463828086853,
      "critic_epochs": 1,
      "daily_voltage_cost": 0.014317194931209087,
      "daily_voltage_cost_raw": 0.014317194931209087,
      "daily_voltage_cost_normalized": 0.7158597707748413,
      "daily_economic_return_raw_yuan": -1021060.375,
      "daily_economic_return_normalized": -0.32397082448005676,
      "daily_economic_cost_raw_yuan": 1021060.375,
      "economic_reward_scale_yuan": 3151704.8194007874,
      "lagrange_multiplier": 0.0,
      "cost_budget": 1.0,
      "cost_budget_raw": 0.02,
      "cost_budget_normalized": 1.0,
      "algorithm_cost_mode": "separate_cost",
      "fixed_cost_penalty_coef": 0.0,
      "log_std_max": -2.3,
      "accepted": true,
      "mode": "reward",
      "reward_before": 2.773967935354449e-07,
      "reward_after": 0.5031221508979797,
      "cost_before": 0.7158579230308533,
      "cost_after": 0.18248850107192993,
      "kl_before": -2.384185791015625e-07,
      "kl_after": 0.019873565062880516,
      "cost_gap": -0.28414207696914673,
      "cost_recoverable": true,
      "cost_quadratic": 1278.385986328125,
      "reward_quadratic": 5.874509811401367,
      "reward_cost_cross": -6.3274688720703125,
      "max_linear_cost_drop": 7.150904799612774,
      "rollout_wall_seconds": 2.4365362375974655,
      "update_wall_seconds": 1.3589963112026453,
      "total_wall_seconds": 3.7955348659306765
    },
    {
      "update": 737,
      "algorithm": "macpo",
      "actor_loss": -0.45216643810272217,
      "reward_critic_loss": 0.0022214294876903296,
      "cost_critic_loss": 0.2461870014667511,
      "reward_critic_loss_last": 0.0022214294876903296,
      "cost_critic_loss_last": 0.2461870014667511,
      "critic_epochs": 1,
      "daily_voltage_cost": 0.00911097414791584,
      "daily_voltage_cost_raw": 0.00911097414791584,
      "daily_voltage_cost_normalized": 0.4555487036705017,
      "daily_economic_return_raw_yuan": -1129597.375,
      "daily_economic_return_normalized": -0.3584083616733551,
      "daily_economic_cost_raw_yuan": 1129597.375,
      "economic_reward_scale_yuan": 3151704.8194007874,
      "lagrange_multiplier": 0.0,
      "cost_budget": 1.0,
      "cost_budget_raw": 0.02,
      "cost_budget_normalized": 1.0,
      "algorithm_cost_mode": "separate_cost",
      "fixed_cost_penalty_coef": 0.0,
      "log_std_max": -2.3,
      "accepted": true,
      "mode": "reward",
      "reward_before": 1.8434860749039217e-08,
      "reward_after": 0.45216643810272217,
      "cost_before": 0.4555462896823883,
      "cost_after": -0.7278004288673401,
      "kl_before": -2.384185791015625e-07,
      "kl_after": 0.01999354176223278,
      "cost_gap": -0.5444537103176117,
      "cost_recoverable": true,
      "cost_quadratic": 552.907958984375,
      "reward_quadratic": 4.736269950866699,
      "reward_cost_cross": -11.147340774536133,
      "max_linear_cost_drop": 4.702798992023261,
      "rollout_wall_seconds": 2.4997222535312176,
      "update_wall_seconds": 1.4164488688111305,
      "total_wall_seconds": 3.9161731228232384
    },
    {
      "update": 738,
      "algorithm": "macpo",
      "actor_loss": -0.5127687454223633,
      "reward_critic_loss": 0.0031087524257600307,
      "cost_critic_loss": 0.07444600760936737,
      "reward_critic_loss_last": 0.0031087524257600307,
      "cost_critic_loss_last": 0.07444600760936737,
      "critic_epochs": 1,
      "daily_voltage_cost": 0.0024729478172957897,
      "daily_voltage_cost_raw": 0.0024729478172957897,
      "daily_voltage_cost_normalized": 0.12364739179611206,
      "daily_economic_return_raw_yuan": -1344091.5,
      "daily_economic_return_normalized": -0.42646491527557373,
      "daily_economic_cost_raw_yuan": 1344091.5,
      "economic_reward_scale_yuan": 3151704.8194007874,
      "lagrange_multiplier": 0.0,
      "cost_budget": 1.0,
      "cost_budget_raw": 0.02,
      "cost_budget_normalized": 1.0,
      "algorithm_cost_mode": "separate_cost",
      "fixed_cost_penalty_coef": 0.0,
      "log_std_max": -2.3,
      "accepted": true,
      "mode": "reward",
      "reward_before": 4.0618891716803773e-07,
      "reward_after": 0.5127687454223633,
      "cost_before": 0.12364990264177322,
      "cost_after": 0.5061521530151367,
      "kl_before": -2.384185791015625e-07,
      "kl_after": 0.019928447902202606,
      "cost_gap": -0.8763500973582268,
      "cost_recoverable": true,
      "cost_quadratic": 206.2517547607422,
      "reward_quadratic": 7.140262603759766,
      "reward_cost_cross": 6.332719802856445,
      "max_linear_cost_drop": 2.8722935418284963,
      "rollout_wall_seconds": 2.4584227968007326,
      "update_wall_seconds": 1.4261814337223768,
      "total_wall_seconds": 3.8846065159887075
    },
    {
      "update": 739,
      "algorithm": "macpo",
      "actor_loss": -0.3843842148780823,
      "reward_critic_loss": 0.0020448234863579273,
      "cost_critic_loss": 0.25407204031944275,
      "reward_critic_loss_last": 0.0020448234863579273,
      "cost_critic_loss_last": 0.25407204031944275,
      "critic_epochs": 1,
      "daily_voltage_cost": 0.009838325902819633,
      "daily_voltage_cost_raw": 0.009838325902819633,
      "daily_voltage_cost_normalized": 0.491916298866272,
      "daily_economic_return_raw_yuan": -1363689.0,
      "daily_economic_return_normalized": -0.43268299102783203,
      "daily_economic_cost_raw_yuan": 1363689.0,
      "economic_reward_scale_yuan": 3151704.8194007874,
      "lagrange_multiplier": 0.0,
      "cost_budget": 1.0,
      "cost_budget_raw": 0.02,
      "cost_budget_normalized": 1.0,
      "algorithm_cost_mode": "separate_cost",
      "fixed_cost_penalty_coef": 0.0,
      "log_std_max": -2.3,
      "accepted": true,
      "mode": "reward",
      "reward_before": 2.2503132868223474e-07,
      "reward_after": 0.3843842148780823,
      "cost_before": 0.4919092655181885,
      "cost_after": 0.4199178218841553,
      "kl_before": -2.384185791015625e-07,
      "kl_after": 0.01989501342177391,
      "cost_gap": -0.5080907344818115,
      "cost_recoverable": true,
      "cost_quadratic": 604.6033935546875,
      "reward_quadratic": 3.7675530910491943,
      "reward_cost_cross": -0.6847158074378967,
      "max_linear_cost_drop": 4.9177368516612905,
      "rollout_wall_seconds": 2.026062525808811,
      "update_wall_seconds": 1.226441552862525,
      "total_wall_seconds": 3.2525067534297705
    },
    {
      "update": 740,
      "algorithm": "macpo",
      "actor_loss": -0.21797844767570496,
      "reward_critic_loss": 0.002258503343909979,
      "cost_critic_loss": 0.07584744691848755,
      "reward_critic_loss_last": 0.002258503343909979,
      "cost_critic_loss_last": 0.07584744691848755,
      "critic_epochs": 1,
      "daily_voltage_cost": 0.003348130267113447,
      "daily_voltage_cost_raw": 0.003348130267113447,
      "daily_voltage_cost_normalized": 0.16740651428699493,
      "daily_economic_return_raw_yuan": -995860.6875,
      "daily_economic_return_normalized": -0.31597524881362915,
      "daily_economic_cost_raw_yuan": 995860.6875,
      "economic_reward_scale_yuan": 3151704.8194007874,
      "lagrange_multiplier": 0.0,
      "cost_budget": 1.0,
      "cost_budget_raw": 0.02,
      "cost_budget_normalized": 1.0,
      "algorithm_cost_mode": "separate_cost",
      "fixed_cost_penalty_coef": 0.0,
      "log_std_max": -2.3,
      "accepted": true,
      "mode": "reward",
      "reward_before": -2.705103270272957e-07,
      "reward_after": 0.21797844767570496,
      "cost_before": 0.1674051135778427,
      "cost_after": -0.13374744355678558,
      "kl_before": -2.384185791015625e-07,
      "kl_after": 0.004996191710233688,
      "cost_gap": -0.8325948864221573,
      "cost_recoverable": true,
      "cost_quadratic": 170.8399200439453,
      "reward_quadratic": 4.605959892272949,
      "reward_cost_cross": -6.474013328552246,
      "max_linear_cost_drop": 2.614114917473563,
      "rollout_wall_seconds": 1.8848772831261158,
      "update_wall_seconds": 1.2553701996803284,
      "total_wall_seconds": 3.1402495931833982
    },
    {
      "update": 741,
      "algorithm": "macpo",
      "actor_loss": -0.3798378109931946,
      "reward_critic_loss": 0.0016373469261452556,
      "cost_critic_loss": 0.353954017162323,
      "reward_critic_loss_last": 0.0016373469261452556,
      "cost_critic_loss_last": 0.353954017162323,
      "critic_epochs": 1,
      "daily_voltage_cost": 0.015801185742020607,
      "daily_voltage_cost_raw": 0.015801185742020607,
      "daily_voltage_cost_normalized": 0.7900593280792236,
      "daily_economic_return_raw_yuan": -1125083.125,
      "daily_economic_return_normalized": -0.35697606205940247,
      "daily_economic_cost_raw_yuan": 1125083.125,
      "economic_reward_scale_yuan": 3151704.8194007874,
      "lagrange_multiplier": 0.0,
      "cost_budget": 1.0,
      "cost_budget_raw": 0.02,
      "cost_budget_normalized": 1.0,
      "algorithm_cost_mode": "separate_cost",
      "fixed_cost_penalty_coef": 0.0,
      "log_std_max": -2.3,
      "accepted": true,
      "mode": "constrained_reward",
      "reward_before": 3.741289589243024e-08,
      "reward_after": 0.3798378109931946,
      "cost_before": 0.7900593876838684,
      "cost_after": 0.8859686851501465,
      "kl_before": -2.384185791015625e-07,
      "kl_after": 0.01989271119236946,
      "cost_gap": -0.2099406123161316,
      "cost_recoverable": true,
      "cost_quadratic": 784.7838134765625,
      "reward_quadratic": 3.716827392578125,
      "reward_cost_cross": 2.7207789421081543,
      "max_linear_cost_drop": 5.602798634527436,
      "rollout_wall_seconds": 1.961405212059617,
      "update_wall_seconds": 1.1967090144753456,
      "total_wall_seconds": 3.1581163704395294
    },
    {
      "update": 742,
      "algorithm": "macpo",
      "actor_loss": -0.42815202474594116,
      "reward_critic_loss": 0.0018440939020365477,
      "cost_critic_loss": 0.46983540058135986,
      "reward_critic_loss_last": 0.0018440939020365477,
      "cost_critic_loss_last": 0.46983540058135986,
      "critic_epochs": 1,
      "daily_voltage_cost": 0.008546552620828152,
      "daily_voltage_cost_raw": 0.008546552620828152,
      "daily_voltage_cost_normalized": 0.42732763290405273,
      "daily_economic_return_raw_yuan": -1144428.25,
      "daily_economic_return_normalized": -0.36311402916908264,
      "daily_economic_cost_raw_yuan": 1144428.25,
      "economic_reward_scale_yuan": 3151704.8194007874,
      "lagrange_multiplier": 0.0,
      "cost_budget": 1.0,
      "cost_budget_raw": 0.02,
      "cost_budget_normalized": 1.0,
      "algorithm_cost_mode": "separate_cost",
      "fixed_cost_penalty_coef": 0.0,
      "log_std_max": -2.3,
      "accepted": true,
      "mode": "reward",
      "reward_before": -1.199878454372083e-07,
      "reward_after": 0.42815202474594116,
      "cost_before": 0.42732492089271545,
      "cost_after": 0.7050955891609192,
      "kl_before": -2.384185791015625e-07,
      "kl_after": 0.019889265298843384,
      "cost_gap": -0.5726750791072845,
      "cost_recoverable": true,
      "cost_quadratic": 1246.134033203125,
      "reward_quadratic": 4.387269973754883,
      "reward_cost_cross": 3.5347752571105957,
      "max_linear_cost_drop": 7.060124738850228,
      "rollout_wall_seconds": 1.8272796589881182,
      "update_wall_seconds": 1.1485971994698048,
      "total_wall_seconds": 2.9758788831532
    },
    {
      "update": 743,
      "algorithm": "macpo",
      "actor_loss": -0.47496938705444336,
      "reward_critic_loss": 0.0025130207650363445,
      "cost_critic_loss": 0.11921863257884979,
      "reward_critic_loss_last": 0.0025130207650363445,
      "cost_critic_loss_last": 0.11921863257884979,
      "critic_epochs": 1,
      "daily_voltage_cost": 0.002766598481684923,
      "daily_voltage_cost_raw": 0.002766598481684923,
      "daily_voltage_cost_normalized": 0.13832992315292358,
      "daily_economic_return_raw_yuan": -1268726.25,
      "daily_economic_return_normalized": -0.40255236625671387,
      "daily_economic_cost_raw_yuan": 1268726.25,
      "economic_reward_scale_yuan": 3151704.8194007874,
      "lagrange_multiplier": 0.0,
      "cost_budget": 1.0,
      "cost_budget_raw": 0.02,
      "cost_budget_normalized": 1.0,
      "algorithm_cost_mode": "separate_cost",
      "fixed_cost_penalty_coef": 0.0,
      "log_std_max": -2.3,
      "accepted": true,
      "mode": "reward",
      "reward_before": 1.3371126783567888e-07,
      "reward_after": 0.47496938705444336,
      "cost_before": 0.13833124935626984,
      "cost_after": -0.7056414484977722,
      "kl_before": -2.384185791015625e-07,
      "kl_after": 0.01987934112548828,
      "cost_gap": -0.8616687506437302,
      "cost_recoverable": true,
      "cost_quadratic": 266.05975341796875,
      "reward_quadratic": 5.432374000549316,
      "reward_cost_cross": -6.588617324829102,
      "max_linear_cost_drop": 3.2622676371994297,
      "rollout_wall_seconds": 1.8330882675945759,
      "update_wall_seconds": 1.395097441971302,
      "total_wall_seconds": 3.2281880602240562
    },
    {
      "update": 744,
      "algorithm": "macpo",
      "actor_loss": -0.4235166907310486,
      "reward_critic_loss": 0.0018255417235195637,
      "cost_critic_loss": 0.13621601462364197,
      "reward_critic_loss_last": 0.0018255417235195637,
      "cost_critic_loss_last": 0.13621601462364197,
      "critic_epochs": 1,
      "daily_voltage_cost": 0.0060244351625442505,
      "daily_voltage_cost_raw": 0.0060244351625442505,
      "daily_voltage_cost_normalized": 0.3012217581272125,
      "daily_economic_return_raw_yuan": -1167615.0,
      "daily_economic_return_normalized": -0.37047094106674194,
      "daily_economic_cost_raw_yuan": 1167615.0,
      "economic_reward_scale_yuan": 3151704.8194007874,
      "lagrange_multiplier": 0.0,
      "cost_budget": 1.0,
      "cost_budget_raw": 0.02,
      "cost_budget_normalized": 1.0,
      "algorithm_cost_mode": "separate_cost",
      "fixed_cost_penalty_coef": 0.0,
      "log_std_max": -2.3,
      "accepted": true,
      "mode": "reward",
      "reward_before": -5.391292461354169e-07,
      "reward_after": 0.4235166907310486,
      "cost_before": 0.30122140049934387,
      "cost_after": -0.14277732372283936,
      "kl_before": -2.384185791015625e-07,
      "kl_after": 0.019900057464838028,
      "cost_gap": -0.6987785995006561,
      "cost_recoverable": true,
      "cost_quadratic": 315.3860168457031,
      "reward_quadratic": 3.954688549041748,
      "reward_cost_cross": -4.072829246520996,
      "max_linear_cost_drop": 3.55182216247212,
      "rollout_wall_seconds": 2.4392181243747473,
      "update_wall_seconds": 1.4595519490540028,
      "total_wall_seconds": 3.898773333057761
    },
    {
      "update": 745,
      "algorithm": "macpo",
      "actor_loss": -0.3574911057949066,
      "reward_critic_loss": 0.0018063917523249984,
      "cost_critic_loss": 0.09133772552013397,
      "reward_critic_loss_last": 0.0018063917523249984,
      "cost_critic_loss_last": 0.09133772552013397,
      "critic_epochs": 1,
      "daily_voltage_cost": 0.0023822817020118237,
      "daily_voltage_cost_raw": 0.0023822817020118237,
      "daily_voltage_cost_normalized": 0.11911407858133316,
      "daily_economic_return_raw_yuan": -1296865.375,
      "daily_economic_return_normalized": -0.4114806056022644,
      "daily_economic_cost_raw_yuan": 1296865.375,
      "economic_reward_scale_yuan": 3151704.8194007874,
      "lagrange_multiplier": 0.0,
      "cost_budget": 1.0,
      "cost_budget_raw": 0.02,
      "cost_budget_normalized": 1.0,
      "algorithm_cost_mode": "separate_cost",
      "fixed_cost_penalty_coef": 0.0,
      "log_std_max": -2.3,
      "accepted": true,
      "mode": "reward",
      "reward_before": 2.5230565370293334e-07,
      "reward_after": 0.3574911057949066,
      "cost_before": 0.11911964416503906,
      "cost_after": 0.027865909039974213,
      "kl_before": -2.384185791015625e-07,
      "kl_after": 0.019959531724452972,
      "cost_gap": -0.8808803558349609,
      "cost_recoverable": true,
      "cost_quadratic": 208.6431884765625,
      "reward_quadratic": 3.3804593086242676,
      "reward_cost_cross": -0.483222097158432,
      "max_linear_cost_drop": 2.888897287731514,
      "rollout_wall_seconds": 2.5345118809491396,
      "update_wall_seconds": 1.4201735779643059,
      "total_wall_seconds": 3.9546880163252354
    },
    {
      "update": 746,
      "algorithm": "macpo",
      "actor_loss": -0.45497143268585205,
      "reward_critic_loss": 0.0022387015633285046,
      "cost_critic_loss": 0.08918865770101547,
      "reward_critic_loss_last": 0.0022387015633285046,
      "cost_critic_loss_last": 0.08918865770101547,
      "critic_epochs": 1,
      "daily_voltage_cost": 0.004046840593218803,
      "daily_voltage_cost_raw": 0.004046840593218803,
      "daily_voltage_cost_normalized": 0.20234201848506927,
      "daily_economic_return_raw_yuan": -1204462.0,
      "daily_economic_return_normalized": -0.38216206431388855,
      "daily_economic_cost_raw_yuan": 1204462.0,
      "economic_reward_scale_yuan": 3151704.8194007874,
      "lagrange_multiplier": 0.0,
      "cost_budget": 1.0,
      "cost_budget_raw": 0.02,
      "cost_budget_normalized": 1.0,
      "algorithm_cost_mode": "separate_cost",
      "fixed_cost_penalty_coef": 0.0,
      "log_std_max": -2.3,
      "accepted": true,
      "mode": "reward",
      "reward_before": 3.190015434029192e-07,
      "reward_after": 0.45497143268585205,
      "cost_before": 0.2023431807756424,
      "cost_after": 0.3590717017650604,
      "kl_before": -2.384185791015625e-07,
      "kl_after": 0.019971299916505814,
      "cost_gap": -0.7976568192243576,
      "cost_recoverable": true,
      "cost_quadratic": 232.00169372558594,
      "reward_quadratic": 4.643001079559326,
      "reward_cost_cross": 2.426321506500244,
      "max_linear_cost_drop": 3.046320362178515,
      "rollout_wall_seconds": 2.3354278076440096,
      "update_wall_seconds": 1.3579499647021294,
      "total_wall_seconds": 3.6933806892484426
    },
    {
      "update": 747,
      "algorithm": "macpo",
      "actor_loss": -0.20909932255744934,
      "reward_critic_loss": 0.001993810757994652,
      "cost_critic_loss": 0.07634373009204865,
      "reward_critic_loss_last": 0.001993810757994652,
      "cost_critic_loss_last": 0.07634373009204865,
      "critic_epochs": 1,
      "daily_voltage_cost": 0.002430364489555359,
      "daily_voltage_cost_raw": 0.002430364489555359,
      "daily_voltage_cost_normalized": 0.12151822447776794,
      "daily_economic_return_raw_yuan": -1176533.125,
      "daily_economic_return_normalized": -0.37330055236816406,
      "daily_economic_cost_raw_yuan": 1176533.125,
      "economic_reward_scale_yuan": 3151704.8194007874,
      "lagrange_multiplier": 0.0,
      "cost_budget": 1.0,
      "cost_budget_raw": 0.02,
      "cost_budget_normalized": 1.0,
      "algorithm_cost_mode": "separate_cost",
      "fixed_cost_penalty_coef": 0.0,
      "log_std_max": -2.3,
      "accepted": true,
      "mode": "reward",
      "reward_before": 3.215528181499394e-07,
      "reward_after": 0.20909932255744934,
      "cost_before": 0.12151777744293213,
      "cost_after": -0.06551492214202881,
      "kl_before": -2.384185791015625e-07,
      "kl_after": 0.004983650054782629,
      "cost_gap": -0.8784822225570679,
      "cost_recoverable": true,
      "cost_quadratic": 190.06185913085938,
      "reward_quadratic": 4.322900295257568,
      "reward_cost_cross": -3.696606159210205,
      "max_linear_cost_drop": 2.757258487199627,
      "rollout_wall_seconds": 2.068756254389882,
      "update_wall_seconds": 1.2449110820889473,
      "total_wall_seconds": 3.313670329749584
    },
    {
      "update": 748,
      "algorithm": "macpo",
      "actor_loss": -0.3735353946685791,
      "reward_critic_loss": 0.0016161343082785606,
      "cost_critic_loss": 0.08840062469244003,
      "reward_critic_loss_last": 0.0016161343082785606,
      "cost_critic_loss_last": 0.08840062469244003,
      "critic_epochs": 1,
      "daily_voltage_cost": 0.004036976024508476,
      "daily_voltage_cost_raw": 0.004036976024508476,
      "daily_voltage_cost_normalized": 0.2018488049507141,
      "daily_economic_return_raw_yuan": -1137128.625,
      "daily_economic_return_normalized": -0.3607979714870453,
      "daily_economic_cost_raw_yuan": 1137128.625,
      "economic_reward_scale_yuan": 3151704.8194007874,
      "lagrange_multiplier": 0.0,
      "cost_budget": 1.0,
      "cost_budget_raw": 0.02,
      "cost_budget_normalized": 1.0,
      "algorithm_cost_mode": "separate_cost",
      "fixed_cost_penalty_coef": 0.0,
      "log_std_max": -2.3,
      "accepted": true,
      "mode": "reward",
      "reward_before": -1.3590521064088534e-07,
      "reward_after": 0.3735353946685791,
      "cost_before": 0.20184937119483948,
      "cost_after": -0.7967851161956787,
      "kl_before": -2.384185791015625e-07,
      "kl_after": 0.019875425845384598,
      "cost_gap": -0.7981506288051605,
      "cost_recoverable": true,
      "cost_quadratic": 253.81361389160156,
      "reward_quadratic": 3.73443603515625,
      "reward_cost_cross": -9.92820930480957,
      "max_linear_cost_drop": 3.1863057850219056,
      "rollout_wall_seconds": 1.9709748048335314,
      "update_wall_seconds": 1.1752762366086245,
      "total_wall_seconds": 3.1462536826729774
    },
    {
      "update": 749,
      "algorithm": "macpo",
      "actor_loss": -0.40594416856765747,
      "reward_critic_loss": 0.001738131046295166,
      "cost_critic_loss": 0.907963216304779,
      "reward_critic_loss_last": 0.001738131046295166,
      "cost_critic_loss_last": 0.907963216304779,
      "critic_epochs": 1,
      "daily_voltage_cost": 0.013782369904220104,
      "daily_voltage_cost_raw": 0.013782369904220104,
      "daily_voltage_cost_normalized": 0.689118504524231,
      "daily_economic_return_raw_yuan": -1062016.875,
      "daily_economic_return_normalized": -0.3369658589363098,
      "daily_economic_cost_raw_yuan": 1062016.875,
      "economic_reward_scale_yuan": 3151704.8194007874,
      "lagrange_multiplier": 0.0,
      "cost_budget": 1.0,
      "cost_budget_raw": 0.02,
      "cost_budget_normalized": 1.0,
      "algorithm_cost_mode": "separate_cost",
      "fixed_cost_penalty_coef": 0.0,
      "log_std_max": -2.3,
      "accepted": true,
      "mode": "constrained_reward",
      "reward_before": -8.408942875348657e-08,
      "reward_after": 0.40594416856765747,
      "cost_before": 0.6891114711761475,
      "cost_after": 0.821015477180481,
      "kl_before": -2.384185791015625e-07,
      "kl_after": 0.019955113530158997,
      "cost_gap": -0.31088852882385254,
      "cost_recoverable": true,
      "cost_quadratic": 2601.768798828125,
      "reward_quadratic": 3.875394821166992,
      "reward_cost_cross": 6.005139350891113,
      "max_linear_cost_drop": 10.201507337306825,
      "rollout_wall_seconds": 1.883489454165101,
      "update_wall_seconds": 1.1979405991733074,
      "total_wall_seconds": 3.0814336109906435
    },
    {
      "update": 750,
      "algorithm": "macpo",
      "actor_loss": -0.37169986963272095,
      "reward_critic_loss": 0.0014195905532687902,
      "cost_critic_loss": 0.15837374329566956,
      "reward_critic_loss_last": 0.0014195905532687902,
      "cost_critic_loss_last": 0.15837374329566956,
      "critic_epochs": 1,
      "daily_voltage_cost": 0.004940520506352186,
      "daily_voltage_cost_raw": 0.004940520506352186,
      "daily_voltage_cost_normalized": 0.24702602624893188,
      "daily_economic_return_raw_yuan": -1256758.5,
      "daily_economic_return_normalized": -0.39875513315200806,
      "daily_economic_cost_raw_yuan": 1256758.5,
      "economic_reward_scale_yuan": 3151704.8194007874,
      "lagrange_multiplier": 0.0,
      "cost_budget": 1.0,
      "cost_budget_raw": 0.02,
      "cost_budget_normalized": 1.0,
      "algorithm_cost_mode": "separate_cost",
      "fixed_cost_penalty_coef": 0.0,
      "log_std_max": -2.3,
      "accepted": true,
      "mode": "reward",
      "reward_before": 2.8147547936896444e-07,
      "reward_after": 0.37169986963272095,
      "cost_before": 0.24702753126621246,
      "cost_after": -0.5584424138069153,
      "kl_before": -2.384185791015625e-07,
      "kl_after": 0.019977429881691933,
      "cost_gap": -0.7529724687337875,
      "cost_recoverable": true,
      "cost_quadratic": 359.99578857421875,
      "reward_quadratic": 3.5036730766296387,
      "reward_cost_cross": -6.983989715576172,
      "max_linear_cost_drop": 3.794710995974364,
      "rollout_wall_seconds": 1.5867169089615345,
      "update_wall_seconds": 1.1868545189499855,
      "total_wall_seconds": 2.7735755667090416
    },
    {
      "update": 751,
      "algorithm": "macpo",
      "actor_loss": -0.1883183717727661,
      "reward_critic_loss": 0.0018000395502895117,
      "cost_critic_loss": 0.09382510185241699,
      "reward_critic_loss_last": 0.0018000395502895117,
      "cost_critic_loss_last": 0.09382510185241699,
      "critic_epochs": 1,
      "daily_voltage_cost": 0.0032979464158415794,
      "daily_voltage_cost_raw": 0.0032979464158415794,
      "daily_voltage_cost_normalized": 0.16489732265472412,
      "daily_economic_return_raw_yuan": -1204881.625,
      "daily_economic_return_normalized": -0.3822951912879944,
      "daily_economic_cost_raw_yuan": 1204881.625,
      "economic_reward_scale_yuan": 3151704.8194007874,
      "lagrange_multiplier": 0.0,
      "cost_budget": 1.0,
      "cost_budget_raw": 0.02,
      "cost_budget_normalized": 1.0,
      "algorithm_cost_mode": "separate_cost",
      "fixed_cost_penalty_coef": 0.0,
      "log_std_max": -2.3,
      "accepted": true,
      "mode": "reward",
      "reward_before": 2.648113195391488e-07,
      "reward_after": 0.1883183717727661,
      "cost_before": 0.16489624977111816,
      "cost_after": -0.07654498517513275,
      "kl_before": -2.384185791015625e-07,
      "kl_after": 0.005016881041228771,
      "cost_gap": -0.8351037502288818,
      "cost_recoverable": true,
      "cost_quadratic": 230.27001953125,
      "reward_quadratic": 3.563215732574463,
      "reward_cost_cross": -4.188638687133789,
      "max_linear_cost_drop": 3.034930111427609,
      "rollout_wall_seconds": 1.882112342864275,
      "update_wall_seconds": 1.0478998944163322,
      "total_wall_seconds": 2.9300148710608482
    },
    {
      "update": 752,
      "algorithm": "macpo",
      "actor_loss": -0.380373477935791,
      "reward_critic_loss": 0.0017975986702367663,
      "cost_critic_loss": 0.39023494720458984,
      "reward_critic_loss_last": 0.0017975986702367663,
      "cost_critic_loss_last": 0.39023494720458984,
      "critic_epochs": 1,
      "daily_voltage_cost": 0.010899601504206657,
      "daily_voltage_cost_raw": 0.010899601504206657,
      "daily_voltage_cost_normalized": 0.5449801087379456,
      "daily_economic_return_raw_yuan": -1272948.625,
      "daily_economic_return_normalized": -0.4038920998573303,
      "daily_economic_cost_raw_yuan": 1272948.625,
      "economic_reward_scale_yuan": 3151704.8194007874,
      "lagrange_multiplier": 0.0,
      "cost_budget": 1.0,
      "cost_budget_raw": 0.02,
      "cost_budget_normalized": 1.0,
      "algorithm_cost_mode": "separate_cost",
      "fixed_cost_penalty_coef": 0.0,
      "log_std_max": -2.3,
      "accepted": true,
      "mode": "reward",
      "reward_before": 4.759202809623275e-08,
      "reward_after": 0.380373477935791,
      "cost_before": 0.5449767708778381,
      "cost_after": 0.27659451961517334,
      "kl_before": -2.384185791015625e-07,
      "kl_after": 0.019911283627152443,
      "cost_gap": -0.45502322912216187,
      "cost_recoverable": true,
      "cost_quadratic": 959.6392822265625,
      "reward_quadratic": 3.737084150314331,
      "reward_cost_cross": -1.9755406379699707,
      "max_linear_cost_drop": 6.195609032941193,
      "rollout_wall_seconds": 1.886593747884035,
      "update_wall_seconds": 1.0856017675250769,
      "total_wall_seconds": 2.9721978064626455
    },
    {
      "update": 753,
      "algorithm": "macpo",
      "actor_loss": -0.16627930104732513,
      "reward_critic_loss": 0.001358277047984302,
      "cost_critic_loss": 0.40615662932395935,
      "reward_critic_loss_last": 0.001358277047984302,
      "cost_critic_loss_last": 0.40615662932395935,
      "critic_epochs": 1,
      "daily_voltage_cost": 0.013268652372062206,
      "daily_voltage_cost_raw": 0.013268652372062206,
      "daily_voltage_cost_normalized": 0.6634326577186584,
      "daily_economic_return_raw_yuan": -1241948.125,
      "daily_economic_return_normalized": -0.3940559923648834,
      "daily_economic_cost_raw_yuan": 1241948.125,
      "economic_reward_scale_yuan": 3151704.8194007874,
      "lagrange_multiplier": 0.0,
      "cost_budget": 1.0,
      "cost_budget_raw": 0.02,
      "cost_budget_normalized": 1.0,
      "algorithm_cost_mode": "separate_cost",
      "fixed_cost_penalty_coef": 0.0,
      "log_std_max": -2.3,
      "accepted": true,
      "mode": "reward",
      "reward_before": -3.3761125450837426e-08,
      "reward_after": 0.16627930104732513,
      "cost_before": 0.6634274125099182,
      "cost_after": 0.7832706570625305,
      "kl_before": -2.384185791015625e-07,
      "kl_after": 0.004990485496819019,
      "cost_gap": -0.3365725874900818,
      "cost_recoverable": true,
      "cost_quadratic": 898.5620727539062,
      "reward_quadratic": 2.792849063873291,
      "reward_cost_cross": 1.5297276973724365,
      "max_linear_cost_drop": 5.995204993172147,
      "rollout_wall_seconds": 2.0514404848217964,
      "update_wall_seconds": 1.228729035705328,
      "total_wall_seconds": 3.2801719531416893
    },
    {
      "update": 754,
      "algorithm": "macpo",
      "actor_loss": -0.4532472789287567,
      "reward_critic_loss": 0.002781335962936282,
      "cost_critic_loss": 0.6131076812744141,
      "reward_critic_loss_last": 0.002781335962936282,
      "cost_critic_loss_last": 0.6131076812744141,
      "critic_epochs": 1,
      "daily_voltage_cost": 0.013629624620079994,
      "daily_voltage_cost_raw": 0.013629624620079994,
      "daily_voltage_cost_normalized": 0.6814813017845154,
      "daily_economic_return_raw_yuan": -1157185.375,
      "daily_economic_return_normalized": -0.36716175079345703,
      "daily_economic_cost_raw_yuan": 1157185.375,
      "economic_reward_scale_yuan": 3151704.8194007874,
      "lagrange_multiplier": 0.0,
      "cost_budget": 1.0,
      "cost_budget_raw": 0.02,
      "cost_budget_normalized": 1.0,
      "algorithm_cost_mode": "separate_cost",
      "fixed_cost_penalty_coef": 0.0,
      "log_std_max": -2.3,
      "accepted": true,
      "mode": "reward",
      "reward_before": -1.245371521463312e-07,
      "reward_after": 0.4532472789287567,
      "cost_before": 0.681485652923584,
      "cost_after": 0.3343410789966583,
      "kl_before": -2.384185791015625e-07,
      "kl_after": 0.019904617220163345,
      "cost_gap": -0.318514347076416,
      "cost_recoverable": true,
      "cost_quadratic": 1459.084716796875,
      "reward_quadratic": 5.205777168273926,
      "reward_cost_cross": -5.284421920776367,
      "max_linear_cost_drop": 7.6395934886533725,
      "rollout_wall_seconds": 1.9665180128067732,
      "update_wall_seconds": 1.1626083571463823,
      "total_wall_seconds": 3.129128910601139
    },
    {
      "update": 755,
      "algorithm": "macpo",
      "actor_loss": -0.23169785737991333,
      "reward_critic_loss": 0.0023257345892488956,
      "cost_critic_loss": 0.061673205345869064,
      "reward_critic_loss_last": 0.0023257345892488956,
      "cost_critic_loss_last": 0.061673205345869064,
      "critic_epochs": 1,
      "daily_voltage_cost": 0.0017533203354105353,
      "daily_voltage_cost_raw": 0.0017533203354105353,
      "daily_voltage_cost_normalized": 0.08766601979732513,
      "daily_economic_return_raw_yuan": -1361856.125,
      "daily_economic_return_normalized": -0.43210142850875854,
      "daily_economic_cost_raw_yuan": 1361856.125,
      "economic_reward_scale_yuan": 3151704.8194007874,
      "lagrange_multiplier": 0.0,
      "cost_budget": 1.0,
      "cost_budget_raw": 0.02,
      "cost_budget_normalized": 1.0,
      "algorithm_cost_mode": "separate_cost",
      "fixed_cost_penalty_coef": 0.0,
      "log_std_max": -2.3,
      "accepted": true,
      "mode": "reward",
      "reward_before": 2.4937139642133843e-07,
      "reward_after": 0.23169785737991333,
      "cost_before": 0.08766719698905945,
      "cost_after": 0.2466331273317337,
      "kl_before": -2.384185791015625e-07,
      "kl_after": 0.005017721094191074,
      "cost_gap": -0.9123328030109406,
      "cost_recoverable": true,
      "cost_quadratic": 150.0081787109375,
      "reward_quadratic": 5.478965759277344,
      "reward_cost_cross": 3.8244338035583496,
      "max_linear_cost_drop": 2.449556520768096,
      "rollout_wall_seconds": 1.9525859598070383,
      "update_wall_seconds": 1.2291677091270685,
      "total_wall_seconds": 3.181756490841508
    },
    {
      "update": 756,
      "algorithm": "macpo",
      "actor_loss": -0.20543545484542847,
      "reward_critic_loss": 0.001898492220789194,
      "cost_critic_loss": 0.0996188372373581,
      "reward_critic_loss_last": 0.001898492220789194,
      "cost_critic_loss_last": 0.0996188372373581,
      "critic_epochs": 1,
      "daily_voltage_cost": 0.0048116701655089855,
      "daily_voltage_cost_raw": 0.0048116701655089855,
      "daily_voltage_cost_normalized": 0.24058352410793304,
      "daily_economic_return_raw_yuan": -1182451.875,
      "daily_economic_return_normalized": -0.3751785159111023,
      "daily_economic_cost_raw_yuan": 1182451.875,
      "economic_reward_scale_yuan": 3151704.8194007874,
      "lagrange_multiplier": 0.0,
      "cost_budget": 1.0,
      "cost_budget_raw": 0.02,
      "cost_budget_normalized": 1.0,
      "algorithm_cost_mode": "separate_cost",
      "fixed_cost_penalty_coef": 0.0,
      "log_std_max": -2.3,
      "accepted": true,
      "mode": "reward",
      "reward_before": 1.0055146049126051e-07,
      "reward_after": 0.20543545484542847,
      "cost_before": 0.2405806928873062,
      "cost_after": 0.003930017352104187,
      "kl_before": -2.384185791015625e-07,
      "kl_after": 0.005027466919273138,
      "cost_gap": -0.7594193071126938,
      "cost_recoverable": true,
      "cost_quadratic": 211.4381103515625,
      "reward_quadratic": 4.076794624328613,
      "reward_cost_cross": -5.922454357147217,
      "max_linear_cost_drop": 2.9081823213241806,
      "rollout_wall_seconds": 1.8993397541344166,
      "update_wall_seconds": 1.2442159429192543,
      "total_wall_seconds": 3.1435579489916563
    },
    {
      "update": 757,
      "algorithm": "macpo",
      "actor_loss": -0.39568856358528137,
      "reward_critic_loss": 0.00178386305924505,
      "cost_critic_loss": 1.9879201650619507,
      "reward_critic_loss_last": 0.00178386305924505,
      "cost_critic_loss_last": 1.9879201650619507,
      "critic_epochs": 1,
      "daily_voltage_cost": 0.018834704533219337,
      "daily_voltage_cost_raw": 0.018834704533219337,
      "daily_voltage_cost_normalized": 0.9417353868484497,
      "daily_economic_return_raw_yuan": -1160372.625,
      "daily_economic_return_normalized": -0.3681730031967163,
      "daily_economic_cost_raw_yuan": 1160372.625,
      "economic_reward_scale_yuan": 3151704.8194007874,
      "lagrange_multiplier": 0.0,
      "cost_budget": 1.0,
      "cost_budget_raw": 0.02,
      "cost_budget_normalized": 1.0,
      "algorithm_cost_mode": "separate_cost",
      "fixed_cost_penalty_coef": 0.0,
      "log_std_max": -2.3,
      "accepted": true,
      "mode": "reward",
      "reward_before": 1.219652290274098e-07,
      "reward_after": 0.39568856358528137,
      "cost_before": 0.9417310357093811,
      "cost_after": -0.3625814914703369,
      "kl_before": -2.384185791015625e-07,
      "kl_after": 0.019894970580935478,
      "cost_gap": -0.058268964290618896,
      "cost_recoverable": true,
      "cost_quadratic": 5889.2958984375,
      "reward_quadratic": 4.100089073181152,
      "reward_cost_cross": -18.085824966430664,
      "max_linear_cost_drop": 15.348349616082505,
      "rollout_wall_seconds": 2.1362518034875393,
      "update_wall_seconds": 1.212089667096734,
      "total_wall_seconds": 3.3483444321900606
    },
    {
      "update": 758,
      "algorithm": "macpo",
      "actor_loss": 0.01178036816418171,
      "reward_critic_loss": 0.0013858494348824024,
      "cost_critic_loss": 2.96409010887146,
      "reward_critic_loss_last": 0.0013858494348824024,
      "cost_critic_loss_last": 2.96409010887146,
      "critic_epochs": 1,
      "daily_voltage_cost": 0.04075349122285843,
      "daily_voltage_cost_raw": 0.04075349122285843,
      "daily_voltage_cost_normalized": 2.037674903869629,
      "daily_economic_return_raw_yuan": -1278327.125,
      "daily_economic_return_normalized": -0.40559864044189453,
      "daily_economic_cost_raw_yuan": 1278327.125,
      "economic_reward_scale_yuan": 3151704.8194007874,
      "lagrange_multiplier": 0.0,
      "cost_budget": 1.0,
      "cost_budget_raw": 0.02,
      "cost_budget_normalized": 1.0,
      "algorithm_cost_mode": "separate_cost",
      "fixed_cost_penalty_coef": 0.0,
      "log_std_max": -2.3,
      "accepted": true,
      "mode": "cost_recovery",
      "reward_before": -2.2180675784966297e-07,
      "reward_after": -0.01178036816418171,
      "cost_before": 2.037654399871826,
      "cost_after": -12.427135467529297,
      "kl_before": -2.384185791015625e-07,
      "kl_after": 0.019912783056497574,
      "cost_gap": 1.0376543998718262,
      "cost_recoverable": true,
      "cost_quadratic": 6290.2236328125,
      "reward_quadratic": 3.1591620445251465,
      "reward_cost_cross": 4.037206172943115,
      "max_linear_cost_drop": 15.86218601935118,
      "rollout_wall_seconds": 2.0075565315783024,
      "update_wall_seconds": 1.1834759302437305,
      "total_wall_seconds": 3.191035309806466
    },
    {
      "update": 759,
      "algorithm": "macpo",
      "actor_loss": -0.42298609018325806,
      "reward_critic_loss": 0.002019604668021202,
      "cost_critic_loss": 0.5796592235565186,
      "reward_critic_loss_last": 0.002019604668021202,
      "cost_critic_loss_last": 0.5796592235565186,
      "critic_epochs": 1,
      "daily_voltage_cost": 0.01607278548181057,
      "daily_voltage_cost_raw": 0.01607278548181057,
      "daily_voltage_cost_normalized": 0.8036393523216248,
      "daily_economic_return_raw_yuan": -1102829.75,
      "daily_economic_return_normalized": -0.3499152958393097,
      "daily_economic_cost_raw_yuan": 1102829.75,
      "economic_reward_scale_yuan": 3151704.8194007874,
      "lagrange_multiplier": 0.0,
      "cost_budget": 1.0,
      "cost_budget_raw": 0.02,
      "cost_budget_normalized": 1.0,
      "algorithm_cost_mode": "separate_cost",
      "fixed_cost_penalty_coef": 0.0,
      "log_std_max": -2.3,
      "accepted": true,
      "mode": "reward",
      "reward_before": -3.012761453646817e-07,
      "reward_after": 0.42298609018325806,
      "cost_before": 0.8036361932754517,
      "cost_after": -1.145592451095581,
      "kl_before": -2.384185791015625e-07,
      "kl_after": 0.01986699365079403,
      "cost_gap": -0.19636380672454834,
      "cost_recoverable": true,
      "cost_quadratic": 1230.0196533203125,
      "reward_quadratic": 4.254751682281494,
      "reward_cost_cross": -19.692317962646484,
      "max_linear_cost_drop": 7.014327204572973,
      "rollout_wall_seconds": 1.7630282118916512,
      "update_wall_seconds": 1.1836191508919,
      "total_wall_seconds": 2.946649666875601
    },
    {
      "update": 760,
      "algorithm": "macpo",
      "actor_loss": -0.40618598461151123,
      "reward_critic_loss": 0.001546606421470642,
      "cost_critic_loss": 0.3199142813682556,
      "reward_critic_loss_last": 0.001546606421470642,
      "cost_critic_loss_last": 0.3199142813682556,
      "critic_epochs": 1,
      "daily_voltage_cost": 0.010645762085914612,
      "daily_voltage_cost_raw": 0.010645762085914612,
      "daily_voltage_cost_normalized": 0.5322880744934082,
      "daily_economic_return_raw_yuan": -1117500.0,
      "daily_economic_return_normalized": -0.3545700013637543,
      "daily_economic_cost_raw_yuan": 1117500.0,
      "economic_reward_scale_yuan": 3151704.8194007874,
      "lagrange_multiplier": 0.0,
      "cost_budget": 1.0,
      "cost_budget_raw": 0.02,
      "cost_budget_normalized": 1.0,
      "algorithm_cost_mode": "separate_cost",
      "fixed_cost_penalty_coef": 0.0,
      "log_std_max": -2.3,
      "accepted": true,
      "mode": "reward",
      "reward_before": -1.1026868662611378e-07,
      "reward_after": 0.40618598461151123,
      "cost_before": 0.5322887301445007,
      "cost_after": -0.04919862747192383,
      "kl_before": -2.384185791015625e-07,
      "kl_after": 0.019939549267292023,
      "cost_gap": -0.46771126985549927,
      "cost_recoverable": true,
      "cost_quadratic": 893.78515625,
      "reward_quadratic": 3.4965615272521973,
      "reward_cost_cross": -4.949357509613037,
      "max_linear_cost_drop": 5.979247966926945,
      "rollout_wall_seconds": 2.0667122285813093,
      "update_wall_seconds": 1.1266328115016222,
      "total_wall_seconds": 3.193347042426467
    },
    {
      "update": 761,
      "algorithm": "macpo",
      "actor_loss": -0.45081213116645813,
      "reward_critic_loss": 0.001779800048097968,
      "cost_critic_loss": 0.866073727607727,
      "reward_critic_loss_last": 0.001779800048097968,
      "cost_critic_loss_last": 0.866073727607727,
      "critic_epochs": 1,
      "daily_voltage_cost": 0.010518856346607208,
      "daily_voltage_cost_raw": 0.010518856346607208,
      "daily_voltage_cost_normalized": 0.5259428024291992,
      "daily_economic_return_raw_yuan": -1060901.625,
      "daily_economic_return_normalized": -0.3366119861602783,
      "daily_economic_cost_raw_yuan": 1060901.625,
      "economic_reward_scale_yuan": 3151704.8194007874,
      "lagrange_multiplier": 0.0,
      "cost_budget": 1.0,
      "cost_budget_raw": 0.02,
      "cost_budget_normalized": 1.0,
      "algorithm_cost_mode": "separate_cost",
      "fixed_cost_penalty_coef": 0.0,
      "log_std_max": -2.3,
      "accepted": true,
      "mode": "reward",
      "reward_before": -3.771919807604718e-07,
      "reward_after": 0.45081213116645813,
      "cost_before": 0.5259455442428589,
      "cost_after": -1.2003346681594849,
      "kl_before": -2.384185791015625e-07,
      "kl_after": 0.019953668117523193,
      "cost_gap": -0.4740544557571411,
      "cost_recoverable": true,
      "cost_quadratic": 2615.1708984375,
      "reward_quadratic": 4.229186058044434,
      "reward_cost_cross": -21.520339965820312,
      "max_linear_cost_drop": 10.227748331744383,
      "rollout_wall_seconds": 1.6850201915949583,
      "update_wall_seconds": 1.1393058020621538,
      "total_wall_seconds": 2.8243282306939363
    },
    {
      "update": 762,
      "algorithm": "macpo",
      "actor_loss": -0.3704487681388855,
      "reward_critic_loss": 0.0016318404814228415,
      "cost_critic_loss": 0.1964360922574997,
      "reward_critic_loss_last": 0.0016318404814228415,
      "cost_critic_loss_last": 0.1964360922574997,
      "critic_epochs": 1,
      "daily_voltage_cost": 0.012396914884448051,
      "daily_voltage_cost_raw": 0.012396914884448051,
      "daily_voltage_cost_normalized": 0.6198457479476929,
      "daily_economic_return_raw_yuan": -1276514.5,
      "daily_economic_return_normalized": -0.4050234854221344,
      "daily_economic_cost_raw_yuan": 1276514.5,
      "economic_reward_scale_yuan": 3151704.8194007874,
      "lagrange_multiplier": 0.0,
      "cost_budget": 1.0,
      "cost_budget_raw": 0.02,
      "cost_budget_normalized": 1.0,
      "algorithm_cost_mode": "separate_cost",
      "fixed_cost_penalty_coef": 0.0,
      "log_std_max": -2.3,
      "accepted": true,
      "mode": "reward",
      "reward_before": 3.2786238080007024e-07,
      "reward_after": 0.3704487681388855,
      "cost_before": 0.6198466420173645,
      "cost_after": 0.2960304021835327,
      "kl_before": -2.384185791015625e-07,
      "kl_after": 0.01992945186793804,
      "cost_gap": -0.3801533579826355,
      "cost_recoverable": true,
      "cost_quadratic": 454.38671875,
      "reward_quadratic": 3.312836170196533,
      "reward_cost_cross": -2.29620623588562,
      "max_linear_cost_drop": 4.263269725222649,
      "rollout_wall_seconds": 2.192206272855401,
      "update_wall_seconds": 1.2737053073942661,
      "total_wall_seconds": 3.465913712978363
    },
    {
      "update": 763,
      "algorithm": "macpo",
      "actor_loss": -0.023249948397278786,
      "reward_critic_loss": 0.00189304631203413,
      "cost_critic_loss": 1.382371187210083,
      "reward_critic_loss_last": 0.00189304631203413,
      "cost_critic_loss_last": 1.382371187210083,
      "critic_epochs": 1,
      "daily_voltage_cost": 0.021850915625691414,
      "daily_voltage_cost_raw": 0.021850915625691414,
      "daily_voltage_cost_normalized": 1.092545747756958,
      "daily_economic_return_raw_yuan": -1176717.875,
      "daily_economic_return_normalized": -0.37335917353630066,
      "daily_economic_cost_raw_yuan": 1176717.875,
      "economic_reward_scale_yuan": 3151704.8194007874,
      "lagrange_multiplier": 0.0,
      "cost_budget": 1.0,
      "cost_budget_raw": 0.02,
      "cost_budget_normalized": 1.0,
      "algorithm_cost_mode": "separate_cost",
      "fixed_cost_penalty_coef": 0.0,
      "log_std_max": -2.3,
      "accepted": true,
      "mode": "cost_recovery",
      "reward_before": 9.62833297535326e-08,
      "reward_after": 0.023249948397278786,
      "cost_before": 1.092539668083191,
      "cost_after": -3.8654396533966064,
      "kl_before": -2.384185791015625e-07,
      "kl_after": 0.004988284315913916,
      "cost_gap": 0.09253966808319092,
      "cost_recoverable": true,
      "cost_quadratic": 3066.30615234375,
      "reward_quadratic": 4.334122180938721,
      "reward_cost_cross": -12.805526733398438,
      "max_linear_cost_drop": 11.07484745239184,
      "rollout_wall_seconds": 2.3578064125031233,
      "update_wall_seconds": 1.4836653601378202,
      "total_wall_seconds": 3.841474089771509
    },
    {
      "update": 764,
      "algorithm": "macpo",
      "actor_loss": -0.41865986585617065,
      "reward_critic_loss": 0.001982388785108924,
      "cost_critic_loss": 0.5093827843666077,
      "reward_critic_loss_last": 0.001982388785108924,
      "cost_critic_loss_last": 0.5093827843666077,
      "critic_epochs": 1,
      "daily_voltage_cost": 0.009902856312692165,
      "daily_voltage_cost_raw": 0.009902856312692165,
      "daily_voltage_cost_normalized": 0.4951428174972534,
      "daily_economic_return_raw_yuan": -1143105.625,
      "daily_economic_return_normalized": -0.3626943826675415,
      "daily_economic_cost_raw_yuan": 1143105.625,
      "economic_reward_scale_yuan": 3151704.8194007874,
      "lagrange_multiplier": 0.0,
      "cost_budget": 1.0,
      "cost_budget_raw": 0.02,
      "cost_budget_normalized": 1.0,
      "algorithm_cost_mode": "separate_cost",
      "fixed_cost_penalty_coef": 0.0,
      "log_std_max": -2.3,
      "accepted": true,
      "mode": "reward",
      "reward_before": 2.824575346949132e-07,
      "reward_after": 0.41865986585617065,
      "cost_before": 0.4951411187648773,
      "cost_after": -0.8279222249984741,
      "kl_before": -2.384185791015625e-07,
      "kl_after": 0.019903231412172318,
      "cost_gap": -0.5048588812351227,
      "cost_recoverable": true,
      "cost_quadratic": 1076.828369140625,
      "reward_quadratic": 4.445987701416016,
      "reward_cost_cross": -18.123035430908203,
      "max_linear_cost_drop": 6.56301262878756,
      "rollout_wall_seconds": 2.684985429048538,
      "update_wall_seconds": 1.5495062097907066,
      "total_wall_seconds": 4.234494011849165
    },
    {
      "update": 765,
      "algorithm": "macpo",
      "actor_loss": -0.4263901710510254,
      "reward_critic_loss": 0.0016693364595994353,
      "cost_critic_loss": 0.34230440855026245,
      "reward_critic_loss_last": 0.0016693364595994353,
      "cost_critic_loss_last": 0.34230440855026245,
      "critic_epochs": 1,
      "daily_voltage_cost": 0.0070264143869280815,
      "daily_voltage_cost_raw": 0.0070264143869280815,
      "daily_voltage_cost_normalized": 0.35132071375846863,
      "daily_economic_return_raw_yuan": -1029736.8125,
      "daily_economic_return_normalized": -0.32672375440597534,
      "daily_economic_cost_raw_yuan": 1029736.8125,
      "economic_reward_scale_yuan": 3151704.8194007874,
      "lagrange_multiplier": 0.0,
      "cost_budget": 1.0,
      "cost_budget_raw": 0.02,
      "cost_budget_normalized": 1.0,
      "algorithm_cost_mode": "separate_cost",
      "fixed_cost_penalty_coef": 0.0,
      "log_std_max": -2.3,
      "accepted": true,
      "mode": "reward",
      "reward_before": -3.087385991307201e-08,
      "reward_after": 0.4263901710510254,
      "cost_before": 0.3513253629207611,
      "cost_after": 0.024518251419067383,
      "kl_before": -2.384185791015625e-07,
      "kl_after": 0.019910184666514397,
      "cost_gap": -0.6486746370792389,
      "cost_recoverable": true,
      "cost_quadratic": 946.9691162109375,
      "reward_quadratic": 4.006276607513428,
      "reward_cost_cross": -2.919288158416748,
      "max_linear_cost_drop": 6.154572661723761,
      "rollout_wall_seconds": 2.631281515583396,
      "update_wall_seconds": 1.5797129832208157,
      "total_wall_seconds": 4.21099684946239
    },
    {
      "update": 766,
      "algorithm": "macpo",
      "actor_loss": -0.4320555031299591,
      "reward_critic_loss": 0.002331729047000408,
      "cost_critic_loss": 1.0176770687103271,
      "reward_critic_loss_last": 0.002331729047000408,
      "cost_critic_loss_last": 1.0176770687103271,
      "critic_epochs": 1,
      "daily_voltage_cost": 0.011278546415269375,
      "daily_voltage_cost_raw": 0.011278546415269375,
      "daily_voltage_cost_normalized": 0.5639273524284363,
      "daily_economic_return_raw_yuan": -1231102.0,
      "daily_economic_return_normalized": -0.3906146287918091,
      "daily_economic_cost_raw_yuan": 1231102.0,
      "economic_reward_scale_yuan": 3151704.8194007874,
      "lagrange_multiplier": 0.0,
      "cost_budget": 1.0,
      "cost_budget_raw": 0.02,
      "cost_budget_normalized": 1.0,
      "algorithm_cost_mode": "separate_cost",
      "fixed_cost_penalty_coef": 0.0,
      "log_std_max": -2.3,
      "accepted": true,
      "mode": "reward",
      "reward_before": 5.28310053482528e-08,
      "reward_after": 0.4320555031299591,
      "cost_before": 0.5639281272888184,
      "cost_after": 0.34277740120887756,
      "kl_before": -2.384185791015625e-07,
      "kl_after": 0.019960535690188408,
      "cost_gap": -0.43607187271118164,
      "cost_recoverable": true,
      "cost_quadratic": 2270.47412109375,
      "reward_quadratic": 4.968779563903809,
      "reward_cost_cross": -0.11079835891723633,
      "max_linear_cost_drop": 9.529898469750346,
      "rollout_wall_seconds": 2.4235453829169273,
      "update_wall_seconds": 1.5562044195830822,
      "total_wall_seconds": 3.9797530081123114
    },
    {
      "update": 767,
      "algorithm": "macpo",
      "actor_loss": -0.03206196427345276,
      "reward_critic_loss": 0.0016659721732139587,
      "cost_critic_loss": 3.67891263961792,
      "reward_critic_loss_last": 0.0016659721732139587,
      "cost_critic_loss_last": 3.67891263961792,
      "critic_epochs": 1,
      "daily_voltage_cost": 0.030839554965496063,
      "daily_voltage_cost_raw": 0.030839554965496063,
      "daily_voltage_cost_normalized": 1.5419776439666748,
      "daily_economic_return_raw_yuan": -1226548.125,
      "daily_economic_return_normalized": -0.38916975259780884,
      "daily_economic_cost_raw_yuan": 1226548.125,
      "economic_reward_scale_yuan": 3151704.8194007874,
      "lagrange_multiplier": 0.0,
      "cost_budget": 1.0,
      "cost_budget_raw": 0.02,
      "cost_budget_normalized": 1.0,
      "algorithm_cost_mode": "separate_cost",
      "fixed_cost_penalty_coef": 0.0,
      "log_std_max": -2.3,
      "accepted": true,
      "mode": "cost_recovery",
      "reward_before": 2.0666078626163653e-08,
      "reward_after": 0.03206196427345276,
      "cost_before": 1.541969656944275,
      "cost_after": -13.419715881347656,
      "kl_before": -2.384185791015625e-07,
      "kl_after": 0.01995733752846718,
      "cost_gap": 0.5419696569442749,
      "cost_recoverable": true,
      "cost_quadratic": 8081.75439453125,
      "reward_quadratic": 3.6941726207733154,
      "reward_cost_cross": -15.952616691589355,
      "max_linear_cost_drop": 17.97971567576223,
      "rollout_wall_seconds": 2.4234789200127125,
      "update_wall_seconds": 1.3897920120507479,
      "total_wall_seconds": 3.813273483887315
    },
    {
      "update": 768,
      "algorithm": "macpo",
      "actor_loss": -0.3869282007217407,
      "reward_critic_loss": 0.0018232426373288035,
      "cost_critic_loss": 0.49489331245422363,
      "reward_critic_loss_last": 0.0018232426373288035,
      "cost_critic_loss_last": 0.49489331245422363,
      "critic_epochs": 1,
      "daily_voltage_cost": 0.008598849177360535,
      "daily_voltage_cost_raw": 0.008598849177360535,
      "daily_voltage_cost_normalized": 0.42994245886802673,
      "daily_economic_return_raw_yuan": -1035751.1875,
      "daily_economic_return_normalized": -0.32863205671310425,
      "daily_economic_cost_raw_yuan": 1035751.1875,
      "economic_reward_scale_yuan": 3151704.8194007874,
      "lagrange_multiplier": 0.0,
      "cost_budget": 1.0,
      "cost_budget_raw": 0.02,
      "cost_budget_normalized": 1.0,
      "algorithm_cost_mode": "separate_cost",
      "fixed_cost_penalty_coef": 0.0,
      "log_std_max": -2.3,
      "accepted": true,
      "mode": "reward",
      "reward_before": -6.924508966221765e-08,
      "reward_after": 0.3869282007217407,
      "cost_before": 0.4299484193325043,
      "cost_after": 0.6292085647583008,
      "kl_before": -2.384185791015625e-07,
      "kl_after": 0.01990477368235588,
      "cost_gap": -0.5700515806674957,
      "cost_recoverable": true,
      "cost_quadratic": 1150.51611328125,
      "reward_quadratic": 3.6439950466156006,
      "reward_cost_cross": 3.638371706008911,
      "max_linear_cost_drop": 6.783851747440387,
      "rollout_wall_seconds": 1.9491220954805613,
      "update_wall_seconds": 1.2965118195861578,
      "total_wall_seconds": 3.245636222884059
    },
    {
      "update": 769,
      "algorithm": "macpo",
      "actor_loss": -0.1984078735113144,
      "reward_critic_loss": 0.001999704632908106,
      "cost_critic_loss": 0.14850124716758728,
      "reward_critic_loss_last": 0.001999704632908106,
      "cost_critic_loss_last": 0.14850124716758728,
      "critic_epochs": 1,
      "daily_voltage_cost": 0.0007738033309578896,
      "daily_voltage_cost_raw": 0.0007738033309578896,
      "daily_voltage_cost_normalized": 0.03869016468524933,
      "daily_economic_return_raw_yuan": -942651.5625,
      "daily_economic_return_normalized": -0.2990925908088684,
      "daily_economic_cost_raw_yuan": 942651.5625,
      "economic_reward_scale_yuan": 3151704.8194007874,
      "lagrange_multiplier": 0.0,
      "cost_budget": 1.0,
      "cost_budget_raw": 0.02,
      "cost_budget_normalized": 1.0,
      "algorithm_cost_mode": "separate_cost",
      "fixed_cost_penalty_coef": 0.0,
      "log_std_max": -2.3,
      "accepted": true,
      "mode": "reward",
      "reward_before": -2.627235176078102e-07,
      "reward_after": 0.1984078735113144,
      "cost_before": 0.03869299218058586,
      "cost_after": -0.37939250469207764,
      "kl_before": -2.384185791015625e-07,
      "kl_after": 0.005023220553994179,
      "cost_gap": -0.9613070078194141,
      "cost_recoverable": true,
      "cost_quadratic": 366.708251953125,
      "reward_quadratic": 3.5892398357391357,
      "reward_cost_cross": -8.836065292358398,
      "max_linear_cost_drop": 3.829925596943758,
      "rollout_wall_seconds": 1.9603955280035734,
      "update_wall_seconds": 1.0793936736881733,
      "total_wall_seconds": 3.0397915989160538
    },
    {
      "update": 770,
      "algorithm": "macpo",
      "actor_loss": -0.40603339672088623,
      "reward_critic_loss": 0.0017928833840414882,
      "cost_critic_loss": 0.18375027179718018,
      "reward_critic_loss_last": 0.0017928833840414882,
      "cost_critic_loss_last": 0.18375027179718018,
      "critic_epochs": 1,
      "daily_voltage_cost": 0.004024674650281668,
      "daily_voltage_cost_raw": 0.004024674650281668,
      "daily_voltage_cost_normalized": 0.20123374462127686,
      "daily_economic_return_raw_yuan": -1034039.5625,
      "daily_economic_return_normalized": -0.3280889689922333,
      "daily_economic_cost_raw_yuan": 1034039.5625,
      "economic_reward_scale_yuan": 3151704.8194007874,
      "lagrange_multiplier": 0.0,
      "cost_budget": 1.0,
      "cost_budget_raw": 0.02,
      "cost_budget_normalized": 1.0,
      "algorithm_cost_mode": "separate_cost",
      "fixed_cost_penalty_coef": 0.0,
      "log_std_max": -2.3,
      "accepted": true,
      "mode": "reward",
      "reward_before": -3.02578769151296e-07,
      "reward_after": 0.40603339672088623,
      "cost_before": 0.20123353600502014,
      "cost_after": -0.5453258752822876,
      "kl_before": -2.384185791015625e-07,
      "kl_after": 0.019987210631370544,
      "cost_gap": -0.7987664639949799,
      "cost_recoverable": true,
      "cost_quadratic": 461.94927978515625,
      "reward_quadratic": 3.816124439239502,
      "reward_cost_cross": -5.692544460296631,
      "max_linear_cost_drop": 4.298601073768797,
      "rollout_wall_seconds": 1.925334071740508,
      "update_wall_seconds": 1.08082471229136,
      "total_wall_seconds": 3.0061608348041773
    },
    {
      "update": 771,
      "algorithm": "macpo",
      "actor_loss": -0.424201637506485,
      "reward_critic_loss": 0.0020052155014127493,
      "cost_critic_loss": 0.16627979278564453,
      "reward_critic_loss_last": 0.0020052155014127493,
      "cost_critic_loss_last": 0.16627979278564453,
      "critic_epochs": 1,
      "daily_voltage_cost": 0.007331366650760174,
      "daily_voltage_cost_raw": 0.007331366650760174,
      "daily_voltage_cost_normalized": 0.36656832695007324,
      "daily_economic_return_raw_yuan": -1094925.25,
      "daily_economic_return_normalized": -0.3474073112010956,
      "daily_economic_cost_raw_yuan": 1094925.25,
      "economic_reward_scale_yuan": 3151704.8194007874,
      "lagrange_multiplier": 0.0,
      "cost_budget": 1.0,
      "cost_budget_raw": 0.02,
      "cost_budget_normalized": 1.0,
      "algorithm_cost_mode": "separate_cost",
      "fixed_cost_penalty_coef": 0.0,
      "log_std_max": -2.3,
      "accepted": true,
      "mode": "reward",
      "reward_before": 1.7541775321205932e-07,
      "reward_after": 0.424201637506485,
      "cost_before": 0.36656951904296875,
      "cost_after": -0.06394696235656738,
      "kl_before": -2.384185791015625e-07,
      "kl_after": 0.01994386501610279,
      "cost_gap": -0.6334304809570312,
      "cost_recoverable": true,
      "cost_quadratic": 371.6868896484375,
      "reward_quadratic": 4.751613616943359,
      "reward_cost_cross": -3.911461114883423,
      "max_linear_cost_drop": 3.855836561102856,
      "rollout_wall_seconds": 1.6084099598228931,
      "update_wall_seconds": 1.128930976614356,
      "total_wall_seconds": 2.737342970445752
    },
    {
      "update": 772,
      "algorithm": "macpo",
      "actor_loss": -0.0194893479347229,
      "reward_critic_loss": 0.001451041316613555,
      "cost_critic_loss": 2.3239173889160156,
      "reward_critic_loss_last": 0.001451041316613555,
      "cost_critic_loss_last": 2.3239173889160156,
      "critic_epochs": 1,
      "daily_voltage_cost": 0.02186799794435501,
      "daily_voltage_cost_raw": 0.02186799794435501,
      "daily_voltage_cost_normalized": 1.0933997631072998,
      "daily_economic_return_raw_yuan": -1102950.25,
      "daily_economic_return_normalized": -0.3499535620212555,
      "daily_economic_cost_raw_yuan": 1102950.25,
      "economic_reward_scale_yuan": 3151704.8194007874,
      "lagrange_multiplier": 0.0,
      "cost_budget": 1.0,
      "cost_budget_raw": 0.02,
      "cost_budget_normalized": 1.0,
      "algorithm_cost_mode": "separate_cost",
      "fixed_cost_penalty_coef": 0.0,
      "log_std_max": -2.3,
      "accepted": true,
      "mode": "cost_recovery",
      "reward_before": 1.0119394744378951e-07,
      "reward_after": 0.0194893479347229,
      "cost_before": 1.0933918952941895,
      "cost_after": -5.962396621704102,
      "kl_before": -2.384185791015625e-07,
      "kl_after": 0.005001756828278303,
      "cost_gap": 0.09339189529418945,
      "cost_recoverable": true,
      "cost_quadratic": 6220.560546875,
      "reward_quadratic": 2.9617056846618652,
      "reward_cost_cross": -14.261274337768555,
      "max_linear_cost_drop": 15.77410605628731,
      "rollout_wall_seconds": 1.9967711716890335,
      "update_wall_seconds": 1.389640772715211,
      "total_wall_seconds": 3.3864142913371325
    },
    {
      "update": 773,
      "algorithm": "macpo",
      "actor_loss": -0.017769770696759224,
      "reward_critic_loss": 0.002036473248153925,
      "cost_critic_loss": 1.113802194595337,
      "reward_critic_loss_last": 0.002036473248153925,
      "cost_critic_loss_last": 1.113802194595337,
      "critic_epochs": 1,
      "daily_voltage_cost": 0.020944517105817795,
      "daily_voltage_cost_raw": 0.020944517105817795,
      "daily_voltage_cost_normalized": 1.047225832939148,
      "daily_economic_return_raw_yuan": -1181903.75,
      "daily_economic_return_normalized": -0.3750045895576477,
      "daily_economic_cost_raw_yuan": 1181903.75,
      "economic_reward_scale_yuan": 3151704.8194007874,
      "lagrange_multiplier": 0.0,
      "cost_budget": 1.0,
      "cost_budget_raw": 0.02,
      "cost_budget_normalized": 1.0,
      "algorithm_cost_mode": "separate_cost",
      "fixed_cost_penalty_coef": 0.0,
      "log_std_max": -2.3,
      "accepted": true,
      "mode": "cost_recovery",
      "reward_before": -2.770997298284783e-07,
      "reward_after": 0.017769770696759224,
      "cost_before": 1.0472217798233032,
      "cost_after": -3.6035499572753906,
      "kl_before": -2.384185791015625e-07,
      "kl_after": 0.004971526563167572,
      "cost_gap": 0.04722177982330322,
      "cost_recoverable": true,
      "cost_quadratic": 2631.336181640625,
      "reward_quadratic": 4.3586626052856445,
      "reward_cost_cross": -8.420018196105957,
      "max_linear_cost_drop": 10.259310272412323,
      "rollout_wall_seconds": 1.96753803268075,
      "update_wall_seconds": 1.281782016158104,
      "total_wall_seconds": 3.2493221014738083
    },
    {
      "update": 774,
      "algorithm": "macpo",
      "actor_loss": -0.02584439516067505,
      "reward_critic_loss": 0.0018224522937089205,
      "cost_critic_loss": 2.992302656173706,
      "reward_critic_loss_last": 0.0018224522937089205,
      "cost_critic_loss_last": 2.992302656173706,
      "critic_epochs": 1,
      "daily_voltage_cost": 0.029891563579440117,
      "daily_voltage_cost_raw": 0.029891563579440117,
      "daily_voltage_cost_normalized": 1.4945783615112305,
      "daily_economic_return_raw_yuan": -1080735.875,
      "daily_economic_return_normalized": -0.3429051637649536,
      "daily_economic_cost_raw_yuan": 1080735.875,
      "economic_reward_scale_yuan": 3151704.8194007874,
      "lagrange_multiplier": 0.0,
      "cost_budget": 1.0,
      "cost_budget_raw": 0.02,
      "cost_budget_normalized": 1.0,
      "algorithm_cost_mode": "separate_cost",
      "fixed_cost_penalty_coef": 0.0,
      "log_std_max": -2.3,
      "accepted": true,
      "mode": "cost_recovery",
      "reward_before": 3.640360546341981e-08,
      "reward_after": 0.02584439516067505,
      "cost_before": 1.4945869445800781,
      "cost_after": -12.27703857421875,
      "kl_before": -2.384185791015625e-07,
      "kl_after": 0.019962457939982414,
      "cost_gap": 0.4945869445800781,
      "cost_recoverable": true,
      "cost_quadratic": 6970.8095703125,
      "reward_quadratic": 4.061504364013672,
      "reward_cost_cross": -11.479717254638672,
      "max_linear_cost_drop": 16.69827484539945,
      "rollout_wall_seconds": 2.1898139100521803,
      "update_wall_seconds": 1.2740357164293528,
      "total_wall_seconds": 3.4638517890125513
    },
    {
      "update": 775,
      "algorithm": "macpo",
      "actor_loss": -0.4046960473060608,
      "reward_critic_loss": 0.0018816932570189238,
      "cost_critic_loss": 0.078603096306324,
      "reward_critic_loss_last": 0.0018816932570189238,
      "cost_critic_loss_last": 0.078603096306324,
      "critic_epochs": 1,
      "daily_voltage_cost": 0.0,
      "daily_voltage_cost_raw": 0.0,
      "daily_voltage_cost_normalized": 0.0,
      "daily_economic_return_raw_yuan": -1009648.0,
      "daily_economic_return_normalized": -0.3203498125076294,
      "daily_economic_cost_raw_yuan": 1009648.0,
      "economic_reward_scale_yuan": 3151704.8194007874,
      "lagrange_multiplier": 0.0,
      "cost_budget": 1.0,
      "cost_budget_raw": 0.02,
      "cost_budget_normalized": 1.0,
      "algorithm_cost_mode": "separate_cost",
      "fixed_cost_penalty_coef": 0.0,
      "log_std_max": -2.3,
      "accepted": true,
      "mode": "reward",
      "reward_before": 3.5924182384405867e-07,
      "reward_after": 0.4046960473060608,
      "cost_before": 4.119234745303402e-06,
      "cost_after": -0.09320930391550064,
      "kl_before": -2.384185791015625e-07,
      "kl_after": 0.019933411851525307,
      "cost_gap": -0.9999958807652547,
      "cost_recoverable": true,
      "cost_quadratic": 169.5586700439453,
      "reward_quadratic": 3.931541919708252,
      "reward_cost_cross": 0.18968677520751953,
      "max_linear_cost_drop": 2.604293916161886,
      "rollout_wall_seconds": 2.3521277736872435,
      "update_wall_seconds": 1.3748365119099617,
      "total_wall_seconds": 3.7269668579101562
    },
    {
      "update": 776,
      "algorithm": "macpo",
      "actor_loss": -0.19159206748008728,
      "reward_critic_loss": 0.0015292102470993996,
      "cost_critic_loss": 0.7841200232505798,
      "reward_critic_loss_last": 0.0015292102470993996,
      "cost_critic_loss_last": 0.7841200232505798,
      "critic_epochs": 1,
      "daily_voltage_cost": 0.011907607316970825,
      "daily_voltage_cost_raw": 0.011907607316970825,
      "daily_voltage_cost_normalized": 0.5953803062438965,
      "daily_economic_return_raw_yuan": -1124426.75,
      "daily_economic_return_normalized": -0.35676780343055725,
      "daily_economic_cost_raw_yuan": 1124426.75,
      "economic_reward_scale_yuan": 3151704.8194007874,
      "lagrange_multiplier": 0.0,
      "cost_budget": 1.0,
      "cost_budget_raw": 0.02,
      "cost_budget_normalized": 1.0,
      "algorithm_cost_mode": "separate_cost",
      "fixed_cost_penalty_coef": 0.0,
      "log_std_max": -2.3,
      "accepted": true,
      "mode": "constrained_reward",
      "reward_before": 1.731559819972972e-07,
      "reward_after": 0.19159206748008728,
      "cost_before": 0.5953766703605652,
      "cost_after": 0.656163215637207,
      "kl_before": -2.384185791015625e-07,
      "kl_after": 0.004990143235772848,
      "cost_gap": -0.4046233296394348,
      "cost_recoverable": true,
      "cost_quadratic": 2003.775390625,
      "reward_quadratic": 3.654597759246826,
      "reward_cost_cross": 7.138888359069824,
      "max_linear_cost_drop": 8.952709959838977,
      "rollout_wall_seconds": 2.2083958853036165,
      "update_wall_seconds": 1.0837796330451965,
      "total_wall_seconds": 3.2921780459582806
    },
    {
      "update": 777,
      "algorithm": "macpo",
      "actor_loss": -0.3584936261177063,
      "reward_critic_loss": 0.0016647062730044127,
      "cost_critic_loss": 0.8386227488517761,
      "reward_critic_loss_last": 0.0016647062730044127,
      "cost_critic_loss_last": 0.8386227488517761,
      "critic_epochs": 1,
      "daily_voltage_cost": 0.015665173530578613,
      "daily_voltage_cost_raw": 0.015665173530578613,
      "daily_voltage_cost_normalized": 0.7832587957382202,
      "daily_economic_return_raw_yuan": -1198914.375,
      "daily_economic_return_normalized": -0.3804018497467041,
      "daily_economic_cost_raw_yuan": 1198914.375,
      "economic_reward_scale_yuan": 3151704.8194007874,
      "lagrange_multiplier": 0.0,
      "cost_budget": 1.0,
      "cost_budget_raw": 0.02,
      "cost_budget_normalized": 1.0,
      "algorithm_cost_mode": "separate_cost",
      "fixed_cost_penalty_coef": 0.0,
      "log_std_max": -2.3,
      "accepted": true,
      "mode": "reward",
      "reward_before": 1.8090457842845353e-07,
      "reward_after": 0.3584936261177063,
      "cost_before": 0.7832437753677368,
      "cost_after": -1.22982919216156,
      "kl_before": -2.384185791015625e-07,
      "kl_after": 0.019927795976400375,
      "cost_gap": -0.21675622463226318,
      "cost_recoverable": true,
      "cost_quadratic": 2044.8443603515625,
      "reward_quadratic": 3.355156421661377,
      "reward_cost_cross": -21.059778213500977,
      "max_linear_cost_drop": 9.043991066673081,
      "rollout_wall_seconds": 1.3184648510068655,
      "update_wall_seconds": 1.1150668151676655,
      "total_wall_seconds": 2.4335338715463877
    },
    {
      "update": 778,
      "algorithm": "macpo",
      "actor_loss": -0.4101143777370453,
      "reward_critic_loss": 0.001678528729826212,
      "cost_critic_loss": 0.23465070128440857,
      "reward_critic_loss_last": 0.001678528729826212,
      "cost_critic_loss_last": 0.23465070128440857,
      "critic_epochs": 1,
      "daily_voltage_cost": 0.009935455396771431,
      "daily_voltage_cost_raw": 0.009935455396771431,
      "daily_voltage_cost_normalized": 0.4967727065086365,
      "daily_economic_return_raw_yuan": -1225636.25,
      "daily_economic_return_normalized": -0.3888804316520691,
      "daily_economic_cost_raw_yuan": 1225636.25,
      "economic_reward_scale_yuan": 3151704.8194007874,
      "lagrange_multiplier": 0.0,
      "cost_budget": 1.0,
      "cost_budget_raw": 0.02,
      "cost_budget_normalized": 1.0,
      "algorithm_cost_mode": "separate_cost",
      "fixed_cost_penalty_coef": 0.0,
      "log_std_max": -2.3,
      "accepted": true,
      "mode": "reward",
      "reward_before": -4.5591157515900704e-08,
      "reward_after": 0.4101143777370453,
      "cost_before": 0.496772825717926,
      "cost_after": -0.4955090880393982,
      "kl_before": -2.384185791015625e-07,
      "kl_after": 0.01995774172246456,
      "cost_gap": -0.503227174282074,
      "cost_recoverable": true,
      "cost_quadratic": 534.49072265625,
      "reward_quadratic": 3.660796642303467,
      "reward_cost_cross": -7.6177568435668945,
      "max_linear_cost_drop": 4.623811080294047,
      "rollout_wall_seconds": 1.704462692141533,
      "update_wall_seconds": 1.3214950188994408,
      "total_wall_seconds": 3.0259601045399904
    },
    {
      "update": 779,
      "algorithm": "macpo",
      "actor_loss": -0.38578277826309204,
      "reward_critic_loss": 0.0017395843751728535,
      "cost_critic_loss": 0.15198910236358643,
      "reward_critic_loss_last": 0.0017395843751728535,
      "cost_critic_loss_last": 0.15198910236358643,
      "critic_epochs": 1,
      "daily_voltage_cost": 0.004890174604952335,
      "daily_voltage_cost_raw": 0.004890174604952335,
      "daily_voltage_cost_normalized": 0.24450872838497162,
      "daily_economic_return_raw_yuan": -1172484.375,
      "daily_economic_return_normalized": -0.37201592326164246,
      "daily_economic_cost_raw_yuan": 1172484.375,
      "economic_reward_scale_yuan": 3151704.8194007874,
      "lagrange_multiplier": 0.0,
      "cost_budget": 1.0,
      "cost_budget_raw": 0.02,
      "cost_budget_normalized": 1.0,
      "algorithm_cost_mode": "separate_cost",
      "fixed_cost_penalty_coef": 0.0,
      "log_std_max": -2.3,
      "accepted": true,
      "mode": "reward",
      "reward_before": 1.9442566667748906e-08,
      "reward_after": 0.38578277826309204,
      "cost_before": 0.24451230466365814,
      "cost_after": -0.019574567675590515,
      "kl_before": -2.384185791015625e-07,
      "kl_after": 0.01999351754784584,
      "cost_gap": -0.7554876953363419,
      "cost_recoverable": true,
      "cost_quadratic": 379.4659729003906,
      "reward_quadratic": 3.9781312942504883,
      "reward_cost_cross": -2.825925350189209,
      "max_linear_cost_drop": 3.8959772735496836,
      "rollout_wall_seconds": 2.144619356840849,
      "update_wall_seconds": 1.2334953416138887,
      "total_wall_seconds": 3.37811722420156
    },
    {
      "update": 780,
      "algorithm": "macpo",
      "actor_loss": -0.3772149085998535,
      "reward_critic_loss": 0.0014168279012665153,
      "cost_critic_loss": 0.30507394671440125,
      "reward_critic_loss_last": 0.0014168279012665153,
      "cost_critic_loss_last": 0.30507394671440125,
      "critic_epochs": 1,
      "daily_voltage_cost": 0.009304707869887352,
      "daily_voltage_cost_raw": 0.009304707869887352,
      "daily_voltage_cost_normalized": 0.4652353823184967,
      "daily_economic_return_raw_yuan": -1208053.375,
      "daily_economic_return_normalized": -0.38330158591270447,
      "daily_economic_cost_raw_yuan": 1208053.375,
      "economic_reward_scale_yuan": 3151704.8194007874,
      "lagrange_multiplier": 0.0,
      "cost_budget": 1.0,
      "cost_budget_raw": 0.02,
      "cost_budget_normalized": 1.0,
      "algorithm_cost_mode": "separate_cost",
      "fixed_cost_penalty_coef": 0.0,
      "log_std_max": -2.3,
      "accepted": true,
      "mode": "reward",
      "reward_before": -6.453755929669569e-08,
      "reward_after": 0.3772149085998535,
      "cost_before": 0.4652358293533325,
      "cost_after": -0.4094803035259247,
      "kl_before": -2.384185791015625e-07,
      "kl_after": 0.01991594210267067,
      "cost_gap": -0.5347641706466675,
      "cost_recoverable": true,
      "cost_quadratic": 639.4644775390625,
      "reward_quadratic": 3.1619815826416016,
      "reward_cost_cross": -6.988336086273193,
      "max_linear_cost_drop": 5.057526974872452,
      "rollout_wall_seconds": 2.2474289927631617,
      "update_wall_seconds": 1.2355436570942402,
      "total_wall_seconds": 3.4829750284552574
    },
    {
      "update": 781,
      "algorithm": "macpo",
      "actor_loss": -0.4254792034626007,
      "reward_critic_loss": 0.0018798134988173842,
      "cost_critic_loss": 0.11478954553604126,
      "reward_critic_loss_last": 0.0018798134988173842,
      "cost_critic_loss_last": 0.11478954553604126,
      "critic_epochs": 1,
      "daily_voltage_cost": 0.0033807395957410336,
      "daily_voltage_cost_raw": 0.0033807395957410336,
      "daily_voltage_cost_normalized": 0.16903696954250336,
      "daily_economic_return_raw_yuan": -1054683.875,
      "daily_economic_return_normalized": -0.33463919162750244,
      "daily_economic_cost_raw_yuan": 1054683.875,
      "economic_reward_scale_yuan": 3151704.8194007874,
      "lagrange_multiplier": 0.0,
      "cost_budget": 1.0,
      "cost_budget_raw": 0.02,
      "cost_budget_normalized": 1.0,
      "algorithm_cost_mode": "separate_cost",
      "fixed_cost_penalty_coef": 0.0,
      "log_std_max": -2.3,
      "accepted": true,
      "mode": "reward",
      "reward_before": 2.084350114728295e-08,
      "reward_after": 0.4254792034626007,
      "cost_before": 0.16903766989707947,
      "cost_after": -0.4693862199783325,
      "kl_before": -2.384185791015625e-07,
      "kl_after": 0.019897935912013054,
      "cost_gap": -0.8309623301029205,
      "cost_recoverable": true,
      "cost_quadratic": 235.96295166015625,
      "reward_quadratic": 4.276333808898926,
      "reward_cost_cross": -5.259581089019775,
      "max_linear_cost_drop": 3.072217125531047,
      "rollout_wall_seconds": 1.925642367452383,
      "update_wall_seconds": 1.0301411394029856,
      "total_wall_seconds": 2.955785620957613
    },
    {
      "update": 782,
      "algorithm": "macpo",
      "actor_loss": -0.21531733870506287,
      "reward_critic_loss": 0.0021933079697191715,
      "cost_critic_loss": 0.4033554494380951,
      "reward_critic_loss_last": 0.0021933079697191715,
      "cost_critic_loss_last": 0.4033554494380951,
      "critic_epochs": 1,
      "daily_voltage_cost": 0.01157500222325325,
      "daily_voltage_cost_raw": 0.01157500222325325,
      "daily_voltage_cost_normalized": 0.5787501335144043,
      "daily_economic_return_raw_yuan": -1204892.125,
      "daily_economic_return_normalized": -0.3822985291481018,
      "daily_economic_cost_raw_yuan": 1204892.125,
      "economic_reward_scale_yuan": 3151704.8194007874,
      "lagrange_multiplier": 0.0,
      "cost_budget": 1.0,
      "cost_budget_raw": 0.02,
      "cost_budget_normalized": 1.0,
      "algorithm_cost_mode": "separate_cost",
      "fixed_cost_penalty_coef": 0.0,
      "log_std_max": -2.3,
      "accepted": true,
      "mode": "reward",
      "reward_before": 1.092423929094366e-08,
      "reward_after": 0.21531733870506287,
      "cost_before": 0.5787519812583923,
      "cost_after": 0.105610191822052,
      "kl_before": -2.384185791015625e-07,
      "kl_after": 0.005036151967942715,
      "cost_gap": -0.42124801874160767,
      "cost_recoverable": true,
      "cost_quadratic": 1012.5428466796875,
      "reward_quadratic": 4.659145355224609,
      "reward_cost_cross": -11.66911506652832,
      "max_linear_cost_drop": 6.364095683377765,
      "rollout_wall_seconds": 1.7682326473295689,
      "update_wall_seconds": 1.0539020001888275,
      "total_wall_seconds": 2.8221367187798023
    },
    {
      "update": 783,
      "algorithm": "macpo",
      "actor_loss": -0.36588865518569946,
      "reward_critic_loss": 0.0015437786933034658,
      "cost_critic_loss": 0.3305200934410095,
      "reward_critic_loss_last": 0.0015437786933034658,
      "cost_critic_loss_last": 0.3305200934410095,
      "critic_epochs": 1,
      "daily_voltage_cost": 0.009891764260828495,
      "daily_voltage_cost_raw": 0.009891764260828495,
      "daily_voltage_cost_normalized": 0.4945882260799408,
      "daily_economic_return_raw_yuan": -1160438.75,
      "daily_economic_return_normalized": -0.36819398403167725,
      "daily_economic_cost_raw_yuan": 1160438.75,
      "economic_reward_scale_yuan": 3151704.8194007874,
      "lagrange_multiplier": 0.0,
      "cost_budget": 1.0,
      "cost_budget_raw": 0.02,
      "cost_budget_normalized": 1.0,
      "algorithm_cost_mode": "separate_cost",
      "fixed_cost_penalty_coef": 0.0,
      "log_std_max": -2.3,
      "accepted": true,
      "mode": "reward",
      "reward_before": -3.1633899766347895e-07,
      "reward_after": 0.36588865518569946,
      "cost_before": 0.4945974349975586,
      "cost_after": -0.15463855862617493,
      "kl_before": -2.384185791015625e-07,
      "kl_after": 0.019861027598381042,
      "cost_gap": -0.5054025650024414,
      "cost_recoverable": true,
      "cost_quadratic": 699.4547119140625,
      "reward_quadratic": 3.1270742416381836,
      "reward_cost_cross": -4.436681270599365,
      "max_linear_cost_drop": 5.289441225362325,
      "rollout_wall_seconds": 1.7167354878038168,
      "update_wall_seconds": 1.2169343549758196,
      "total_wall_seconds": 2.9336723256856203
    },
    {
      "update": 784,
      "algorithm": "macpo",
      "actor_loss": -0.3216850757598877,
      "reward_critic_loss": 0.00147901417221874,
      "cost_critic_loss": 0.30550628900527954,
      "reward_critic_loss_last": 0.00147901417221874,
      "cost_critic_loss_last": 0.30550628900527954,
      "critic_epochs": 1,
      "daily_voltage_cost": 0.012898264452815056,
      "daily_voltage_cost_raw": 0.012898264452815056,
      "daily_voltage_cost_normalized": 0.6449132561683655,
      "daily_economic_return_raw_yuan": -1193015.625,
      "daily_economic_return_normalized": -0.37853026390075684,
      "daily_economic_cost_raw_yuan": 1193015.625,
      "economic_reward_scale_yuan": 3151704.8194007874,
      "lagrange_multiplier": 0.0,
      "cost_budget": 1.0,
      "cost_budget_raw": 0.02,
      "cost_budget_normalized": 1.0,
      "algorithm_cost_mode": "separate_cost",
      "fixed_cost_penalty_coef": 0.0,
      "log_std_max": -2.3,
      "accepted": true,
      "mode": "reward",
      "reward_before": 1.0148846740776207e-07,
      "reward_after": 0.3216850757598877,
      "cost_before": 0.6449089050292969,
      "cost_after": 0.7198413610458374,
      "kl_before": -2.384185791015625e-07,
      "kl_after": 0.01988885924220085,
      "cost_gap": -0.3550910949707031,
      "cost_recoverable": true,
      "cost_quadratic": 723.617919921875,
      "reward_quadratic": 2.932307720184326,
      "reward_cost_cross": 1.161576271057129,
      "max_linear_cost_drop": 5.380029442008194,
      "rollout_wall_seconds": 1.855558892711997,
      "update_wall_seconds": 1.1992309987545013,
      "total_wall_seconds": 3.0547921508550644
    },
    {
      "update": 785,
      "algorithm": "macpo",
      "actor_loss": -0.03200654685497284,
      "reward_critic_loss": 0.0017056867945939302,
      "cost_critic_loss": 3.548396110534668,
      "reward_critic_loss_last": 0.0017056867945939302,
      "cost_critic_loss_last": 3.548396110534668,
      "critic_epochs": 1,
      "daily_voltage_cost": 0.03949885070323944,
      "daily_voltage_cost_raw": 0.03949885070323944,
      "daily_voltage_cost_normalized": 1.974942684173584,
      "daily_economic_return_raw_yuan": -1193012.375,
      "daily_economic_return_normalized": -0.37852925062179565,
      "daily_economic_cost_raw_yuan": 1193012.375,
      "economic_reward_scale_yuan": 3151704.8194007874,
      "lagrange_multiplier": 0.0,
      "cost_budget": 1.0,
      "cost_budget_raw": 0.02,
      "cost_budget_normalized": 1.0,
      "algorithm_cost_mode": "separate_cost",
      "fixed_cost_penalty_coef": 0.0,
      "log_std_max": -2.3,
      "accepted": true,
      "mode": "cost_recovery",
      "reward_before": 4.309680434744223e-07,
      "reward_after": 0.03200654685497284,
      "cost_before": 1.974921464920044,
      "cost_after": -14.36463737487793,
      "kl_before": -2.384185791015625e-07,
      "kl_after": 0.01994432881474495,
      "cost_gap": 0.974921464920044,
      "cost_recoverable": true,
      "cost_quadratic": 8433.396484375,
      "reward_quadratic": 4.027203559875488,
      "reward_cost_cross": -16.66657066345215,
      "max_linear_cost_drop": 18.366705185606918,
      "rollout_wall_seconds": 2.384998043999076,
      "update_wall_seconds": 1.3535432405769825,
      "total_wall_seconds": 3.7385436855256557
    },
    {
      "update": 786,
      "algorithm": "macpo",
      "actor_loss": -0.45484375953674316,
      "reward_critic_loss": 0.0021551831159740686,
      "cost_critic_loss": 0.29322677850723267,
      "reward_critic_loss_last": 0.0021551831159740686,
      "cost_critic_loss_last": 0.29322677850723267,
      "critic_epochs": 1,
      "daily_voltage_cost": 0.007695527747273445,
      "daily_voltage_cost_raw": 0.007695527747273445,
      "daily_voltage_cost_normalized": 0.38477641344070435,
      "daily_economic_return_raw_yuan": -1153321.25,
      "daily_economic_return_normalized": -0.36593568325042725,
      "daily_economic_cost_raw_yuan": 1153321.25,
      "economic_reward_scale_yuan": 3151704.8194007874,
      "lagrange_multiplier": 0.0,
      "cost_budget": 1.0,
      "cost_budget_raw": 0.02,
      "cost_budget_normalized": 1.0,
      "algorithm_cost_mode": "separate_cost",
      "fixed_cost_penalty_coef": 0.0,
      "log_std_max": -2.3,
      "accepted": true,
      "mode": "reward",
      "reward_before": 2.747090661614493e-07,
      "reward_after": 0.45484375953674316,
      "cost_before": 0.3847781717777252,
      "cost_after": 0.6464473605155945,
      "kl_before": -2.384185791015625e-07,
      "kl_after": 0.01989458128809929,
      "cost_gap": -0.6152218282222748,
      "cost_recoverable": true,
      "cost_quadratic": 931.81494140625,
      "reward_quadratic": 5.303689002990723,
      "reward_cost_cross": 4.240151405334473,
      "max_linear_cost_drop": 6.105128799317013,
      "rollout_wall_seconds": 2.3139778934419155,
      "update_wall_seconds": 1.2505936715751886,
      "total_wall_seconds": 3.564574468880892
    },
    {
      "update": 787,
      "algorithm": "macpo",
      "actor_loss": -0.20100215077400208,
      "reward_critic_loss": 0.001897614449262619,
      "cost_critic_loss": 0.4446468949317932,
      "reward_critic_loss_last": 0.001897614449262619,
      "cost_critic_loss_last": 0.4446468949317932,
      "critic_epochs": 1,
      "daily_voltage_cost": 0.012233923189342022,
      "daily_voltage_cost_raw": 0.012233923189342022,
      "daily_voltage_cost_normalized": 0.6116961240768433,
      "daily_economic_return_raw_yuan": -1155285.875,
      "daily_economic_return_normalized": -0.3665590286254883,
      "daily_economic_cost_raw_yuan": 1155285.875,
      "economic_reward_scale_yuan": 3151704.8194007874,
      "lagrange_multiplier": 0.0,
      "cost_budget": 1.0,
      "cost_budget_raw": 0.02,
      "cost_budget_normalized": 1.0,
      "algorithm_cost_mode": "separate_cost",
      "fixed_cost_penalty_coef": 0.0,
      "log_std_max": -2.3,
      "accepted": true,
      "mode": "reward",
      "reward_before": -2.479912097896886e-07,
      "reward_after": 0.20100215077400208,
      "cost_before": 0.611694872379303,
      "cost_after": 0.3647168278694153,
      "kl_before": -2.384185791015625e-07,
      "kl_after": 0.005013453774154186,
      "cost_gap": -0.388305127620697,
      "cost_recoverable": true,
      "cost_quadratic": 880.3536376953125,
      "reward_quadratic": 4.088765621185303,
      "reward_cost_cross": -4.896045684814453,
      "max_linear_cost_drop": 5.934150782362418,
      "rollout_wall_seconds": 2.333829602226615,
      "update_wall_seconds": 1.2008972559124231,
      "total_wall_seconds": 3.534729614853859
    },
    {
      "update": 788,
      "algorithm": "macpo",
      "actor_loss": -0.4117087125778198,
      "reward_critic_loss": 0.0015005143359303474,
      "cost_critic_loss": 0.07451926171779633,
      "reward_critic_loss_last": 0.0015005143359303474,
      "cost_critic_loss_last": 0.07451926171779633,
      "critic_epochs": 1,
      "daily_voltage_cost": 0.0012361927656456828,
      "daily_voltage_cost_raw": 0.0012361927656456828,
      "daily_voltage_cost_normalized": 0.061809636652469635,
      "daily_economic_return_raw_yuan": -883931.3125,
      "daily_economic_return_normalized": -0.2804613411426544,
      "daily_economic_cost_raw_yuan": 883931.3125,
      "economic_reward_scale_yuan": 3151704.8194007874,
      "lagrange_multiplier": 0.0,
      "cost_budget": 1.0,
      "cost_budget_raw": 0.02,
      "cost_budget_normalized": 1.0,
      "algorithm_cost_mode": "separate_cost",
      "fixed_cost_penalty_coef": 0.0,
      "log_std_max": -2.3,
      "accepted": true,
      "mode": "reward",
      "reward_before": -3.5251468943897635e-07,
      "reward_after": 0.4117087125778198,
      "cost_before": 0.0618106946349144,
      "cost_after": -0.943498969078064,
      "kl_before": -2.384185791015625e-07,
      "kl_after": 0.019897662103176117,
      "cost_gap": -0.9381893053650856,
      "cost_recoverable": true,
      "cost_quadratic": 161.74050903320312,
      "reward_quadratic": 3.2301230430603027,
      "reward_cost_cross": -6.845131874084473,
      "max_linear_cost_drop": 2.5435448416192954,
      "rollout_wall_seconds": 1.4142985623329878,
      "update_wall_seconds": 0.9129661954939365,
      "total_wall_seconds": 2.327266752719879
    },
    {
      "update": 789,
      "algorithm": "macpo",
      "actor_loss": -0.09542934596538544,
      "reward_critic_loss": 0.001628343015909195,
      "cost_critic_loss": 3.3432395458221436,
      "reward_critic_loss_last": 0.001628343015909195,
      "cost_critic_loss_last": 3.3432395458221436,
      "critic_epochs": 1,
      "daily_voltage_cost": 0.03239640220999718,
      "daily_voltage_cost_raw": 0.03239640220999718,
      "daily_voltage_cost_normalized": 1.6198203563690186,
      "daily_economic_return_raw_yuan": -1085338.625,
      "daily_economic_return_normalized": -0.34436559677124023,
      "daily_economic_cost_raw_yuan": 1085338.625,
      "economic_reward_scale_yuan": 3151704.8194007874,
      "lagrange_multiplier": 0.0,
      "cost_budget": 1.0,
      "cost_budget_raw": 0.02,
      "cost_budget_normalized": 1.0,
      "algorithm_cost_mode": "separate_cost",
      "fixed_cost_penalty_coef": 0.0,
      "log_std_max": -2.3,
      "accepted": true,
      "mode": "cost_recovery",
      "reward_before": 6.543027097904996e-08,
      "reward_after": 0.09542934596538544,
      "cost_before": 1.6198039054870605,
      "cost_after": -12.466800689697266,
      "kl_before": -2.384185791015625e-07,
      "kl_after": 0.019930396229028702,
      "cost_gap": 0.6198039054870605,
      "cost_recoverable": true,
      "cost_quadratic": 7894.2685546875,
      "reward_quadratic": 4.172066688537598,
      "reward_cost_cross": -48.25873565673828,
      "max_linear_cost_drop": 17.769939284856886,
      "rollout_wall_seconds": 1.7477978058159351,
      "update_wall_seconds": 1.1590591073036194,
      "total_wall_seconds": 2.906859626993537
    },
    {
      "update": 790,
      "algorithm": "macpo",
      "actor_loss": -0.3835207223892212,
      "reward_critic_loss": 0.0018656019819900393,
      "cost_critic_loss": 0.48275893926620483,
      "reward_critic_loss_last": 0.0018656019819900393,
      "cost_critic_loss_last": 0.48275893926620483,
      "critic_epochs": 1,
      "daily_voltage_cost": 0.011331599205732346,
      "daily_voltage_cost_raw": 0.011331599205732346,
      "daily_voltage_cost_normalized": 0.5665799975395203,
      "daily_economic_return_raw_yuan": -1109277.75,
      "daily_economic_return_normalized": -0.3519611954689026,
      "daily_economic_cost_raw_yuan": 1109277.75,
      "economic_reward_scale_yuan": 3151704.8194007874,
      "lagrange_multiplier": 0.0,
      "cost_budget": 1.0,
      "cost_budget_raw": 0.02,
      "cost_budget_normalized": 1.0,
      "algorithm_cost_mode": "separate_cost",
      "fixed_cost_penalty_coef": 0.0,
      "log_std_max": -2.3,
      "accepted": true,
      "mode": "reward",
      "reward_before": 9.662067412818942e-08,
      "reward_after": 0.3835207223892212,
      "cost_before": 0.5665844678878784,
      "cost_after": 0.2474966049194336,
      "kl_before": -2.384185791015625e-07,
      "kl_after": 0.019954686984419823,
      "cost_gap": -0.4334155321121216,
      "cost_recoverable": true,
      "cost_quadratic": 1318.093994140625,
      "reward_quadratic": 3.808765411376953,
      "reward_cost_cross": -4.0449957847595215,
      "max_linear_cost_drop": 7.261112846225777,
      "rollout_wall_seconds": 1.610380930826068,
      "update_wall_seconds": 1.0447989720851183,
      "total_wall_seconds": 2.6551818531006575
    },
    {
      "update": 791,
      "algorithm": "macpo",
      "actor_loss": -0.19633448123931885,
      "reward_critic_loss": 0.0020610131323337555,
      "cost_critic_loss": 0.44911473989486694,
      "reward_critic_loss_last": 0.0020610131323337555,
      "cost_critic_loss_last": 0.44911473989486694,
      "critic_epochs": 1,
      "daily_voltage_cost": 0.006718405522406101,
      "daily_voltage_cost_raw": 0.006718405522406101,
      "daily_voltage_cost_normalized": 0.3359202742576599,
      "daily_economic_return_raw_yuan": -1108699.125,
      "daily_economic_return_normalized": -0.351777583360672,
      "daily_economic_cost_raw_yuan": 1108699.125,
      "economic_reward_scale_yuan": 3151704.8194007874,
      "lagrange_multiplier": 0.0,
      "cost_budget": 1.0,
      "cost_budget_raw": 0.02,
      "cost_budget_normalized": 1.0,
      "algorithm_cost_mode": "separate_cost",
      "fixed_cost_penalty_coef": 0.0,
      "log_std_max": -2.3,
      "accepted": true,
      "mode": "reward",
      "reward_before": 2.8793721185138565e-07,
      "reward_after": 0.19633448123931885,
      "cost_before": 0.3359309434890747,
      "cost_after": 0.14298483729362488,
      "kl_before": -2.384185791015625e-07,
      "kl_after": 0.00499381497502327,
      "cost_gap": -0.6640690565109253,
      "cost_recoverable": true,
      "cost_quadratic": 1024.9736328125,
      "reward_quadratic": 3.855128049850464,
      "reward_cost_cross": -3.4974703788757324,
      "max_linear_cost_drop": 6.403041879645954,
      "rollout_wall_seconds": 1.8626438304781914,
      "update_wall_seconds": 1.5419254284352064,
      "total_wall_seconds": 3.4045717734843493
    },
    {
      "update": 792,
      "algorithm": "macpo",
      "actor_loss": 0.013603974133729935,
      "reward_critic_loss": 0.00180718582123518,
      "cost_critic_loss": 1.0049405097961426,
      "reward_critic_loss_last": 0.00180718582123518,
      "cost_critic_loss_last": 1.0049405097961426,
      "critic_epochs": 1,
      "daily_voltage_cost": 0.02543233335018158,
      "daily_voltage_cost_raw": 0.02543233335018158,
      "daily_voltage_cost_normalized": 1.2716165781021118,
      "daily_economic_return_raw_yuan": -1120824.5,
      "daily_economic_return_normalized": -0.35562485456466675,
      "daily_economic_cost_raw_yuan": 1120824.5,
      "economic_reward_scale_yuan": 3151704.8194007874,
      "lagrange_multiplier": 0.0,
      "cost_budget": 1.0,
      "cost_budget_raw": 0.02,
      "cost_budget_normalized": 1.0,
      "algorithm_cost_mode": "separate_cost",
      "fixed_cost_penalty_coef": 0.0,
      "log_std_max": -2.3,
      "accepted": true,
      "mode": "cost_recovery",
      "reward_before": 5.1179540605517104e-09,
      "reward_after": -0.013603974133729935,
      "cost_before": 1.2716078758239746,
      "cost_after": -7.479092121124268,
      "kl_before": -2.384185791015625e-07,
      "kl_after": 0.019930997863411903,
      "cost_gap": 0.2716078758239746,
      "cost_recoverable": true,
      "cost_quadratic": 2587.482177734375,
      "reward_quadratic": 4.369025230407715,
      "reward_cost_cross": 2.686275005340576,
      "max_linear_cost_drop": 10.173459937964813,
      "rollout_wall_seconds": 2.108559338375926,
      "update_wall_seconds": 1.4904434774070978,
      "total_wall_seconds": 3.599005648866296
    },
    {
      "update": 793,
      "algorithm": "macpo",
      "actor_loss": -0.0038022231310606003,
      "reward_critic_loss": 0.0016782897291705012,
      "cost_critic_loss": 1.2533797025680542,
      "reward_critic_loss_last": 0.0016782897291705012,
      "cost_critic_loss_last": 1.2533797025680542,
      "critic_epochs": 1,
      "daily_voltage_cost": 0.020952962338924408,
      "daily_voltage_cost_raw": 0.020952962338924408,
      "daily_voltage_cost_normalized": 1.0476480722427368,
      "daily_economic_return_raw_yuan": -1041571.3125,
      "daily_economic_return_normalized": -0.330478698015213,
      "daily_economic_cost_raw_yuan": 1041571.3125,
      "economic_reward_scale_yuan": 3151704.8194007874,
      "lagrange_multiplier": 0.0,
      "cost_budget": 1.0,
      "cost_budget_raw": 0.02,
      "cost_budget_normalized": 1.0,
      "algorithm_cost_mode": "separate_cost",
      "fixed_cost_penalty_coef": 0.0,
      "log_std_max": -2.3,
      "accepted": true,
      "mode": "cost_recovery",
      "reward_before": -2.1432188646031136e-07,
      "reward_after": 0.0038022231310606003,
      "cost_before": 1.0476431846618652,
      "cost_after": -7.783206462860107,
      "kl_before": -2.384185791015625e-07,
      "kl_after": 0.019967064261436462,
      "cost_gap": 0.047643184661865234,
      "cost_recoverable": true,
      "cost_quadratic": 2442.77783203125,
      "reward_quadratic": 3.774425983428955,
      "reward_cost_cross": -3.2162249088287354,
      "max_linear_cost_drop": 9.88489318512092,
      "rollout_wall_seconds": 2.3463274631649256,
      "update_wall_seconds": 1.208544671535492,
      "total_wall_seconds": 3.554874489083886
    },
    {
      "update": 794,
      "algorithm": "macpo",
      "actor_loss": -0.407243013381958,
      "reward_critic_loss": 0.0018772962503135204,
      "cost_critic_loss": 0.05686366185545921,
      "reward_critic_loss_last": 0.0018772962503135204,
      "cost_critic_loss_last": 0.05686366185545921,
      "critic_epochs": 1,
      "daily_voltage_cost": 0.0013032499700784683,
      "daily_voltage_cost_raw": 0.0013032499700784683,
      "daily_voltage_cost_normalized": 0.06516250222921371,
      "daily_economic_return_raw_yuan": -894263.3125,
      "daily_economic_return_normalized": -0.2837395668029785,
      "daily_economic_cost_raw_yuan": 894263.3125,
      "economic_reward_scale_yuan": 3151704.8194007874,
      "lagrange_multiplier": 0.0,
      "cost_budget": 1.0,
      "cost_budget_raw": 0.02,
      "cost_budget_normalized": 1.0,
      "algorithm_cost_mode": "separate_cost",
      "fixed_cost_penalty_coef": 0.0,
      "log_std_max": -2.3,
      "accepted": true,
      "mode": "reward",
      "reward_before": -4.38418680914765e-07,
      "reward_after": 0.407243013381958,
      "cost_before": 0.06516273319721222,
      "cost_after": -0.25105050206184387,
      "kl_before": -2.384185791015625e-07,
      "kl_after": 0.019999910145998,
      "cost_gap": -0.9348372668027878,
      "cost_recoverable": true,
      "cost_quadratic": 141.35208129882812,
      "reward_quadratic": 4.141541004180908,
      "reward_cost_cross": -2.422729253768921,
      "max_linear_cost_drop": 2.377831628175789,
      "rollout_wall_seconds": 1.8248341456055641,
      "update_wall_seconds": 1.1260186564177275,
      "total_wall_seconds": 2.950855193659663
    },
    {
      "update": 795,
      "algorithm": "macpo",
      "actor_loss": -0.36668649315834045,
      "reward_critic_loss": 0.0016657058149576187,
      "cost_critic_loss": 1.9537074565887451,
      "reward_critic_loss_last": 0.0016657058149576187,
      "cost_critic_loss_last": 1.9537074565887451,
      "critic_epochs": 1,
      "daily_voltage_cost": 0.019583340734243393,
      "daily_voltage_cost_raw": 0.019583340734243393,
      "daily_voltage_cost_normalized": 0.9791669249534607,
      "daily_economic_return_raw_yuan": -1012776.3125,
      "daily_economic_return_normalized": -0.3213423788547516,
      "daily_economic_cost_raw_yuan": 1012776.3125,
      "economic_reward_scale_yuan": 3151704.8194007874,
      "lagrange_multiplier": 0.0,
      "cost_budget": 1.0,
      "cost_budget_raw": 0.02,
      "cost_budget_normalized": 1.0,
      "algorithm_cost_mode": "separate_cost",
      "fixed_cost_penalty_coef": 0.0,
      "log_std_max": -2.3,
      "accepted": true,
      "mode": "reward",
      "reward_before": -8.84302551185101e-08,
      "reward_after": 0.36668649315834045,
      "cost_before": 0.9791656136512756,
      "cost_after": 0.6574571132659912,
      "kl_before": -2.384185791015625e-07,
      "kl_after": 0.019908851012587547,
      "cost_gap": -0.020834386348724365,
      "cost_recoverable": true,
      "cost_quadratic": 3950.6142578125,
      "reward_quadratic": 3.422461748123169,
      "reward_cost_cross": -1.204176664352417,
      "max_linear_cost_drop": 12.570782406536994,
      "rollout_wall_seconds": 1.596070198342204,
      "update_wall_seconds": 1.0987632609903812,
      "total_wall_seconds": 2.694836135953665
    },
    {
      "update": 796,
      "algorithm": "macpo",
      "actor_loss": -0.44224756956100464,
      "reward_critic_loss": 0.002102274913340807,
      "cost_critic_loss": 0.07889656722545624,
      "reward_critic_loss_last": 0.002102274913340807,
      "cost_critic_loss_last": 0.07889656722545624,
      "critic_epochs": 1,
      "daily_voltage_cost": 0.005004439502954483,
      "daily_voltage_cost_raw": 0.005004439502954483,
      "daily_voltage_cost_normalized": 0.25022196769714355,
      "daily_economic_return_raw_yuan": -1046911.125,
      "daily_economic_return_normalized": -0.3321729600429535,
      "daily_economic_cost_raw_yuan": 1046911.125,
      "economic_reward_scale_yuan": 3151704.8194007874,
      "lagrange_multiplier": 0.0,
      "cost_budget": 1.0,
      "cost_budget_raw": 0.02,
      "cost_budget_normalized": 1.0,
      "algorithm_cost_mode": "separate_cost",
      "fixed_cost_penalty_coef": 0.0,
      "log_std_max": -2.3,
      "accepted": true,
      "mode": "reward",
      "reward_before": 1.573505414853571e-07,
      "reward_after": 0.44224756956100464,
      "cost_before": 0.2502233386039734,
      "cost_after": -0.5168846845626831,
      "kl_before": -2.384185791015625e-07,
      "kl_after": 0.019947944208979607,
      "cost_gap": -0.7497766613960266,
      "cost_recoverable": true,
      "cost_quadratic": 232.9666748046875,
      "reward_quadratic": 4.442233085632324,
      "reward_cost_cross": -7.4025163650512695,
      "max_linear_cost_drop": 3.052649176074365,
      "rollout_wall_seconds": 1.3570780213922262,
      "update_wall_seconds": 1.1693143881857395,
      "total_wall_seconds": 2.5263944547623396
    },
    {
      "update": 797,
      "algorithm": "macpo",
      "actor_loss": 0.006387915462255478,
      "reward_critic_loss": 0.0021861004643142223,
      "cost_critic_loss": 1.492853045463562,
      "reward_critic_loss_last": 0.0021861004643142223,
      "cost_critic_loss_last": 1.492853045463562,
      "critic_epochs": 1,
      "daily_voltage_cost": 0.021442415192723274,
      "daily_voltage_cost_raw": 0.021442415192723274,
      "daily_voltage_cost_normalized": 1.0721207857131958,
      "daily_economic_return_raw_yuan": -1040742.375,
      "daily_economic_return_normalized": -0.3302156925201416,
      "daily_economic_cost_raw_yuan": 1040742.375,
      "economic_reward_scale_yuan": 3151704.8194007874,
      "lagrange_multiplier": 0.0,
      "cost_budget": 1.0,
      "cost_budget_raw": 0.02,
      "cost_budget_normalized": 1.0,
      "algorithm_cost_mode": "separate_cost",
      "fixed_cost_penalty_coef": 0.0,
      "log_std_max": -2.3,
      "accepted": true,
      "mode": "cost_recovery",
      "reward_before": -3.736692804068298e-07,
      "reward_after": -0.006387915462255478,
      "cost_before": 1.0721020698547363,
      "cost_after": -4.213865280151367,
      "kl_before": -2.384185791015625e-07,
      "kl_after": 0.005005336366593838,
      "cost_gap": 0.07210206985473633,
      "cost_recoverable": true,
      "cost_quadratic": 3499.080322265625,
      "reward_quadratic": 4.358146667480469,
      "reward_cost_cross": 5.386195182800293,
      "max_linear_cost_drop": 11.8306049249658,
      "rollout_wall_seconds": 1.905036125332117,
      "update_wall_seconds": 1.2024177443236113,
      "total_wall_seconds": 3.1074564959853888
    },
    {
      "update": 798,
      "algorithm": "macpo",
      "actor_loss": -0.027331827208399773,
      "reward_critic_loss": 0.0016577683854848146,
      "cost_critic_loss": 0.7620607614517212,
      "reward_critic_loss_last": 0.0016577683854848146,
      "cost_critic_loss_last": 0.7620607614517212,
      "critic_epochs": 1,
      "daily_voltage_cost": 0.022750969976186752,
      "daily_voltage_cost_raw": 0.022750969976186752,
      "daily_voltage_cost_normalized": 1.1375484466552734,
      "daily_economic_return_raw_yuan": -1258904.125,
      "daily_economic_return_normalized": -0.39943593740463257,
      "daily_economic_cost_raw_yuan": 1258904.125,
      "economic_reward_scale_yuan": 3151704.8194007874,
      "lagrange_multiplier": 0.0,
      "cost_budget": 1.0,
      "cost_budget_raw": 0.02,
      "cost_budget_normalized": 1.0,
      "algorithm_cost_mode": "separate_cost",
      "fixed_cost_penalty_coef": 0.0,
      "log_std_max": -2.3,
      "accepted": true,
      "mode": "cost_recovery",
      "reward_before": 3.7732394275735714e-07,
      "reward_after": 0.027331827208399773,
      "cost_before": 1.1375519037246704,
      "cost_after": -7.001011848449707,
      "kl_before": -2.384185791015625e-07,
      "kl_after": 0.019810566678643227,
      "cost_gap": 0.1375519037246704,
      "cost_recoverable": true,
      "cost_quadratic": 2170.78369140625,
      "reward_quadratic": 3.5251128673553467,
      "reward_cost_cross": -5.395991802215576,
      "max_linear_cost_drop": 9.318333952818497,
      "rollout_wall_seconds": 2.0434693284332752,
      "update_wall_seconds": 1.1168316751718521,
      "total_wall_seconds": 3.1603033617138863
    },
    {
      "update": 799,
      "algorithm": "macpo",
      "actor_loss": -0.35845470428466797,
      "reward_critic_loss": 0.0016791648231446743,
      "cost_critic_loss": 0.12919460237026215,
      "reward_critic_loss_last": 0.0016791648231446743,
      "cost_critic_loss_last": 0.12919460237026215,
      "critic_epochs": 1,
      "daily_voltage_cost": 0.0008630254887975752,
      "daily_voltage_cost_raw": 0.0008630254887975752,
      "daily_voltage_cost_normalized": 0.04315127059817314,
      "daily_economic_return_raw_yuan": -898980.0625,
      "daily_economic_return_normalized": -0.285236120223999,
      "daily_economic_cost_raw_yuan": 898980.0625,
      "economic_reward_scale_yuan": 3151704.8194007874,
      "lagrange_multiplier": 0.0,
      "cost_budget": 1.0,
      "cost_budget_raw": 0.02,
      "cost_budget_normalized": 1.0,
      "algorithm_cost_mode": "separate_cost",
      "fixed_cost_penalty_coef": 0.0,
      "log_std_max": -2.3,
      "accepted": true,
      "mode": "reward",
      "reward_before": -6.371188732146038e-08,
      "reward_after": 0.35845470428466797,
      "cost_before": 0.043153516948223114,
      "cost_after": 0.04793083295226097,
      "kl_before": -2.384185791015625e-07,
      "kl_after": 0.019923536106944084,
      "cost_gap": -0.9568464830517769,
      "cost_recoverable": true,
      "cost_quadratic": 291.889404296875,
      "reward_quadratic": 3.3279306888580322,
      "reward_cost_cross": 0.3987466096878052,
      "max_linear_cost_drop": 3.416954224433655,
      "rollout_wall_seconds": 2.474065514281392,
      "update_wall_seconds": 1.2707703039050102,
      "total_wall_seconds": 3.7448381446301937
    },
    {
      "update": 800,
      "algorithm": "macpo",
      "actor_loss": -0.38705360889434814,
      "reward_critic_loss": 0.0018130503594875336,
      "cost_critic_loss": 0.7977784872055054,
      "reward_critic_loss_last": 0.0018130503594875336,
      "cost_critic_loss_last": 0.7977784872055054,
      "critic_epochs": 1,
      "daily_voltage_cost": 0.013711011037230492,
      "daily_voltage_cost_raw": 0.013711011037230492,
      "daily_voltage_cost_normalized": 0.6855505108833313,
      "daily_economic_return_raw_yuan": -1245254.375,
      "daily_economic_return_normalized": -0.3951050043106079,
      "daily_economic_cost_raw_yuan": 1245254.375,
      "economic_reward_scale_yuan": 3151704.8194007874,
      "lagrange_multiplier": 0.0,
      "cost_budget": 1.0,
      "cost_budget_raw": 0.02,
      "cost_budget_normalized": 1.0,
      "algorithm_cost_mode": "separate_cost",
      "fixed_cost_penalty_coef": 0.0,
      "log_std_max": -2.3,
      "accepted": true,
      "mode": "reward",
      "reward_before": 1.3037875135069044e-07,
      "reward_after": 0.38705360889434814,
      "cost_before": 0.6855537295341492,
      "cost_after": 0.07517760992050171,
      "kl_before": -2.384185791015625e-07,
      "kl_after": 0.019955473020672798,
      "cost_gap": -0.31444627046585083,
      "cost_recoverable": true,
      "cost_quadratic": 1916.392333984375,
      "reward_quadratic": 3.8381094932556152,
      "reward_cost_cross": -3.7806832790374756,
      "max_linear_cost_drop": 8.75532371528175,
      "rollout_wall_seconds": 1.993631612509489,
      "update_wall_seconds": 1.241317331790924,
      "total_wall_seconds": 3.2349516097456217
    },
    {
      "update": 801,
      "algorithm": "macpo",
      "actor_loss": -0.33094915747642517,
      "reward_critic_loss": 0.0013365534832701087,
      "cost_critic_loss": 0.33198627829551697,
      "reward_critic_loss_last": 0.0013365534832701087,
      "cost_critic_loss_last": 0.33198627829551697,
      "critic_epochs": 1,
      "daily_voltage_cost": 0.01057503279298544,
      "daily_voltage_cost_raw": 0.01057503279298544,
      "daily_voltage_cost_normalized": 0.5287516713142395,
      "daily_economic_return_raw_yuan": -1103118.75,
      "daily_economic_return_normalized": -0.35000699758529663,
      "daily_economic_cost_raw_yuan": 1103118.75,
      "economic_reward_scale_yuan": 3151704.8194007874,
      "lagrange_multiplier": 0.0,
      "cost_budget": 1.0,
      "cost_budget_raw": 0.02,
      "cost_budget_normalized": 1.0,
      "algorithm_cost_mode": "separate_cost",
      "fixed_cost_penalty_coef": 0.0,
      "log_std_max": -2.3,
      "accepted": true,
      "mode": "reward",
      "reward_before": 2.2575105163014086e-07,
      "reward_after": 0.33094915747642517,
      "cost_before": 0.528746485710144,
      "cost_after": 0.8241333365440369,
      "kl_before": -2.384185791015625e-07,
      "kl_after": 0.019978370517492294,
      "cost_gap": -0.47125351428985596,
      "cost_recoverable": true,
      "cost_quadratic": 633.306884765625,
      "reward_quadratic": 2.8538503646850586,
      "reward_cost_cross": 2.250981330871582,
      "max_linear_cost_drop": 5.033117859798735,
      "rollout_wall_seconds": 2.3502333033829927,
      "update_wall_seconds": 1.351697476580739,
      "total_wall_seconds": 3.7019332349300385
    },
    {
      "update": 802,
      "algorithm": "macpo",
      "actor_loss": -0.3722466826438904,
      "reward_critic_loss": 0.0017927554436028004,
      "cost_critic_loss": 0.5834864377975464,
      "reward_critic_loss_last": 0.0017927554436028004,
      "cost_critic_loss_last": 0.5834864377975464,
      "critic_epochs": 1,
      "daily_voltage_cost": 0.01007790956646204,
      "daily_voltage_cost_raw": 0.01007790956646204,
      "daily_voltage_cost_normalized": 0.5038954615592957,
      "daily_economic_return_raw_yuan": -1087467.25,
      "daily_economic_return_normalized": -0.3450409770011902,
      "daily_economic_cost_raw_yuan": 1087467.25,
      "economic_reward_scale_yuan": 3151704.8194007874,
      "lagrange_multiplier": 0.0,
      "cost_budget": 1.0,
      "cost_budget_raw": 0.02,
      "cost_budget_normalized": 1.0,
      "algorithm_cost_mode": "separate_cost",
      "fixed_cost_penalty_coef": 0.0,
      "log_std_max": -2.3,
      "accepted": true,
      "mode": "reward",
      "reward_before": -1.308182504544675e-07,
      "reward_after": 0.3722466826438904,
      "cost_before": 0.5038994550704956,
      "cost_after": 0.2530266344547272,
      "kl_before": -2.384185791015625e-07,
      "kl_after": 0.01990484446287155,
      "cost_gap": -0.4961005449295044,
      "cost_recoverable": true,
      "cost_quadratic": 1571.199951171875,
      "reward_quadratic": 3.481135368347168,
      "reward_cost_cross": -3.849588394165039,
      "max_linear_cost_drop": 7.927672927591993,
      "rollout_wall_seconds": 2.1301784962415695,
      "update_wall_seconds": 1.128522040322423,
      "total_wall_seconds": 3.258702926337719
    },
    {
      "update": 803,
      "algorithm": "macpo",
      "actor_loss": -0.06155824661254883,
      "reward_critic_loss": 0.0018413503421470523,
      "cost_critic_loss": 3.3575477600097656,
      "reward_critic_loss_last": 0.0018413503421470523,
      "cost_critic_loss_last": 3.3575477600097656,
      "critic_epochs": 1,
      "daily_voltage_cost": 0.03372681885957718,
      "daily_voltage_cost_raw": 0.03372681885957718,
      "daily_voltage_cost_normalized": 1.6863408088684082,
      "daily_economic_return_raw_yuan": -1065627.5,
      "daily_economic_return_normalized": -0.3381114602088928,
      "daily_economic_cost_raw_yuan": 1065627.5,
      "economic_reward_scale_yuan": 3151704.8194007874,
      "lagrange_multiplier": 0.0,
      "cost_budget": 1.0,
      "cost_budget_raw": 0.02,
      "cost_budget_normalized": 1.0,
      "algorithm_cost_mode": "separate_cost",
      "fixed_cost_penalty_coef": 0.0,
      "log_std_max": -2.3,
      "accepted": true,
      "mode": "cost_recovery",
      "reward_before": -4.354750871016222e-08,
      "reward_after": 0.06155824661254883,
      "cost_before": 1.6863192319869995,
      "cost_after": -12.286815643310547,
      "kl_before": -2.384185791015625e-07,
      "kl_after": 0.019891856238245964,
      "cost_gap": 0.6863192319869995,
      "cost_recoverable": true,
      "cost_quadratic": 6272.595703125,
      "reward_quadratic": 3.849397659301758,
      "reward_cost_cross": -26.511539459228516,
      "max_linear_cost_drop": 15.83994406950353,
      "rollout_wall_seconds": 1.8527568448334932,
      "update_wall_seconds": 1.036453377455473,
      "total_wall_seconds": 2.8892123121768236
    },
    {
      "update": 804,
      "algorithm": "macpo",
      "actor_loss": 0.0063268402591347694,
      "reward_critic_loss": 0.0017223398899659514,
      "cost_critic_loss": 1.719867467880249,
      "reward_critic_loss_last": 0.0017223398899659514,
      "cost_critic_loss_last": 1.719867467880249,
      "critic_epochs": 1,
      "daily_voltage_cost": 0.0228405948728323,
      "daily_voltage_cost_raw": 0.0228405948728323,
      "daily_voltage_cost_normalized": 1.1420297622680664,
      "daily_economic_return_raw_yuan": -1186721.75,
      "daily_economic_return_normalized": -0.37653326988220215,
      "daily_economic_cost_raw_yuan": 1186721.75,
      "economic_reward_scale_yuan": 3151704.8194007874,
      "lagrange_multiplier": 0.0,
      "cost_budget": 1.0,
      "cost_budget_raw": 0.02,
      "cost_budget_normalized": 1.0,
      "algorithm_cost_mode": "separate_cost",
      "fixed_cost_penalty_coef": 0.0,
      "log_std_max": -2.3,
      "accepted": true,
      "mode": "cost_recovery",
      "reward_before": 8.520684957602498e-08,
      "reward_after": -0.0063268402591347694,
      "cost_before": 1.14203679561615,
      "cost_after": -10.209155082702637,
      "kl_before": -2.384185791015625e-07,
      "kl_after": 0.019946428015828133,
      "cost_gap": 0.1420367956161499,
      "cost_recoverable": true,
      "cost_quadratic": 4206.94287109375,
      "reward_quadratic": 3.8634490966796875,
      "reward_cost_cross": 1.4976656436920166,
      "max_linear_cost_drop": 12.972190055798212,
      "rollout_wall_seconds": 1.253104541450739,
      "update_wall_seconds": 1.1291246358305216,
      "total_wall_seconds": 2.382231133058667
    },
    {
      "update": 805,
      "algorithm": "macpo",
      "actor_loss": -0.4227524399757385,
      "reward_critic_loss": 0.0020547134336084127,
      "cost_critic_loss": 0.13819289207458496,
      "reward_critic_loss_last": 0.0020547134336084127,
      "cost_critic_loss_last": 0.13819289207458496,
      "critic_epochs": 1,
      "daily_voltage_cost": 0.0011341689387336373,
      "daily_voltage_cost_raw": 0.0011341689387336373,
      "daily_voltage_cost_normalized": 0.0567084476351738,
      "daily_economic_return_raw_yuan": -963067.125,
      "daily_economic_return_normalized": -0.30557021498680115,
      "daily_economic_cost_raw_yuan": 963067.125,
      "economic_reward_scale_yuan": 3151704.8194007874,
      "lagrange_multiplier": 0.0,
      "cost_budget": 1.0,
      "cost_budget_raw": 0.02,
      "cost_budget_normalized": 1.0,
      "algorithm_cost_mode": "separate_cost",
      "fixed_cost_penalty_coef": 0.0,
      "log_std_max": -2.3,
      "accepted": true,
      "mode": "reward",
      "reward_before": -2.3456658482245984e-07,
      "reward_after": 0.4227524399757385,
      "cost_before": 0.05671131983399391,
      "cost_after": -0.06704267114400864,
      "kl_before": -2.384185791015625e-07,
      "kl_after": 0.01991364173591137,
      "cost_gap": -0.9432886801660061,
      "cost_recoverable": true,
      "cost_quadratic": 319.02294921875,
      "reward_quadratic": 4.158775329589844,
      "reward_cost_cross": -0.14216160774230957,
      "max_linear_cost_drop": 3.5722427085445916,
      "rollout_wall_seconds": 2.146856613457203,
      "update_wall_seconds": 1.5193951036781073,
      "total_wall_seconds": 3.6662542559206486
    },
    {
      "update": 806,
      "algorithm": "macpo",
      "actor_loss": -0.021895453333854675,
      "reward_critic_loss": 0.0015746619319543242,
      "cost_critic_loss": 1.2942231893539429,
      "reward_critic_loss_last": 0.0015746619319543242,
      "cost_critic_loss_last": 1.2942231893539429,
      "critic_epochs": 1,
      "daily_voltage_cost": 0.021220434457063675,
      "daily_voltage_cost_raw": 0.021220434457063675,
      "daily_voltage_cost_normalized": 1.0610215663909912,
      "daily_economic_return_raw_yuan": -1027503.0,
      "daily_economic_return_normalized": -0.32601499557495117,
      "daily_economic_cost_raw_yuan": 1027503.0,
      "economic_reward_scale_yuan": 3151704.8194007874,
      "lagrange_multiplier": 0.0,
      "cost_budget": 1.0,
      "cost_budget_raw": 0.02,
      "cost_budget_normalized": 1.0,
      "algorithm_cost_mode": "separate_cost",
      "fixed_cost_penalty_coef": 0.0,
      "log_std_max": -2.3,
      "accepted": true,
      "mode": "cost_recovery",
      "reward_before": -8.573726262284254e-08,
      "reward_after": 0.021895453333854675,
      "cost_before": 1.06101655960083,
      "cost_after": -8.531612396240234,
      "kl_before": -2.384185791015625e-07,
      "kl_after": 0.019956553354859352,
      "cost_gap": 0.06101655960083008,
      "cost_recoverable": true,
      "cost_quadratic": 3241.82958984375,
      "reward_quadratic": 3.6386170387268066,
      "reward_cost_cross": -8.44344425201416,
      "max_linear_cost_drop": 11.38741338468706,
      "rollout_wall_seconds": 2.633926648646593,
      "update_wall_seconds": 1.395331609994173,
      "total_wall_seconds": 4.029260726645589
    },
    {
      "update": 807,
      "algorithm": "macpo",
      "actor_loss": -0.426017701625824,
      "reward_critic_loss": 0.0017013149335980415,
      "cost_critic_loss": 0.21018926799297333,
      "reward_critic_loss_last": 0.0017013149335980415,
      "cost_critic_loss_last": 0.21018926799297333,
      "critic_epochs": 1,
      "daily_voltage_cost": 0.005266084335744381,
      "daily_voltage_cost_raw": 0.005266084335744381,
      "daily_voltage_cost_normalized": 0.263304203748703,
      "daily_economic_return_raw_yuan": -1020450.5,
      "daily_economic_return_normalized": -0.32377731800079346,
      "daily_economic_cost_raw_yuan": 1020450.5,
      "economic_reward_scale_yuan": 3151704.8194007874,
      "lagrange_multiplier": 0.0,
      "cost_budget": 1.0,
      "cost_budget_raw": 0.02,
      "cost_budget_normalized": 1.0,
      "algorithm_cost_mode": "separate_cost",
      "fixed_cost_penalty_coef": 0.0,
      "log_std_max": -2.3,
      "accepted": true,
      "mode": "reward",
      "reward_before": 1.1294034152342647e-07,
      "reward_after": 0.426017701625824,
      "cost_before": 0.26330700516700745,
      "cost_after": 0.46251875162124634,
      "kl_before": -2.384185791015625e-07,
      "kl_after": 0.019933529198169708,
      "cost_gap": -0.7366929948329926,
      "cost_recoverable": true,
      "cost_quadratic": 576.8290405273438,
      "reward_quadratic": 4.070870399475098,
      "reward_cost_cross": 2.342635154724121,
      "max_linear_cost_drop": 4.8034530934624255,
      "rollout_wall_seconds": 1.4842357393354177,
      "update_wall_seconds": 1.1912861857563257,
      "total_wall_seconds": 2.675523703917861
    },
    {
      "update": 808,
      "algorithm": "macpo",
      "actor_loss": -0.40366917848587036,
      "reward_critic_loss": 0.0020831997971981764,
      "cost_critic_loss": 0.1495564579963684,
      "reward_critic_loss_last": 0.0020831997971981764,
      "cost_critic_loss_last": 0.1495564579963684,
      "critic_epochs": 1,
      "daily_voltage_cost": 0.004632992669939995,
      "daily_voltage_cost_raw": 0.004632992669939995,
      "daily_voltage_cost_normalized": 0.23164963722229004,
      "daily_economic_return_raw_yuan": -963450.875,
      "daily_economic_return_normalized": -0.30569198727607727,
      "daily_economic_cost_raw_yuan": 963450.875,
      "economic_reward_scale_yuan": 3151704.8194007874,
      "lagrange_multiplier": 0.0,
      "cost_budget": 1.0,
      "cost_budget_raw": 0.02,
      "cost_budget_normalized": 1.0,
      "algorithm_cost_mode": "separate_cost",
      "fixed_cost_penalty_coef": 0.0,
      "log_std_max": -2.3,
      "accepted": true,
      "mode": "reward",
      "reward_before": -1.3163365508717106e-08,
      "reward_after": 0.40366917848587036,
      "cost_before": 0.23165765404701233,
      "cost_after": -0.2913156747817993,
      "kl_before": -2.384185791015625e-07,
      "kl_after": 0.019743895158171654,
      "cost_gap": -0.7683423459529877,
      "cost_recoverable": true,
      "cost_quadratic": 300.5927734375,
      "reward_quadratic": 3.8258073329925537,
      "reward_cost_cross": -4.039809226989746,
      "max_linear_cost_drop": 3.467522305263515,
      "rollout_wall_seconds": 1.4084206838160753,
      "update_wall_seconds": 1.11135720834136,
      "total_wall_seconds": 2.5197804905474186
    },
    {
      "update": 809,
      "algorithm": "macpo",
      "actor_loss": -0.40595516562461853,
      "reward_critic_loss": 0.001843884470872581,
      "cost_critic_loss": 0.28132039308547974,
      "reward_critic_loss_last": 0.001843884470872581,
      "cost_critic_loss_last": 0.28132039308547974,
      "critic_epochs": 1,
      "daily_voltage_cost": 0.0068726446479558945,
      "daily_voltage_cost_raw": 0.0068726446479558945,
      "daily_voltage_cost_normalized": 0.34363222122192383,
      "daily_economic_return_raw_yuan": -1132931.0,
      "daily_economic_return_normalized": -0.3594660758972168,
      "daily_economic_cost_raw_yuan": 1132931.0,
      "economic_reward_scale_yuan": 3151704.8194007874,
      "lagrange_multiplier": 0.0,
      "cost_budget": 1.0,
      "cost_budget_raw": 0.02,
      "cost_budget_normalized": 1.0,
      "algorithm_cost_mode": "separate_cost",
      "fixed_cost_penalty_coef": 0.0,
      "log_std_max": -2.3,
      "accepted": true,
      "mode": "reward",
      "reward_before": -3.1348449169854575e-08,
      "reward_after": 0.40595516562461853,
      "cost_before": 0.3436334431171417,
      "cost_after": 0.2715470790863037,
      "kl_before": -2.384185791015625e-07,
      "kl_after": 0.019871240481734276,
      "cost_gap": -0.6563665568828583,
      "cost_recoverable": true,
      "cost_quadratic": 678.6627197265625,
      "reward_quadratic": 3.8630599975585938,
      "reward_cost_cross": -0.5773319005966187,
      "max_linear_cost_drop": 5.210231164647352,
      "rollout_wall_seconds": 1.350509138777852,
      "update_wall_seconds": 0.9610810521990061,
      "total_wall_seconds": 2.3115926291793585
    },
    {
      "update": 810,
      "algorithm": "macpo",
      "actor_loss": -0.38654622435569763,
      "reward_critic_loss": 0.0017901280662044883,
      "cost_critic_loss": 0.1004466861486435,
      "reward_critic_loss_last": 0.0017901280662044883,
      "cost_critic_loss_last": 0.1004466861486435,
      "critic_epochs": 1,
      "daily_voltage_cost": 0.0024440367706120014,
      "daily_voltage_cost_raw": 0.0024440367706120014,
      "daily_voltage_cost_normalized": 0.12220185250043869,
      "daily_economic_return_raw_yuan": -1116460.0,
      "daily_economic_return_normalized": -0.3542400300502777,
      "daily_economic_cost_raw_yuan": 1116460.0,
      "economic_reward_scale_yuan": 3151704.8194007874,
      "lagrange_multiplier": 0.0,
      "cost_budget": 1.0,
      "cost_budget_raw": 0.02,
      "cost_budget_normalized": 1.0,
      "algorithm_cost_mode": "separate_cost",
      "fixed_cost_penalty_coef": 0.0,
      "log_std_max": -2.3,
      "accepted": true,
      "mode": "reward",
      "reward_before": 7.751026487312629e-10,
      "reward_after": 0.38654622435569763,
      "cost_before": 0.12220139056444168,
      "cost_after": -0.1797432005405426,
      "kl_before": -2.384185791015625e-07,
      "kl_after": 0.019942179322242737,
      "cost_gap": -0.8777986094355583,
      "cost_recoverable": true,
      "cost_quadratic": 235.4833526611328,
      "reward_quadratic": 3.407895088195801,
      "reward_cost_cross": -1.3830490112304688,
      "max_linear_cost_drop": 3.0690933688054054,
      "rollout_wall_seconds": 2.245254300534725,
      "update_wall_seconds": 1.4513351321220398,
      "total_wall_seconds": 3.696591893211007
    },
    {
      "update": 811,
      "algorithm": "macpo",
      "actor_loss": -0.03691139817237854,
      "reward_critic_loss": 0.0014871663879603148,
      "cost_critic_loss": 4.796752452850342,
      "reward_critic_loss_last": 0.0014871663879603148,
      "cost_critic_loss_last": 4.796752452850342,
      "critic_epochs": 1,
      "daily_voltage_cost": 0.03247830271720886,
      "daily_voltage_cost_raw": 0.03247830271720886,
      "daily_voltage_cost_normalized": 1.6239153146743774,
      "daily_economic_return_raw_yuan": -1189739.375,
      "daily_economic_return_normalized": -0.377490758895874,
      "daily_economic_cost_raw_yuan": 1189739.375,
      "economic_reward_scale_yuan": 3151704.8194007874,
      "lagrange_multiplier": 0.0,
      "cost_budget": 1.0,
      "cost_budget_raw": 0.02,
      "cost_budget_normalized": 1.0,
      "algorithm_cost_mode": "separate_cost",
      "fixed_cost_penalty_coef": 0.0,
      "log_std_max": -2.3,
      "accepted": true,
      "mode": "cost_recovery",
      "reward_before": -1.1446365277834047e-07,
      "reward_after": 0.03691139817237854,
      "cost_before": 1.623885154724121,
      "cost_after": -15.986886024475098,
      "kl_before": -2.384185791015625e-07,
      "kl_after": 0.01991230435669422,
      "cost_gap": 0.6238851547241211,
      "cost_recoverable": true,
      "cost_quadratic": 13165.791015625,
      "reward_quadratic": 2.664259910583496,
      "reward_cost_cross": -30.547260284423828,
      "max_linear_cost_drop": 22.948456170840775,
      "rollout_wall_seconds": 2.7258948739618063,
      "update_wall_seconds": 1.5967782996594906,
      "total_wall_seconds": 4.322676045820117
    },
    {
      "update": 812,
      "algorithm": "macpo",
      "actor_loss": -0.375168114900589,
      "reward_critic_loss": 0.0018954792758449912,
      "cost_critic_loss": 0.10364285111427307,
      "reward_critic_loss_last": 0.0018954792758449912,
      "cost_critic_loss_last": 0.10364285111427307,
      "critic_epochs": 1,
      "daily_voltage_cost": 0.0027218854520469904,
      "daily_voltage_cost_raw": 0.0027218854520469904,
      "daily_voltage_cost_normalized": 0.13609427213668823,
      "daily_economic_return_raw_yuan": -1251248.0,
      "daily_economic_return_normalized": -0.39700672030448914,
      "daily_economic_cost_raw_yuan": 1251248.0,
      "economic_reward_scale_yuan": 3151704.8194007874,
      "lagrange_multiplier": 0.0,
      "cost_budget": 1.0,
      "cost_budget_raw": 0.02,
      "cost_budget_normalized": 1.0,
      "algorithm_cost_mode": "separate_cost",
      "fixed_cost_penalty_coef": 0.0,
      "log_std_max": -2.3,
      "accepted": true,
      "mode": "reward",
      "reward_before": 1.3888332262013137e-07,
      "reward_after": 0.375168114900589,
      "cost_before": 0.1360965222120285,
      "cost_after": 0.05438829958438873,
      "kl_before": -2.384185791015625e-07,
      "kl_after": 0.019960254430770874,
      "cost_gap": -0.8639034777879715,
      "cost_recoverable": true,
      "cost_quadratic": 296.097900390625,
      "reward_quadratic": 3.9820806980133057,
      "reward_cost_cross": -0.03997489809989929,
      "max_linear_cost_drop": 3.441499094235679,
      "rollout_wall_seconds": 2.5076033901423216,
      "update_wall_seconds": 1.4788258336484432,
      "total_wall_seconds": 3.9864324405789375
    },
    {
      "update": 813,
      "algorithm": "macpo",
      "actor_loss": -0.3950759172439575,
      "reward_critic_loss": 0.0015736310742795467,
      "cost_critic_loss": 0.6027507185935974,
      "reward_critic_loss_last": 0.0015736310742795467,
      "cost_critic_loss_last": 0.6027507185935974,
      "critic_epochs": 1,
      "daily_voltage_cost": 0.01047196239233017,
      "daily_voltage_cost_raw": 0.01047196239233017,
      "daily_voltage_cost_normalized": 0.5235980749130249,
      "daily_economic_return_raw_yuan": -1075260.25,
      "daily_economic_return_normalized": -0.3411678373813629,
      "daily_economic_cost_raw_yuan": 1075260.25,
      "economic_reward_scale_yuan": 3151704.8194007874,
      "lagrange_multiplier": 0.0,
      "cost_budget": 1.0,
      "cost_budget_raw": 0.02,
      "cost_budget_normalized": 1.0,
      "algorithm_cost_mode": "separate_cost",
      "fixed_cost_penalty_coef": 0.0,
      "log_std_max": -2.3,
      "accepted": true,
      "mode": "reward",
      "reward_before": -3.812983209172671e-07,
      "reward_after": 0.3950759172439575,
      "cost_before": 0.5235965251922607,
      "cost_after": -0.13692885637283325,
      "kl_before": -2.384185791015625e-07,
      "kl_after": 0.019948527216911316,
      "cost_gap": -0.47640347480773926,
      "cost_recoverable": true,
      "cost_quadratic": 1397.86328125,
      "reward_quadratic": 3.5915908813476562,
      "reward_cost_cross": -5.934927940368652,
      "max_linear_cost_drop": 7.477601971889117,
      "rollout_wall_seconds": 2.274519255384803,
      "update_wall_seconds": 1.3504910077899694,
      "total_wall_seconds": 3.6250130720436573
    },
    {
      "update": 814,
      "algorithm": "macpo",
      "actor_loss": -0.19026747345924377,
      "reward_critic_loss": 0.0015160212060436606,
      "cost_critic_loss": 0.16283363103866577,
      "reward_critic_loss_last": 0.0015160212060436606,
      "cost_critic_loss_last": 0.16283363103866577,
      "critic_epochs": 1,
      "daily_voltage_cost": 0.0054832701571285725,
      "daily_voltage_cost_raw": 0.0054832701571285725,
      "daily_voltage_cost_normalized": 0.27416348457336426,
      "daily_economic_return_raw_yuan": -1100473.5,
      "daily_economic_return_normalized": -0.34916770458221436,
      "daily_economic_cost_raw_yuan": 1100473.5,
      "economic_reward_scale_yuan": 3151704.8194007874,
      "lagrange_multiplier": 0.0,
      "cost_budget": 1.0,
      "cost_budget_raw": 0.02,
      "cost_budget_normalized": 1.0,
      "algorithm_cost_mode": "separate_cost",
      "fixed_cost_penalty_coef": 0.0,
      "log_std_max": -2.3,
      "accepted": true,
      "mode": "reward",
      "reward_before": -7.918146138763404e-09,
      "reward_after": 0.19026747345924377,
      "cost_before": 0.27416402101516724,
      "cost_after": -0.06804323196411133,
      "kl_before": -2.384185791015625e-07,
      "kl_after": 0.005003714933991432,
      "cost_gap": -0.7258359789848328,
      "cost_recoverable": true,
      "cost_quadratic": 422.2544860839844,
      "reward_quadratic": 3.673248767852783,
      "reward_cost_cross": -5.330685615539551,
      "max_linear_cost_drop": 4.1097663489983685,
      "rollout_wall_seconds": 2.0847166888415813,
      "update_wall_seconds": 1.1635892894119024,
      "total_wall_seconds": 3.2483084853738546
    },
    {
      "update": 815,
      "algorithm": "macpo",
      "actor_loss": -0.03261662274599075,
      "reward_critic_loss": 0.002031897194683552,
      "cost_critic_loss": 3.1812875270843506,
      "reward_critic_loss_last": 0.002031897194683552,
      "cost_critic_loss_last": 3.1812875270843506,
      "critic_epochs": 1,
      "daily_voltage_cost": 0.02731361798942089,
      "daily_voltage_cost_raw": 0.02731361798942089,
      "daily_voltage_cost_normalized": 1.3656809329986572,
      "daily_economic_return_raw_yuan": -1257799.0,
      "daily_economic_return_normalized": -0.39908528327941895,
      "daily_economic_cost_raw_yuan": 1257799.0,
      "economic_reward_scale_yuan": 3151704.8194007874,
      "lagrange_multiplier": 0.0,
      "cost_budget": 1.0,
      "cost_budget_raw": 0.02,
      "cost_budget_normalized": 1.0,
      "algorithm_cost_mode": "separate_cost",
      "fixed_cost_penalty_coef": 0.0,
      "log_std_max": -2.3,
      "accepted": true,
      "mode": "cost_recovery",
      "reward_before": 1.9151059404975967e-07,
      "reward_after": 0.03261662274599075,
      "cost_before": 1.3656774759292603,
      "cost_after": -12.767507553100586,
      "kl_before": -2.384185791015625e-07,
      "kl_after": 0.019977565854787827,
      "cost_gap": 0.36567747592926025,
      "cost_recoverable": true,
      "cost_quadratic": 6575.16015625,
      "reward_quadratic": 4.185857772827148,
      "reward_cost_cross": -15.154486656188965,
      "max_linear_cost_drop": 16.217472252172964,
      "rollout_wall_seconds": 1.5731236394494772,
      "update_wall_seconds": 1.0765850879251957,
      "total_wall_seconds": 2.649711150676012
    },
    {
      "update": 816,
      "algorithm": "macpo",
      "actor_loss": -0.44080302119255066,
      "reward_critic_loss": 0.0020043421536684036,
      "cost_critic_loss": 0.39590680599212646,
      "reward_critic_loss_last": 0.0020043421536684036,
      "cost_critic_loss_last": 0.39590680599212646,
      "critic_epochs": 1,
      "daily_voltage_cost": 0.012684803456068039,
      "daily_voltage_cost_raw": 0.012684803456068039,
      "daily_voltage_cost_normalized": 0.6342401504516602,
      "daily_economic_return_raw_yuan": -1098562.375,
      "daily_economic_return_normalized": -0.3485613167285919,
      "daily_economic_cost_raw_yuan": 1098562.375,
      "economic_reward_scale_yuan": 3151704.8194007874,
      "lagrange_multiplier": 0.0,
      "cost_budget": 1.0,
      "cost_budget_raw": 0.02,
      "cost_budget_normalized": 1.0,
      "algorithm_cost_mode": "separate_cost",
      "fixed_cost_penalty_coef": 0.0,
      "log_std_max": -2.3,
      "accepted": true,
      "mode": "reward",
      "reward_before": 3.108174553290155e-07,
      "reward_after": 0.44080302119255066,
      "cost_before": 0.6342489123344421,
      "cost_after": 0.5487992763519287,
      "kl_before": -2.384185791015625e-07,
      "kl_after": 0.019966857507824898,
      "cost_gap": -0.36575108766555786,
      "cost_recoverable": true,
      "cost_quadratic": 889.39794921875,
      "reward_quadratic": 4.418145179748535,
      "reward_cost_cross": 0.07754361629486084,
      "max_linear_cost_drop": 5.9645551358630255,
      "rollout_wall_seconds": 1.348368912935257,
      "update_wall_seconds": 1.107750665396452,
      "total_wall_seconds": 2.4561216048896313
    },
    {
      "update": 817,
      "algorithm": "macpo",
      "actor_loss": -0.461601197719574,
      "reward_critic_loss": 0.002206759061664343,
      "cost_critic_loss": 0.13199296593666077,
      "reward_critic_loss_last": 0.002206759061664343,
      "cost_critic_loss_last": 0.13199296593666077,
      "critic_epochs": 1,
      "daily_voltage_cost": 0.002851280849426985,
      "daily_voltage_cost_raw": 0.002851280849426985,
      "daily_voltage_cost_normalized": 0.142564058303833,
      "daily_economic_return_raw_yuan": -1091394.375,
      "daily_economic_return_normalized": -0.3462870121002197,
      "daily_economic_cost_raw_yuan": 1091394.375,
      "economic_reward_scale_yuan": 3151704.8194007874,
      "lagrange_multiplier": 0.0,
      "cost_budget": 1.0,
      "cost_budget_raw": 0.02,
      "cost_budget_normalized": 1.0,
      "algorithm_cost_mode": "separate_cost",
      "fixed_cost_penalty_coef": 0.0,
      "log_std_max": -2.3,
      "accepted": true,
      "mode": "reward",
      "reward_before": -3.4025794093395234e-07,
      "reward_after": 0.461601197719574,
      "cost_before": 0.14256955683231354,
      "cost_after": -0.5370011329650879,
      "kl_before": -2.384185791015625e-07,
      "kl_after": 0.019938074052333832,
      "cost_gap": -0.8574304431676865,
      "cost_recoverable": true,
      "cost_quadratic": 299.60272216796875,
      "reward_quadratic": 4.8613691329956055,
      "reward_cost_cross": -6.036552906036377,
      "max_linear_cost_drop": 3.4618071706434996,
      "rollout_wall_seconds": 1.6466481909155846,
      "update_wall_seconds": 1.3512463755905628,
      "total_wall_seconds": 2.997897231951356
    },
    {
      "update": 818,
      "algorithm": "macpo",
      "actor_loss": -0.17183005809783936,
      "reward_critic_loss": 0.001519915647804737,
      "cost_critic_loss": 0.30994486808776855,
      "reward_critic_loss_last": 0.001519915647804737,
      "cost_critic_loss_last": 0.30994486808776855,
      "critic_epochs": 1,
      "daily_voltage_cost": 0.009429339319467545,
      "daily_voltage_cost_raw": 0.009429339319467545,
      "daily_voltage_cost_normalized": 0.471466988325119,
      "daily_economic_return_raw_yuan": -1012231.25,
      "daily_economic_return_normalized": -0.3211694359779358,
      "daily_economic_cost_raw_yuan": 1012231.25,
      "economic_reward_scale_yuan": 3151704.8194007874,
      "lagrange_multiplier": 0.0,
      "cost_budget": 1.0,
      "cost_budget_raw": 0.02,
      "cost_budget_normalized": 1.0,
      "algorithm_cost_mode": "separate_cost",
      "fixed_cost_penalty_coef": 0.0,
      "log_std_max": -2.3,
      "accepted": true,
      "mode": "reward",
      "reward_before": -9.060826045015347e-08,
      "reward_after": 0.17183005809783936,
      "cost_before": 0.4714696407318115,
      "cost_after": 0.5257669687271118,
      "kl_before": -2.384185791015625e-07,
      "kl_after": 0.004996875301003456,
      "cost_gap": -0.5285303592681885,
      "cost_recoverable": true,
      "cost_quadratic": 605.89306640625,
      "reward_quadratic": 2.8527638912200928,
      "reward_cost_cross": 1.3615319728851318,
      "max_linear_cost_drop": 4.922979042840828,
      "rollout_wall_seconds": 1.8719837181270123,
      "update_wall_seconds": 1.1269987747073174,
      "total_wall_seconds": 2.998985031619668
    },
    {
      "update": 819,
      "algorithm": "macpo",
      "actor_loss": -0.36296966671943665,
      "reward_critic_loss": 0.0015621541533619165,
      "cost_critic_loss": 0.18620282411575317,
      "reward_critic_loss_last": 0.0015621541533619165,
      "cost_critic_loss_last": 0.18620282411575317,
      "critic_epochs": 1,
      "daily_voltage_cost": 0.009515420533716679,
      "daily_voltage_cost_raw": 0.009515420533716679,
      "daily_voltage_cost_normalized": 0.4757710099220276,
      "daily_economic_return_raw_yuan": -1311313.75,
      "daily_economic_return_normalized": -0.41606491804122925,
      "daily_economic_cost_raw_yuan": 1311313.75,
      "economic_reward_scale_yuan": 3151704.8194007874,
      "lagrange_multiplier": 0.0,
      "cost_budget": 1.0,
      "cost_budget_raw": 0.02,
      "cost_budget_normalized": 1.0,
      "algorithm_cost_mode": "separate_cost",
      "fixed_cost_penalty_coef": 0.0,
      "log_std_max": -2.3,
      "accepted": true,
      "mode": "reward",
      "reward_before": -2.0539030742838804e-07,
      "reward_after": 0.36296966671943665,
      "cost_before": 0.47576817870140076,
      "cost_after": 0.17622748017311096,
      "kl_before": -2.384185791015625e-07,
      "kl_after": 0.019898397848010063,
      "cost_gap": -0.5242318212985992,
      "cost_recoverable": true,
      "cost_quadratic": 471.62310791015625,
      "reward_quadratic": 3.722411632537842,
      "reward_cost_cross": -2.7681002616882324,
      "max_linear_cost_drop": 4.34337706357694,
      "rollout_wall_seconds": 1.8381769936531782,
      "update_wall_seconds": 1.2183722164481878,
      "total_wall_seconds": 3.056551793590188
    },
    {
      "update": 820,
      "algorithm": "macpo",
      "actor_loss": -0.4110448956489563,
      "reward_critic_loss": 0.0016807782230898738,
      "cost_critic_loss": 0.10861261934041977,
      "reward_critic_loss_last": 0.0016807782230898738,
      "cost_critic_loss_last": 0.10861261934041977,
      "critic_epochs": 1,
      "daily_voltage_cost": 0.0005794489989057183,
      "daily_voltage_cost_raw": 0.0005794489989057183,
      "daily_voltage_cost_normalized": 0.028972450643777847,
      "daily_economic_return_raw_yuan": -1232842.375,
      "daily_economic_return_normalized": -0.3911668360233307,
      "daily_economic_cost_raw_yuan": 1232842.375,
      "economic_reward_scale_yuan": 3151704.8194007874,
      "lagrange_multiplier": 0.0,
      "cost_budget": 1.0,
      "cost_budget_raw": 0.02,
      "cost_budget_normalized": 1.0,
      "algorithm_cost_mode": "separate_cost",
      "fixed_cost_penalty_coef": 0.0,
      "log_std_max": -2.3,
      "accepted": true,
      "mode": "reward",
      "reward_before": -1.0490133206531027e-07,
      "reward_after": 0.4110448956489563,
      "cost_before": 0.028976552188396454,
      "cost_after": 0.03439940884709358,
      "kl_before": -2.384185791015625e-07,
      "kl_after": 0.01996139995753765,
      "cost_gap": -0.9710234478116035,
      "cost_recoverable": true,
      "cost_quadratic": 242.63662719726562,
      "reward_quadratic": 4.406894683837891,
      "reward_cost_cross": 1.2304747104644775,
      "max_linear_cost_drop": 3.1153595439195496,
      "rollout_wall_seconds": 1.5224584322422743,
      "update_wall_seconds": 1.2397261466830969,
      "total_wall_seconds": 2.762187033891678
    },
    {
      "update": 821,
      "algorithm": "macpo",
      "actor_loss": -0.19656775891780853,
      "reward_critic_loss": 0.0017490759491920471,
      "cost_critic_loss": 0.07441122084856033,
      "reward_critic_loss_last": 0.0017490759491920471,
      "cost_critic_loss_last": 0.07441122084856033,
      "critic_epochs": 1,
      "daily_voltage_cost": 0.003849263768643141,
      "daily_voltage_cost_raw": 0.003849263768643141,
      "daily_voltage_cost_normalized": 0.1924632042646408,
      "daily_economic_return_raw_yuan": -1074403.625,
      "daily_economic_return_normalized": -0.34089604020118713,
      "daily_economic_cost_raw_yuan": 1074403.625,
      "economic_reward_scale_yuan": 3151704.8194007874,
      "lagrange_multiplier": 0.0,
      "cost_budget": 1.0,
      "cost_budget_raw": 0.02,
      "cost_budget_normalized": 1.0,
      "algorithm_cost_mode": "separate_cost",
      "fixed_cost_penalty_coef": 0.0,
      "log_std_max": -2.3,
      "accepted": true,
      "mode": "reward",
      "reward_before": 1.6182050899260503e-07,
      "reward_after": 0.19656775891780853,
      "cost_before": 0.19246675074100494,
      "cost_after": -0.19134391844272614,
      "kl_before": -2.384185791015625e-07,
      "kl_after": 0.005012557841837406,
      "cost_gap": -0.8075332492589951,
      "cost_recoverable": true,
      "cost_quadratic": 180.8747100830078,
      "reward_quadratic": 3.8001503944396973,
      "reward_cost_cross": -6.19091272354126,
      "max_linear_cost_drop": 2.689793375581164,
      "rollout_wall_seconds": 1.7313084807246923,
      "update_wall_seconds": 1.1628292873501778,
      "total_wall_seconds": 2.8941402062773705
    },
    {
      "update": 822,
      "algorithm": "macpo",
      "actor_loss": -0.17854751646518707,
      "reward_critic_loss": 0.0014118833933025599,
      "cost_critic_loss": 1.1390953063964844,
      "reward_critic_loss_last": 0.0014118833933025599,
      "cost_critic_loss_last": 1.1390953063964844,
      "critic_epochs": 1,
      "daily_voltage_cost": 0.016087321564555168,
      "daily_voltage_cost_raw": 0.016087321564555168,
      "daily_voltage_cost_normalized": 0.8043661713600159,
      "daily_economic_return_raw_yuan": -1127663.375,
      "daily_economic_return_normalized": -0.35779473185539246,
      "daily_economic_cost_raw_yuan": 1127663.375,
      "economic_reward_scale_yuan": 3151704.8194007874,
      "lagrange_multiplier": 0.0,
      "cost_budget": 1.0,
      "cost_budget_raw": 0.02,
      "cost_budget_normalized": 1.0,
      "algorithm_cost_mode": "separate_cost",
      "fixed_cost_penalty_coef": 0.0,
      "log_std_max": -2.3,
      "accepted": true,
      "mode": "reward",
      "reward_before": 1.478518498743142e-07,
      "reward_after": 0.17854751646518707,
      "cost_before": 0.8043674826622009,
      "cost_after": 0.6580666303634644,
      "kl_before": -2.384185791015625e-07,
      "kl_after": 0.005039677023887634,
      "cost_gap": -0.19563251733779907,
      "cost_recoverable": true,
      "cost_quadratic": 2791.435546875,
      "reward_quadratic": 3.3521480560302734,
      "reward_cost_cross": -3.83622407913208,
      "max_linear_cost_drop": 10.56680755360861,
      "rollout_wall_seconds": 1.8416172862052917,
      "update_wall_seconds": 1.1881998181343079,
      "total_wall_seconds": 3.0298195276409388
    },
    {
      "update": 823,
      "algorithm": "macpo",
      "actor_loss": -0.3699077069759369,
      "reward_critic_loss": 0.0015183913055807352,
      "cost_critic_loss": 0.16341537237167358,
      "reward_critic_loss_last": 0.0015183913055807352,
      "cost_critic_loss_last": 0.16341537237167358,
      "critic_epochs": 1,
      "daily_voltage_cost": 0.0063382601365447044,
      "daily_voltage_cost_raw": 0.0063382601365447044,
      "daily_voltage_cost_normalized": 0.31691303849220276,
      "daily_economic_return_raw_yuan": -1013966.0,
      "daily_economic_return_normalized": -0.32171985507011414,
      "daily_economic_cost_raw_yuan": 1013966.0,
      "economic_reward_scale_yuan": 3151704.8194007874,
      "lagrange_multiplier": 0.0,
      "cost_budget": 1.0,
      "cost_budget_raw": 0.02,
      "cost_budget_normalized": 1.0,
      "algorithm_cost_mode": "separate_cost",
      "fixed_cost_penalty_coef": 0.0,
      "log_std_max": -2.3,
      "accepted": true,
      "mode": "reward",
      "reward_before": -1.1947348355079157e-07,
      "reward_after": 0.3699077069759369,
      "cost_before": 0.3169146478176117,
      "cost_after": -0.07552769780158997,
      "kl_before": -2.384185791015625e-07,
      "kl_after": 0.019974635913968086,
      "cost_gap": -0.6830853521823883,
      "cost_recoverable": true,
      "cost_quadratic": 392.28277587890625,
      "reward_quadratic": 3.343034029006958,
      "reward_cost_cross": -2.6270086765289307,
      "max_linear_cost_drop": 3.9612259510353924,
      "rollout_wall_seconds": 2.0043350271880627,
      "update_wall_seconds": 1.1008415278047323,
      "total_wall_seconds": 3.1051791105419397
    },
    {
      "update": 824,
      "algorithm": "macpo",
      "actor_loss": -0.2191583514213562,
      "reward_critic_loss": 0.0021958951838314533,
      "cost_critic_loss": 0.9771437644958496,
      "reward_critic_loss_last": 0.0021958951838314533,
      "cost_critic_loss_last": 0.9771437644958496,
      "critic_epochs": 1,
      "daily_voltage_cost": 0.013508306816220284,
      "daily_voltage_cost_raw": 0.013508306816220284,
      "daily_voltage_cost_normalized": 0.6754153966903687,
      "daily_economic_return_raw_yuan": -1011960.75,
      "daily_economic_return_normalized": -0.32108360528945923,
      "daily_economic_cost_raw_yuan": 1011960.75,
      "economic_reward_scale_yuan": 3151704.8194007874,
      "lagrange_multiplier": 0.0,
      "cost_budget": 1.0,
      "cost_budget_raw": 0.02,
      "cost_budget_normalized": 1.0,
      "algorithm_cost_mode": "separate_cost",
      "fixed_cost_penalty_coef": 0.0,
      "log_std_max": -2.3,
      "accepted": true,
      "mode": "constrained_reward",
      "reward_before": -4.472979071579175e-07,
      "reward_after": 0.2191583514213562,
      "cost_before": 0.6754123568534851,
      "cost_after": 0.7829979062080383,
      "kl_before": -2.384185791015625e-07,
      "kl_after": 0.005065166391432285,
      "cost_gap": -0.3245876431465149,
      "cost_recoverable": true,
      "cost_quadratic": 2788.56787109375,
      "reward_quadratic": 4.617073059082031,
      "reward_cost_cross": 7.393136024475098,
      "max_linear_cost_drop": 10.56137845376966,
      "rollout_wall_seconds": 2.3669291622936726,
      "update_wall_seconds": 1.4613406900316477,
      "total_wall_seconds": 3.828272232785821
    },
    {
      "update": 825,
      "algorithm": "macpo",
      "actor_loss": -0.18280890583992004,
      "reward_critic_loss": 0.0016687734751030803,
      "cost_critic_loss": 0.7466792464256287,
      "reward_critic_loss_last": 0.0016687734751030803,
      "cost_critic_loss_last": 0.7466792464256287,
      "critic_epochs": 1,
      "daily_voltage_cost": 0.013755720108747482,
      "daily_voltage_cost_raw": 0.013755720108747482,
      "daily_voltage_cost_normalized": 0.6877859830856323,
      "daily_economic_return_raw_yuan": -1031055.1875,
      "daily_economic_return_normalized": -0.32714205980300903,
      "daily_economic_cost_raw_yuan": 1031055.1875,
      "economic_reward_scale_yuan": 3151704.8194007874,
      "lagrange_multiplier": 0.0,
      "cost_budget": 1.0,
      "cost_budget_raw": 0.02,
      "cost_budget_normalized": 1.0,
      "algorithm_cost_mode": "separate_cost",
      "fixed_cost_penalty_coef": 0.0,
      "log_std_max": -2.3,
      "accepted": true,
      "mode": "constrained_reward",
      "reward_before": 2.2804300670031807e-08,
      "reward_after": 0.18280890583992004,
      "cost_before": 0.6877778172492981,
      "cost_after": 0.8195928335189819,
      "kl_before": -2.384185791015625e-07,
      "kl_after": 0.004990294575691223,
      "cost_gap": -0.3122221827507019,
      "cost_recoverable": true,
      "cost_quadratic": 1995.80029296875,
      "reward_quadratic": 3.434657335281372,
      "reward_cost_cross": 4.786346435546875,
      "max_linear_cost_drop": 8.934876144566863,
      "rollout_wall_seconds": 2.723500743508339,
      "update_wall_seconds": 1.5628438629209995,
      "total_wall_seconds": 4.286347048357129
    },
    {
      "update": 826,
      "algorithm": "macpo",
      "actor_loss": 0.024607500061392784,
      "reward_critic_loss": 0.00184810278005898,
      "cost_critic_loss": 1.83453369140625,
      "reward_critic_loss_last": 0.00184810278005898,
      "cost_critic_loss_last": 1.83453369140625,
      "critic_epochs": 1,
      "daily_voltage_cost": 0.029045969247817993,
      "daily_voltage_cost_raw": 0.029045969247817993,
      "daily_voltage_cost_normalized": 1.4522985219955444,
      "daily_economic_return_raw_yuan": -1032210.5625,
      "daily_economic_return_normalized": -0.3275086581707001,
      "daily_economic_cost_raw_yuan": 1032210.5625,
      "economic_reward_scale_yuan": 3151704.8194007874,
      "lagrange_multiplier": 0.0,
      "cost_budget": 1.0,
      "cost_budget_raw": 0.02,
      "cost_budget_normalized": 1.0,
      "algorithm_cost_mode": "separate_cost",
      "fixed_cost_penalty_coef": 0.0,
      "log_std_max": -2.3,
      "accepted": true,
      "mode": "cost_recovery",
      "reward_before": -2.6479094117348723e-07,
      "reward_after": -0.024607500061392784,
      "cost_before": 1.4522987604141235,
      "cost_after": -4.6330180168151855,
      "kl_before": -2.384185791015625e-07,
      "kl_after": 0.005004665814340115,
      "cost_gap": 0.45229876041412354,
      "cost_recoverable": true,
      "cost_quadratic": 4443.0615234375,
      "reward_quadratic": 3.7914581298828125,
      "reward_cost_cross": 17.44266128540039,
      "max_linear_cost_drop": 13.331258790433107,
      "rollout_wall_seconds": 1.9659248553216457,
      "update_wall_seconds": 1.2617257162928581,
      "total_wall_seconds": 3.2276530396193266
    },
    {
      "update": 827,
      "algorithm": "macpo",
      "actor_loss": -0.35506510734558105,
      "reward_critic_loss": 0.0015801088884472847,
      "cost_critic_loss": 0.16251499950885773,
      "reward_critic_loss_last": 0.0015801088884472847,
      "cost_critic_loss_last": 0.16251499950885773,
      "critic_epochs": 1,
      "daily_voltage_cost": 0.006999904755502939,
      "daily_voltage_cost_raw": 0.006999904755502939,
      "daily_voltage_cost_normalized": 0.3499952554702759,
      "daily_economic_return_raw_yuan": -1260846.375,
      "daily_economic_return_normalized": -0.40005218982696533,
      "daily_economic_cost_raw_yuan": 1260846.375,
      "economic_reward_scale_yuan": 3151704.8194007874,
      "lagrange_multiplier": 0.0,
      "cost_budget": 1.0,
      "cost_budget_raw": 0.02,
      "cost_budget_normalized": 1.0,
      "algorithm_cost_mode": "separate_cost",
      "fixed_cost_penalty_coef": 0.0,
      "log_std_max": -2.3,
      "accepted": true,
      "mode": "reward",
      "reward_before": 2.1210202305610437e-07,
      "reward_after": 0.35506510734558105,
      "cost_before": 0.34999164938926697,
      "cost_after": 0.36865970492362976,
      "kl_before": -2.384185791015625e-07,
      "kl_after": 0.019936954602599144,
      "cost_gap": -0.650008350610733,
      "cost_recoverable": true,
      "cost_quadratic": 330.18359375,
      "reward_quadratic": 3.4284143447875977,
      "reward_cost_cross": 0.6730489730834961,
      "max_linear_cost_drop": 3.6341909347198587,
      "rollout_wall_seconds": 1.4461546540260315,
      "update_wall_seconds": 1.0411332082003355,
      "total_wall_seconds": 2.4872898757457733
    },
    {
      "update": 828,
      "algorithm": "macpo",
      "actor_loss": -0.3191746473312378,
      "reward_critic_loss": 0.0013296154793351889,
      "cost_critic_loss": 0.35015854239463806,
      "reward_critic_loss_last": 0.0013296154793351889,
      "cost_critic_loss_last": 0.35015854239463806,
      "critic_epochs": 1,
      "daily_voltage_cost": 0.009226659312844276,
      "daily_voltage_cost_raw": 0.009226659312844276,
      "daily_voltage_cost_normalized": 0.4613329768180847,
      "daily_economic_return_raw_yuan": -1221646.75,
      "daily_economic_return_normalized": -0.3876146078109741,
      "daily_economic_cost_raw_yuan": 1221646.75,
      "economic_reward_scale_yuan": 3151704.8194007874,
      "lagrange_multiplier": 0.0,
      "cost_budget": 1.0,
      "cost_budget_raw": 0.02,
      "cost_budget_normalized": 1.0,
      "algorithm_cost_mode": "separate_cost",
      "fixed_cost_penalty_coef": 0.0,
      "log_std_max": -2.3,
      "accepted": true,
      "mode": "reward",
      "reward_before": 2.450928775488137e-07,
      "reward_after": 0.3191746473312378,
      "cost_before": 0.46133387088775635,
      "cost_after": 0.060697346925735474,
      "kl_before": -2.384185791015625e-07,
      "kl_after": 0.019998988136649132,
      "cost_gap": -0.5386661291122437,
      "cost_recoverable": true,
      "cost_quadratic": 945.5723266601562,
      "reward_quadratic": 2.698357105255127,
      "reward_cost_cross": -3.5935559272766113,
      "max_linear_cost_drop": 6.1500319565353685,
      "rollout_wall_seconds": 1.6366793364286423,
      "update_wall_seconds": 1.2178266420960426,
      "total_wall_seconds": 2.854507902637124
    },
    {
      "update": 829,
      "algorithm": "macpo",
      "actor_loss": -0.21113409101963043,
      "reward_critic_loss": 0.002020469633862376,
      "cost_critic_loss": 0.12680427730083466,
      "reward_critic_loss_last": 0.002020469633862376,
      "cost_critic_loss_last": 0.12680427730083466,
      "critic_epochs": 1,
      "daily_voltage_cost": 0.002870827680453658,
      "daily_voltage_cost_raw": 0.002870827680453658,
      "daily_voltage_cost_normalized": 0.1435413807630539,
      "daily_economic_return_raw_yuan": -1150352.125,
      "daily_economic_return_normalized": -0.3649936318397522,
      "daily_economic_cost_raw_yuan": 1150352.125,
      "economic_reward_scale_yuan": 3151704.8194007874,
      "lagrange_multiplier": 0.0,
      "cost_budget": 1.0,
      "cost_budget_raw": 0.02,
      "cost_budget_normalized": 1.0,
      "algorithm_cost_mode": "separate_cost",
      "fixed_cost_penalty_coef": 0.0,
      "log_std_max": -2.3,
      "accepted": true,
      "mode": "reward",
      "reward_before": 1.234100466263044e-07,
      "reward_after": 0.21113409101963043,
      "cost_before": 0.14354419708251953,
      "cost_after": -0.19439606368541718,
      "kl_before": -2.384185791015625e-07,
      "kl_after": 0.005049123428761959,
      "cost_gap": -0.8564558029174805,
      "cost_recoverable": true,
      "cost_quadratic": 295.7196960449219,
      "reward_quadratic": 4.320701599121094,
      "reward_cost_cross": -6.720571041107178,
      "max_linear_cost_drop": 3.4393004872788997,
      "rollout_wall_seconds": 2.32470759563148,
      "update_wall_seconds": 1.2739342264831066,
      "total_wall_seconds": 3.5986438002437353
    },
    {
      "update": 830,
      "algorithm": "macpo",
      "actor_loss": 0.04083415865898132,
      "reward_critic_loss": 0.0017166088800877333,
      "cost_critic_loss": 2.2417280673980713,
      "reward_critic_loss_last": 0.0017166088800877333,
      "cost_critic_loss_last": 2.2417280673980713,
      "critic_epochs": 1,
      "daily_voltage_cost": 0.030954312533140182,
      "daily_voltage_cost_raw": 0.030954312533140182,
      "daily_voltage_cost_normalized": 1.547715663909912,
      "daily_economic_return_raw_yuan": -899441.0625,
      "daily_economic_return_normalized": -0.28538239002227783,
      "daily_economic_cost_raw_yuan": 899441.0625,
      "economic_reward_scale_yuan": 3151704.8194007874,
      "lagrange_multiplier": 0.0,
      "cost_budget": 1.0,
      "cost_budget_raw": 0.02,
      "cost_budget_normalized": 1.0,
      "algorithm_cost_mode": "separate_cost",
      "fixed_cost_penalty_coef": 0.0,
      "log_std_max": -2.3,
      "accepted": true,
      "mode": "cost_recovery",
      "reward_before": -4.5284292582437047e-07,
      "reward_after": -0.04083415865898132,
      "cost_before": 1.547703504562378,
      "cost_after": -9.991693496704102,
      "kl_before": -2.384185791015625e-07,
      "kl_after": 0.01993205025792122,
      "cost_gap": 0.5477035045623779,
      "cost_recoverable": true,
      "cost_quadratic": 4907.84765625,
      "reward_quadratic": 3.910222053527832,
      "reward_cost_cross": 17.380718231201172,
      "max_linear_cost_drop": 14.011206452336644,
      "rollout_wall_seconds": 2.151224013417959,
      "update_wall_seconds": 1.2485879994928837,
      "total_wall_seconds": 3.399815248325467
    },
    {
      "update": 831,
      "algorithm": "macpo",
      "actor_loss": -0.34628021717071533,
      "reward_critic_loss": 0.001671925070695579,
      "cost_critic_loss": 0.3752667307853699,
      "reward_critic_loss_last": 0.001671925070695579,
      "cost_critic_loss_last": 0.3752667307853699,
      "critic_epochs": 1,
      "daily_voltage_cost": 0.007113790139555931,
      "daily_voltage_cost_raw": 0.007113790139555931,
      "daily_voltage_cost_normalized": 0.35568949580192566,
      "daily_economic_return_raw_yuan": -1093446.0,
      "daily_economic_return_normalized": -0.34693795442581177,
      "daily_economic_cost_raw_yuan": 1093446.0,
      "economic_reward_scale_yuan": 3151704.8194007874,
      "lagrange_multiplier": 0.0,
      "cost_budget": 1.0,
      "cost_budget_raw": 0.02,
      "cost_budget_normalized": 1.0,
      "algorithm_cost_mode": "separate_cost",
      "fixed_cost_penalty_coef": 0.0,
      "log_std_max": -2.3,
      "accepted": true,
      "mode": "reward",
      "reward_before": 2.521283022360876e-07,
      "reward_after": 0.34628021717071533,
      "cost_before": 0.3556949198246002,
      "cost_after": 0.2067430168390274,
      "kl_before": -2.384185791015625e-07,
      "kl_after": 0.01991027221083641,
      "cost_gap": -0.6443050801753998,
      "cost_recoverable": true,
      "cost_quadratic": 761.2400512695312,
      "reward_quadratic": 3.17042875289917,
      "reward_cost_cross": -2.043610095977783,
      "max_linear_cost_drop": 5.518115806213317,
      "rollout_wall_seconds": 1.8048830833286047,
      "update_wall_seconds": 1.3744619451463223,
      "total_wall_seconds": 3.1793486196547747
    },
    {
      "update": 832,
      "algorithm": "macpo",
      "actor_loss": -0.17944426834583282,
      "reward_critic_loss": 0.0016750162467360497,
      "cost_critic_loss": 0.7020531892776489,
      "reward_critic_loss_last": 0.0016750162467360497,
      "cost_critic_loss_last": 0.7020531892776489,
      "critic_epochs": 1,
      "daily_voltage_cost": 0.015062365680932999,
      "daily_voltage_cost_raw": 0.015062365680932999,
      "daily_voltage_cost_normalized": 0.7531182765960693,
      "daily_economic_return_raw_yuan": -1214122.75,
      "daily_economic_return_normalized": -0.3852273225784302,
      "daily_economic_cost_raw_yuan": 1214122.75,
      "economic_reward_scale_yuan": 3151704.8194007874,
      "lagrange_multiplier": 0.0,
      "cost_budget": 1.0,
      "cost_budget_raw": 0.02,
      "cost_budget_normalized": 1.0,
      "algorithm_cost_mode": "separate_cost",
      "fixed_cost_penalty_coef": 0.0,
      "log_std_max": -2.3,
      "accepted": true,
      "mode": "constrained_reward",
      "reward_before": 3.141570346087974e-07,
      "reward_after": 0.17944426834583282,
      "cost_before": 0.753120481967926,
      "cost_after": 0.8741856217384338,
      "kl_before": -2.384185791015625e-07,
      "kl_after": 0.0049806078895926476,
      "cost_gap": -0.24687951803207397,
      "cost_recoverable": true,
      "cost_quadratic": 1934.735107421875,
      "reward_quadratic": 3.4099183082580566,
      "reward_cost_cross": 5.048687934875488,
      "max_linear_cost_drop": 8.797124774429143,
      "rollout_wall_seconds": 1.388976015150547,
      "update_wall_seconds": 1.090764593333006,
      "total_wall_seconds": 2.479743491858244
    },
    {
      "update": 833,
      "algorithm": "macpo",
      "actor_loss": -0.06148410961031914,
      "reward_critic_loss": 0.0014682228211313486,
      "cost_critic_loss": 1.6896648406982422,
      "reward_critic_loss_last": 0.0014682228211313486,
      "cost_critic_loss_last": 1.6896648406982422,
      "critic_epochs": 1,
      "daily_voltage_cost": 0.028042485937476158,
      "daily_voltage_cost_raw": 0.028042485937476158,
      "daily_voltage_cost_normalized": 1.402124285697937,
      "daily_economic_return_raw_yuan": -1036375.25,
      "daily_economic_return_normalized": -0.3288300633430481,
      "daily_economic_cost_raw_yuan": 1036375.25,
      "economic_reward_scale_yuan": 3151704.8194007874,
      "lagrange_multiplier": 0.0,
      "cost_budget": 1.0,
      "cost_budget_raw": 0.02,
      "cost_budget_normalized": 1.0,
      "algorithm_cost_mode": "separate_cost",
      "fixed_cost_penalty_coef": 0.0,
      "log_std_max": -2.3,
      "accepted": true,
      "mode": "cost_recovery",
      "reward_before": 2.432978618571724e-08,
      "reward_after": 0.06148410961031914,
      "cost_before": 1.4021390676498413,
      "cost_after": -7.348285675048828,
      "kl_before": -2.384185791015625e-07,
      "kl_after": 0.019836414605379105,
      "cost_gap": 0.4021390676498413,
      "cost_recoverable": true,
      "cost_quadratic": 2744.042236328125,
      "reward_quadratic": 3.647242546081543,
      "reward_cost_cross": -14.768991470336914,
      "max_linear_cost_drop": 10.476721312181832,
      "rollout_wall_seconds": 1.92343788780272,
      "update_wall_seconds": 1.3740881774574518,
      "total_wall_seconds": 3.2975282575935125
    },
    {
      "update": 834,
      "algorithm": "macpo",
      "actor_loss": -0.30312642455101013,
      "reward_critic_loss": 0.0012047769268974662,
      "cost_critic_loss": 0.19864612817764282,
      "reward_critic_loss_last": 0.0012047769268974662,
      "cost_critic_loss_last": 0.19864612817764282,
      "critic_epochs": 1,
      "daily_voltage_cost": 0.007537574041634798,
      "daily_voltage_cost_raw": 0.007537574041634798,
      "daily_voltage_cost_normalized": 0.3768787086009979,
      "daily_economic_return_raw_yuan": -1174768.625,
      "daily_economic_return_normalized": -0.3727406859397888,
      "daily_economic_cost_raw_yuan": 1174768.625,
      "economic_reward_scale_yuan": 3151704.8194007874,
      "lagrange_multiplier": 0.0,
      "cost_budget": 1.0,
      "cost_budget_raw": 0.02,
      "cost_budget_normalized": 1.0,
      "algorithm_cost_mode": "separate_cost",
      "fixed_cost_penalty_coef": 0.0,
      "log_std_max": -2.3,
      "accepted": true,
      "mode": "reward",
      "reward_before": -2.6067425551445922e-08,
      "reward_after": 0.30312642455101013,
      "cost_before": 0.37687692046165466,
      "cost_after": -0.034497469663619995,
      "kl_before": -2.384185791015625e-07,
      "kl_after": 0.019923094660043716,
      "cost_gap": -0.6231230795383453,
      "cost_recoverable": true,
      "cost_quadratic": 492.3787841796875,
      "reward_quadratic": 2.5213139057159424,
      "reward_cost_cross": -3.4200479984283447,
      "max_linear_cost_drop": 4.437921964972739,
      "rollout_wall_seconds": 2.350680612027645,
      "update_wall_seconds": 1.5138725079596043,
      "total_wall_seconds": 3.8645561560988426
    },
    {
      "update": 835,
      "algorithm": "macpo",
      "actor_loss": -0.06363826245069504,
      "reward_critic_loss": 0.0012822274584323168,
      "cost_critic_loss": 2.560654878616333,
      "reward_critic_loss_last": 0.0012822274584323168,
      "cost_critic_loss_last": 2.560654878616333,
      "critic_epochs": 1,
      "daily_voltage_cost": 0.022352343425154686,
      "daily_voltage_cost_raw": 0.022352343425154686,
      "daily_voltage_cost_normalized": 1.1176172494888306,
      "daily_economic_return_raw_yuan": -1134139.0,
      "daily_economic_return_normalized": -0.35984939336776733,
      "daily_economic_cost_raw_yuan": 1134139.0,
      "economic_reward_scale_yuan": 3151704.8194007874,
      "lagrange_multiplier": 0.0,
      "cost_budget": 1.0,
      "cost_budget_raw": 0.02,
      "cost_budget_normalized": 1.0,
      "algorithm_cost_mode": "separate_cost",
      "fixed_cost_penalty_coef": 0.0,
      "log_std_max": -2.3,
      "accepted": true,
      "mode": "cost_recovery",
      "reward_before": -5.055657226193944e-09,
      "reward_after": 0.06363826245069504,
      "cost_before": 1.1176164150238037,
      "cost_after": -9.854776382446289,
      "kl_before": -2.384185791015625e-07,
      "kl_after": 0.019906997680664062,
      "cost_gap": 0.11761641502380371,
      "cost_recoverable": true,
      "cost_quadratic": 4065.6279296875,
      "reward_quadratic": 2.760237216949463,
      "reward_cost_cross": -22.414005279541016,
      "max_linear_cost_drop": 12.752455339561084,
      "rollout_wall_seconds": 2.6748976036906242,
      "update_wall_seconds": 1.5762851368635893,
      "total_wall_seconds": 4.2511876579374075
    },
    {
      "update": 836,
      "algorithm": "macpo",
      "actor_loss": 0.002142703626304865,
      "reward_critic_loss": 0.0010841473704203963,
      "cost_critic_loss": 1.9344310760498047,
      "reward_critic_loss_last": 0.0010841473704203963,
      "cost_critic_loss_last": 1.9344310760498047,
      "critic_epochs": 1,
      "daily_voltage_cost": 0.026775114238262177,
      "daily_voltage_cost_raw": 0.026775114238262177,
      "daily_voltage_cost_normalized": 1.3387558460235596,
      "daily_economic_return_raw_yuan": -1072617.0,
      "daily_economic_return_normalized": -0.3403291702270508,
      "daily_economic_cost_raw_yuan": 1072617.0,
      "economic_reward_scale_yuan": 3151704.8194007874,
      "lagrange_multiplier": 0.0,
      "cost_budget": 1.0,
      "cost_budget_raw": 0.02,
      "cost_budget_normalized": 1.0,
      "algorithm_cost_mode": "separate_cost",
      "fixed_cost_penalty_coef": 0.0,
      "log_std_max": -2.3,
      "accepted": true,
      "mode": "cost_recovery",
      "reward_before": -1.5934763553104858e-07,
      "reward_after": -0.002142703626304865,
      "cost_before": 1.3387466669082642,
      "cost_after": -4.211204528808594,
      "kl_before": -2.384185791015625e-07,
      "kl_after": 0.005031452979892492,
      "cost_gap": 0.33874666690826416,
      "cost_recoverable": true,
      "cost_quadratic": 3549.4130859375,
      "reward_quadratic": 2.6167097091674805,
      "reward_cost_cross": 1.4607328176498413,
      "max_linear_cost_drop": 11.915390192415018,
      "rollout_wall_seconds": 2.4084473866969347,
      "update_wall_seconds": 1.3004239685833454,
      "total_wall_seconds": 3.7088746931403875
    },
    {
      "update": 837,
      "algorithm": "macpo",
      "actor_loss": -0.39618295431137085,
      "reward_critic_loss": 0.001884162425994873,
      "cost_critic_loss": 1.008732795715332,
      "reward_critic_loss_last": 0.001884162425994873,
      "cost_critic_loss_last": 1.008732795715332,
      "critic_epochs": 1,
      "daily_voltage_cost": 0.016040101647377014,
      "daily_voltage_cost_raw": 0.016040101647377014,
      "daily_voltage_cost_normalized": 0.8020051121711731,
      "daily_economic_return_raw_yuan": -1144314.5,
      "daily_economic_return_normalized": -0.36307796835899353,
      "daily_economic_cost_raw_yuan": 1144314.5,
      "economic_reward_scale_yuan": 3151704.8194007874,
      "lagrange_multiplier": 0.0,
      "cost_budget": 1.0,
      "cost_budget_raw": 0.02,
      "cost_budget_normalized": 1.0,
      "algorithm_cost_mode": "separate_cost",
      "fixed_cost_penalty_coef": 0.0,
      "log_std_max": -2.3,
      "accepted": true,
      "mode": "reward",
      "reward_before": 2.670462038167898e-07,
      "reward_after": 0.39618295431137085,
      "cost_before": 0.8020063042640686,
      "cost_after": 0.5578446388244629,
      "kl_before": -2.384185791015625e-07,
      "kl_after": 0.01990959234535694,
      "cost_gap": -0.1979936957359314,
      "cost_recoverable": true,
      "cost_quadratic": 2888.732421875,
      "reward_quadratic": 3.8230981826782227,
      "reward_cost_cross": -1.9541610479354858,
      "max_linear_cost_drop": 10.749385883621445,
      "rollout_wall_seconds": 2.1849675867706537,
      "update_wall_seconds": 1.1953262481838465,
      "total_wall_seconds": 3.3802969809621572
    },
    {
      "update": 838,
      "algorithm": "macpo",
      "actor_loss": -0.18119844794273376,
      "reward_critic_loss": 0.0018333382904529572,
      "cost_critic_loss": 0.07655687630176544,
      "reward_critic_loss_last": 0.0018333382904529572,
      "cost_critic_loss_last": 0.07655687630176544,
      "critic_epochs": 1,
      "daily_voltage_cost": 0.0008524921140633523,
      "daily_voltage_cost_raw": 0.0008524921140633523,
      "daily_voltage_cost_normalized": 0.04262460768222809,
      "daily_economic_return_raw_yuan": -1258153.5,
      "daily_economic_return_normalized": -0.3991977572441101,
      "daily_economic_cost_raw_yuan": 1258153.5,
      "economic_reward_scale_yuan": 3151704.8194007874,
      "lagrange_multiplier": 0.0,
      "cost_budget": 1.0,
      "cost_budget_raw": 0.02,
      "cost_budget_normalized": 1.0,
      "algorithm_cost_mode": "separate_cost",
      "fixed_cost_penalty_coef": 0.0,
      "log_std_max": -2.3,
      "accepted": true,
      "mode": "reward",
      "reward_before": 5.054494636169693e-07,
      "reward_after": 0.18119844794273376,
      "cost_before": 0.042625341564416885,
      "cost_after": 0.29888033866882324,
      "kl_before": -2.384185791015625e-07,
      "kl_after": 0.005002104677259922,
      "cost_gap": -0.9573746584355831,
      "cost_recoverable": true,
      "cost_quadratic": 184.84088134765625,
      "reward_quadratic": 3.560363292694092,
      "reward_cost_cross": 4.733518600463867,
      "max_linear_cost_drop": 2.7191239864901804,
      "rollout_wall_seconds": 1.8564668074250221,
      "update_wall_seconds": 1.2060786746442318,
      "total_wall_seconds": 3.062547767534852
    },
    {
      "update": 839,
      "algorithm": "macpo",
      "actor_loss": -0.40333014726638794,
      "reward_critic_loss": 0.001752324402332306,
      "cost_critic_loss": 0.26006847620010376,
      "reward_critic_loss_last": 0.001752324402332306,
      "cost_critic_loss_last": 0.26006847620010376,
      "critic_epochs": 1,
      "daily_voltage_cost": 0.010054249316453934,
      "daily_voltage_cost_raw": 0.010054249316453934,
      "daily_voltage_cost_normalized": 0.5027124881744385,
      "daily_economic_return_raw_yuan": -1232428.75,
      "daily_economic_return_normalized": -0.39103561639785767,
      "daily_economic_cost_raw_yuan": 1232428.75,
      "economic_reward_scale_yuan": 3151704.8194007874,
      "lagrange_multiplier": 0.0,
      "cost_budget": 1.0,
      "cost_budget_raw": 0.02,
      "cost_budget_normalized": 1.0,
      "algorithm_cost_mode": "separate_cost",
      "fixed_cost_penalty_coef": 0.0,
      "log_std_max": -2.3,
      "accepted": true,
      "mode": "reward",
      "reward_before": -2.2920110609447875e-07,
      "reward_after": 0.40333014726638794,
      "cost_before": 0.5027084946632385,
      "cost_after": -0.02289116382598877,
      "kl_before": -2.384185791015625e-07,
      "kl_after": 0.019924189895391464,
      "cost_gap": -0.4972915053367615,
      "cost_recoverable": true,
      "cost_quadratic": 572.389892578125,
      "reward_quadratic": 3.938565254211426,
      "reward_cost_cross": -5.452604293823242,
      "max_linear_cost_drop": 4.784934242298947,
      "rollout_wall_seconds": 1.8006057776510715,
      "update_wall_seconds": 1.1044607665389776,
      "total_wall_seconds": 2.9050690047442913
    },
    {
      "update": 840,
      "algorithm": "macpo",
      "actor_loss": -0.35999491810798645,
      "reward_critic_loss": 0.0014065979048609734,
      "cost_critic_loss": 0.25441974401474,
      "reward_critic_loss_last": 0.0014065979048609734,
      "cost_critic_loss_last": 0.25441974401474,
      "critic_epochs": 1,
      "daily_voltage_cost": 0.005663626827299595,
      "daily_voltage_cost_raw": 0.005663626827299595,
      "daily_voltage_cost_normalized": 0.283181369304657,
      "daily_economic_return_raw_yuan": -1005722.9375,
      "daily_economic_return_normalized": -0.3191044330596924,
      "daily_economic_cost_raw_yuan": 1005722.9375,
      "economic_reward_scale_yuan": 3151704.8194007874,
      "lagrange_multiplier": 0.0,
      "cost_budget": 1.0,
      "cost_budget_raw": 0.02,
      "cost_budget_normalized": 1.0,
      "algorithm_cost_mode": "separate_cost",
      "fixed_cost_penalty_coef": 0.0,
      "log_std_max": -2.3,
      "accepted": true,
      "mode": "reward",
      "reward_before": -6.549612407980021e-08,
      "reward_after": 0.35999491810798645,
      "cost_before": 0.2831869125366211,
      "cost_after": 0.0261116623878479,
      "kl_before": -2.384185791015625e-07,
      "kl_after": 0.01996372640132904,
      "cost_gap": -0.7168130874633789,
      "cost_recoverable": true,
      "cost_quadratic": 590.7859497070312,
      "reward_quadratic": 3.2071099281311035,
      "reward_cost_cross": -1.498354196548462,
      "max_linear_cost_drop": 4.861217747466292,
      "rollout_wall_seconds": 2.0506205167621374,
      "update_wall_seconds": 1.1539116632193327,
      "total_wall_seconds": 3.204534634947777
    },
    {
      "update": 841,
      "algorithm": "macpo",
      "actor_loss": -0.18374770879745483,
      "reward_critic_loss": 0.0013817258877679706,
      "cost_critic_loss": 0.24166636168956757,
      "reward_critic_loss_last": 0.0013817258877679706,
      "cost_critic_loss_last": 0.24166636168956757,
      "critic_epochs": 1,
      "daily_voltage_cost": 0.008731791749596596,
      "daily_voltage_cost_raw": 0.008731791749596596,
      "daily_voltage_cost_normalized": 0.4365895986557007,
      "daily_economic_return_raw_yuan": -1042408.4375,
      "daily_economic_return_normalized": -0.33074432611465454,
      "daily_economic_cost_raw_yuan": 1042408.4375,
      "economic_reward_scale_yuan": 3151704.8194007874,
      "lagrange_multiplier": 0.0,
      "cost_budget": 1.0,
      "cost_budget_raw": 0.02,
      "cost_budget_normalized": 1.0,
      "algorithm_cost_mode": "separate_cost",
      "fixed_cost_penalty_coef": 0.0,
      "log_std_max": -2.3,
      "accepted": true,
      "mode": "reward",
      "reward_before": -2.792971827147994e-07,
      "reward_after": 0.18374770879745483,
      "cost_before": 0.4365910291671753,
      "cost_after": -0.4088543653488159,
      "kl_before": -2.384185791015625e-07,
      "kl_after": 0.00501450477167964,
      "cost_gap": -0.5634089708328247,
      "cost_recoverable": true,
      "cost_quadratic": 573.533203125,
      "reward_quadratic": 3.345907211303711,
      "reward_cost_cross": -14.879056930541992,
      "max_linear_cost_drop": 4.7897106514903385,
      "rollout_wall_seconds": 1.822705464437604,
      "update_wall_seconds": 1.1195498518645763,
      "total_wall_seconds": 2.942257395014167
    },
    {
      "update": 842,
      "algorithm": "macpo",
      "actor_loss": -0.2065311074256897,
      "reward_critic_loss": 0.0018295987974852324,
      "cost_critic_loss": 0.13555878400802612,
      "reward_critic_loss_last": 0.0018295987974852324,
      "cost_critic_loss_last": 0.13555878400802612,
      "critic_epochs": 1,
      "daily_voltage_cost": 0.003960622940212488,
      "daily_voltage_cost_raw": 0.003960622940212488,
      "daily_voltage_cost_normalized": 0.19803115725517273,
      "daily_economic_return_raw_yuan": -1135066.125,
      "daily_economic_return_normalized": -0.3601435422897339,
      "daily_economic_cost_raw_yuan": 1135066.125,
      "economic_reward_scale_yuan": 3151704.8194007874,
      "lagrange_multiplier": 0.0,
      "cost_budget": 1.0,
      "cost_budget_raw": 0.02,
      "cost_budget_normalized": 1.0,
      "algorithm_cost_mode": "separate_cost",
      "fixed_cost_penalty_coef": 0.0,
      "log_std_max": -2.3,
      "accepted": true,
      "mode": "reward",
      "reward_before": 1.5281285925539123e-07,
      "reward_after": 0.2065311074256897,
      "cost_before": 0.1980331987142563,
      "cost_after": 0.0938757136464119,
      "kl_before": -2.384185791015625e-07,
      "kl_after": 0.004992792848497629,
      "cost_gap": -0.8019668012857437,
      "cost_recoverable": true,
      "cost_quadratic": 307.396484375,
      "reward_quadratic": 4.4738874435424805,
      "reward_cost_cross": -1.390744924545288,
      "max_linear_cost_drop": 3.5065452193006155,
      "rollout_wall_seconds": 2.1101851649582386,
      "update_wall_seconds": 1.278599351644516,
      "total_wall_seconds": 3.3887868840247393
    },
    {
      "update": 843,
      "algorithm": "macpo",
      "actor_loss": -0.2122557908296585,
      "reward_critic_loss": 0.002230331301689148,
      "cost_critic_loss": 0.40265947580337524,
      "reward_critic_loss_last": 0.002230331301689148,
      "cost_critic_loss_last": 0.40265947580337524,
      "critic_epochs": 1,
      "daily_voltage_cost": 0.011816952377557755,
      "daily_voltage_cost_raw": 0.011816952377557755,
      "daily_voltage_cost_normalized": 0.5908476114273071,
      "daily_economic_return_raw_yuan": -991177.625,
      "daily_economic_return_normalized": -0.31448936462402344,
      "daily_economic_cost_raw_yuan": 991177.625,
      "economic_reward_scale_yuan": 3151704.8194007874,
      "lagrange_multiplier": 0.0,
      "cost_budget": 1.0,
      "cost_budget_raw": 0.02,
      "cost_budget_normalized": 1.0,
      "algorithm_cost_mode": "separate_cost",
      "fixed_cost_penalty_coef": 0.0,
      "log_std_max": -2.3,
      "accepted": true,
      "mode": "reward",
      "reward_before": 8.238327353637942e-08,
      "reward_after": 0.2122557908296585,
      "cost_before": 0.5908419489860535,
      "cost_after": 0.1937902867794037,
      "kl_before": -2.384185791015625e-07,
      "kl_after": 0.0049911923706531525,
      "cost_gap": -0.40915805101394653,
      "cost_recoverable": true,
      "cost_quadratic": 871.2489624023438,
      "reward_quadratic": 4.340723514556885,
      "reward_cost_cross": -7.536538124084473,
      "max_linear_cost_drop": 5.903385341996044,
      "rollout_wall_seconds": 2.1573326773941517,
      "update_wall_seconds": 1.35973378457129,
      "total_wall_seconds": 3.5170704647898674
    },
    {
      "update": 844,
      "algorithm": "macpo",
      "actor_loss": -0.4210571050643921,
      "reward_critic_loss": 0.001954748062416911,
      "cost_critic_loss": 0.21260830760002136,
      "reward_critic_loss_last": 0.001954748062416911,
      "cost_critic_loss_last": 0.21260830760002136,
      "critic_epochs": 1,
      "daily_voltage_cost": 0.010538925416767597,
      "daily_voltage_cost_raw": 0.010538925416767597,
      "daily_voltage_cost_normalized": 0.5269462466239929,
      "daily_economic_return_raw_yuan": -964172.375,
      "daily_economic_return_normalized": -0.30592089891433716,
      "daily_economic_cost_raw_yuan": 964172.375,
      "economic_reward_scale_yuan": 3151704.8194007874,
      "lagrange_multiplier": 0.0,
      "cost_budget": 1.0,
      "cost_budget_raw": 0.02,
      "cost_budget_normalized": 1.0,
      "algorithm_cost_mode": "separate_cost",
      "fixed_cost_penalty_coef": 0.0,
      "log_std_max": -2.3,
      "accepted": true,
      "mode": "reward",
      "reward_before": -4.462017670903151e-07,
      "reward_after": 0.4210571050643921,
      "cost_before": 0.5269502401351929,
      "cost_after": -0.6927857995033264,
      "kl_before": -2.384185791015625e-07,
      "kl_after": 0.019980337470769882,
      "cost_gap": -0.47304975986480713,
      "cost_recoverable": true,
      "cost_quadratic": 465.970947265625,
      "reward_quadratic": 4.121088027954102,
      "reward_cost_cross": -11.351734161376953,
      "max_linear_cost_drop": 4.317272042693743,
      "rollout_wall_seconds": 2.261826477944851,
      "update_wall_seconds": 1.3821421265602112,
      "total_wall_seconds": 3.643970839679241
    },
    {
      "update": 845,
      "algorithm": "macpo",
      "actor_loss": -0.1787049025297165,
      "reward_critic_loss": 0.001412590965628624,
      "cost_critic_loss": 0.5964165925979614,
      "reward_critic_loss_last": 0.001412590965628624,
      "cost_critic_loss_last": 0.5964165925979614,
      "critic_epochs": 1,
      "daily_voltage_cost": 0.014926806092262268,
      "daily_voltage_cost_raw": 0.014926806092262268,
      "daily_voltage_cost_normalized": 0.746340274810791,
      "daily_economic_return_raw_yuan": -1138948.75,
      "daily_economic_return_normalized": -0.36137545108795166,
      "daily_economic_cost_raw_yuan": 1138948.75,
      "economic_reward_scale_yuan": 3151704.8194007874,
      "lagrange_multiplier": 0.0,
      "cost_budget": 1.0,
      "cost_budget_raw": 0.02,
      "cost_budget_normalized": 1.0,
      "algorithm_cost_mode": "separate_cost",
      "fixed_cost_penalty_coef": 0.0,
      "log_std_max": -2.3,
      "accepted": true,
      "mode": "reward",
      "reward_before": -1.551765791418802e-07,
      "reward_after": 0.1787049025297165,
      "cost_before": 0.7463297843933105,
      "cost_after": 0.45808279514312744,
      "kl_before": -2.384185791015625e-07,
      "kl_after": 0.005044120363891125,
      "cost_gap": -0.25367021560668945,
      "cost_recoverable": true,
      "cost_quadratic": 1433.209228515625,
      "reward_quadratic": 3.1358797550201416,
      "reward_cost_cross": -5.068612098693848,
      "max_linear_cost_drop": 7.571549982706645,
      "rollout_wall_seconds": 2.115341452881694,
      "update_wall_seconds": 1.4120454881340265,
      "total_wall_seconds": 3.527389084920287
    },
    {
      "update": 846,
      "algorithm": "macpo",
      "actor_loss": -0.3854074478149414,
      "reward_critic_loss": 0.0012624718947336078,
      "cost_critic_loss": 0.09415231645107269,
      "reward_critic_loss_last": 0.0012624718947336078,
      "cost_critic_loss_last": 0.09415231645107269,
      "critic_epochs": 1,
      "daily_voltage_cost": 0.006464309524744749,
      "daily_voltage_cost_raw": 0.006464309524744749,
      "daily_voltage_cost_normalized": 0.3232154846191406,
      "daily_economic_return_raw_yuan": -1102199.0,
      "daily_economic_return_normalized": -0.3497151732444763,
      "daily_economic_cost_raw_yuan": 1102199.0,
      "economic_reward_scale_yuan": 3151704.8194007874,
      "lagrange_multiplier": 0.0,
      "cost_budget": 1.0,
      "cost_budget_raw": 0.02,
      "cost_budget_normalized": 1.0,
      "algorithm_cost_mode": "separate_cost",
      "fixed_cost_penalty_coef": 0.0,
      "log_std_max": -2.3,
      "accepted": true,
      "mode": "reward",
      "reward_before": -3.38168177904663e-07,
      "reward_after": 0.3854074478149414,
      "cost_before": 0.3232158124446869,
      "cost_after": -0.27857905626296997,
      "kl_before": -2.384185791015625e-07,
      "kl_after": 0.019863534718751907,
      "cost_gap": -0.6767841875553131,
      "cost_recoverable": true,
      "cost_quadratic": 239.55081176757812,
      "reward_quadratic": 3.341121196746826,
      "reward_cost_cross": -4.301602363586426,
      "max_linear_cost_drop": 3.095485821434678,
      "rollout_wall_seconds": 2.5711045674979687,
      "update_wall_seconds": 1.5932277087122202,
      "total_wall_seconds": 4.164335006847978
    },
    {
      "update": 847,
      "algorithm": "macpo",
      "actor_loss": -0.06368420273065567,
      "reward_critic_loss": 0.0016723447479307652,
      "cost_critic_loss": 2.1413021087646484,
      "reward_critic_loss_last": 0.0016723447479307652,
      "cost_critic_loss_last": 2.1413021087646484,
      "critic_epochs": 1,
      "daily_voltage_cost": 0.036642882972955704,
      "daily_voltage_cost_raw": 0.036642882972955704,
      "daily_voltage_cost_normalized": 1.8321441411972046,
      "daily_economic_return_raw_yuan": -1171915.25,
      "daily_economic_return_normalized": -0.3718353509902954,
      "daily_economic_cost_raw_yuan": 1171915.25,
      "economic_reward_scale_yuan": 3151704.8194007874,
      "lagrange_multiplier": 0.0,
      "cost_budget": 1.0,
      "cost_budget_raw": 0.02,
      "cost_budget_normalized": 1.0,
      "algorithm_cost_mode": "separate_cost",
      "fixed_cost_penalty_coef": 0.0,
      "log_std_max": -2.3,
      "accepted": true,
      "mode": "cost_recovery",
      "reward_before": -1.4836422224107082e-07,
      "reward_after": 0.06368420273065567,
      "cost_before": 1.8321305513381958,
      "cost_after": -9.242021560668945,
      "kl_before": -2.384185791015625e-07,
      "kl_after": 0.019902145490050316,
      "cost_gap": 0.8321305513381958,
      "cost_recoverable": true,
      "cost_quadratic": 3855.520751953125,
      "reward_quadratic": 3.4632065296173096,
      "reward_cost_cross": -22.429513931274414,
      "max_linear_cost_drop": 12.418567956013487,
      "rollout_wall_seconds": 2.625953769311309,
      "update_wall_seconds": 1.612970158457756,
      "total_wall_seconds": 4.238927269354463
    },
    {
      "update": 848,
      "algorithm": "macpo",
      "actor_loss": -0.19034141302108765,
      "reward_critic_loss": 0.0015861401334404945,
      "cost_critic_loss": 0.28698354959487915,
      "reward_critic_loss_last": 0.0015861401334404945,
      "cost_critic_loss_last": 0.28698354959487915,
      "critic_epochs": 1,
      "daily_voltage_cost": 0.00694012688472867,
      "daily_voltage_cost_raw": 0.00694012688472867,
      "daily_voltage_cost_normalized": 0.34700635075569153,
      "daily_economic_return_raw_yuan": -1035853.125,
      "daily_economic_return_normalized": -0.3286643922328949,
      "daily_economic_cost_raw_yuan": 1035853.125,
      "economic_reward_scale_yuan": 3151704.8194007874,
      "lagrange_multiplier": 0.0,
      "cost_budget": 1.0,
      "cost_budget_raw": 0.02,
      "cost_budget_normalized": 1.0,
      "algorithm_cost_mode": "separate_cost",
      "fixed_cost_penalty_coef": 0.0,
      "log_std_max": -2.3,
      "accepted": true,
      "mode": "reward",
      "reward_before": -2.938257637197239e-07,
      "reward_after": 0.19034141302108765,
      "cost_before": 0.34700554609298706,
      "cost_after": -0.05690869688987732,
      "kl_before": -2.384185791015625e-07,
      "kl_after": 0.0049961344338953495,
      "cost_gap": -0.6529944539070129,
      "cost_recoverable": true,
      "cost_quadratic": 545.22265625,
      "reward_quadratic": 3.432325601577759,
      "reward_cost_cross": -7.073674201965332,
      "max_linear_cost_drop": 4.670000669164835,
      "rollout_wall_seconds": 2.4276646710932255,
      "update_wall_seconds": 1.5359071977436543,
      "total_wall_seconds": 3.963575066998601
    },
    {
      "update": 849,
      "algorithm": "macpo",
      "actor_loss": 0.06349584460258484,
      "reward_critic_loss": 0.001486834604293108,
      "cost_critic_loss": 1.5381355285644531,
      "reward_critic_loss_last": 0.001486834604293108,
      "cost_critic_loss_last": 1.5381355285644531,
      "critic_epochs": 1,
      "daily_voltage_cost": 0.028048787266016006,
      "daily_voltage_cost_raw": 0.028048787266016006,
      "daily_voltage_cost_normalized": 1.4024394750595093,
      "daily_economic_return_raw_yuan": -1134143.375,
      "daily_economic_return_normalized": -0.35985076427459717,
      "daily_economic_cost_raw_yuan": 1134143.375,
      "economic_reward_scale_yuan": 3151704.8194007874,
      "lagrange_multiplier": 0.0,
      "cost_budget": 1.0,
      "cost_budget_raw": 0.02,
      "cost_budget_normalized": 1.0,
      "algorithm_cost_mode": "separate_cost",
      "fixed_cost_penalty_coef": 0.0,
      "log_std_max": -2.3,
      "accepted": true,
      "mode": "cost_recovery",
      "reward_before": -6.983396474424808e-07,
      "reward_after": -0.06349584460258484,
      "cost_before": 1.4024513959884644,
      "cost_after": -9.389776229858398,
      "kl_before": -2.384185791015625e-07,
      "kl_after": 0.019905533641576767,
      "cost_gap": 0.40245139598846436,
      "cost_recoverable": true,
      "cost_quadratic": 3627.46142578125,
      "reward_quadratic": 3.245527744293213,
      "reward_cost_cross": 18.082935333251953,
      "max_linear_cost_drop": 12.045682090743139,
      "rollout_wall_seconds": 2.2856371123343706,
      "update_wall_seconds": 1.4020768515765667,
      "total_wall_seconds": 3.687717091292143
    },
    {
      "update": 850,
      "algorithm": "macpo",
      "actor_loss": -0.3994724452495575,
      "reward_critic_loss": 0.002321034437045455,
      "cost_critic_loss": 0.6059964895248413,
      "reward_critic_loss_last": 0.002321034437045455,
      "cost_critic_loss_last": 0.6059964895248413,
      "critic_epochs": 1,
      "daily_voltage_cost": 0.013370397500693798,
      "daily_voltage_cost_raw": 0.013370397500693798,
      "daily_voltage_cost_normalized": 0.6685198545455933,
      "daily_economic_return_raw_yuan": -1111203.625,
      "daily_economic_return_normalized": -0.3525722622871399,
      "daily_economic_cost_raw_yuan": 1111203.625,
      "economic_reward_scale_yuan": 3151704.8194007874,
      "lagrange_multiplier": 0.0,
      "cost_budget": 1.0,
      "cost_budget_raw": 0.02,
      "cost_budget_normalized": 1.0,
      "algorithm_cost_mode": "separate_cost",
      "fixed_cost_penalty_coef": 0.0,
      "log_std_max": -2.3,
      "accepted": true,
      "mode": "reward",
      "reward_before": 4.830075681638846e-07,
      "reward_after": 0.3994724452495575,
      "cost_before": 0.6685170531272888,
      "cost_after": 0.24064141511917114,
      "kl_before": -2.384185791015625e-07,
      "kl_after": 0.019972819834947586,
      "cost_gap": -0.3314829468727112,
      "cost_recoverable": true,
      "cost_quadratic": 1062.517822265625,
      "reward_quadratic": 4.1899847984313965,
      "reward_cost_cross": -4.1051506996154785,
      "max_linear_cost_drop": 6.5192570811883925,
      "rollout_wall_seconds": 2.327294396236539,
      "update_wall_seconds": 1.3392484448850155,
      "total_wall_seconds": 3.6665456872433424
    },
    {
      "update": 851,
      "algorithm": "macpo",
      "actor_loss": -0.4356854557991028,
      "reward_critic_loss": 0.002504291944205761,
      "cost_critic_loss": 0.23843412101268768,
      "reward_critic_loss_last": 0.002504291944205761,
      "cost_critic_loss_last": 0.23843412101268768,
      "critic_epochs": 1,
      "daily_voltage_cost": 0.005969959311187267,
      "daily_voltage_cost_raw": 0.005969959311187267,
      "daily_voltage_cost_normalized": 0.2984979450702667,
      "daily_economic_return_raw_yuan": -1253093.875,
      "daily_economic_return_normalized": -0.3975923955440521,
      "daily_economic_cost_raw_yuan": 1253093.875,
      "economic_reward_scale_yuan": 3151704.8194007874,
      "lagrange_multiplier": 0.0,
      "cost_budget": 1.0,
      "cost_budget_raw": 0.02,
      "cost_budget_normalized": 1.0,
      "algorithm_cost_mode": "separate_cost",
      "fixed_cost_penalty_coef": 0.0,
      "log_std_max": -2.3,
      "accepted": true,
      "mode": "reward",
      "reward_before": -1.5267517028405564e-08,
      "reward_after": 0.4356854557991028,
      "cost_before": 0.2984949052333832,
      "cost_after": 0.41290777921676636,
      "kl_before": -2.384185791015625e-07,
      "kl_after": 0.019948087632656097,
      "cost_gap": -0.7015050947666168,
      "cost_recoverable": true,
      "cost_quadratic": 457.88262939453125,
      "reward_quadratic": 4.96616792678833,
      "reward_cost_cross": 3.515434741973877,
      "max_linear_cost_drop": 4.279638439842933,
      "rollout_wall_seconds": 2.2645576763898134,
      "update_wall_seconds": 1.3366862945258617,
      "total_wall_seconds": 3.6012467090040445
    },
    {
      "update": 852,
      "algorithm": "macpo",
      "actor_loss": -0.4547041654586792,
      "reward_critic_loss": 0.0017886112909764051,
      "cost_critic_loss": 0.08208815008401871,
      "reward_critic_loss_last": 0.0017886112909764051,
      "cost_critic_loss_last": 0.08208815008401871,
      "critic_epochs": 1,
      "daily_voltage_cost": 0.0026669574435800314,
      "daily_voltage_cost_raw": 0.0026669574435800314,
      "daily_voltage_cost_normalized": 0.13334786891937256,
      "daily_economic_return_raw_yuan": -987093.0,
      "daily_economic_return_normalized": -0.31319335103034973,
      "daily_economic_cost_raw_yuan": 987093.0,
      "economic_reward_scale_yuan": 3151704.8194007874,
      "lagrange_multiplier": 0.0,
      "cost_budget": 1.0,
      "cost_budget_raw": 0.02,
      "cost_budget_normalized": 1.0,
      "algorithm_cost_mode": "separate_cost",
      "fixed_cost_penalty_coef": 0.0,
      "log_std_max": -2.3,
      "accepted": true,
      "mode": "reward",
      "reward_before": -3.1301317449106136e-07,
      "reward_after": 0.4547041654586792,
      "cost_before": 0.1333499252796173,
      "cost_after": -0.6826714277267456,
      "kl_before": -2.384185791015625e-07,
      "kl_after": 0.019986730068922043,
      "cost_gap": -0.8666500747203827,
      "cost_recoverable": true,
      "cost_quadratic": 189.69949340820312,
      "reward_quadratic": 4.34591007232666,
      "reward_cost_cross": -8.147079467773438,
      "max_linear_cost_drop": 2.754628783761639,
      "rollout_wall_seconds": 2.375242492184043,
      "update_wall_seconds": 1.411941347643733,
      "total_wall_seconds": 3.7871864661574364
    },
    {
      "update": 853,
      "algorithm": "macpo",
      "actor_loss": -0.39963334798812866,
      "reward_critic_loss": 0.0022228057496249676,
      "cost_critic_loss": 0.12161439657211304,
      "reward_critic_loss_last": 0.0022228057496249676,
      "cost_critic_loss_last": 0.12161439657211304,
      "critic_epochs": 1,
      "daily_voltage_cost": 0.007477736100554466,
      "daily_voltage_cost_raw": 0.007477736100554466,
      "daily_voltage_cost_normalized": 0.3738867938518524,
      "daily_economic_return_raw_yuan": -1159402.75,
      "daily_economic_return_normalized": -0.36786526441574097,
      "daily_economic_cost_raw_yuan": 1159402.75,
      "economic_reward_scale_yuan": 3151704.8194007874,
      "lagrange_multiplier": 0.0,
      "cost_budget": 1.0,
      "cost_budget_raw": 0.02,
      "cost_budget_normalized": 1.0,
      "algorithm_cost_mode": "separate_cost",
      "fixed_cost_penalty_coef": 0.0,
      "log_std_max": -2.3,
      "accepted": true,
      "mode": "reward",
      "reward_before": 1.0583604392877533e-07,
      "reward_after": 0.39963334798812866,
      "cost_before": 0.3738873302936554,
      "cost_after": 0.9157981872558594,
      "kl_before": -2.384185791015625e-07,
      "kl_after": 0.019891712814569473,
      "cost_gap": -0.6261126697063446,
      "cost_recoverable": true,
      "cost_quadratic": 308.0299987792969,
      "reward_quadratic": 4.53256893157959,
      "reward_cost_cross": 5.779612064361572,
      "max_linear_cost_drop": 3.510156684703957,
      "rollout_wall_seconds": 2.117741385474801,
      "update_wall_seconds": 1.2827698606997728,
      "total_wall_seconds": 3.40051363222301
    },
    {
      "update": 854,
      "algorithm": "macpo",
      "actor_loss": -0.19323712587356567,
      "reward_critic_loss": 0.0017419708892703056,
      "cost_critic_loss": 0.184112548828125,
      "reward_critic_loss_last": 0.0017419708892703056,
      "cost_critic_loss_last": 0.184112548828125,
      "critic_epochs": 1,
      "daily_voltage_cost": 0.00874969083815813,
      "daily_voltage_cost_raw": 0.00874969083815813,
      "daily_voltage_cost_normalized": 0.43748459219932556,
      "daily_economic_return_raw_yuan": -1155817.125,
      "daily_economic_return_normalized": -0.3667275905609131,
      "daily_economic_cost_raw_yuan": 1155817.125,
      "economic_reward_scale_yuan": 3151704.8194007874,
      "lagrange_multiplier": 0.0,
      "cost_budget": 1.0,
      "cost_budget_raw": 0.02,
      "cost_budget_normalized": 1.0,
      "algorithm_cost_mode": "separate_cost",
      "fixed_cost_penalty_coef": 0.0,
      "log_std_max": -2.3,
      "accepted": true,
      "mode": "reward",
      "reward_before": -1.5242804352055828e-08,
      "reward_after": 0.19323712587356567,
      "cost_before": 0.43748345971107483,
      "cost_after": -0.1505989134311676,
      "kl_before": -2.384185791015625e-07,
      "kl_after": 0.004968027584254742,
      "cost_gap": -0.5625165402889252,
      "cost_recoverable": true,
      "cost_quadratic": 413.12579345703125,
      "reward_quadratic": 3.8168859481811523,
      "reward_cost_cross": -10.807361602783203,
      "max_linear_cost_drop": 4.065099228589783,
      "rollout_wall_seconds": 1.9065419659018517,
      "update_wall_seconds": 1.3116925228387117,
      "total_wall_seconds": 3.218236992135644
    },
    {
      "update": 855,
      "algorithm": "macpo",
      "actor_loss": -0.4280564486980438,
      "reward_critic_loss": 0.0020205662585794926,
      "cost_critic_loss": 0.05253034457564354,
      "reward_critic_loss_last": 0.0020205662585794926,
      "cost_critic_loss_last": 0.05253034457564354,
      "critic_epochs": 1,
      "daily_voltage_cost": 0.003979801665991545,
      "daily_voltage_cost_raw": 0.003979801665991545,
      "daily_voltage_cost_normalized": 0.1989900767803192,
      "daily_economic_return_raw_yuan": -930581.9375,
      "daily_economic_return_normalized": -0.29526305198669434,
      "daily_economic_cost_raw_yuan": 930581.9375,
      "economic_reward_scale_yuan": 3151704.8194007874,
      "lagrange_multiplier": 0.0,
      "cost_budget": 1.0,
      "cost_budget_raw": 0.02,
      "cost_budget_normalized": 1.0,
      "algorithm_cost_mode": "separate_cost",
      "fixed_cost_penalty_coef": 0.0,
      "log_std_max": -2.3,
      "accepted": true,
      "mode": "reward",
      "reward_before": 7.95363632732915e-08,
      "reward_after": 0.4280564486980438,
      "cost_before": 0.19899015128612518,
      "cost_after": -0.2819325029850006,
      "kl_before": -2.384185791015625e-07,
      "kl_after": 0.019921232014894485,
      "cost_gap": -0.8010098487138748,
      "cost_recoverable": true,
      "cost_quadratic": 120.50178527832031,
      "reward_quadratic": 3.9672207832336426,
      "reward_cost_cross": -4.182908058166504,
      "max_linear_cost_drop": 2.1954661033896223,
      "rollout_wall_seconds": 2.0102117005735636,
      "update_wall_seconds": 1.082132102921605,
      "total_wall_seconds": 3.092345939949155
    },
    {
      "update": 856,
      "algorithm": "macpo",
      "actor_loss": -0.17685627937316895,
      "reward_critic_loss": 0.001254612929187715,
      "cost_critic_loss": 0.7483417391777039,
      "reward_critic_loss_last": 0.001254612929187715,
      "cost_critic_loss_last": 0.7483417391777039,
      "critic_epochs": 1,
      "daily_voltage_cost": 0.016812022775411606,
      "daily_voltage_cost_raw": 0.016812022775411606,
      "daily_voltage_cost_normalized": 0.8406011462211609,
      "daily_economic_return_raw_yuan": -1012150.0625,
      "daily_economic_return_normalized": -0.3211436867713928,
      "daily_economic_cost_raw_yuan": 1012150.0625,
      "economic_reward_scale_yuan": 3151704.8194007874,
      "lagrange_multiplier": 0.0,
      "cost_budget": 1.0,
      "cost_budget_raw": 0.02,
      "cost_budget_normalized": 1.0,
      "algorithm_cost_mode": "separate_cost",
      "fixed_cost_penalty_coef": 0.0,
      "log_std_max": -2.3,
      "accepted": true,
      "mode": "reward",
      "reward_before": 4.690774346727267e-08,
      "reward_after": 0.17685627937316895,
      "cost_before": 0.8406051397323608,
      "cost_after": 0.5779185891151428,
      "kl_before": -2.384185791015625e-07,
      "kl_after": 0.0050024306401610374,
      "cost_gap": -0.15939486026763916,
      "cost_recoverable": true,
      "cost_quadratic": 1752.35693359375,
      "reward_quadratic": 3.0014400482177734,
      "reward_cost_cross": -4.9519877433776855,
      "max_linear_cost_drop": 8.372232518495291,
      "rollout_wall_seconds": 1.743841003626585,
      "update_wall_seconds": 1.209871793165803,
      "total_wall_seconds": 2.9537150785326958
    },
    {
      "update": 857,
      "algorithm": "macpo",
      "actor_loss": -0.17183414101600647,
      "reward_critic_loss": 0.0013881111517548561,
      "cost_critic_loss": 0.9999825358390808,
      "reward_critic_loss_last": 0.0013881111517548561,
      "cost_critic_loss_last": 0.9999825358390808,
      "critic_epochs": 1,
      "daily_voltage_cost": 0.019221987575292587,
      "daily_voltage_cost_raw": 0.019221987575292587,
      "daily_voltage_cost_normalized": 0.9610994458198547,
      "daily_economic_return_raw_yuan": -1247201.25,
      "daily_economic_return_normalized": -0.39572274684906006,
      "daily_economic_cost_raw_yuan": 1247201.25,
      "economic_reward_scale_yuan": 3151704.8194007874,
      "lagrange_multiplier": 0.0,
      "cost_budget": 1.0,
      "cost_budget_raw": 0.02,
      "cost_budget_normalized": 1.0,
      "algorithm_cost_mode": "separate_cost",
      "fixed_cost_penalty_coef": 0.0,
      "log_std_max": -2.3,
      "accepted": true,
      "mode": "constrained_reward",
      "reward_before": -1.0588982490844501e-07,
      "reward_after": 0.17183414101600647,
      "cost_before": 0.9611069560050964,
      "cost_after": 0.9610853791236877,
      "kl_before": -2.384185791015625e-07,
      "kl_after": 0.004949116613715887,
      "cost_gap": -0.038893043994903564,
      "cost_recoverable": true,
      "cost_quadratic": 2109.7529296875,
      "reward_quadratic": 2.96417236328125,
      "reward_cost_cross": 5.36428689956665,
      "max_linear_cost_drop": 9.186409374042722,
      "rollout_wall_seconds": 1.8648818489164114,
      "update_wall_seconds": 1.3314396012574434,
      "total_wall_seconds": 3.1963239926844835
    },
    {
      "update": 858,
      "algorithm": "macpo",
      "actor_loss": -0.3599569797515869,
      "reward_critic_loss": 0.0014397831400856376,
      "cost_critic_loss": 0.5134459137916565,
      "reward_critic_loss_last": 0.0014397831400856376,
      "cost_critic_loss_last": 0.5134459137916565,
      "critic_epochs": 1,
      "daily_voltage_cost": 0.011157194152474403,
      "daily_voltage_cost_raw": 0.011157194152474403,
      "daily_voltage_cost_normalized": 0.5578597784042358,
      "daily_economic_return_raw_yuan": -1069075.375,
      "daily_economic_return_normalized": -0.33920541405677795,
      "daily_economic_cost_raw_yuan": 1069075.375,
      "economic_reward_scale_yuan": 3151704.8194007874,
      "lagrange_multiplier": 0.0,
      "cost_budget": 1.0,
      "cost_budget_raw": 0.02,
      "cost_budget_normalized": 1.0,
      "algorithm_cost_mode": "separate_cost",
      "fixed_cost_penalty_coef": 0.0,
      "log_std_max": -2.3,
      "accepted": true,
      "mode": "reward",
      "reward_before": -1.7622673453843163e-07,
      "reward_after": 0.3599569797515869,
      "cost_before": 0.5578639507293701,
      "cost_after": 0.5962053537368774,
      "kl_before": -2.384185791015625e-07,
      "kl_after": 0.019871454685926437,
      "cost_gap": -0.4421360492706299,
      "cost_recoverable": true,
      "cost_quadratic": 1082.586181640625,
      "reward_quadratic": 3.2760937213897705,
      "reward_cost_cross": 1.5677649974822998,
      "max_linear_cost_drop": 6.5805354847174105,
      "rollout_wall_seconds": 1.9316109921783209,
      "update_wall_seconds": 1.0658109597861767,
      "total_wall_seconds": 2.9974240344017744
    },
    {
      "update": 859,
      "algorithm": "macpo",
      "actor_loss": -0.36469316482543945,
      "reward_critic_loss": 0.0016231773188337684,
      "cost_critic_loss": 0.3927617073059082,
      "reward_critic_loss_last": 0.0016231773188337684,
      "cost_critic_loss_last": 0.3927617073059082,
      "critic_epochs": 1,
      "daily_voltage_cost": 0.010741349309682846,
      "daily_voltage_cost_raw": 0.010741349309682846,
      "daily_voltage_cost_normalized": 0.5370674729347229,
      "daily_economic_return_raw_yuan": -1037440.25,
      "daily_economic_return_normalized": -0.3291679620742798,
      "daily_economic_cost_raw_yuan": 1037440.25,
      "economic_reward_scale_yuan": 3151704.8194007874,
      "lagrange_multiplier": 0.0,
      "cost_budget": 1.0,
      "cost_budget_raw": 0.02,
      "cost_budget_normalized": 1.0,
      "algorithm_cost_mode": "separate_cost",
      "fixed_cost_penalty_coef": 0.0,
      "log_std_max": -2.3,
      "accepted": true,
      "mode": "reward",
      "reward_before": 3.3331986060147756e-09,
      "reward_after": 0.36469316482543945,
      "cost_before": 0.5370633602142334,
      "cost_after": -0.38398629426956177,
      "kl_before": -2.384185791015625e-07,
      "kl_after": 0.019950708374381065,
      "cost_gap": -0.4629366397857666,
      "cost_recoverable": true,
      "cost_quadratic": 1076.60986328125,
      "reward_quadratic": 3.5372166633605957,
      "reward_cost_cross": -9.152246475219727,
      "max_linear_cost_drop": 6.562346724400502,
      "rollout_wall_seconds": 2.241705860942602,
      "update_wall_seconds": 1.558520769700408,
      "total_wall_seconds": 3.80022931471467
    },
    {
      "update": 860,
      "algorithm": "macpo",
      "actor_loss": -0.21849611401557922,
      "reward_critic_loss": 0.001884750439785421,
      "cost_critic_loss": 0.10652851313352585,
      "reward_critic_loss_last": 0.001884750439785421,
      "cost_critic_loss_last": 0.10652851313352585,
      "critic_epochs": 1,
      "daily_voltage_cost": 0.004646758083254099,
      "daily_voltage_cost_raw": 0.004646758083254099,
      "daily_voltage_cost_normalized": 0.23233789205551147,
      "daily_economic_return_raw_yuan": -997349.625,
      "daily_economic_return_normalized": -0.3164476752281189,
      "daily_economic_cost_raw_yuan": 997349.625,
      "economic_reward_scale_yuan": 3151704.8194007874,
      "lagrange_multiplier": 0.0,
      "cost_budget": 1.0,
      "cost_budget_raw": 0.02,
      "cost_budget_normalized": 1.0,
      "algorithm_cost_mode": "separate_cost",
      "fixed_cost_penalty_coef": 0.0,
      "log_std_max": -2.3,
      "accepted": true,
      "mode": "reward",
      "reward_before": 9.941407341784725e-08,
      "reward_after": 0.21849611401557922,
      "cost_before": 0.2323378026485443,
      "cost_after": -0.12346750497817993,
      "kl_before": -2.384185791015625e-07,
      "kl_after": 0.004983389750123024,
      "cost_gap": -0.7676621973514557,
      "cost_recoverable": true,
      "cost_quadratic": 224.6509552001953,
      "reward_quadratic": 4.289923667907715,
      "reward_cost_cross": -6.62587833404541,
      "max_linear_cost_drop": 2.9976721315060146,
      "rollout_wall_seconds": 2.403853489086032,
      "update_wall_seconds": 1.2063606102019548,
      "total_wall_seconds": 3.6102165430784225
    },
    {
      "update": 861,
      "algorithm": "macpo",
      "actor_loss": 0.013327188789844513,
      "reward_critic_loss": 0.0013139988295733929,
      "cost_critic_loss": 0.9477888941764832,
      "reward_critic_loss_last": 0.0013139988295733929,
      "cost_critic_loss_last": 0.9477888941764832,
      "critic_epochs": 1,
      "daily_voltage_cost": 0.02390330471098423,
      "daily_voltage_cost_raw": 0.02390330471098423,
      "daily_voltage_cost_normalized": 1.1951651573181152,
      "daily_economic_return_raw_yuan": -1060281.875,
      "daily_economic_return_normalized": -0.3364153504371643,
      "daily_economic_cost_raw_yuan": 1060281.875,
      "economic_reward_scale_yuan": 3151704.8194007874,
      "lagrange_multiplier": 0.0,
      "cost_budget": 1.0,
      "cost_budget_raw": 0.02,
      "cost_budget_normalized": 1.0,
      "algorithm_cost_mode": "separate_cost",
      "fixed_cost_penalty_coef": 0.0,
      "log_std_max": -2.3,
      "accepted": true,
      "mode": "cost_recovery",
      "reward_before": -1.9978283916088913e-08,
      "reward_after": -0.013327188789844513,
      "cost_before": 1.1951626539230347,
      "cost_after": -6.6139235496521,
      "kl_before": -2.384185791015625e-07,
      "kl_after": 0.019897587597370148,
      "cost_gap": 0.19516265392303467,
      "cost_recoverable": true,
      "cost_quadratic": 2227.88232421875,
      "reward_quadratic": 2.7078628540039062,
      "reward_cost_cross": 4.543511867523193,
      "max_linear_cost_drop": 9.440089669529097,
      "rollout_wall_seconds": 1.7207827847450972,
      "update_wall_seconds": 0.9920376613736153,
      "total_wall_seconds": 2.712822826579213
    },
    {
      "update": 862,
      "algorithm": "macpo",
      "actor_loss": -0.37850525975227356,
      "reward_critic_loss": 0.0018592736450955272,
      "cost_critic_loss": 0.7301177382469177,
      "reward_critic_loss_last": 0.0018592736450955272,
      "cost_critic_loss_last": 0.7301177382469177,
      "critic_epochs": 1,
      "daily_voltage_cost": 0.015780534595251083,
      "daily_voltage_cost_raw": 0.015780534595251083,
      "daily_voltage_cost_normalized": 0.7890268564224243,
      "daily_economic_return_raw_yuan": -1185519.375,
      "daily_economic_return_normalized": -0.37615180015563965,
      "daily_economic_cost_raw_yuan": 1185519.375,
      "economic_reward_scale_yuan": 3151704.8194007874,
      "lagrange_multiplier": 0.0,
      "cost_budget": 1.0,
      "cost_budget_raw": 0.02,
      "cost_budget_normalized": 1.0,
      "algorithm_cost_mode": "separate_cost",
      "fixed_cost_penalty_coef": 0.0,
      "log_std_max": -2.3,
      "accepted": true,
      "mode": "reward",
      "reward_before": 1.4080616494993592e-07,
      "reward_after": 0.37850525975227356,
      "cost_before": 0.7890192270278931,
      "cost_after": 0.6708735227584839,
      "kl_before": -2.384185791015625e-07,
      "kl_after": 0.019909359514713287,
      "cost_gap": -0.21098077297210693,
      "cost_recoverable": true,
      "cost_quadratic": 1657.366455078125,
      "reward_quadratic": 3.773996591567993,
      "reward_cost_cross": 0.0830620527267456,
      "max_linear_cost_drop": 8.142153167505816,
      "rollout_wall_seconds": 1.2909831050783396,
      "update_wall_seconds": 1.1080670040100813,
      "total_wall_seconds": 2.3990521989762783
    },
    {
      "update": 863,
      "algorithm": "macpo",
      "actor_loss": -0.38818180561065674,
      "reward_critic_loss": 0.0018519911682233214,
      "cost_critic_loss": 0.23320186138153076,
      "reward_critic_loss_last": 0.0018519911682233214,
      "cost_critic_loss_last": 0.23320186138153076,
      "critic_epochs": 1,
      "daily_voltage_cost": 0.009668134152889252,
      "daily_voltage_cost_raw": 0.009668134152889252,
      "daily_voltage_cost_normalized": 0.4834066927433014,
      "daily_economic_return_raw_yuan": -1251930.125,
      "daily_economic_return_normalized": -0.39722317457199097,
      "daily_economic_cost_raw_yuan": 1251930.125,
      "economic_reward_scale_yuan": 3151704.8194007874,
      "lagrange_multiplier": 0.0,
      "cost_budget": 1.0,
      "cost_budget_raw": 0.02,
      "cost_budget_normalized": 1.0,
      "algorithm_cost_mode": "separate_cost",
      "fixed_cost_penalty_coef": 0.0,
      "log_std_max": -2.3,
      "accepted": true,
      "mode": "reward",
      "reward_before": 2.2932485421733872e-07,
      "reward_after": 0.38818180561065674,
      "cost_before": 0.48340317606925964,
      "cost_after": -0.25529035925865173,
      "kl_before": -2.384185791015625e-07,
      "kl_after": 0.01997573859989643,
      "cost_gap": -0.5165968239307404,
      "cost_recoverable": true,
      "cost_quadratic": 593.979736328125,
      "reward_quadratic": 4.010378837585449,
      "reward_cost_cross": -8.675721168518066,
      "max_linear_cost_drop": 4.874339899219688,
      "rollout_wall_seconds": 1.9716520179063082,
      "update_wall_seconds": 1.243294958025217,
      "total_wall_seconds": 3.214949008077383
    },
    {
      "update": 864,
      "algorithm": "macpo",
      "actor_loss": -0.35681191086769104,
      "reward_critic_loss": 0.001344955526292324,
      "cost_critic_loss": 0.16941574215888977,
      "reward_critic_loss_last": 0.001344955526292324,
      "cost_critic_loss_last": 0.16941574215888977,
      "critic_epochs": 1,
      "daily_voltage_cost": 0.007452055811882019,
      "daily_voltage_cost_raw": 0.007452055811882019,
      "daily_voltage_cost_normalized": 0.37260279059410095,
      "daily_economic_return_raw_yuan": -1112134.75,
      "daily_economic_return_normalized": -0.35286766290664673,
      "daily_economic_cost_raw_yuan": 1112134.75,
      "economic_reward_scale_yuan": 3151704.8194007874,
      "lagrange_multiplier": 0.0,
      "cost_budget": 1.0,
      "cost_budget_raw": 0.02,
      "cost_budget_normalized": 1.0,
      "algorithm_cost_mode": "separate_cost",
      "fixed_cost_penalty_coef": 0.0,
      "log_std_max": -2.3,
      "accepted": true,
      "mode": "reward",
      "reward_before": 2.2971458690790314e-07,
      "reward_after": 0.35681191086769104,
      "cost_before": 0.372601717710495,
      "cost_after": -0.41407135128974915,
      "kl_before": -2.384185791015625e-07,
      "kl_after": 0.019953889772295952,
      "cost_gap": -0.627398282289505,
      "cost_recoverable": true,
      "cost_quadratic": 406.997802734375,
      "reward_quadratic": 2.831724166870117,
      "reward_cost_cross": -5.955921173095703,
      "max_linear_cost_drop": 4.034837308910361,
      "rollout_wall_seconds": 2.4085322245955467,
      "update_wall_seconds": 1.362411953508854,
      "total_wall_seconds": 3.770946489647031
    },
    {
      "update": 865,
      "algorithm": "macpo",
      "actor_loss": -0.3728412985801697,
      "reward_critic_loss": 0.0016397589351981878,
      "cost_critic_loss": 0.11409802734851837,
      "reward_critic_loss_last": 0.0016397589351981878,
      "cost_critic_loss_last": 0.11409802734851837,
      "critic_epochs": 1,
      "daily_voltage_cost": 0.0039373524487018585,
      "daily_voltage_cost_raw": 0.0039373524487018585,
      "daily_voltage_cost_normalized": 0.19686762988567352,
      "daily_economic_return_raw_yuan": -1137266.875,
      "daily_economic_return_normalized": -0.3608418107032776,
      "daily_economic_cost_raw_yuan": 1137266.875,
      "economic_reward_scale_yuan": 3151704.8194007874,
      "lagrange_multiplier": 0.0,
      "cost_budget": 1.0,
      "cost_budget_raw": 0.02,
      "cost_budget_normalized": 1.0,
      "algorithm_cost_mode": "separate_cost",
      "fixed_cost_penalty_coef": 0.0,
      "log_std_max": -2.3,
      "accepted": true,
      "mode": "reward",
      "reward_before": 4.591945810261677e-07,
      "reward_after": 0.3728412985801697,
      "cost_before": 0.19687092304229736,
      "cost_after": 0.19294509291648865,
      "kl_before": -2.384185791015625e-07,
      "kl_after": 0.019997958093881607,
      "cost_gap": -0.8031290769577026,
      "cost_recoverable": true,
      "cost_quadratic": 246.2601776123047,
      "reward_quadratic": 3.7165238857269287,
      "reward_cost_cross": 0.8978670835494995,
      "max_linear_cost_drop": 3.1385358217634205,
      "rollout_wall_seconds": 2.0083978287875652,
      "update_wall_seconds": 1.3308762423694134,
      "total_wall_seconds": 3.339277684688568
    },
    {
      "update": 866,
      "algorithm": "macpo",
      "actor_loss": -0.359966903924942,
      "reward_critic_loss": 0.0014442140236496925,
      "cost_critic_loss": 1.1442543268203735,
      "reward_critic_loss_last": 0.0014442140236496925,
      "cost_critic_loss_last": 1.1442543268203735,
      "critic_epochs": 1,
      "daily_voltage_cost": 0.01727934554219246,
      "daily_voltage_cost_raw": 0.01727934554219246,
      "daily_voltage_cost_normalized": 0.8639671802520752,
      "daily_economic_return_raw_yuan": -1074021.125,
      "daily_economic_return_normalized": -0.34077465534210205,
      "daily_economic_cost_raw_yuan": 1074021.125,
      "economic_reward_scale_yuan": 3151704.8194007874,
      "lagrange_multiplier": 0.0,
      "cost_budget": 1.0,
      "cost_budget_raw": 0.02,
      "cost_budget_normalized": 1.0,
      "algorithm_cost_mode": "separate_cost",
      "fixed_cost_penalty_coef": 0.0,
      "log_std_max": -2.3,
      "accepted": true,
      "mode": "reward",
      "reward_before": -3.1381981102640566e-07,
      "reward_after": 0.359966903924942,
      "cost_before": 0.8639671802520752,
      "cost_after": 0.8226299285888672,
      "kl_before": -2.384185791015625e-07,
      "kl_after": 0.019958171993494034,
      "cost_gap": -0.1360328197479248,
      "cost_recoverable": true,
      "cost_quadratic": 2130.33447265625,
      "reward_quadratic": 2.8753929138183594,
      "reward_cost_cross": 0.29855746030807495,
      "max_linear_cost_drop": 9.23110929987561,
      "rollout_wall_seconds": 2.2203423511236906,
      "update_wall_seconds": 1.261861389502883,
      "total_wall_seconds": 3.482206152752042
    },
    {
      "update": 867,
      "algorithm": "macpo",
      "actor_loss": -0.39331409335136414,
      "reward_critic_loss": 0.0019205696880817413,
      "cost_critic_loss": 0.0764530822634697,
      "reward_critic_loss_last": 0.0019205696880817413,
      "cost_critic_loss_last": 0.0764530822634697,
      "critic_epochs": 1,
      "daily_voltage_cost": 0.0019375851843506098,
      "daily_voltage_cost_raw": 0.0019375851843506098,
      "daily_voltage_cost_normalized": 0.0968792587518692,
      "daily_economic_return_raw_yuan": -863941.0,
      "daily_economic_return_normalized": -0.2741186320781708,
      "daily_economic_cost_raw_yuan": 863941.0,
      "economic_reward_scale_yuan": 3151704.8194007874,
      "lagrange_multiplier": 0.0,
      "cost_budget": 1.0,
      "cost_budget_raw": 0.02,
      "cost_budget_normalized": 1.0,
      "algorithm_cost_mode": "separate_cost",
      "fixed_cost_penalty_coef": 0.0,
      "log_std_max": -2.3,
      "accepted": true,
      "mode": "reward",
      "reward_before": -3.152762815261667e-07,
      "reward_after": 0.39331409335136414,
      "cost_before": 0.09688080847263336,
      "cost_after": -0.757844865322113,
      "kl_before": -2.384185791015625e-07,
      "kl_after": 0.019956648349761963,
      "cost_gap": -0.9031191915273666,
      "cost_recoverable": true,
      "cost_quadratic": 153.4618682861328,
      "reward_quadratic": 3.4121389389038086,
      "reward_cost_cross": -7.0734052658081055,
      "max_linear_cost_drop": 2.4775945454099855,
      "rollout_wall_seconds": 2.0285982992500067,
      "update_wall_seconds": 1.0461685918271542,
      "total_wall_seconds": 3.0747691709548235
    },
    {
      "update": 868,
      "algorithm": "macpo",
      "actor_loss": -0.18640047311782837,
      "reward_critic_loss": 0.0016145927365869284,
      "cost_critic_loss": 0.8917009234428406,
      "reward_critic_loss_last": 0.0016145927365869284,
      "cost_critic_loss_last": 0.8917009234428406,
      "critic_epochs": 1,
      "daily_voltage_cost": 0.01594257354736328,
      "daily_voltage_cost_raw": 0.01594257354736328,
      "daily_voltage_cost_normalized": 0.7971287369728088,
      "daily_economic_return_raw_yuan": -1064729.875,
      "daily_economic_return_normalized": -0.337826669216156,
      "daily_economic_cost_raw_yuan": 1064729.875,
      "economic_reward_scale_yuan": 3151704.8194007874,
      "lagrange_multiplier": 0.0,
      "cost_budget": 1.0,
      "cost_budget_raw": 0.02,
      "cost_budget_normalized": 1.0,
      "algorithm_cost_mode": "separate_cost",
      "fixed_cost_penalty_coef": 0.0,
      "log_std_max": -2.3,
      "accepted": true,
      "mode": "reward",
      "reward_before": 1.494408223834398e-07,
      "reward_after": 0.18640047311782837,
      "cost_before": 0.7971349358558655,
      "cost_after": 0.3172149658203125,
      "kl_before": -2.384185791015625e-07,
      "kl_after": 0.0050164940766990185,
      "cost_gap": -0.20286506414413452,
      "cost_recoverable": true,
      "cost_quadratic": 2120.96337890625,
      "reward_quadratic": 3.5071568489074707,
      "reward_cost_cross": -11.736238479614258,
      "max_linear_cost_drop": 9.210783634211044,
      "rollout_wall_seconds": 1.9335464835166931,
      "update_wall_seconds": 1.0665745064616203,
      "total_wall_seconds": 3.0001231245696545
    },
    {
      "update": 869,
      "algorithm": "macpo",
      "actor_loss": -0.3475129306316376,
      "reward_critic_loss": 0.0015888502821326256,
      "cost_critic_loss": 0.11519843339920044,
      "reward_critic_loss_last": 0.0015888502821326256,
      "cost_critic_loss_last": 0.11519843339920044,
      "critic_epochs": 1,
      "daily_voltage_cost": 0.007857426069676876,
      "daily_voltage_cost_raw": 0.007857426069676876,
      "daily_voltage_cost_normalized": 0.39287132024765015,
      "daily_economic_return_raw_yuan": -981383.25,
      "daily_economic_return_normalized": -0.3113817274570465,
      "daily_economic_cost_raw_yuan": 981383.25,
      "economic_reward_scale_yuan": 3151704.8194007874,
      "lagrange_multiplier": 0.0,
      "cost_budget": 1.0,
      "cost_budget_raw": 0.02,
      "cost_budget_normalized": 1.0,
      "algorithm_cost_mode": "separate_cost",
      "fixed_cost_penalty_coef": 0.0,
      "log_std_max": -2.3,
      "accepted": true,
      "mode": "reward",
      "reward_before": -1.7414635067325435e-07,
      "reward_after": 0.3475129306316376,
      "cost_before": 0.3928707540035248,
      "cost_after": -0.0864519476890564,
      "kl_before": -2.384185791015625e-07,
      "kl_after": 0.019974639639258385,
      "cost_gap": -0.6071292459964752,
      "cost_recoverable": true,
      "cost_quadratic": 259.01959228515625,
      "reward_quadratic": 3.15525484085083,
      "reward_cost_cross": -3.867654323577881,
      "max_linear_cost_drop": 3.2188171261204404,
      "rollout_wall_seconds": 1.6649031564593315,
      "update_wall_seconds": 1.138652155175805,
      "total_wall_seconds": 2.803557623177767
    },
    {
      "update": 870,
      "algorithm": "macpo",
      "actor_loss": -0.3748292028903961,
      "reward_critic_loss": 0.0016619237139821053,
      "cost_critic_loss": 0.21897569298744202,
      "reward_critic_loss_last": 0.0016619237139821053,
      "cost_critic_loss_last": 0.21897569298744202,
      "critic_epochs": 1,
      "daily_voltage_cost": 0.006359548773616552,
      "daily_voltage_cost_raw": 0.006359548773616552,
      "daily_voltage_cost_normalized": 0.3179774582386017,
      "daily_economic_return_raw_yuan": -985834.4375,
      "daily_economic_return_normalized": -0.312794029712677,
      "daily_economic_cost_raw_yuan": 985834.4375,
      "economic_reward_scale_yuan": 3151704.8194007874,
      "lagrange_multiplier": 0.0,
      "cost_budget": 1.0,
      "cost_budget_raw": 0.02,
      "cost_budget_normalized": 1.0,
      "algorithm_cost_mode": "separate_cost",
      "fixed_cost_penalty_coef": 0.0,
      "log_std_max": -2.3,
      "accepted": true,
      "mode": "reward",
      "reward_before": 1.5866088176608173e-07,
      "reward_after": 0.3748292028903961,
      "cost_before": 0.3179765045642853,
      "cost_after": -1.4139890670776367,
      "kl_before": -2.384185791015625e-07,
      "kl_after": 0.01992359757423401,
      "cost_gap": -0.6820234954357147,
      "cost_recoverable": true,
      "cost_quadratic": 456.86590576171875,
      "reward_quadratic": 3.589695930480957,
      "reward_cost_cross": -14.681108474731445,
      "max_linear_cost_drop": 4.2748843528765486,
      "rollout_wall_seconds": 1.6736677456647158,
      "update_wall_seconds": 1.161478590220213,
      "total_wall_seconds": 2.8351486660540104
    },
    {
      "update": 871,
      "algorithm": "macpo",
      "actor_loss": 0.04161641374230385,
      "reward_critic_loss": 0.0013204197166487575,
      "cost_critic_loss": 3.0930774211883545,
      "reward_critic_loss_last": 0.0013204197166487575,
      "cost_critic_loss_last": 3.0930774211883545,
      "critic_epochs": 1,
      "daily_voltage_cost": 0.041398875415325165,
      "daily_voltage_cost_raw": 0.041398875415325165,
      "daily_voltage_cost_normalized": 2.069943904876709,
      "daily_economic_return_raw_yuan": -1068812.375,
      "daily_economic_return_normalized": -0.3391219675540924,
      "daily_economic_cost_raw_yuan": 1068812.375,
      "economic_reward_scale_yuan": 3151704.8194007874,
      "lagrange_multiplier": 0.0,
      "cost_budget": 1.0,
      "cost_budget_raw": 0.02,
      "cost_budget_normalized": 1.0,
      "algorithm_cost_mode": "separate_cost",
      "fixed_cost_penalty_coef": 0.0,
      "log_std_max": -2.3,
      "accepted": true,
      "mode": "cost_recovery",
      "reward_before": -5.860593432771566e-08,
      "reward_after": -0.04161641374230385,
      "cost_before": 2.0699455738067627,
      "cost_after": -12.930570602416992,
      "kl_before": -2.384185791015625e-07,
      "kl_after": 0.019982973113656044,
      "cost_gap": 1.0699455738067627,
      "cost_recoverable": true,
      "cost_quadratic": 7418.685546875,
      "reward_quadratic": 3.453617811203003,
      "reward_cost_cross": 23.4266357421875,
      "max_linear_cost_drop": 17.226358346295946,
      "rollout_wall_seconds": 2.1974771842360497,
      "update_wall_seconds": 1.0932606253772974,
      "total_wall_seconds": 3.2907398846000433
    },
    {
      "update": 872,
      "algorithm": "macpo",
      "actor_loss": -0.20130601525306702,
      "reward_critic_loss": 0.0019117905758321285,
      "cost_critic_loss": 0.4400276839733124,
      "reward_critic_loss_last": 0.0019117905758321285,
      "cost_critic_loss_last": 0.4400276839733124,
      "critic_epochs": 1,
      "daily_voltage_cost": 0.015615751035511494,
      "daily_voltage_cost_raw": 0.015615751035511494,
      "daily_voltage_cost_normalized": 0.7807875275611877,
      "daily_economic_return_raw_yuan": -985299.5,
      "daily_economic_return_normalized": -0.3126243054866791,
      "daily_economic_cost_raw_yuan": 985299.5,
      "economic_reward_scale_yuan": 3151704.8194007874,
      "lagrange_multiplier": 0.0,
      "cost_budget": 1.0,
      "cost_budget_raw": 0.02,
      "cost_budget_normalized": 1.0,
      "algorithm_cost_mode": "separate_cost",
      "fixed_cost_penalty_coef": 0.0,
      "log_std_max": -2.3,
      "accepted": true,
      "mode": "constrained_reward",
      "reward_before": -1.615591145309736e-07,
      "reward_after": 0.20130601525306702,
      "cost_before": 0.780790388584137,
      "cost_after": 0.9187356233596802,
      "kl_before": -2.384185791015625e-07,
      "kl_after": 0.005004150792956352,
      "cost_gap": -0.21920961141586304,
      "cost_recoverable": true,
      "cost_quadratic": 1231.603759765625,
      "reward_quadratic": 4.10522985458374,
      "reward_cost_cross": 4.372836112976074,
      "max_linear_cost_drop": 7.018842524991211,
      "rollout_wall_seconds": 2.2856341060250998,
      "update_wall_seconds": 1.184897543862462,
      "total_wall_seconds": 3.4705335944890976
    },
    {
      "update": 873,
      "algorithm": "macpo",
      "actor_loss": -0.36928361654281616,
      "reward_critic_loss": 0.00167152751237154,
      "cost_critic_loss": 0.43420928716659546,
      "reward_critic_loss_last": 0.00167152751237154,
      "cost_critic_loss_last": 0.43420928716659546,
      "critic_epochs": 1,
      "daily_voltage_cost": 0.014163462445139885,
      "daily_voltage_cost_raw": 0.014163462445139885,
      "daily_voltage_cost_normalized": 0.7081731557846069,
      "daily_economic_return_raw_yuan": -1041463.75,
      "daily_economic_return_normalized": -0.3304445743560791,
      "daily_economic_cost_raw_yuan": 1041463.75,
      "economic_reward_scale_yuan": 3151704.8194007874,
      "lagrange_multiplier": 0.0,
      "cost_budget": 1.0,
      "cost_budget_raw": 0.02,
      "cost_budget_normalized": 1.0,
      "algorithm_cost_mode": "separate_cost",
      "fixed_cost_penalty_coef": 0.0,
      "log_std_max": -2.3,
      "accepted": true,
      "mode": "reward",
      "reward_before": -1.0984639686739683e-07,
      "reward_after": 0.36928361654281616,
      "cost_before": 0.708172082901001,
      "cost_after": 0.05335724353790283,
      "kl_before": -2.384185791015625e-07,
      "kl_after": 0.01990319788455963,
      "cost_gap": -0.291827917098999,
      "cost_recoverable": true,
      "cost_quadratic": 952.6940307617188,
      "reward_quadratic": 3.4255852699279785,
      "reward_cost_cross": -4.507268905639648,
      "max_linear_cost_drop": 6.17314840502549,
      "rollout_wall_seconds": 2.0137243196368217,
      "update_wall_seconds": 1.2045958116650581,
      "total_wall_seconds": 3.218322429805994
    },
    {
      "update": 874,
      "algorithm": "macpo",
      "actor_loss": -0.18131384253501892,
      "reward_critic_loss": 0.0014615654945373535,
      "cost_critic_loss": 0.46210169792175293,
      "reward_critic_loss_last": 0.0014615654945373535,
      "cost_critic_loss_last": 0.46210169792175293,
      "critic_epochs": 1,
      "daily_voltage_cost": 0.017839334905147552,
      "daily_voltage_cost_raw": 0.017839334905147552,
      "daily_voltage_cost_normalized": 0.891966700553894,
      "daily_economic_return_raw_yuan": -1108104.0,
      "daily_economic_return_normalized": -0.35158878564834595,
      "daily_economic_cost_raw_yuan": 1108104.0,
      "economic_reward_scale_yuan": 3151704.8194007874,
      "lagrange_multiplier": 0.0,
      "cost_budget": 1.0,
      "cost_budget_raw": 0.02,
      "cost_budget_normalized": 1.0,
      "algorithm_cost_mode": "separate_cost",
      "fixed_cost_penalty_coef": 0.0,
      "log_std_max": -2.3,
      "accepted": true,
      "mode": "reward",
      "reward_before": 3.7781853734486504e-07,
      "reward_after": 0.18131384253501892,
      "cost_before": 0.891963541507721,
      "cost_after": 0.667578935623169,
      "kl_before": -2.384185791015625e-07,
      "kl_after": 0.0050088767893612385,
      "cost_gap": -0.10803645849227905,
      "cost_recoverable": true,
      "cost_quadratic": 987.3258056640625,
      "reward_quadratic": 3.249746322631836,
      "reward_cost_cross": -2.9064316749572754,
      "max_linear_cost_drop": 6.284348194249145,
      "rollout_wall_seconds": 1.6617424450814724,
      "update_wall_seconds": 1.1742231044918299,
      "total_wall_seconds": 2.835967767983675
    },
    {
      "update": 875,
      "algorithm": "macpo",
      "actor_loss": -0.3354189991950989,
      "reward_critic_loss": 0.0015483624301850796,
      "cost_critic_loss": 0.27808675169944763,
      "reward_critic_loss_last": 0.0015483624301850796,
      "cost_critic_loss_last": 0.27808675169944763,
      "critic_epochs": 1,
      "daily_voltage_cost": 0.011473489925265312,
      "daily_voltage_cost_raw": 0.011473489925265312,
      "daily_voltage_cost_normalized": 0.5736744999885559,
      "daily_economic_return_raw_yuan": -937334.0,
      "daily_economic_return_normalized": -0.2974053919315338,
      "daily_economic_cost_raw_yuan": 937334.0,
      "economic_reward_scale_yuan": 3151704.8194007874,
      "lagrange_multiplier": 0.0,
      "cost_budget": 1.0,
      "cost_budget_raw": 0.02,
      "cost_budget_normalized": 1.0,
      "algorithm_cost_mode": "separate_cost",
      "fixed_cost_penalty_coef": 0.0,
      "log_std_max": -2.3,
      "accepted": true,
      "mode": "reward",
      "reward_before": -3.586996513149643e-07,
      "reward_after": 0.3354189991950989,
      "cost_before": 0.5736722946166992,
      "cost_after": -0.45178717374801636,
      "kl_before": -2.384185791015625e-07,
      "kl_after": 0.019923856481909752,
      "cost_gap": -0.4263277053833008,
      "cost_recoverable": true,
      "cost_quadratic": 656.3673095703125,
      "reward_quadratic": 2.9454216957092285,
      "reward_cost_cross": -7.706811904907227,
      "max_linear_cost_drop": 5.123933292189946,
      "rollout_wall_seconds": 1.5901439730077982,
      "update_wall_seconds": 1.1502597723156214,
      "total_wall_seconds": 2.740406084805727
    },
    {
      "update": 876,
      "algorithm": "macpo",
      "actor_loss": -0.3932099938392639,
      "reward_critic_loss": 0.001655801199376583,
      "cost_critic_loss": 0.5051471590995789,
      "reward_critic_loss_last": 0.001655801199376583,
      "cost_critic_loss_last": 0.5051471590995789,
      "critic_epochs": 1,
      "daily_voltage_cost": 0.013925949111580849,
      "daily_voltage_cost_raw": 0.013925949111580849,
      "daily_voltage_cost_normalized": 0.6962975263595581,
      "daily_economic_return_raw_yuan": -1045443.875,
      "daily_economic_return_normalized": -0.3317074179649353,
      "daily_economic_cost_raw_yuan": 1045443.875,
      "economic_reward_scale_yuan": 3151704.8194007874,
      "lagrange_multiplier": 0.0,
      "cost_budget": 1.0,
      "cost_budget_raw": 0.02,
      "cost_budget_normalized": 1.0,
      "algorithm_cost_mode": "separate_cost",
      "fixed_cost_penalty_coef": 0.0,
      "log_std_max": -2.3,
      "accepted": true,
      "mode": "reward",
      "reward_before": -4.223559812999156e-08,
      "reward_after": 0.3932099938392639,
      "cost_before": 0.6962993144989014,
      "cost_after": 0.33604252338409424,
      "kl_before": -2.384185791015625e-07,
      "kl_after": 0.01995193585753441,
      "cost_gap": -0.30370068550109863,
      "cost_recoverable": true,
      "cost_quadratic": 1093.6318359375,
      "reward_quadratic": 3.766047239303589,
      "reward_cost_cross": -4.156349182128906,
      "max_linear_cost_drop": 6.614020973469922,
      "rollout_wall_seconds": 1.5599024221301079,
      "update_wall_seconds": 1.0977418795228004,
      "total_wall_seconds": 2.6576468013226986
    },
    {
      "update": 877,
      "algorithm": "macpo",
      "actor_loss": -0.18207812309265137,
      "reward_critic_loss": 0.001505209133028984,
      "cost_critic_loss": 1.4212157726287842,
      "reward_critic_loss_last": 0.001505209133028984,
      "cost_critic_loss_last": 1.4212157726287842,
      "critic_epochs": 1,
      "daily_voltage_cost": 0.01954152062535286,
      "daily_voltage_cost_raw": 0.01954152062535286,
      "daily_voltage_cost_normalized": 0.9770760536193848,
      "daily_economic_return_raw_yuan": -1154510.875,
      "daily_economic_return_normalized": -0.3663131594657898,
      "daily_economic_cost_raw_yuan": 1154510.875,
      "economic_reward_scale_yuan": 3151704.8194007874,
      "lagrange_multiplier": 0.0,
      "cost_budget": 1.0,
      "cost_budget_raw": 0.02,
      "cost_budget_normalized": 1.0,
      "algorithm_cost_mode": "separate_cost",
      "fixed_cost_penalty_coef": 0.0,
      "log_std_max": -2.3,
      "accepted": true,
      "mode": "reward",
      "reward_before": 1.3406730658971355e-07,
      "reward_after": 0.18207812309265137,
      "cost_before": 0.9770753979682922,
      "cost_after": 0.6529287099838257,
      "kl_before": -2.384185791015625e-07,
      "kl_after": 0.0050209881737828255,
      "cost_gap": -0.022924602031707764,
      "cost_recoverable": true,
      "cost_quadratic": 2676.1044921875,
      "reward_quadratic": 3.269202709197998,
      "reward_cost_cross": -6.938225746154785,
      "max_linear_cost_drop": 10.34621571819861,
      "rollout_wall_seconds": 1.7699219696223736,
      "update_wall_seconds": 1.204009022563696,
      "total_wall_seconds": 2.973933158442378
    },
    {
      "update": 878,
      "algorithm": "macpo",
      "actor_loss": -0.3508421778678894,
      "reward_critic_loss": 0.001312730833888054,
      "cost_critic_loss": 1.8900866508483887,
      "reward_critic_loss_last": 0.001312730833888054,
      "cost_critic_loss_last": 1.8900866508483887,
      "critic_epochs": 1,
      "daily_voltage_cost": 0.018673012033104897,
      "daily_voltage_cost_raw": 0.018673012033104897,
      "daily_voltage_cost_normalized": 0.9336506128311157,
      "daily_economic_return_raw_yuan": -1020712.75,
      "daily_economic_return_normalized": -0.3238605260848999,
      "daily_economic_cost_raw_yuan": 1020712.75,
      "economic_reward_scale_yuan": 3151704.8194007874,
      "lagrange_multiplier": 0.0,
      "cost_budget": 1.0,
      "cost_budget_raw": 0.02,
      "cost_budget_normalized": 1.0,
      "algorithm_cost_mode": "separate_cost",
      "fixed_cost_penalty_coef": 0.0,
      "log_std_max": -2.3,
      "accepted": true,
      "mode": "reward",
      "reward_before": 8.19988699163332e-08,
      "reward_after": 0.3508421778678894,
      "cost_before": 0.9336442947387695,
      "cost_after": -1.6907850503921509,
      "kl_before": -2.384185791015625e-07,
      "kl_after": 0.019899696111679077,
      "cost_gap": -0.06635570526123047,
      "cost_recoverable": true,
      "cost_quadratic": 4545.6669921875,
      "reward_quadratic": 2.9839444160461426,
      "reward_cost_cross": -22.739471435546875,
      "max_linear_cost_drop": 13.484312355010914,
      "rollout_wall_seconds": 2.0566871240735054,
      "update_wall_seconds": 1.2935050688683987,
      "total_wall_seconds": 3.350194549188018
    },
    {
      "update": 879,
      "algorithm": "macpo",
      "actor_loss": -0.07665517926216125,
      "reward_critic_loss": 0.0012803541030734777,
      "cost_critic_loss": 0.7762397527694702,
      "reward_critic_loss_last": 0.0012803541030734777,
      "cost_critic_loss_last": 0.7762397527694702,
      "critic_epochs": 1,
      "daily_voltage_cost": 0.02428043633699417,
      "daily_voltage_cost_raw": 0.02428043633699417,
      "daily_voltage_cost_normalized": 1.214021921157837,
      "daily_economic_return_raw_yuan": -1043065.75,
      "daily_economic_return_normalized": -0.33095288276672363,
      "daily_economic_cost_raw_yuan": 1043065.75,
      "economic_reward_scale_yuan": 3151704.8194007874,
      "lagrange_multiplier": 0.0,
      "cost_budget": 1.0,
      "cost_budget_raw": 0.02,
      "cost_budget_normalized": 1.0,
      "algorithm_cost_mode": "separate_cost",
      "fixed_cost_penalty_coef": 0.0,
      "log_std_max": -2.3,
      "accepted": true,
      "mode": "cost_recovery",
      "reward_before": -3.520399616263603e-07,
      "reward_after": 0.07665517926216125,
      "cost_before": 1.2140257358551025,
      "cost_after": -6.027464866638184,
      "kl_before": -2.384185791015625e-07,
      "kl_after": 0.01995581015944481,
      "cost_gap": 0.21402573585510254,
      "cost_recoverable": true,
      "cost_quadratic": 1777.426025390625,
      "reward_quadratic": 2.7112128734588623,
      "reward_cost_cross": -17.86510467529297,
      "max_linear_cost_drop": 8.431906131808216,
      "rollout_wall_seconds": 2.105256052687764,
      "update_wall_seconds": 1.079386042430997,
      "total_wall_seconds": 3.184644680470228
    },
    {
      "update": 880,
      "algorithm": "macpo",
      "actor_loss": -0.02276654914021492,
      "reward_critic_loss": 0.001610599341802299,
      "cost_critic_loss": 8.003290176391602,
      "reward_critic_loss_last": 0.001610599341802299,
      "cost_critic_loss_last": 8.003290176391602,
      "critic_epochs": 1,
      "daily_voltage_cost": 0.06232848018407822,
      "daily_voltage_cost_raw": 0.06232848018407822,
      "daily_voltage_cost_normalized": 3.116424322128296,
      "daily_economic_return_raw_yuan": -1183627.0,
      "daily_economic_return_normalized": -0.37555137276649475,
      "daily_economic_cost_raw_yuan": 1183627.0,
      "economic_reward_scale_yuan": 3151704.8194007874,
      "lagrange_multiplier": 0.0,
      "cost_budget": 1.0,
      "cost_budget_raw": 0.02,
      "cost_budget_normalized": 1.0,
      "algorithm_cost_mode": "separate_cost",
      "fixed_cost_penalty_coef": 0.0,
      "log_std_max": -2.3,
      "accepted": true,
      "mode": "cost_recovery",
      "reward_before": 2.1516298431834002e-07,
      "reward_after": 0.02276654914021492,
      "cost_before": 3.1164400577545166,
      "cost_after": -17.272348403930664,
      "kl_before": -2.384185791015625e-07,
      "kl_after": 0.01987038366496563,
      "cost_gap": 2.1164400577545166,
      "cost_recoverable": true,
      "cost_quadratic": 12474.478515625,
      "reward_quadratic": 3.3954415321350098,
      "reward_cost_cross": -13.103118896484375,
      "max_linear_cost_drop": 22.33784100187393,
      "rollout_wall_seconds": 1.6879730969667435,
      "update_wall_seconds": 1.0182356908917427,
      "total_wall_seconds": 2.70621071010828
    },
    {
      "update": 881,
      "algorithm": "macpo",
      "actor_loss": -0.3459198474884033,
      "reward_critic_loss": 0.0014672884717583656,
      "cost_critic_loss": 0.5308796167373657,
      "reward_critic_loss_last": 0.0014672884717583656,
      "cost_critic_loss_last": 0.5308796167373657,
      "critic_epochs": 1,
      "daily_voltage_cost": 0.016147851943969727,
      "daily_voltage_cost_raw": 0.016147851943969727,
      "daily_voltage_cost_normalized": 0.8073927164077759,
      "daily_economic_return_raw_yuan": -1131668.75,
      "daily_economic_return_normalized": -0.35906559228897095,
      "daily_economic_cost_raw_yuan": 1131668.75,
      "economic_reward_scale_yuan": 3151704.8194007874,
      "lagrange_multiplier": 0.0,
      "cost_budget": 1.0,
      "cost_budget_raw": 0.02,
      "cost_budget_normalized": 1.0,
      "algorithm_cost_mode": "separate_cost",
      "fixed_cost_penalty_coef": 0.0,
      "log_std_max": -2.3,
      "accepted": true,
      "mode": "reward",
      "reward_before": 2.7549603487386776e-08,
      "reward_after": 0.3459198474884033,
      "cost_before": 0.8073872923851013,
      "cost_after": 0.5470160245895386,
      "kl_before": -2.384185791015625e-07,
      "kl_after": 0.019986679777503014,
      "cost_gap": -0.19261270761489868,
      "cost_recoverable": true,
      "cost_quadratic": 987.6668090820312,
      "reward_quadratic": 3.07956600189209,
      "reward_cost_cross": -0.8074817061424255,
      "max_linear_cost_drop": 6.285433347294461,
      "rollout_wall_seconds": 1.646562609821558,
      "update_wall_seconds": 1.1215172372758389,
      "total_wall_seconds": 2.7680820748209953
    },
    {
      "update": 882,
      "algorithm": "macpo",
      "actor_loss": -0.3458143472671509,
      "reward_critic_loss": 0.0014065864961594343,
      "cost_critic_loss": 0.5948875546455383,
      "reward_critic_loss_last": 0.0014065864961594343,
      "cost_critic_loss_last": 0.5948875546455383,
      "critic_epochs": 1,
      "daily_voltage_cost": 0.015289234928786755,
      "daily_voltage_cost_raw": 0.015289234928786755,
      "daily_voltage_cost_normalized": 0.7644617557525635,
      "daily_economic_return_raw_yuan": -1112661.625,
      "daily_economic_return_normalized": -0.3530348539352417,
      "daily_economic_cost_raw_yuan": 1112661.625,
      "economic_reward_scale_yuan": 3151704.8194007874,
      "lagrange_multiplier": 0.0,
      "cost_budget": 1.0,
      "cost_budget_raw": 0.02,
      "cost_budget_normalized": 1.0,
      "algorithm_cost_mode": "separate_cost",
      "fixed_cost_penalty_coef": 0.0,
      "log_std_max": -2.3,
      "accepted": true,
      "mode": "reward",
      "reward_before": -4.3896072554616694e-08,
      "reward_after": 0.3458143472671509,
      "cost_before": 0.7644530534744263,
      "cost_after": -0.1552889347076416,
      "kl_before": -2.384185791015625e-07,
      "kl_after": 0.01989816501736641,
      "cost_gap": -0.23554694652557373,
      "cost_recoverable": true,
      "cost_quadratic": 1169.1466064453125,
      "reward_quadratic": 2.827282190322876,
      "reward_cost_cross": -9.251228332519531,
      "max_linear_cost_drop": 6.838557176613536,
      "rollout_wall_seconds": 1.983870979398489,
      "update_wall_seconds": 1.2657985091209412,
      "total_wall_seconds": 3.249671531841159
    },
    {
      "update": 883,
      "algorithm": "macpo",
      "actor_loss": -0.38815149664878845,
      "reward_critic_loss": 0.0015201556961983442,
      "cost_critic_loss": 0.6761484146118164,
      "reward_critic_loss_last": 0.0015201556961983442,
      "cost_critic_loss_last": 0.6761484146118164,
      "critic_epochs": 1,
      "daily_voltage_cost": 0.0075236898846924305,
      "daily_voltage_cost_raw": 0.0075236898846924305,
      "daily_voltage_cost_normalized": 0.37618449330329895,
      "daily_economic_return_raw_yuan": -854302.375,
      "daily_economic_return_normalized": -0.27106040716171265,
      "daily_economic_cost_raw_yuan": 854302.375,
      "economic_reward_scale_yuan": 3151704.8194007874,
      "lagrange_multiplier": 0.0,
      "cost_budget": 1.0,
      "cost_budget_raw": 0.02,
      "cost_budget_normalized": 1.0,
      "algorithm_cost_mode": "separate_cost",
      "fixed_cost_penalty_coef": 0.0,
      "log_std_max": -2.3,
      "accepted": true,
      "mode": "reward",
      "reward_before": -2.352855972276302e-07,
      "reward_after": 0.38815149664878845,
      "cost_before": 0.3761841058731079,
      "cost_after": 0.827520489692688,
      "kl_before": -2.384185791015625e-07,
      "kl_after": 0.019974790513515472,
      "cost_gap": -0.6238158941268921,
      "cost_recoverable": true,
      "cost_quadratic": 1872.09326171875,
      "reward_quadratic": 3.4541373252868652,
      "reward_cost_cross": 2.757050037384033,
      "max_linear_cost_drop": 8.653538609652701,
      "rollout_wall_seconds": 2.298438148573041,
      "update_wall_seconds": 1.2926911767572165,
      "total_wall_seconds": 3.5911315083503723
    },
    {
      "update": 884,
      "algorithm": "macpo",
      "actor_loss": -0.33646705746650696,
      "reward_critic_loss": 0.001389046898111701,
      "cost_critic_loss": 0.34649336338043213,
      "reward_critic_loss_last": 0.001389046898111701,
      "cost_critic_loss_last": 0.34649336338043213,
      "critic_epochs": 1,
      "daily_voltage_cost": 0.012525016441941261,
      "daily_voltage_cost_raw": 0.012525016441941261,
      "daily_voltage_cost_normalized": 0.6262508034706116,
      "daily_economic_return_raw_yuan": -1121791.25,
      "daily_economic_return_normalized": -0.3559315800666809,
      "daily_economic_cost_raw_yuan": 1121791.25,
      "economic_reward_scale_yuan": 3151704.8194007874,
      "lagrange_multiplier": 0.0,
      "cost_budget": 1.0,
      "cost_budget_raw": 0.02,
      "cost_budget_normalized": 1.0,
      "algorithm_cost_mode": "separate_cost",
      "fixed_cost_penalty_coef": 0.0,
      "log_std_max": -2.3,
      "accepted": true,
      "mode": "reward",
      "reward_before": 6.450011369452113e-08,
      "reward_after": 0.33646705746650696,
      "cost_before": 0.6262569427490234,
      "cost_after": -0.29845136404037476,
      "kl_before": -2.384185791015625e-07,
      "kl_after": 0.019978901371359825,
      "cost_gap": -0.37374305725097656,
      "cost_recoverable": true,
      "cost_quadratic": 743.92041015625,
      "reward_quadratic": 2.638850212097168,
      "reward_cost_cross": -8.271452903747559,
      "max_linear_cost_drop": 5.454980880466035,
      "rollout_wall_seconds": 1.8839771412312984,
      "update_wall_seconds": 1.2100220676511526,
      "total_wall_seconds": 3.0940016284585
    },
    {
      "update": 885,
      "algorithm": "macpo",
      "actor_loss": -0.16879531741142273,
      "reward_critic_loss": 0.0012357248924672604,
      "cost_critic_loss": 0.42629390954971313,
      "reward_critic_loss_last": 0.0012357248924672604,
      "cost_critic_loss_last": 0.42629390954971313,
      "critic_epochs": 1,
      "daily_voltage_cost": 0.01852068305015564,
      "daily_voltage_cost_raw": 0.01852068305015564,
      "daily_voltage_cost_normalized": 0.9260342121124268,
      "daily_economic_return_raw_yuan": -1002570.375,
      "daily_economic_return_normalized": -0.3181041479110718,
      "daily_economic_cost_raw_yuan": 1002570.375,
      "economic_reward_scale_yuan": 3151704.8194007874,
      "lagrange_multiplier": 0.0,
      "cost_budget": 1.0,
      "cost_budget_raw": 0.02,
      "cost_budget_normalized": 1.0,
      "algorithm_cost_mode": "separate_cost",
      "fixed_cost_penalty_coef": 0.0,
      "log_std_max": -2.3,
      "accepted": true,
      "mode": "constrained_reward",
      "reward_before": -9.570707959483116e-08,
      "reward_after": 0.16879531741142273,
      "cost_before": 0.9260320663452148,
      "cost_after": 0.9919370412826538,
      "kl_before": -2.384185791015625e-07,
      "kl_after": 0.00495434133335948,
      "cost_gap": -0.07396793365478516,
      "cost_recoverable": true,
      "cost_quadratic": 1122.9935302734375,
      "reward_quadratic": 2.922177791595459,
      "reward_cost_cross": 5.333003044128418,
      "max_linear_cost_drop": 6.7022191258520865,
      "rollout_wall_seconds": 2.2809265665709972,
      "update_wall_seconds": 1.3672615718096495,
      "total_wall_seconds": 3.648190578445792
    },
    {
      "update": 886,
      "algorithm": "macpo",
      "actor_loss": -0.3940947949886322,
      "reward_critic_loss": 0.0016994010657072067,
      "cost_critic_loss": 0.3290426731109619,
      "reward_critic_loss_last": 0.0016994010657072067,
      "cost_critic_loss_last": 0.3290426731109619,
      "critic_epochs": 1,
      "daily_voltage_cost": 0.008714728988707066,
      "daily_voltage_cost_raw": 0.008714728988707066,
      "daily_voltage_cost_normalized": 0.43573641777038574,
      "daily_economic_return_raw_yuan": -1177855.125,
      "daily_economic_return_normalized": -0.3737199902534485,
      "daily_economic_cost_raw_yuan": 1177855.125,
      "economic_reward_scale_yuan": 3151704.8194007874,
      "lagrange_multiplier": 0.0,
      "cost_budget": 1.0,
      "cost_budget_raw": 0.02,
      "cost_budget_normalized": 1.0,
      "algorithm_cost_mode": "separate_cost",
      "fixed_cost_penalty_coef": 0.0,
      "log_std_max": -2.3,
      "accepted": true,
      "mode": "constrained_reward",
      "reward_before": 2.5004018766594527e-07,
      "reward_after": 0.3940947949886322,
      "cost_before": 0.4357449412345886,
      "cost_after": 0.9292116165161133,
      "kl_before": -2.384185791015625e-07,
      "kl_after": 0.01976630464196205,
      "cost_gap": -0.5642550587654114,
      "cost_recoverable": true,
      "cost_quadratic": 922.7910766601562,
      "reward_quadratic": 4.345435619354248,
      "reward_cost_cross": 13.145898818969727,
      "max_linear_cost_drop": 6.075495293916887,
      "rollout_wall_seconds": 2.167712925001979,
      "update_wall_seconds": 1.2228206619620323,
      "total_wall_seconds": 3.390536455437541
    },
    {
      "update": 887,
      "algorithm": "macpo",
      "actor_loss": -0.17433376610279083,
      "reward_critic_loss": 0.00139611994381994,
      "cost_critic_loss": 0.13030247390270233,
      "reward_critic_loss_last": 0.00139611994381994,
      "cost_critic_loss_last": 0.13030247390270233,
      "critic_epochs": 1,
      "daily_voltage_cost": 0.003348736558109522,
      "daily_voltage_cost_raw": 0.003348736558109522,
      "daily_voltage_cost_normalized": 0.16743683815002441,
      "daily_economic_return_raw_yuan": -1152718.875,
      "daily_economic_return_normalized": -0.36574456095695496,
      "daily_economic_cost_raw_yuan": 1152718.875,
      "economic_reward_scale_yuan": 3151704.8194007874,
      "lagrange_multiplier": 0.0,
      "cost_budget": 1.0,
      "cost_budget_raw": 0.02,
      "cost_budget_normalized": 1.0,
      "algorithm_cost_mode": "separate_cost",
      "fixed_cost_penalty_coef": 0.0,
      "log_std_max": -2.3,
      "accepted": true,
      "mode": "reward",
      "reward_before": 1.5548684473287722e-07,
      "reward_after": 0.17433376610279083,
      "cost_before": 0.16744206845760345,
      "cost_after": -0.06849603354930878,
      "kl_before": -2.384185791015625e-07,
      "kl_after": 0.0050224000588059425,
      "cost_gap": -0.8325579315423965,
      "cost_recoverable": true,
      "cost_quadratic": 257.6970520019531,
      "reward_quadratic": 3.121680974960327,
      "reward_cost_cross": -4.392111778259277,
      "max_linear_cost_drop": 3.2105890549988056,
      "rollout_wall_seconds": 2.122730568051338,
      "update_wall_seconds": 1.1697736270725727,
      "total_wall_seconds": 3.2925064396113157
    },
    {
      "update": 888,
      "algorithm": "macpo",
      "actor_loss": 0.021080410107970238,
      "reward_critic_loss": 0.0015872698277235031,
      "cost_critic_loss": 0.9109810590744019,
      "reward_critic_loss_last": 0.0015872698277235031,
      "cost_critic_loss_last": 0.9109810590744019,
      "critic_epochs": 1,
      "daily_voltage_cost": 0.022858191281557083,
      "daily_voltage_cost_raw": 0.022858191281557083,
      "daily_voltage_cost_normalized": 1.1429095268249512,
      "daily_economic_return_raw_yuan": -852331.5625,
      "daily_economic_return_normalized": -0.270435094833374,
      "daily_economic_cost_raw_yuan": 852331.5625,
      "economic_reward_scale_yuan": 3151704.8194007874,
      "lagrange_multiplier": 0.0,
      "cost_budget": 1.0,
      "cost_budget_raw": 0.02,
      "cost_budget_normalized": 1.0,
      "algorithm_cost_mode": "separate_cost",
      "fixed_cost_penalty_coef": 0.0,
      "log_std_max": -2.3,
      "accepted": true,
      "mode": "cost_recovery",
      "reward_before": -4.313469048611296e-08,
      "reward_after": -0.021080410107970238,
      "cost_before": 1.1429157257080078,
      "cost_after": -2.9665350914001465,
      "kl_before": -2.384185791015625e-07,
      "kl_after": 0.005034324713051319,
      "cost_gap": 0.1429157257080078,
      "cost_recoverable": true,
      "cost_quadratic": 2001.152099609375,
      "reward_quadratic": 3.3848419189453125,
      "reward_cost_cross": 9.42319107055664,
      "max_linear_cost_drop": 8.946847712148397,
      "rollout_wall_seconds": 1.6657270286232233,
      "update_wall_seconds": 1.1696487814188004,
      "total_wall_seconds": 2.835378734394908
    },
    {
      "update": 889,
      "algorithm": "macpo",
      "actor_loss": -0.058379799127578735,
      "reward_critic_loss": 0.0013188000302761793,
      "cost_critic_loss": 1.0522611141204834,
      "reward_critic_loss_last": 0.0013188000302761793,
      "cost_critic_loss_last": 1.0522611141204834,
      "critic_epochs": 1,
      "daily_voltage_cost": 0.020122386515140533,
      "daily_voltage_cost_raw": 0.020122386515140533,
      "daily_voltage_cost_normalized": 1.0061193704605103,
      "daily_economic_return_raw_yuan": -1035995.0625,
      "daily_economic_return_normalized": -0.3287094235420227,
      "daily_economic_cost_raw_yuan": 1035995.0625,
      "economic_reward_scale_yuan": 3151704.8194007874,
      "lagrange_multiplier": 0.0,
      "cost_budget": 1.0,
      "cost_budget_raw": 0.02,
      "cost_budget_normalized": 1.0,
      "algorithm_cost_mode": "separate_cost",
      "fixed_cost_penalty_coef": 0.0,
      "log_std_max": -2.3,
      "accepted": true,
      "mode": "cost_recovery",
      "reward_before": -1.3298145518092497e-07,
      "reward_after": 0.058379799127578735,
      "cost_before": 1.0061026811599731,
      "cost_after": -8.08181095123291,
      "kl_before": -2.384185791015625e-07,
      "kl_after": 0.019890792667865753,
      "cost_gap": 0.0061026811599731445,
      "cost_recoverable": true,
      "cost_quadratic": 2642.778564453125,
      "reward_quadratic": 2.620454788208008,
      "reward_cost_cross": -16.26567840576172,
      "max_linear_cost_drop": 10.281592414510751,
      "rollout_wall_seconds": 1.7713198754936457,
      "update_wall_seconds": 1.082026643678546,
      "total_wall_seconds": 2.85334886983037
    },
    {
      "update": 890,
      "algorithm": "macpo",
      "actor_loss": -0.4038603901863098,
      "reward_critic_loss": 0.001557061797939241,
      "cost_critic_loss": 1.1294739246368408,
      "reward_critic_loss_last": 0.001557061797939241,
      "cost_critic_loss_last": 1.1294739246368408,
      "critic_epochs": 1,
      "daily_voltage_cost": 0.019536547362804413,
      "daily_voltage_cost_raw": 0.019536547362804413,
      "daily_voltage_cost_normalized": 0.9768273830413818,
      "daily_economic_return_raw_yuan": -1100604.125,
      "daily_economic_return_normalized": -0.34920912981033325,
      "daily_economic_cost_raw_yuan": 1100604.125,
      "economic_reward_scale_yuan": 3151704.8194007874,
      "lagrange_multiplier": 0.0,
      "cost_budget": 1.0,
      "cost_budget_raw": 0.02,
      "cost_budget_normalized": 1.0,
      "algorithm_cost_mode": "separate_cost",
      "fixed_cost_penalty_coef": 0.0,
      "log_std_max": -2.3,
      "accepted": true,
      "mode": "reward",
      "reward_before": -2.660649727204145e-07,
      "reward_after": 0.4038603901863098,
      "cost_before": 0.9768216609954834,
      "cost_after": -1.6598851680755615,
      "kl_before": -2.384185791015625e-07,
      "kl_after": 0.019928939640522003,
      "cost_gap": -0.0231783390045166,
      "cost_recoverable": true,
      "cost_quadratic": 2529.1298828125,
      "reward_quadratic": 3.8308935165405273,
      "reward_cost_cross": -30.010143280029297,
      "max_linear_cost_drop": 10.058091037194881,
      "rollout_wall_seconds": 2.417465627193451,
      "update_wall_seconds": 1.2854439169168472,
      "total_wall_seconds": 3.702911790460348
    },
    {
      "update": 891,
      "algorithm": "macpo",
      "actor_loss": -0.360862135887146,
      "reward_critic_loss": 0.001351935788989067,
      "cost_critic_loss": 0.4309031367301941,
      "reward_critic_loss_last": 0.001351935788989067,
      "cost_critic_loss_last": 0.4309031367301941,
      "critic_epochs": 1,
      "daily_voltage_cost": 0.008785519748926163,
      "daily_voltage_cost_raw": 0.008785519748926163,
      "daily_voltage_cost_normalized": 0.4392760396003723,
      "daily_economic_return_raw_yuan": -1077224.625,
      "daily_economic_return_normalized": -0.3417910933494568,
      "daily_economic_cost_raw_yuan": 1077224.625,
      "economic_reward_scale_yuan": 3151704.8194007874,
      "lagrange_multiplier": 0.0,
      "cost_budget": 1.0,
      "cost_budget_raw": 0.02,
      "cost_budget_normalized": 1.0,
      "algorithm_cost_mode": "separate_cost",
      "fixed_cost_penalty_coef": 0.0,
      "log_std_max": -2.3,
      "accepted": true,
      "mode": "reward",
      "reward_before": -5.370244480218389e-07,
      "reward_after": 0.360862135887146,
      "cost_before": 0.4392782151699066,
      "cost_after": 0.42984116077423096,
      "kl_before": -2.384185791015625e-07,
      "kl_after": 0.019971463829278946,
      "cost_gap": -0.5607217848300934,
      "cost_recoverable": true,
      "cost_quadratic": 977.4201049804688,
      "reward_quadratic": 2.961691379547119,
      "reward_cost_cross": -0.18121492862701416,
      "max_linear_cost_drop": 6.252743733691535,
      "rollout_wall_seconds": 1.9954684395343065,
      "update_wall_seconds": 1.157943869009614,
      "total_wall_seconds": 3.1534146405756474
    },
    {
      "update": 892,
      "algorithm": "macpo",
      "actor_loss": -0.058790989220142365,
      "reward_critic_loss": 0.0014814464375376701,
      "cost_critic_loss": 1.1476778984069824,
      "reward_critic_loss_last": 0.0014814464375376701,
      "cost_critic_loss_last": 1.1476778984069824,
      "critic_epochs": 1,
      "daily_voltage_cost": 0.032791174948215485,
      "daily_voltage_cost_raw": 0.032791174948215485,
      "daily_voltage_cost_normalized": 1.6395589113235474,
      "daily_economic_return_raw_yuan": -1044821.6875,
      "daily_economic_return_normalized": -0.3315100073814392,
      "daily_economic_cost_raw_yuan": 1044821.6875,
      "economic_reward_scale_yuan": 3151704.8194007874,
      "lagrange_multiplier": 0.0,
      "cost_budget": 1.0,
      "cost_budget_raw": 0.02,
      "cost_budget_normalized": 1.0,
      "algorithm_cost_mode": "separate_cost",
      "fixed_cost_penalty_coef": 0.0,
      "log_std_max": -2.3,
      "accepted": true,
      "mode": "cost_recovery",
      "reward_before": -4.77953676636389e-10,
      "reward_after": 0.058790989220142365,
      "cost_before": 1.6395578384399414,
      "cost_after": -5.812874794006348,
      "kl_before": -2.384185791015625e-07,
      "kl_after": 0.019998032599687576,
      "cost_gap": 0.6395578384399414,
      "cost_recoverable": true,
      "cost_quadratic": 1964.932373046875,
      "reward_quadratic": 3.1718006134033203,
      "reward_cost_cross": -16.075408935546875,
      "max_linear_cost_drop": 8.86551154315841,
      "rollout_wall_seconds": 1.7453586738556623,
      "update_wall_seconds": 1.0701151583343744,
      "total_wall_seconds": 2.815476192161441
    },
    {
      "update": 893,
      "algorithm": "macpo",
      "actor_loss": -0.03494877740740776,
      "reward_critic_loss": 0.00143722677603364,
      "cost_critic_loss": 1.5259861946105957,
      "reward_critic_loss_last": 0.00143722677603364,
      "cost_critic_loss_last": 1.5259861946105957,
      "critic_epochs": 1,
      "daily_voltage_cost": 0.03806469962000847,
      "daily_voltage_cost_raw": 0.03806469962000847,
      "daily_voltage_cost_normalized": 1.9032349586486816,
      "daily_economic_return_raw_yuan": -1206947.625,
      "daily_economic_return_normalized": -0.38295072317123413,
      "daily_economic_cost_raw_yuan": 1206947.625,
      "economic_reward_scale_yuan": 3151704.8194007874,
      "lagrange_multiplier": 0.0,
      "cost_budget": 1.0,
      "cost_budget_raw": 0.02,
      "cost_budget_normalized": 1.0,
      "algorithm_cost_mode": "separate_cost",
      "fixed_cost_penalty_coef": 0.0,
      "log_std_max": -2.3,
      "accepted": true,
      "mode": "cost_recovery",
      "reward_before": 2.12543938005183e-08,
      "reward_after": 0.03494877740740776,
      "cost_before": 1.9032249450683594,
      "cost_after": -6.92755651473999,
      "kl_before": -2.384185791015625e-07,
      "kl_after": 0.019970746710896492,
      "cost_gap": 0.9032249450683594,
      "cost_recoverable": true,
      "cost_quadratic": 2647.4541015625,
      "reward_quadratic": 3.0194334983825684,
      "reward_cost_cross": -9.549654006958008,
      "max_linear_cost_drop": 10.290683362269972,
      "rollout_wall_seconds": 1.2786203622817993,
      "update_wall_seconds": 1.0089841112494469,
      "total_wall_seconds": 2.287607943639159
    },
    {
      "update": 894,
      "algorithm": "macpo",
      "actor_loss": -0.38200128078460693,
      "reward_critic_loss": 0.0013663829304277897,
      "cost_critic_loss": 0.44546231627464294,
      "reward_critic_loss_last": 0.0013663829304277897,
      "cost_critic_loss_last": 0.44546231627464294,
      "critic_epochs": 1,
      "daily_voltage_cost": 0.011241208761930466,
      "daily_voltage_cost_raw": 0.011241208761930466,
      "daily_voltage_cost_normalized": 0.5620604753494263,
      "daily_economic_return_raw_yuan": -982010.25,
      "daily_economic_return_normalized": -0.3115806579589844,
      "daily_economic_cost_raw_yuan": 982010.25,
      "economic_reward_scale_yuan": 3151704.8194007874,
      "lagrange_multiplier": 0.0,
      "cost_budget": 1.0,
      "cost_budget_raw": 0.02,
      "cost_budget_normalized": 1.0,
      "algorithm_cost_mode": "separate_cost",
      "fixed_cost_penalty_coef": 0.0,
      "log_std_max": -2.3,
      "accepted": true,
      "mode": "reward",
      "reward_before": 2.7726943585548725e-07,
      "reward_after": 0.38200128078460693,
      "cost_before": 0.5620600581169128,
      "cost_after": -0.6183005571365356,
      "kl_before": -2.384185791015625e-07,
      "kl_after": 0.01999427191913128,
      "cost_gap": -0.43793994188308716,
      "cost_recoverable": true,
      "cost_quadratic": 908.6397705078125,
      "reward_quadratic": 3.213503360748291,
      "reward_cost_cross": -9.037440299987793,
      "max_linear_cost_drop": 6.028730448470267,
      "rollout_wall_seconds": 1.629950413480401,
      "update_wall_seconds": 1.0047795698046684,
      "total_wall_seconds": 2.634732224047184
    },
    {
      "update": 895,
      "algorithm": "macpo",
      "actor_loss": 0.001606122124940157,
      "reward_critic_loss": 0.0011919165262952447,
      "cost_critic_loss": 2.8373446464538574,
      "reward_critic_loss_last": 0.0011919165262952447,
      "cost_critic_loss_last": 2.8373446464538574,
      "critic_epochs": 1,
      "daily_voltage_cost": 0.053606003522872925,
      "daily_voltage_cost_raw": 0.053606003522872925,
      "daily_voltage_cost_normalized": 2.680300235748291,
      "daily_economic_return_raw_yuan": -1100866.125,
      "daily_economic_return_normalized": -0.3492922782897949,
      "daily_economic_cost_raw_yuan": 1100866.125,
      "economic_reward_scale_yuan": 3151704.8194007874,
      "lagrange_multiplier": 0.0,
      "cost_budget": 1.0,
      "cost_budget_raw": 0.02,
      "cost_budget_normalized": 1.0,
      "algorithm_cost_mode": "separate_cost",
      "fixed_cost_penalty_coef": 0.0,
      "log_std_max": -2.3,
      "accepted": true,
      "mode": "cost_recovery",
      "reward_before": -1.0281402751388669e-07,
      "reward_after": -0.001606122124940157,
      "cost_before": 2.680288791656494,
      "cost_after": -4.9724931716918945,
      "kl_before": -2.384185791015625e-07,
      "kl_after": 0.005038939416408539,
      "cost_gap": 1.6802887916564941,
      "cost_recoverable": true,
      "cost_quadratic": 6946.55224609375,
      "reward_quadratic": 2.728562831878662,
      "reward_cost_cross": 2.771036148071289,
      "max_linear_cost_drop": 16.669195836744795,
      "rollout_wall_seconds": 1.8436597846448421,
      "update_wall_seconds": 1.1025973502546549,
      "total_wall_seconds": 2.9462590273469687
    },
    {
      "update": 896,
      "algorithm": "macpo",
      "actor_loss": -0.04405447468161583,
      "reward_critic_loss": 0.0010603251866996288,
      "cost_critic_loss": 2.8178136348724365,
      "reward_critic_loss_last": 0.0010603251866996288,
      "cost_critic_loss_last": 2.8178136348724365,
      "critic_epochs": 1,
      "daily_voltage_cost": 0.03787272050976753,
      "daily_voltage_cost_raw": 0.03787272050976753,
      "daily_voltage_cost_normalized": 1.8936359882354736,
      "daily_economic_return_raw_yuan": -1172854.75,
      "daily_economic_return_normalized": -0.37213343381881714,
      "daily_economic_cost_raw_yuan": 1172854.75,
      "economic_reward_scale_yuan": 3151704.8194007874,
      "lagrange_multiplier": 0.0,
      "cost_budget": 1.0,
      "cost_budget_raw": 0.02,
      "cost_budget_normalized": 1.0,
      "algorithm_cost_mode": "separate_cost",
      "fixed_cost_penalty_coef": 0.0,
      "log_std_max": -2.3,
      "accepted": true,
      "mode": "cost_recovery",
      "reward_before": 1.1679730960167944e-07,
      "reward_after": 0.04405447468161583,
      "cost_before": 1.8936359882354736,
      "cost_after": -11.373045921325684,
      "kl_before": -2.384185791015625e-07,
      "kl_after": 0.01990770734846592,
      "cost_gap": 0.8936359882354736,
      "cost_recoverable": true,
      "cost_quadratic": 6165.9130859375,
      "reward_quadratic": 2.469827651977539,
      "reward_cost_cross": -19.972457885742188,
      "max_linear_cost_drop": 15.704665658252646,
      "rollout_wall_seconds": 1.7661074828356504,
      "update_wall_seconds": 1.3541880287230015,
      "total_wall_seconds": 3.1202972792088985
    },
    {
      "update": 897,
      "algorithm": "macpo",
      "actor_loss": -0.1782468855381012,
      "reward_critic_loss": 0.001709913369268179,
      "cost_critic_loss": 0.5933821201324463,
      "reward_critic_loss_last": 0.001709913369268179,
      "cost_critic_loss_last": 0.5933821201324463,
      "critic_epochs": 1,
      "daily_voltage_cost": 0.015830587595701218,
      "daily_voltage_cost_raw": 0.015830587595701218,
      "daily_voltage_cost_normalized": 0.7915294170379639,
      "daily_economic_return_raw_yuan": -1200759.875,
      "daily_economic_return_normalized": -0.38098740577697754,
      "daily_economic_cost_raw_yuan": 1200759.875,
      "economic_reward_scale_yuan": 3151704.8194007874,
      "lagrange_multiplier": 0.0,
      "cost_budget": 1.0,
      "cost_budget_raw": 0.02,
      "cost_budget_normalized": 1.0,
      "algorithm_cost_mode": "separate_cost",
      "fixed_cost_penalty_coef": 0.0,
      "log_std_max": -2.3,
      "accepted": true,
      "mode": "reward",
      "reward_before": 8.917688631981946e-08,
      "reward_after": 0.1782468855381012,
      "cost_before": 0.7915255427360535,
      "cost_after": 0.5251402854919434,
      "kl_before": -2.384185791015625e-07,
      "kl_after": 0.004980864003300667,
      "cost_gap": -0.20847445726394653,
      "cost_recoverable": true,
      "cost_quadratic": 1166.53125,
      "reward_quadratic": 3.211884021759033,
      "reward_cost_cross": -4.0242228507995605,
      "max_linear_cost_drop": 6.830904039730027,
      "rollout_wall_seconds": 2.2937575355172157,
      "update_wall_seconds": 1.5681388713419437,
      "total_wall_seconds": 3.8618991374969482
    },
    {
      "update": 898,
      "algorithm": "macpo",
      "actor_loss": -0.3380189538002014,
      "reward_critic_loss": 0.0014743811916559935,
      "cost_critic_loss": 0.5692397356033325,
      "reward_critic_loss_last": 0.0014743811916559935,
      "cost_critic_loss_last": 0.5692397356033325,
      "critic_epochs": 1,
      "daily_voltage_cost": 0.010929537937045097,
      "daily_voltage_cost_raw": 0.010929537937045097,
      "daily_voltage_cost_normalized": 0.5464769005775452,
      "daily_economic_return_raw_yuan": -1119467.625,
      "daily_economic_return_normalized": -0.3551943004131317,
      "daily_economic_cost_raw_yuan": 1119467.625,
      "economic_reward_scale_yuan": 3151704.8194007874,
      "lagrange_multiplier": 0.0,
      "cost_budget": 1.0,
      "cost_budget_raw": 0.02,
      "cost_budget_normalized": 1.0,
      "algorithm_cost_mode": "separate_cost",
      "fixed_cost_penalty_coef": 0.0,
      "log_std_max": -2.3,
      "accepted": true,
      "mode": "reward",
      "reward_before": 1.4048659124910046e-07,
      "reward_after": 0.3380189538002014,
      "cost_before": 0.5464705228805542,
      "cost_after": -1.0228769779205322,
      "kl_before": -2.384185791015625e-07,
      "kl_after": 0.019978133961558342,
      "cost_gap": -0.4535294771194458,
      "cost_recoverable": true,
      "cost_quadratic": 1516.76708984375,
      "reward_quadratic": 2.7611513137817383,
      "reward_cost_cross": -12.845547676086426,
      "max_linear_cost_drop": 7.789138822344226,
      "rollout_wall_seconds": 2.16527071967721,
      "update_wall_seconds": 1.4286234714090824,
      "total_wall_seconds": 3.593896495178342
    },
    {
      "update": 899,
      "algorithm": "macpo",
      "actor_loss": -0.3183012902736664,
      "reward_critic_loss": 0.0012614992447197437,
      "cost_critic_loss": 0.534252405166626,
      "reward_critic_loss_last": 0.0012614992447197437,
      "cost_critic_loss_last": 0.534252405166626,
      "critic_epochs": 1,
      "daily_voltage_cost": 0.019779685884714127,
      "daily_voltage_cost_raw": 0.019779685884714127,
      "daily_voltage_cost_normalized": 0.9889843463897705,
      "daily_economic_return_raw_yuan": -1298857.875,
      "daily_economic_return_normalized": -0.4121128022670746,
      "daily_economic_cost_raw_yuan": 1298857.875,
      "economic_reward_scale_yuan": 3151704.8194007874,
      "lagrange_multiplier": 0.0,
      "cost_budget": 1.0,
      "cost_budget_raw": 0.02,
      "cost_budget_normalized": 1.0,
      "algorithm_cost_mode": "separate_cost",
      "fixed_cost_penalty_coef": 0.0,
      "log_std_max": -2.3,
      "accepted": true,
      "mode": "reward",
      "reward_before": 1.7826866383074957e-07,
      "reward_after": 0.3183012902736664,
      "cost_before": 0.98898845911026,
      "cost_after": -0.45436155796051025,
      "kl_before": -2.384185791015625e-07,
      "kl_after": 0.019922154024243355,
      "cost_gap": -0.01101154088973999,
      "cost_recoverable": true,
      "cost_quadratic": 1289.349609375,
      "reward_quadratic": 2.521237850189209,
      "reward_cost_cross": -10.921290397644043,
      "max_linear_cost_drop": 7.181502932882504,
      "rollout_wall_seconds": 2.0298477821052074,
      "update_wall_seconds": 1.082569072023034,
      "total_wall_seconds": 3.1124190874397755
    },
    {
      "update": 900,
      "algorithm": "macpo",
      "actor_loss": -0.3959468603134155,
      "reward_critic_loss": 0.001602721749804914,
      "cost_critic_loss": 0.29013460874557495,
      "reward_critic_loss_last": 0.001602721749804914,
      "cost_critic_loss_last": 0.29013460874557495,
      "critic_epochs": 1,
      "daily_voltage_cost": 0.009967455640435219,
      "daily_voltage_cost_raw": 0.009967455640435219,
      "daily_voltage_cost_normalized": 0.4983728528022766,
      "daily_economic_return_raw_yuan": -829381.8125,
      "daily_economic_return_normalized": -0.26315340399742126,
      "daily_economic_cost_raw_yuan": 829381.8125,
      "economic_reward_scale_yuan": 3151704.8194007874,
      "lagrange_multiplier": 0.0,
      "cost_budget": 1.0,
      "cost_budget_raw": 0.02,
      "cost_budget_normalized": 1.0,
      "algorithm_cost_mode": "separate_cost",
      "fixed_cost_penalty_coef": 0.0,
      "log_std_max": -2.3,
      "accepted": true,
      "mode": "reward",
      "reward_before": -2.0054250171597232e-07,
      "reward_after": 0.3959468603134155,
      "cost_before": 0.49837860465049744,
      "cost_after": -1.2198474407196045,
      "kl_before": -2.384185791015625e-07,
      "kl_after": 0.019991440698504448,
      "cost_gap": -0.5016213953495026,
      "cost_recoverable": true,
      "cost_quadratic": 619.5632934570312,
      "reward_quadratic": 3.212904453277588,
      "reward_cost_cross": -13.110967636108398,
      "max_linear_cost_drop": 4.978205674566013,
      "rollout_wall_seconds": 1.3643558826297522,
      "update_wall_seconds": 1.1478643119335175,
      "total_wall_seconds": 2.5122225042432547
    },
    {
      "update": 901,
      "algorithm": "macpo",
      "actor_loss": -0.1709727942943573,
      "reward_critic_loss": 0.0013489219127222896,
      "cost_critic_loss": 0.5582067966461182,
      "reward_critic_loss_last": 0.0013489219127222896,
      "cost_critic_loss_last": 0.5582067966461182,
      "critic_epochs": 1,
      "daily_voltage_cost": 0.013831090182065964,
      "daily_voltage_cost_raw": 0.013831090182065964,
      "daily_voltage_cost_normalized": 0.6915545463562012,
      "daily_economic_return_raw_yuan": -996832.5,
      "daily_economic_return_normalized": -0.31628358364105225,
      "daily_economic_cost_raw_yuan": 996832.5,
      "economic_reward_scale_yuan": 3151704.8194007874,
      "lagrange_multiplier": 0.0,
      "cost_budget": 1.0,
      "cost_budget_raw": 0.02,
      "cost_budget_normalized": 1.0,
      "algorithm_cost_mode": "separate_cost",
      "fixed_cost_penalty_coef": 0.0,
      "log_std_max": -2.3,
      "accepted": true,
      "mode": "reward",
      "reward_before": -1.3320416769602161e-07,
      "reward_after": 0.1709727942943573,
      "cost_before": 0.6915547847747803,
      "cost_after": 0.3468567132949829,
      "kl_before": -2.384185791015625e-07,
      "kl_after": 0.004993831273168325,
      "cost_gap": -0.3084452152252197,
      "cost_recoverable": true,
      "cost_quadratic": 1154.073974609375,
      "reward_quadratic": 2.8599853515625,
      "reward_cost_cross": -5.859989166259766,
      "max_linear_cost_drop": 6.794332857932043,
      "rollout_wall_seconds": 1.822833413258195,
      "update_wall_seconds": 1.219740103930235,
      "total_wall_seconds": 3.0425761193037033
    },
    {
      "update": 902,
      "algorithm": "macpo",
      "actor_loss": -0.013160713016986847,
      "reward_critic_loss": 0.0017606386682018638,
      "cost_critic_loss": 0.709507167339325,
      "reward_critic_loss_last": 0.0017606386682018638,
      "cost_critic_loss_last": 0.709507167339325,
      "critic_epochs": 1,
      "daily_voltage_cost": 0.029496457427740097,
      "daily_voltage_cost_raw": 0.029496457427740097,
      "daily_voltage_cost_normalized": 1.474822998046875,
      "daily_economic_return_raw_yuan": -1202162.125,
      "daily_economic_return_normalized": -0.38143235445022583,
      "daily_economic_cost_raw_yuan": 1202162.125,
      "economic_reward_scale_yuan": 3151704.8194007874,
      "lagrange_multiplier": 0.0,
      "cost_budget": 1.0,
      "cost_budget_raw": 0.02,
      "cost_budget_normalized": 1.0,
      "algorithm_cost_mode": "separate_cost",
      "fixed_cost_penalty_coef": 0.0,
      "log_std_max": -2.3,
      "accepted": true,
      "mode": "cost_recovery",
      "reward_before": 2.1869540489660722e-07,
      "reward_after": 0.013160713016986847,
      "cost_before": 1.4748215675354004,
      "cost_after": -6.117547512054443,
      "kl_before": -2.384185791015625e-07,
      "kl_after": 0.019881654530763626,
      "cost_gap": 0.4748215675354004,
      "cost_recoverable": true,
      "cost_quadratic": 1661.81884765625,
      "reward_quadratic": 3.5183582305908203,
      "reward_cost_cross": -1.0109989643096924,
      "max_linear_cost_drop": 8.153082478808246,
      "rollout_wall_seconds": 1.8197058737277985,
      "update_wall_seconds": 1.1437780521810055,
      "total_wall_seconds": 2.963486511260271
    },
    {
      "update": 903,
      "algorithm": "macpo",
      "actor_loss": -0.36307239532470703,
      "reward_critic_loss": 0.001738780876621604,
      "cost_critic_loss": 0.4972689151763916,
      "reward_critic_loss_last": 0.001738780876621604,
      "cost_critic_loss_last": 0.4972689151763916,
      "critic_epochs": 1,
      "daily_voltage_cost": 0.011740840040147305,
      "daily_voltage_cost_raw": 0.011740840040147305,
      "daily_voltage_cost_normalized": 0.587041974067688,
      "daily_economic_return_raw_yuan": -1054092.5,
      "daily_economic_return_normalized": -0.3344515562057495,
      "daily_economic_cost_raw_yuan": 1054092.5,
      "economic_reward_scale_yuan": 3151704.8194007874,
      "lagrange_multiplier": 0.0,
      "cost_budget": 1.0,
      "cost_budget_raw": 0.02,
      "cost_budget_normalized": 1.0,
      "algorithm_cost_mode": "separate_cost",
      "fixed_cost_penalty_coef": 0.0,
      "log_std_max": -2.3,
      "accepted": true,
      "mode": "reward",
      "reward_before": 2.1013968876104627e-07,
      "reward_after": 0.36307239532470703,
      "cost_before": 0.5870396494865417,
      "cost_after": -1.0958939790725708,
      "kl_before": -2.384185791015625e-07,
      "kl_after": 0.019978128373622894,
      "cost_gap": -0.41296035051345825,
      "cost_recoverable": true,
      "cost_quadratic": 1062.540771484375,
      "reward_quadratic": 3.4093399047851562,
      "reward_cost_cross": -14.80784797668457,
      "max_linear_cost_drop": 6.519327485206967,
      "rollout_wall_seconds": 2.017550252377987,
      "update_wall_seconds": 1.2510347180068493,
      "total_wall_seconds": 3.2685870938003063
    },
    {
      "update": 904,
      "algorithm": "macpo",
      "actor_loss": -0.39228561520576477,
      "reward_critic_loss": 0.001848084619268775,
      "cost_critic_loss": 0.452019065618515,
      "reward_critic_loss_last": 0.001848084619268775,
      "cost_critic_loss_last": 0.452019065618515,
      "critic_epochs": 1,
      "daily_voltage_cost": 0.013794481754302979,
      "daily_voltage_cost_raw": 0.013794481754302979,
      "daily_voltage_cost_normalized": 0.6897240877151489,
      "daily_economic_return_raw_yuan": -932691.1875,
      "daily_economic_return_normalized": -0.2959322929382324,
      "daily_economic_cost_raw_yuan": 932691.1875,
      "economic_reward_scale_yuan": 3151704.8194007874,
      "lagrange_multiplier": 0.0,
      "cost_budget": 1.0,
      "cost_budget_raw": 0.02,
      "cost_budget_normalized": 1.0,
      "algorithm_cost_mode": "separate_cost",
      "fixed_cost_penalty_coef": 0.0,
      "log_std_max": -2.3,
      "accepted": true,
      "mode": "reward",
      "reward_before": 1.925605772612471e-07,
      "reward_after": 0.39228561520576477,
      "cost_before": 0.6897262930870056,
      "cost_after": 0.6279985904693604,
      "kl_before": -2.384185791015625e-07,
      "kl_after": 0.01995498314499855,
      "cost_gap": -0.3102737069129944,
      "cost_recoverable": true,
      "cost_quadratic": 1035.720458984375,
      "reward_quadratic": 3.9583210945129395,
      "reward_cost_cross": 0.8661302328109741,
      "max_linear_cost_drop": 6.436522225501517,
      "rollout_wall_seconds": 1.8462285045534372,
      "update_wall_seconds": 1.1915552075952291,
      "total_wall_seconds": 3.037786280736327
    },
    {
      "update": 905,
      "algorithm": "macpo",
      "actor_loss": -0.35232436656951904,
      "reward_critic_loss": 0.0014057051157578826,
      "cost_critic_loss": 0.44526225328445435,
      "reward_critic_loss_last": 0.0014057051157578826,
      "cost_critic_loss_last": 0.44526225328445435,
      "critic_epochs": 1,
      "daily_voltage_cost": 0.013301349245011806,
      "daily_voltage_cost_raw": 0.013301349245011806,
      "daily_voltage_cost_normalized": 0.6650675535202026,
      "daily_economic_return_raw_yuan": -926771.375,
      "daily_economic_return_normalized": -0.2940540015697479,
      "daily_economic_cost_raw_yuan": 926771.375,
      "economic_reward_scale_yuan": 3151704.8194007874,
      "lagrange_multiplier": 0.0,
      "cost_budget": 1.0,
      "cost_budget_raw": 0.02,
      "cost_budget_normalized": 1.0,
      "algorithm_cost_mode": "separate_cost",
      "fixed_cost_penalty_coef": 0.0,
      "log_std_max": -2.3,
      "accepted": true,
      "mode": "reward",
      "reward_before": -1.8845622662411188e-07,
      "reward_after": 0.35232436656951904,
      "cost_before": 0.6650698184967041,
      "cost_after": 0.2040126919746399,
      "kl_before": -2.384185791015625e-07,
      "kl_after": 0.019950663670897484,
      "cost_gap": -0.3349301815032959,
      "cost_recoverable": true,
      "cost_quadratic": 1017.5088500976562,
      "reward_quadratic": 3.1806914806365967,
      "reward_cost_cross": -2.749508857727051,
      "max_linear_cost_drop": 6.379682907786738,
      "rollout_wall_seconds": 1.8406427279114723,
      "update_wall_seconds": 1.2143042162060738,
      "total_wall_seconds": 3.0549492090940475
    },
    {
      "update": 906,
      "algorithm": "macpo",
      "actor_loss": -0.17268897593021393,
      "reward_critic_loss": 0.0014499913668259978,
      "cost_critic_loss": 0.669974684715271,
      "reward_critic_loss_last": 0.0014499913668259978,
      "cost_critic_loss_last": 0.669974684715271,
      "critic_epochs": 1,
      "daily_voltage_cost": 0.013560904189944267,
      "daily_voltage_cost_raw": 0.013560904189944267,
      "daily_voltage_cost_normalized": 0.6780451536178589,
      "daily_economic_return_raw_yuan": -1057969.5,
      "daily_economic_return_normalized": -0.335681676864624,
      "daily_economic_cost_raw_yuan": 1057969.5,
      "economic_reward_scale_yuan": 3151704.8194007874,
      "lagrange_multiplier": 0.0,
      "cost_budget": 1.0,
      "cost_budget_raw": 0.02,
      "cost_budget_normalized": 1.0,
      "algorithm_cost_mode": "separate_cost",
      "fixed_cost_penalty_coef": 0.0,
      "log_std_max": -2.3,
      "accepted": true,
      "mode": "reward",
      "reward_before": 1.2377559244214353e-07,
      "reward_after": 0.17268897593021393,
      "cost_before": 0.6780421137809753,
      "cost_after": 0.522695004940033,
      "kl_before": -2.384185791015625e-07,
      "kl_after": 0.005031803157180548,
      "cost_gap": -0.32195788621902466,
      "cost_recoverable": true,
      "cost_quadratic": 1371.9208984375,
      "reward_quadratic": 2.8866400718688965,
      "reward_cost_cross": -3.261723279953003,
      "max_linear_cost_drop": 7.407890113757088,
      "rollout_wall_seconds": 2.03014200553298,
      "update_wall_seconds": 1.244154592975974,
      "total_wall_seconds": 3.2742989100515842
    },
    {
      "update": 907,
      "algorithm": "macpo",
      "actor_loss": -0.009280269965529442,
      "reward_critic_loss": 0.0015479796566069126,
      "cost_critic_loss": 1.43979811668396,
      "reward_critic_loss_last": 0.0015479796566069126,
      "cost_critic_loss_last": 1.43979811668396,
      "critic_epochs": 1,
      "daily_voltage_cost": 0.020774202421307564,
      "daily_voltage_cost_raw": 0.020774202421307564,
      "daily_voltage_cost_normalized": 1.0387102365493774,
      "daily_economic_return_raw_yuan": -1193986.25,
      "daily_economic_return_normalized": -0.3788382411003113,
      "daily_economic_cost_raw_yuan": 1193986.25,
      "economic_reward_scale_yuan": 3151704.8194007874,
      "lagrange_multiplier": 0.0,
      "cost_budget": 1.0,
      "cost_budget_raw": 0.02,
      "cost_budget_normalized": 1.0,
      "algorithm_cost_mode": "separate_cost",
      "fixed_cost_penalty_coef": 0.0,
      "log_std_max": -2.3,
      "accepted": true,
      "mode": "cost_recovery",
      "reward_before": 2.8560486953210784e-07,
      "reward_after": 0.009280269965529442,
      "cost_before": 1.0387048721313477,
      "cost_after": -4.525120735168457,
      "kl_before": -2.384185791015625e-07,
      "kl_after": 0.0050170645117759705,
      "cost_gap": 0.038704872131347656,
      "cost_recoverable": true,
      "cost_quadratic": 3689.5849609375,
      "reward_quadratic": 3.341059684753418,
      "reward_cost_cross": -4.545917987823486,
      "max_linear_cost_drop": 12.148390775633619,
      "rollout_wall_seconds": 2.2928814440965652,
      "update_wall_seconds": 1.2458451949059963,
      "total_wall_seconds": 3.538729077205062
    },
    {
      "update": 908,
      "algorithm": "macpo",
      "actor_loss": 0.010697750374674797,
      "reward_critic_loss": 0.001535460352897644,
      "cost_critic_loss": 1.7329998016357422,
      "reward_critic_loss_last": 0.001535460352897644,
      "cost_critic_loss_last": 1.7329998016357422,
      "critic_epochs": 1,
      "daily_voltage_cost": 0.03143685683608055,
      "daily_voltage_cost_raw": 0.03143685683608055,
      "daily_voltage_cost_normalized": 1.5718427896499634,
      "daily_economic_return_raw_yuan": -951250.3125,
      "daily_economic_return_normalized": -0.30182087421417236,
      "daily_economic_cost_raw_yuan": 951250.3125,
      "economic_reward_scale_yuan": 3151704.8194007874,
      "lagrange_multiplier": 0.0,
      "cost_budget": 1.0,
      "cost_budget_raw": 0.02,
      "cost_budget_normalized": 1.0,
      "algorithm_cost_mode": "separate_cost",
      "fixed_cost_penalty_coef": 0.0,
      "log_std_max": -2.3,
      "accepted": true,
      "mode": "cost_recovery",
      "reward_before": -4.268942461749248e-07,
      "reward_after": -0.010697750374674797,
      "cost_before": 1.5718481540679932,
      "cost_after": -8.650858879089355,
      "kl_before": -2.384185791015625e-07,
      "kl_after": 0.019998664036393166,
      "cost_gap": 0.5718481540679932,
      "cost_recoverable": true,
      "cost_quadratic": 3501.59326171875,
      "reward_quadratic": 2.8689403533935547,
      "reward_cost_cross": 2.548692226409912,
      "max_linear_cost_drop": 11.834852363622877,
      "rollout_wall_seconds": 1.981127992272377,
      "update_wall_seconds": 1.308572605252266,
      "total_wall_seconds": 3.289704091846943
    },
    {
      "update": 909,
      "algorithm": "macpo",
      "actor_loss": -0.16796550154685974,
      "reward_critic_loss": 0.0015827273018658161,
      "cost_critic_loss": 0.31647247076034546,
      "reward_critic_loss_last": 0.0015827273018658161,
      "cost_critic_loss_last": 0.31647247076034546,
      "critic_epochs": 1,
      "daily_voltage_cost": 0.012907089665532112,
      "daily_voltage_cost_raw": 0.012907089665532112,
      "daily_voltage_cost_normalized": 0.6453545093536377,
      "daily_economic_return_raw_yuan": -1050916.5,
      "daily_economic_return_normalized": -0.333443820476532,
      "daily_economic_cost_raw_yuan": 1050916.5,
      "economic_reward_scale_yuan": 3151704.8194007874,
      "lagrange_multiplier": 0.0,
      "cost_budget": 1.0,
      "cost_budget_raw": 0.02,
      "cost_budget_normalized": 1.0,
      "algorithm_cost_mode": "separate_cost",
      "fixed_cost_penalty_coef": 0.0,
      "log_std_max": -2.3,
      "accepted": true,
      "mode": "reward",
      "reward_before": -1.3142638977114984e-07,
      "reward_after": 0.16796550154685974,
      "cost_before": 0.6453551054000854,
      "cost_after": 0.5714075565338135,
      "kl_before": -2.384185791015625e-07,
      "kl_after": 0.00498688779771328,
      "cost_gap": -0.35464489459991455,
      "cost_recoverable": true,
      "cost_quadratic": 717.1905517578125,
      "reward_quadratic": 2.8624773025512695,
      "reward_cost_cross": -0.7876569628715515,
      "max_linear_cost_drop": 5.3560827169035115,
      "rollout_wall_seconds": 2.205957043915987,
      "update_wall_seconds": 1.3219894226640463,
      "total_wall_seconds": 3.5279490258544683
    },
    {
      "update": 910,
      "algorithm": "macpo",
      "actor_loss": -0.0230056494474411,
      "reward_critic_loss": 0.0015864886809140444,
      "cost_critic_loss": 1.2054461240768433,
      "reward_critic_loss_last": 0.0015864886809140444,
      "cost_critic_loss_last": 1.2054461240768433,
      "critic_epochs": 1,
      "daily_voltage_cost": 0.0221233107149601,
      "daily_voltage_cost_raw": 0.0221233107149601,
      "daily_voltage_cost_normalized": 1.1061656475067139,
      "daily_economic_return_raw_yuan": -943494.8125,
      "daily_economic_return_normalized": -0.29936015605926514,
      "daily_economic_cost_raw_yuan": 943494.8125,
      "economic_reward_scale_yuan": 3151704.8194007874,
      "lagrange_multiplier": 0.0,
      "cost_budget": 1.0,
      "cost_budget_raw": 0.02,
      "cost_budget_normalized": 1.0,
      "algorithm_cost_mode": "separate_cost",
      "fixed_cost_penalty_coef": 0.0,
      "log_std_max": -2.3,
      "accepted": true,
      "mode": "cost_recovery",
      "reward_before": 9.9762523575464e-08,
      "reward_after": 0.0230056494474411,
      "cost_before": 1.106166958808899,
      "cost_after": -7.6642913818359375,
      "kl_before": -2.384185791015625e-07,
      "kl_after": 0.019939277321100235,
      "cost_gap": 0.10616695880889893,
      "cost_recoverable": true,
      "cost_quadratic": 2515.706787109375,
      "reward_quadratic": 2.868837356567383,
      "reward_cost_cross": -7.200889587402344,
      "max_linear_cost_drop": 10.031364387977092,
      "rollout_wall_seconds": 1.8781555518507957,
      "update_wall_seconds": 1.4554706159979105,
      "total_wall_seconds": 3.3336287271231413
    },
    {
      "update": 911,
      "algorithm": "macpo",
      "actor_loss": -0.4505435824394226,
      "reward_critic_loss": 0.0022357481066137552,
      "cost_critic_loss": 0.28043845295906067,
      "reward_critic_loss_last": 0.0022357481066137552,
      "cost_critic_loss_last": 0.28043845295906067,
      "critic_epochs": 1,
      "daily_voltage_cost": 0.007457279600203037,
      "daily_voltage_cost_raw": 0.007457279600203037,
      "daily_voltage_cost_normalized": 0.3728640079498291,
      "daily_economic_return_raw_yuan": -994451.75,
      "daily_economic_return_normalized": -0.3155282139778137,
      "daily_economic_cost_raw_yuan": 994451.75,
      "economic_reward_scale_yuan": 3151704.8194007874,
      "lagrange_multiplier": 0.0,
      "cost_budget": 1.0,
      "cost_budget_raw": 0.02,
      "cost_budget_normalized": 1.0,
      "algorithm_cost_mode": "separate_cost",
      "fixed_cost_penalty_coef": 0.0,
      "log_std_max": -2.3,
      "accepted": true,
      "mode": "reward",
      "reward_before": -1.783490830575829e-07,
      "reward_after": 0.4505435824394226,
      "cost_before": 0.37287062406539917,
      "cost_after": 0.10859459638595581,
      "kl_before": -2.384185791015625e-07,
      "kl_after": 0.019889958202838898,
      "cost_gap": -0.6271293759346008,
      "cost_recoverable": true,
      "cost_quadratic": 501.4136962890625,
      "reward_quadratic": 5.0931806564331055,
      "reward_cost_cross": -0.7803012132644653,
      "max_linear_cost_drop": 4.478453734444791,
      "rollout_wall_seconds": 2.6017895359545946,
      "update_wall_seconds": 1.4402725957334042,
      "total_wall_seconds": 4.0420644246041775
    },
    {
      "update": 912,
      "algorithm": "macpo",
      "actor_loss": -0.07954947650432587,
      "reward_critic_loss": 0.0017204759642481804,
      "cost_critic_loss": 0.6975722312927246,
      "reward_critic_loss_last": 0.0017204759642481804,
      "cost_critic_loss_last": 0.6975722312927246,
      "critic_epochs": 1,
      "daily_voltage_cost": 0.023597750812768936,
      "daily_voltage_cost_raw": 0.023597750812768936,
      "daily_voltage_cost_normalized": 1.1798875331878662,
      "daily_economic_return_raw_yuan": -1040382.8125,
      "daily_economic_return_normalized": -0.3301016092300415,
      "daily_economic_cost_raw_yuan": 1040382.8125,
      "economic_reward_scale_yuan": 3151704.8194007874,
      "lagrange_multiplier": 0.0,
      "cost_budget": 1.0,
      "cost_budget_raw": 0.02,
      "cost_budget_normalized": 1.0,
      "algorithm_cost_mode": "separate_cost",
      "fixed_cost_penalty_coef": 0.0,
      "log_std_max": -2.3,
      "accepted": true,
      "mode": "cost_recovery",
      "reward_before": 2.6924334406430717e-07,
      "reward_after": 0.07954947650432587,
      "cost_before": 1.1798840761184692,
      "cost_after": -5.951567649841309,
      "kl_before": -2.384185791015625e-07,
      "kl_after": 0.019915640354156494,
      "cost_gap": 0.17988407611846924,
      "cost_recoverable": true,
      "cost_quadratic": 1447.396484375,
      "reward_quadratic": 3.6932907104492188,
      "reward_cost_cross": -15.079240798950195,
      "max_linear_cost_drop": 7.608932867032013,
      "rollout_wall_seconds": 2.5526250321418047,
      "update_wall_seconds": 1.3112519644200802,
      "total_wall_seconds": 3.8638794496655464
    },
    {
      "update": 913,
      "algorithm": "macpo",
      "actor_loss": -0.364066481590271,
      "reward_critic_loss": 0.0014103346038609743,
      "cost_critic_loss": 0.4469216763973236,
      "reward_critic_loss_last": 0.0014103346038609743,
      "cost_critic_loss_last": 0.4469216763973236,
      "critic_epochs": 1,
      "daily_voltage_cost": 0.01490917056798935,
      "daily_voltage_cost_raw": 0.01490917056798935,
      "daily_voltage_cost_normalized": 0.7454586029052734,
      "daily_economic_return_raw_yuan": -1243888.625,
      "daily_economic_return_normalized": -0.3946716785430908,
      "daily_economic_cost_raw_yuan": 1243888.625,
      "economic_reward_scale_yuan": 3151704.8194007874,
      "lagrange_multiplier": 0.0,
      "cost_budget": 1.0,
      "cost_budget_raw": 0.02,
      "cost_budget_normalized": 1.0,
      "algorithm_cost_mode": "separate_cost",
      "fixed_cost_penalty_coef": 0.0,
      "log_std_max": -2.3,
      "accepted": true,
      "mode": "reward",
      "reward_before": 3.8108447597551276e-07,
      "reward_after": 0.364066481590271,
      "cost_before": 0.7454570531845093,
      "cost_after": 0.21665382385253906,
      "kl_before": -2.384185791015625e-07,
      "kl_after": 0.0199492946267128,
      "cost_gap": -0.2545429468154907,
      "cost_recoverable": true,
      "cost_quadratic": 984.3017578125,
      "reward_quadratic": 3.4268264770507812,
      "reward_cost_cross": -3.662402391433716,
      "max_linear_cost_drop": 6.274716751575325,
      "rollout_wall_seconds": 2.275430139154196,
      "update_wall_seconds": 1.1827682051807642,
      "total_wall_seconds": 3.4582008942961693
    },
    {
      "update": 914,
      "algorithm": "macpo",
      "actor_loss": -0.16694633662700653,
      "reward_critic_loss": 0.0015513149555772543,
      "cost_critic_loss": 0.4229447543621063,
      "reward_critic_loss_last": 0.0015513149555772543,
      "cost_critic_loss_last": 0.4229447543621063,
      "critic_epochs": 1,
      "daily_voltage_cost": 0.016610626131296158,
      "daily_voltage_cost_raw": 0.016610626131296158,
      "daily_voltage_cost_normalized": 0.8305312991142273,
      "daily_economic_return_raw_yuan": -1058617.5,
      "daily_economic_return_normalized": -0.33588725328445435,
      "daily_economic_cost_raw_yuan": 1058617.5,
      "economic_reward_scale_yuan": 3151704.8194007874,
      "lagrange_multiplier": 0.0,
      "cost_budget": 1.0,
      "cost_budget_raw": 0.02,
      "cost_budget_normalized": 1.0,
      "algorithm_cost_mode": "separate_cost",
      "fixed_cost_penalty_coef": 0.0,
      "log_std_max": -2.3,
      "accepted": true,
      "mode": "reward",
      "reward_before": 2.7681718961503066e-07,
      "reward_after": 0.16694633662700653,
      "cost_before": 0.830524742603302,
      "cost_after": 0.7549669742584229,
      "kl_before": -2.384185791015625e-07,
      "kl_after": 0.0049811252392828465,
      "cost_gap": -0.169475257396698,
      "cost_recoverable": true,
      "cost_quadratic": 951.08056640625,
      "reward_quadratic": 2.855901002883911,
      "reward_cost_cross": -0.35624873638153076,
      "max_linear_cost_drop": 6.167918826982891,
      "rollout_wall_seconds": 1.8991348631680012,
      "update_wall_seconds": 1.0906474683433771,
      "total_wall_seconds": 2.98978453502059
    },
    {
      "update": 915,
      "algorithm": "macpo",
      "actor_loss": -0.01842149719595909,
      "reward_critic_loss": 0.001762127852998674,
      "cost_critic_loss": 3.3702898025512695,
      "reward_critic_loss_last": 0.001762127852998674,
      "cost_critic_loss_last": 3.3702898025512695,
      "critic_epochs": 1,
      "daily_voltage_cost": 0.02352905087172985,
      "daily_voltage_cost_raw": 0.02352905087172985,
      "daily_voltage_cost_normalized": 1.17645263671875,
      "daily_economic_return_raw_yuan": -1228223.875,
      "daily_economic_return_normalized": -0.3897014260292053,
      "daily_economic_cost_raw_yuan": 1228223.875,
      "economic_reward_scale_yuan": 3151704.8194007874,
      "lagrange_multiplier": 0.0,
      "cost_budget": 1.0,
      "cost_budget_raw": 0.02,
      "cost_budget_normalized": 1.0,
      "algorithm_cost_mode": "separate_cost",
      "fixed_cost_penalty_coef": 0.0,
      "log_std_max": -2.3,
      "accepted": true,
      "mode": "cost_recovery",
      "reward_before": -1.0221832269508013e-07,
      "reward_after": 0.01842149719595909,
      "cost_before": 1.1764419078826904,
      "cost_after": -12.279989242553711,
      "kl_before": -2.384185791015625e-07,
      "kl_after": 0.019913718104362488,
      "cost_gap": 0.17644190788269043,
      "cost_recoverable": true,
      "cost_quadratic": 6998.421875,
      "reward_quadratic": 3.3544912338256836,
      "reward_cost_cross": -11.90762710571289,
      "max_linear_cost_drop": 16.73131420421002,
      "rollout_wall_seconds": 1.5310212280601263,
      "update_wall_seconds": 1.0973947923630476,
      "total_wall_seconds": 2.628417806699872
    },
    {
      "update": 916,
      "algorithm": "macpo",
      "actor_loss": -0.02010727860033512,
      "reward_critic_loss": 0.0022211880423128605,
      "cost_critic_loss": 0.7118477821350098,
      "reward_critic_loss_last": 0.0022211880423128605,
      "cost_critic_loss_last": 0.7118477821350098,
      "critic_epochs": 1,
      "daily_voltage_cost": 0.030091946944594383,
      "daily_voltage_cost_raw": 0.030091946944594383,
      "daily_voltage_cost_normalized": 1.5045974254608154,
      "daily_economic_return_raw_yuan": -1100587.125,
      "daily_economic_return_normalized": -0.3492037355899811,
      "daily_economic_cost_raw_yuan": 1100587.125,
      "economic_reward_scale_yuan": 3151704.8194007874,
      "lagrange_multiplier": 0.0,
      "cost_budget": 1.0,
      "cost_budget_raw": 0.02,
      "cost_budget_normalized": 1.0,
      "algorithm_cost_mode": "separate_cost",
      "fixed_cost_penalty_coef": 0.0,
      "log_std_max": -2.3,
      "accepted": true,
      "mode": "cost_recovery",
      "reward_before": -9.766171871206097e-08,
      "reward_after": 0.02010727860033512,
      "cost_before": 1.5045976638793945,
      "cost_after": -5.303127288818359,
      "kl_before": -2.384185791015625e-07,
      "kl_after": 0.019940102472901344,
      "cost_gap": 0.5045976638793945,
      "cost_recoverable": true,
      "cost_quadratic": 1480.43603515625,
      "reward_quadratic": 4.205380439758301,
      "reward_cost_cross": -4.401089668273926,
      "max_linear_cost_drop": 7.695286960617518,
      "rollout_wall_seconds": 1.8225528597831726,
      "update_wall_seconds": 1.2518490441143513,
      "total_wall_seconds": 3.074404139071703
    },
    {
      "update": 917,
      "algorithm": "macpo",
      "actor_loss": 0.001764228567481041,
      "reward_critic_loss": 0.0013203656999394298,
      "cost_critic_loss": 3.006512403488159,
      "reward_critic_loss_last": 0.0013203656999394298,
      "cost_critic_loss_last": 3.006512403488159,
      "critic_epochs": 1,
      "daily_voltage_cost": 0.03386024013161659,
      "daily_voltage_cost_raw": 0.03386024013161659,
      "daily_voltage_cost_normalized": 1.6930122375488281,
      "daily_economic_return_raw_yuan": -1019285.875,
      "daily_economic_return_normalized": -0.3234077990055084,
      "daily_economic_cost_raw_yuan": 1019285.875,
      "economic_reward_scale_yuan": 3151704.8194007874,
      "lagrange_multiplier": 0.0,
      "cost_budget": 1.0,
      "cost_budget_raw": 0.02,
      "cost_budget_normalized": 1.0,
      "algorithm_cost_mode": "separate_cost",
      "fixed_cost_penalty_coef": 0.0,
      "log_std_max": -2.3,
      "accepted": true,
      "mode": "cost_recovery",
      "reward_before": -2.0628277752621216e-07,
      "reward_after": -0.001764228567481041,
      "cost_before": 1.6929970979690552,
      "cost_after": -11.647639274597168,
      "kl_before": -2.384185791015625e-07,
      "kl_after": 0.019898757338523865,
      "cost_gap": 0.6929970979690552,
      "cost_recoverable": true,
      "cost_quadratic": 7411.36474609375,
      "reward_quadratic": 2.9550795555114746,
      "reward_cost_cross": 2.652773857116699,
      "max_linear_cost_drop": 17.21785671457833,
      "rollout_wall_seconds": 2.075942974537611,
      "update_wall_seconds": 1.1077346671372652,
      "total_wall_seconds": 3.1836798544973135
    },
    {
      "update": 918,
      "algorithm": "macpo",
      "actor_loss": -0.3685711920261383,
      "reward_critic_loss": 0.0014140045968815684,
      "cost_critic_loss": 0.33219778537750244,
      "reward_critic_loss_last": 0.0014140045968815684,
      "cost_critic_loss_last": 0.33219778537750244,
      "critic_epochs": 1,
      "daily_voltage_cost": 0.009599411860108376,
      "daily_voltage_cost_raw": 0.009599411860108376,
      "daily_voltage_cost_normalized": 0.47997063398361206,
      "daily_economic_return_raw_yuan": -1062968.375,
      "daily_economic_return_normalized": -0.33726775646209717,
      "daily_economic_cost_raw_yuan": 1062968.375,
      "economic_reward_scale_yuan": 3151704.8194007874,
      "lagrange_multiplier": 0.0,
      "cost_budget": 1.0,
      "cost_budget_raw": 0.02,
      "cost_budget_normalized": 1.0,
      "algorithm_cost_mode": "separate_cost",
      "fixed_cost_penalty_coef": 0.0,
      "log_std_max": -2.3,
      "accepted": true,
      "mode": "constrained_reward",
      "reward_before": 1.5999577840375423e-07,
      "reward_after": 0.3685711920261383,
      "cost_before": 0.47997429966926575,
      "cost_after": 0.8779176473617554,
      "kl_before": -2.384185791015625e-07,
      "kl_after": 0.019950777292251587,
      "cost_gap": -0.5200257003307343,
      "cost_recoverable": true,
      "cost_quadratic": 754.9349365234375,
      "reward_quadratic": 3.1218180656433105,
      "reward_cost_cross": 5.0885701179504395,
      "max_linear_cost_drop": 5.49521587027639,
      "rollout_wall_seconds": 2.598149884492159,
      "update_wall_seconds": 1.3746643904596567,
      "total_wall_seconds": 3.9728167168796062
    },
    {
      "update": 919,
      "algorithm": "macpo",
      "actor_loss": -0.36015942692756653,
      "reward_critic_loss": 0.0014544359873980284,
      "cost_critic_loss": 0.5578281879425049,
      "reward_critic_loss_last": 0.0014544359873980284,
      "cost_critic_loss_last": 0.5578281879425049,
      "critic_epochs": 1,
      "daily_voltage_cost": 0.019398707896471024,
      "daily_voltage_cost_raw": 0.019398707896471024,
      "daily_voltage_cost_normalized": 0.9699354767799377,
      "daily_economic_return_raw_yuan": -1036975.875,
      "daily_economic_return_normalized": -0.329020619392395,
      "daily_economic_cost_raw_yuan": 1036975.875,
      "economic_reward_scale_yuan": 3151704.8194007874,
      "lagrange_multiplier": 0.0,
      "cost_budget": 1.0,
      "cost_budget_raw": 0.02,
      "cost_budget_normalized": 1.0,
      "algorithm_cost_mode": "separate_cost",
      "fixed_cost_penalty_coef": 0.0,
      "log_std_max": -2.3,
      "accepted": true,
      "mode": "reward",
      "reward_before": 6.297389631981787e-08,
      "reward_after": 0.36015942692756653,
      "cost_before": 0.9699246287345886,
      "cost_after": 0.9271070957183838,
      "kl_before": -2.384185791015625e-07,
      "kl_after": 0.01993429660797119,
      "cost_gap": -0.030075371265411377,
      "cost_recoverable": true,
      "cost_quadratic": 1185.47705078125,
      "reward_quadratic": 3.350942850112915,
      "reward_cost_cross": -0.2645469009876251,
      "max_linear_cost_drop": 6.886151467347346,
      "rollout_wall_seconds": 2.463377920910716,
      "update_wall_seconds": 1.429290059953928,
      "total_wall_seconds": 3.892670838162303
    },
    {
      "update": 920,
      "algorithm": "macpo",
      "actor_loss": 0.020681137219071388,
      "reward_critic_loss": 0.0012284866534173489,
      "cost_critic_loss": 0.8712326288223267,
      "reward_critic_loss_last": 0.0012284866534173489,
      "cost_critic_loss_last": 0.8712326288223267,
      "critic_epochs": 1,
      "daily_voltage_cost": 0.02562027797102928,
      "daily_voltage_cost_raw": 0.02562027797102928,
      "daily_voltage_cost_normalized": 1.2810139656066895,
      "daily_economic_return_raw_yuan": -999750.4375,
      "daily_economic_return_normalized": -0.3172094225883484,
      "daily_economic_cost_raw_yuan": 999750.4375,
      "economic_reward_scale_yuan": 3151704.8194007874,
      "lagrange_multiplier": 0.0,
      "cost_budget": 1.0,
      "cost_budget_raw": 0.02,
      "cost_budget_normalized": 1.0,
      "algorithm_cost_mode": "separate_cost",
      "fixed_cost_penalty_coef": 0.0,
      "log_std_max": -2.3,
      "accepted": true,
      "mode": "cost_recovery",
      "reward_before": -6.196681567871565e-08,
      "reward_after": -0.020681137219071388,
      "cost_before": 1.281010627746582,
      "cost_after": -6.438879489898682,
      "kl_before": -2.384185791015625e-07,
      "kl_after": 0.01996637135744095,
      "cost_gap": 0.28101062774658203,
      "cost_recoverable": true,
      "cost_quadratic": 1721.35546875,
      "reward_quadratic": 2.378541946411133,
      "reward_cost_cross": 3.6652603149414062,
      "max_linear_cost_drop": 8.297844223049744,
      "rollout_wall_seconds": 2.2538505159318447,
      "update_wall_seconds": 1.4376555364578962,
      "total_wall_seconds": 3.6915088444948196
    },
    {
      "update": 921,
      "algorithm": "macpo",
      "actor_loss": -0.36874091625213623,
      "reward_critic_loss": 0.0015722414245828986,
      "cost_critic_loss": 0.1780107021331787,
      "reward_critic_loss_last": 0.0015722414245828986,
      "cost_critic_loss_last": 0.1780107021331787,
      "critic_epochs": 1,
      "daily_voltage_cost": 0.005354042164981365,
      "daily_voltage_cost_raw": 0.005354042164981365,
      "daily_voltage_cost_normalized": 0.2677021026611328,
      "daily_economic_return_raw_yuan": -1108765.75,
      "daily_economic_return_normalized": -0.35179874300956726,
      "daily_economic_cost_raw_yuan": 1108765.75,
      "economic_reward_scale_yuan": 3151704.8194007874,
      "lagrange_multiplier": 0.0,
      "cost_budget": 1.0,
      "cost_budget_raw": 0.02,
      "cost_budget_normalized": 1.0,
      "algorithm_cost_mode": "separate_cost",
      "fixed_cost_penalty_coef": 0.0,
      "log_std_max": -2.3,
      "accepted": true,
      "mode": "reward",
      "reward_before": 3.8304605709527095e-07,
      "reward_after": 0.36874091625213623,
      "cost_before": 0.26770684123039246,
      "cost_after": 0.8374670147895813,
      "kl_before": -2.384185791015625e-07,
      "kl_after": 0.019835878163576126,
      "cost_gap": -0.7322931587696075,
      "cost_recoverable": true,
      "cost_quadratic": 351.402099609375,
      "reward_quadratic": 3.4923923015594482,
      "reward_cost_cross": 6.114887237548828,
      "max_linear_cost_drop": 3.7491444336508297,
      "rollout_wall_seconds": 1.8596754968166351,
      "update_wall_seconds": 1.147458553314209,
      "total_wall_seconds": 3.0071363914757967
    },
    {
      "update": 922,
      "algorithm": "macpo",
      "actor_loss": -0.3833310604095459,
      "reward_critic_loss": 0.0015626306412741542,
      "cost_critic_loss": 0.771455705165863,
      "reward_critic_loss_last": 0.0015626306412741542,
      "cost_critic_loss_last": 0.771455705165863,
      "critic_epochs": 1,
      "daily_voltage_cost": 0.012885816395282745,
      "daily_voltage_cost_raw": 0.012885816395282745,
      "daily_voltage_cost_normalized": 0.6442908048629761,
      "daily_economic_return_raw_yuan": -1082100.75,
      "daily_economic_return_normalized": -0.3433382511138916,
      "daily_economic_cost_raw_yuan": 1082100.75,
      "economic_reward_scale_yuan": 3151704.8194007874,
      "lagrange_multiplier": 0.0,
      "cost_budget": 1.0,
      "cost_budget_raw": 0.02,
      "cost_budget_normalized": 1.0,
      "algorithm_cost_mode": "separate_cost",
      "fixed_cost_penalty_coef": 0.0,
      "log_std_max": -2.3,
      "accepted": true,
      "mode": "reward",
      "reward_before": 2.382576980153317e-07,
      "reward_after": 0.3833310604095459,
      "cost_before": 0.6442939043045044,
      "cost_after": 0.43141883611679077,
      "kl_before": -2.384185791015625e-07,
      "kl_after": 0.019993726164102554,
      "cost_gap": -0.3557060956954956,
      "cost_recoverable": true,
      "cost_quadratic": 1598.373046875,
      "reward_quadratic": 3.3557891845703125,
      "reward_cost_cross": -2.132504463195801,
      "max_linear_cost_drop": 7.995931582686286,
      "rollout_wall_seconds": 1.7625364679843187,
      "update_wall_seconds": 0.8836364988237619,
      "total_wall_seconds": 2.6461752764880657
    },
    {
      "update": 923,
      "algorithm": "macpo",
      "actor_loss": -0.39619511365890503,
      "reward_critic_loss": 0.0018895536195486784,
      "cost_critic_loss": 0.5257607698440552,
      "reward_critic_loss_last": 0.0018895536195486784,
      "cost_critic_loss_last": 0.5257607698440552,
      "critic_epochs": 1,
      "daily_voltage_cost": 0.013812892138957977,
      "daily_voltage_cost_raw": 0.013812892138957977,
      "daily_voltage_cost_normalized": 0.6906446218490601,
      "daily_economic_return_raw_yuan": -948546.5625,
      "daily_economic_return_normalized": -0.30096301436424255,
      "daily_economic_cost_raw_yuan": 948546.5625,
      "economic_reward_scale_yuan": 3151704.8194007874,
      "lagrange_multiplier": 0.0,
      "cost_budget": 1.0,
      "cost_budget_raw": 0.02,
      "cost_budget_normalized": 1.0,
      "algorithm_cost_mode": "separate_cost",
      "fixed_cost_penalty_coef": 0.0,
      "log_std_max": -2.3,
      "accepted": true,
      "mode": "reward",
      "reward_before": 2.834731844814087e-07,
      "reward_after": 0.39619511365890503,
      "cost_before": 0.6906444430351257,
      "cost_after": -1.3375660181045532,
      "kl_before": -2.384185791015625e-07,
      "kl_after": 0.019874706864356995,
      "cost_gap": -0.30935555696487427,
      "cost_recoverable": true,
      "cost_quadratic": 1187.177001953125,
      "reward_quadratic": 4.167117595672607,
      "reward_cost_cross": -19.961261749267578,
      "max_linear_cost_drop": 6.891087002652412,
      "rollout_wall_seconds": 1.5957274064421654,
      "update_wall_seconds": 1.0874229744076729,
      "total_wall_seconds": 2.683152496814728
    },
    {
      "update": 924,
      "algorithm": "macpo",
      "actor_loss": -0.34615886211395264,
      "reward_critic_loss": 0.0013550285948440433,
      "cost_critic_loss": 0.2576889991760254,
      "reward_critic_loss_last": 0.0013550285948440433,
      "cost_critic_loss_last": 0.2576889991760254,
      "critic_epochs": 1,
      "daily_voltage_cost": 0.007840202189981937,
      "daily_voltage_cost_raw": 0.007840202189981937,
      "daily_voltage_cost_normalized": 0.3920100927352905,
      "daily_economic_return_raw_yuan": -1036432.5625,
      "daily_economic_return_normalized": -0.3288482427597046,
      "daily_economic_cost_raw_yuan": 1036432.5625,
      "economic_reward_scale_yuan": 3151704.8194007874,
      "lagrange_multiplier": 0.0,
      "cost_budget": 1.0,
      "cost_budget_raw": 0.02,
      "cost_budget_normalized": 1.0,
      "algorithm_cost_mode": "separate_cost",
      "fixed_cost_penalty_coef": 0.0,
      "log_std_max": -2.3,
      "accepted": true,
      "mode": "reward",
      "reward_before": 1.1630511664861842e-07,
      "reward_after": 0.34615886211395264,
      "cost_before": 0.39201095700263977,
      "cost_after": -0.21433615684509277,
      "kl_before": -2.384185791015625e-07,
      "kl_after": 0.01996481418609619,
      "cost_gap": -0.6079890429973602,
      "cost_recoverable": true,
      "cost_quadratic": 674.278564453125,
      "reward_quadratic": 2.8846075534820557,
      "reward_cost_cross": -4.082481384277344,
      "max_linear_cost_drop": 5.193374873637084,
      "rollout_wall_seconds": 2.2138732597231865,
      "update_wall_seconds": 1.4444047641009092,
      "total_wall_seconds": 3.6582802198827267
    },
    {
      "update": 925,
      "algorithm": "macpo",
      "actor_loss": -0.03527052700519562,
      "reward_critic_loss": 0.0017056887736544013,
      "cost_critic_loss": 1.2887805700302124,
      "reward_critic_loss_last": 0.0017056887736544013,
      "cost_critic_loss_last": 1.2887805700302124,
      "critic_epochs": 1,
      "daily_voltage_cost": 0.022395329549908638,
      "daily_voltage_cost_raw": 0.022395329549908638,
      "daily_voltage_cost_normalized": 1.1197664737701416,
      "daily_economic_return_raw_yuan": -1068664.25,
      "daily_economic_return_normalized": -0.339074969291687,
      "daily_economic_cost_raw_yuan": 1068664.25,
      "economic_reward_scale_yuan": 3151704.8194007874,
      "lagrange_multiplier": 0.0,
      "cost_budget": 1.0,
      "cost_budget_raw": 0.02,
      "cost_budget_normalized": 1.0,
      "algorithm_cost_mode": "separate_cost",
      "fixed_cost_penalty_coef": 0.0,
      "log_std_max": -2.3,
      "accepted": true,
      "mode": "cost_recovery",
      "reward_before": -1.19142264054517e-07,
      "reward_after": 0.03527052700519562,
      "cost_before": 1.1197633743286133,
      "cost_after": -8.823467254638672,
      "kl_before": -2.384185791015625e-07,
      "kl_after": 0.019978076219558716,
      "cost_gap": 0.11976337432861328,
      "cost_recoverable": true,
      "cost_quadratic": 3319.69140625,
      "reward_quadratic": 4.084932327270508,
      "reward_cost_cross": -8.437524795532227,
      "max_linear_cost_drop": 11.523352647992684,
      "rollout_wall_seconds": 2.3652849290519953,
      "update_wall_seconds": 1.3574959058314562,
      "total_wall_seconds": 3.7227833289653063
    },
    {
      "update": 926,
      "algorithm": "macpo",
      "actor_loss": -0.3088894486427307,
      "reward_critic_loss": 0.0011942106066271663,
      "cost_critic_loss": 0.3595220744609833,
      "reward_critic_loss_last": 0.0011942106066271663,
      "cost_critic_loss_last": 0.3595220744609833,
      "critic_epochs": 1,
      "daily_voltage_cost": 0.016958048567175865,
      "daily_voltage_cost_raw": 0.016958048567175865,
      "daily_voltage_cost_normalized": 0.8479024171829224,
      "daily_economic_return_raw_yuan": -1126806.5,
      "daily_economic_return_normalized": -0.3575228452682495,
      "daily_economic_cost_raw_yuan": 1126806.5,
      "economic_reward_scale_yuan": 3151704.8194007874,
      "lagrange_multiplier": 0.0,
      "cost_budget": 1.0,
      "cost_budget_raw": 0.02,
      "cost_budget_normalized": 1.0,
      "algorithm_cost_mode": "separate_cost",
      "fixed_cost_penalty_coef": 0.0,
      "log_std_max": -2.3,
      "accepted": true,
      "mode": "reward",
      "reward_before": -1.3363587925141474e-07,
      "reward_after": 0.3088894486427307,
      "cost_before": 0.8479055166244507,
      "cost_after": 0.6807637214660645,
      "kl_before": -2.384185791015625e-07,
      "kl_after": 0.019963957369327545,
      "cost_gap": -0.15209448337554932,
      "cost_recoverable": true,
      "cost_quadratic": 838.6002807617188,
      "reward_quadratic": 2.432847499847412,
      "reward_cost_cross": -0.5526330471038818,
      "max_linear_cost_drop": 5.791719194718331,
      "rollout_wall_seconds": 2.538530670106411,
      "update_wall_seconds": 1.324037054553628,
      "total_wall_seconds": 3.862570594996214
    },
    {
      "update": 927,
      "algorithm": "macpo",
      "actor_loss": -0.3626749515533447,
      "reward_critic_loss": 0.0016832425026223063,
      "cost_critic_loss": 0.26244860887527466,
      "reward_critic_loss_last": 0.0016832425026223063,
      "cost_critic_loss_last": 0.26244860887527466,
      "critic_epochs": 1,
      "daily_voltage_cost": 0.009267210029065609,
      "daily_voltage_cost_raw": 0.009267210029065609,
      "daily_voltage_cost_normalized": 0.4633605480194092,
      "daily_economic_return_raw_yuan": -968342.3125,
      "daily_economic_return_normalized": -0.3072439730167389,
      "daily_economic_cost_raw_yuan": 968342.3125,
      "economic_reward_scale_yuan": 3151704.8194007874,
      "lagrange_multiplier": 0.0,
      "cost_budget": 1.0,
      "cost_budget_raw": 0.02,
      "cost_budget_normalized": 1.0,
      "algorithm_cost_mode": "separate_cost",
      "fixed_cost_penalty_coef": 0.0,
      "log_std_max": -2.3,
      "accepted": true,
      "mode": "reward",
      "reward_before": 4.2332086991336837e-07,
      "reward_after": 0.3626749515533447,
      "cost_before": 0.46336302161216736,
      "cost_after": 0.32245463132858276,
      "kl_before": -2.384185791015625e-07,
      "kl_after": 0.019964363425970078,
      "cost_gap": -0.5366369783878326,
      "cost_recoverable": true,
      "cost_quadratic": 521.3970947265625,
      "reward_quadratic": 3.7072975635528564,
      "reward_cost_cross": 0.32187166810035706,
      "max_linear_cost_drop": 4.5668242564239865,
      "rollout_wall_seconds": 2.126631172373891,
      "update_wall_seconds": 1.1626753434538841,
      "total_wall_seconds": 3.289309088140726
    },
    {
      "update": 928,
      "algorithm": "macpo",
      "actor_loss": -0.4113430976867676,
      "reward_critic_loss": 0.0017539806431159377,
      "cost_critic_loss": 0.7006153464317322,
      "reward_critic_loss_last": 0.0017539806431159377,
      "cost_critic_loss_last": 0.7006153464317322,
      "critic_epochs": 1,
      "daily_voltage_cost": 0.019839633256196976,
      "daily_voltage_cost_raw": 0.019839633256196976,
      "daily_voltage_cost_normalized": 0.9919817447662354,
      "daily_economic_return_raw_yuan": -1103418.625,
      "daily_economic_return_normalized": -0.35010215640068054,
      "daily_economic_cost_raw_yuan": 1103418.625,
      "economic_reward_scale_yuan": 3151704.8194007874,
      "lagrange_multiplier": 0.0,
      "cost_budget": 1.0,
      "cost_budget_raw": 0.02,
      "cost_budget_normalized": 1.0,
      "algorithm_cost_mode": "separate_cost",
      "fixed_cost_penalty_coef": 0.0,
      "log_std_max": -2.3,
      "accepted": true,
      "mode": "reward",
      "reward_before": 1.5075460169100552e-07,
      "reward_after": 0.4113430976867676,
      "cost_before": 0.9919814467430115,
      "cost_after": 0.5414735078811646,
      "kl_before": -2.384185791015625e-07,
      "kl_after": 0.019904468208551407,
      "cost_gap": -0.008018553256988525,
      "cost_recoverable": true,
      "cost_quadratic": 1454.18994140625,
      "reward_quadratic": 3.9729411602020264,
      "reward_cost_cross": -3.9199087619781494,
      "max_linear_cost_drop": 7.62676849368394,
      "rollout_wall_seconds": 1.9299472104758024,
      "update_wall_seconds": 0.9523496627807617,
      "total_wall_seconds": 2.8822988886386156
    },
    {
      "update": 929,
      "algorithm": "macpo",
      "actor_loss": -0.004869639873504639,
      "reward_critic_loss": 0.0013907667016610503,
      "cost_critic_loss": 1.865222692489624,
      "reward_critic_loss_last": 0.0013907667016610503,
      "cost_critic_loss_last": 1.865222692489624,
      "critic_epochs": 1,
      "daily_voltage_cost": 0.038809407502412796,
      "daily_voltage_cost_raw": 0.038809407502412796,
      "daily_voltage_cost_normalized": 1.9404703378677368,
      "daily_economic_return_raw_yuan": -957586.5,
      "daily_economic_return_normalized": -0.3038312792778015,
      "daily_economic_cost_raw_yuan": 957586.5,
      "economic_reward_scale_yuan": 3151704.8194007874,
      "lagrange_multiplier": 0.0,
      "cost_budget": 1.0,
      "cost_budget_raw": 0.02,
      "cost_budget_normalized": 1.0,
      "algorithm_cost_mode": "separate_cost",
      "fixed_cost_penalty_coef": 0.0,
      "log_std_max": -2.3,
      "accepted": true,
      "mode": "cost_recovery",
      "reward_before": -1.6094367083496763e-07,
      "reward_after": 0.004869639873504639,
      "cost_before": 1.9404689073562622,
      "cost_after": -9.691580772399902,
      "kl_before": -2.384185791015625e-07,
      "kl_after": 0.019972413778305054,
      "cost_gap": 0.9404689073562622,
      "cost_recoverable": true,
      "cost_quadratic": 4072.63818359375,
      "reward_quadratic": 3.132228374481201,
      "reward_cost_cross": -1.2999143600463867,
      "max_linear_cost_drop": 12.763444963792104,
      "rollout_wall_seconds": 1.752479262650013,
      "update_wall_seconds": 1.1768608093261719,
      "total_wall_seconds": 2.9293422531336546
    },
    {
      "update": 930,
      "algorithm": "macpo",
      "actor_loss": -0.367949515581131,
      "reward_critic_loss": 0.0015276981284841895,
      "cost_critic_loss": 0.2062702178955078,
      "reward_critic_loss_last": 0.0015276981284841895,
      "cost_critic_loss_last": 0.2062702178955078,
      "critic_epochs": 1,
      "daily_voltage_cost": 0.006222695577889681,
      "daily_voltage_cost_raw": 0.006222695577889681,
      "daily_voltage_cost_normalized": 0.31113478541374207,
      "daily_economic_return_raw_yuan": -1082923.75,
      "daily_economic_return_normalized": -0.3435993790626526,
      "daily_economic_cost_raw_yuan": 1082923.75,
      "economic_reward_scale_yuan": 3151704.8194007874,
      "lagrange_multiplier": 0.0,
      "cost_budget": 1.0,
      "cost_budget_raw": 0.02,
      "cost_budget_normalized": 1.0,
      "algorithm_cost_mode": "separate_cost",
      "fixed_cost_penalty_coef": 0.0,
      "log_std_max": -2.3,
      "accepted": true,
      "mode": "reward",
      "reward_before": 2.784515515941166e-07,
      "reward_after": 0.367949515581131,
      "cost_before": 0.311134934425354,
      "cost_after": -0.2625782787799835,
      "kl_before": -2.384185791015625e-07,
      "kl_after": 0.019938461482524872,
      "cost_gap": -0.688865065574646,
      "cost_recoverable": true,
      "cost_quadratic": 461.38726806640625,
      "reward_quadratic": 3.4775002002716064,
      "reward_cost_cross": -4.8219475746154785,
      "max_linear_cost_drop": 4.295985419278824,
      "rollout_wall_seconds": 2.0611464083194733,
      "update_wall_seconds": 1.328897587954998,
      "total_wall_seconds": 3.390046264976263
    },
    {
      "update": 931,
      "algorithm": "macpo",
      "actor_loss": -0.4128682613372803,
      "reward_critic_loss": 0.001605044468306005,
      "cost_critic_loss": 0.37859535217285156,
      "reward_critic_loss_last": 0.001605044468306005,
      "cost_critic_loss_last": 0.37859535217285156,
      "critic_epochs": 1,
      "daily_voltage_cost": 0.009038804098963737,
      "daily_voltage_cost_raw": 0.009038804098963737,
      "daily_voltage_cost_normalized": 0.45194023847579956,
      "daily_economic_return_raw_yuan": -934722.3125,
      "daily_economic_return_normalized": -0.29657673835754395,
      "daily_economic_cost_raw_yuan": 934722.3125,
      "economic_reward_scale_yuan": 3151704.8194007874,
      "lagrange_multiplier": 0.0,
      "cost_budget": 1.0,
      "cost_budget_raw": 0.02,
      "cost_budget_normalized": 1.0,
      "algorithm_cost_mode": "separate_cost",
      "fixed_cost_penalty_coef": 0.0,
      "log_std_max": -2.3,
      "accepted": true,
      "mode": "reward",
      "reward_before": -1.3527363762477762e-07,
      "reward_after": 0.4128682613372803,
      "cost_before": 0.45194339752197266,
      "cost_after": -1.1375818252563477,
      "kl_before": -2.384185791015625e-07,
      "kl_after": 0.01993054524064064,
      "cost_gap": -0.5480566024780273,
      "cost_recoverable": true,
      "cost_quadratic": 919.9082641601562,
      "reward_quadratic": 3.5237507820129395,
      "reward_cost_cross": -12.937614440917969,
      "max_linear_cost_drop": 6.065997903593955,
      "rollout_wall_seconds": 1.836960632354021,
      "update_wall_seconds": 1.1867976412177086,
      "total_wall_seconds": 3.023760536685586
    },
    {
      "update": 932,
      "algorithm": "macpo",
      "actor_loss": -0.3364192843437195,
      "reward_critic_loss": 0.0014050224563106894,
      "cost_critic_loss": 0.21854373812675476,
      "reward_critic_loss_last": 0.0014050224563106894,
      "cost_critic_loss_last": 0.21854373812675476,
      "critic_epochs": 1,
      "daily_voltage_cost": 0.006070452742278576,
      "daily_voltage_cost_raw": 0.006070452742278576,
      "daily_voltage_cost_normalized": 0.30352264642715454,
      "daily_economic_return_raw_yuan": -1168296.5,
      "daily_economic_return_normalized": -0.3706871569156647,
      "daily_economic_cost_raw_yuan": 1168296.5,
      "economic_reward_scale_yuan": 3151704.8194007874,
      "lagrange_multiplier": 0.0,
      "cost_budget": 1.0,
      "cost_budget_raw": 0.02,
      "cost_budget_normalized": 1.0,
      "algorithm_cost_mode": "separate_cost",
      "fixed_cost_penalty_coef": 0.0,
      "log_std_max": -2.3,
      "accepted": true,
      "mode": "reward",
      "reward_before": 2.998010018018249e-07,
      "reward_after": 0.3364192843437195,
      "cost_before": 0.30352720618247986,
      "cost_after": 0.5333870053291321,
      "kl_before": -2.384185791015625e-07,
      "kl_after": 0.019918914884328842,
      "cost_gap": -0.6964727938175201,
      "cost_recoverable": true,
      "cost_quadratic": 429.828857421875,
      "reward_quadratic": 3.0846543312072754,
      "reward_cost_cross": 2.6688425540924072,
      "max_linear_cost_drop": 4.146462865729657,
      "rollout_wall_seconds": 1.619593895971775,
      "update_wall_seconds": 1.1463992018252611,
      "total_wall_seconds": 2.7659950889647007
    },
    {
      "update": 933,
      "algorithm": "macpo",
      "actor_loss": -0.021443648263812065,
      "reward_critic_loss": 0.001964419148862362,
      "cost_critic_loss": 1.4465603828430176,
      "reward_critic_loss_last": 0.001964419148862362,
      "cost_critic_loss_last": 1.4465603828430176,
      "critic_epochs": 1,
      "daily_voltage_cost": 0.02729753404855728,
      "daily_voltage_cost_raw": 0.02729753404855728,
      "daily_voltage_cost_normalized": 1.3648767471313477,
      "daily_economic_return_raw_yuan": -1069712.125,
      "daily_economic_return_normalized": -0.33940747380256653,
      "daily_economic_cost_raw_yuan": 1069712.125,
      "economic_reward_scale_yuan": 3151704.8194007874,
      "lagrange_multiplier": 0.0,
      "cost_budget": 1.0,
      "cost_budget_raw": 0.02,
      "cost_budget_normalized": 1.0,
      "algorithm_cost_mode": "separate_cost",
      "fixed_cost_penalty_coef": 0.0,
      "log_std_max": -2.3,
      "accepted": true,
      "mode": "cost_recovery",
      "reward_before": -1.0422925100783687e-07,
      "reward_after": 0.021443648263812065,
      "cost_before": 1.3648779392242432,
      "cost_after": -3.303267002105713,
      "kl_before": -2.384185791015625e-07,
      "kl_after": 0.005004861857742071,
      "cost_gap": 0.36487793922424316,
      "cost_recoverable": true,
      "cost_quadratic": 2655.46826171875,
      "reward_quadratic": 3.7713077068328857,
      "reward_cost_cross": -11.956148147583008,
      "max_linear_cost_drop": 10.306247157367709,
      "rollout_wall_seconds": 2.053031377494335,
      "update_wall_seconds": 1.3084634747356176,
      "total_wall_seconds": 3.3614969085901976
    },
    {
      "update": 934,
      "algorithm": "macpo",
      "actor_loss": -0.3155636787414551,
      "reward_critic_loss": 0.0014172166120260954,
      "cost_critic_loss": 0.2814963161945343,
      "reward_critic_loss_last": 0.0014172166120260954,
      "cost_critic_loss_last": 0.2814963161945343,
      "critic_epochs": 1,
      "daily_voltage_cost": 0.008400770835578442,
      "daily_voltage_cost_raw": 0.008400770835578442,
      "daily_voltage_cost_normalized": 0.4200385808944702,
      "daily_economic_return_raw_yuan": -1092463.75,
      "daily_economic_return_normalized": -0.34662631154060364,
      "daily_economic_cost_raw_yuan": 1092463.75,
      "economic_reward_scale_yuan": 3151704.8194007874,
      "lagrange_multiplier": 0.0,
      "cost_budget": 1.0,
      "cost_budget_raw": 0.02,
      "cost_budget_normalized": 1.0,
      "algorithm_cost_mode": "separate_cost",
      "fixed_cost_penalty_coef": 0.0,
      "log_std_max": -2.3,
      "accepted": true,
      "mode": "reward",
      "reward_before": -8.559794650864205e-09,
      "reward_after": 0.3155636787414551,
      "cost_before": 0.42003917694091797,
      "cost_after": -0.22989404201507568,
      "kl_before": -2.384185791015625e-07,
      "kl_after": 0.01997823640704155,
      "cost_gap": -0.579960823059082,
      "cost_recoverable": true,
      "cost_quadratic": 569.3355102539062,
      "reward_quadratic": 2.4771318435668945,
      "reward_cost_cross": -3.5375351905822754,
      "max_linear_cost_drop": 4.772150501624635,
      "rollout_wall_seconds": 1.6570435091853142,
      "update_wall_seconds": 1.0619231387972832,
      "total_wall_seconds": 2.7189689334481955
    },
    {
      "update": 935,
      "algorithm": "macpo",
      "actor_loss": -0.3277643620967865,
      "reward_critic_loss": 0.0012613353319466114,
      "cost_critic_loss": 0.28042829036712646,
      "reward_critic_loss_last": 0.0012613353319466114,
      "cost_critic_loss_last": 0.28042829036712646,
      "critic_epochs": 1,
      "daily_voltage_cost": 0.0068612126633524895,
      "daily_voltage_cost_raw": 0.0068612126633524895,
      "daily_voltage_cost_normalized": 0.34306061267852783,
      "daily_economic_return_raw_yuan": -1083801.25,
      "daily_economic_return_normalized": -0.34387779235839844,
      "daily_economic_cost_raw_yuan": 1083801.25,
      "economic_reward_scale_yuan": 3151704.8194007874,
      "lagrange_multiplier": 0.0,
      "cost_budget": 1.0,
      "cost_budget_raw": 0.02,
      "cost_budget_normalized": 1.0,
      "algorithm_cost_mode": "separate_cost",
      "fixed_cost_penalty_coef": 0.0,
      "log_std_max": -2.3,
      "accepted": true,
      "mode": "reward",
      "reward_before": 8.831845832446561e-08,
      "reward_after": 0.3277643620967865,
      "cost_before": 0.34306076169013977,
      "cost_after": -0.28381073474884033,
      "kl_before": -2.384185791015625e-07,
      "kl_after": 0.019889652729034424,
      "cost_gap": -0.6569392383098602,
      "cost_recoverable": true,
      "cost_quadratic": 634.115478515625,
      "reward_quadratic": 2.9732470512390137,
      "reward_cost_cross": -5.362542152404785,
      "max_linear_cost_drop": 5.036329927697847,
      "rollout_wall_seconds": 1.7060281988233328,
      "update_wall_seconds": 1.1271628607064486,
      "total_wall_seconds": 2.8331931084394455
    },
    {
      "update": 936,
      "algorithm": "macpo",
      "actor_loss": -0.4113318622112274,
      "reward_critic_loss": 0.0017607752233743668,
      "cost_critic_loss": 0.4346112608909607,
      "reward_critic_loss_last": 0.0017607752233743668,
      "cost_critic_loss_last": 0.4346112608909607,
      "critic_epochs": 1,
      "daily_voltage_cost": 0.009749170392751694,
      "daily_voltage_cost_raw": 0.009749170392751694,
      "daily_voltage_cost_normalized": 0.4874585270881653,
      "daily_economic_return_raw_yuan": -989543.1875,
      "daily_economic_return_normalized": -0.31397077441215515,
      "daily_economic_cost_raw_yuan": 989543.1875,
      "economic_reward_scale_yuan": 3151704.8194007874,
      "lagrange_multiplier": 0.0,
      "cost_budget": 1.0,
      "cost_budget_raw": 0.02,
      "cost_budget_normalized": 1.0,
      "algorithm_cost_mode": "separate_cost",
      "fixed_cost_penalty_coef": 0.0,
      "log_std_max": -2.3,
      "accepted": true,
      "mode": "reward",
      "reward_before": -6.191095280883019e-07,
      "reward_after": 0.4113318622112274,
      "cost_before": 0.4874591529369354,
      "cost_after": -0.9746108651161194,
      "kl_before": -2.384185791015625e-07,
      "kl_after": 0.019956346601247787,
      "cost_gap": -0.5125408470630646,
      "cost_recoverable": true,
      "cost_quadratic": 826.3052978515625,
      "reward_quadratic": 4.120448112487793,
      "reward_cost_cross": -15.217164993286133,
      "max_linear_cost_drop": 5.7491053142260755,
      "rollout_wall_seconds": 1.4726717732846737,
      "update_wall_seconds": 1.0765352584421635,
      "total_wall_seconds": 2.5492092687636614
    },
    {
      "update": 937,
      "algorithm": "macpo",
      "actor_loss": -0.14512529969215393,
      "reward_critic_loss": 0.001054608030244708,
      "cost_critic_loss": 0.5360969305038452,
      "reward_critic_loss_last": 0.001054608030244708,
      "cost_critic_loss_last": 0.5360969305038452,
      "critic_epochs": 1,
      "daily_voltage_cost": 0.01899515837430954,
      "daily_voltage_cost_raw": 0.01899515837430954,
      "daily_voltage_cost_normalized": 0.9497579336166382,
      "daily_economic_return_raw_yuan": -1148398.125,
      "daily_economic_return_normalized": -0.3643736243247986,
      "daily_economic_cost_raw_yuan": 1148398.125,
      "economic_reward_scale_yuan": 3151704.8194007874,
      "lagrange_multiplier": 0.0,
      "cost_budget": 1.0,
      "cost_budget_raw": 0.02,
      "cost_budget_normalized": 1.0,
      "algorithm_cost_mode": "separate_cost",
      "fixed_cost_penalty_coef": 0.0,
      "log_std_max": -2.3,
      "accepted": true,
      "mode": "reward",
      "reward_before": 8.03257549364389e-08,
      "reward_after": 0.14512529969215393,
      "cost_before": 0.9497588872909546,
      "cost_after": 0.3196357488632202,
      "kl_before": -2.384185791015625e-07,
      "kl_after": 0.004991537891328335,
      "cost_gap": -0.05024111270904541,
      "cost_recoverable": true,
      "cost_quadratic": 1244.1173095703125,
      "reward_quadratic": 1.932857871055603,
      "reward_cost_cross": -8.565488815307617,
      "max_linear_cost_drop": 7.054409428351356,
      "rollout_wall_seconds": 1.869961654767394,
      "update_wall_seconds": 1.3678444903343916,
      "total_wall_seconds": 3.237808331847191
    },
    {
      "update": 938,
      "algorithm": "macpo",
      "actor_loss": -0.17624005675315857,
      "reward_critic_loss": 0.001401074230670929,
      "cost_critic_loss": 0.42840394377708435,
      "reward_critic_loss_last": 0.001401074230670929,
      "cost_critic_loss_last": 0.42840394377708435,
      "critic_epochs": 1,
      "daily_voltage_cost": 0.015410327352583408,
      "daily_voltage_cost_raw": 0.015410327352583408,
      "daily_voltage_cost_normalized": 0.7705163955688477,
      "daily_economic_return_raw_yuan": -1050017.75,
      "daily_economic_return_normalized": -0.3331586718559265,
      "daily_economic_cost_raw_yuan": 1050017.75,
      "economic_reward_scale_yuan": 3151704.8194007874,
      "lagrange_multiplier": 0.0,
      "cost_budget": 1.0,
      "cost_budget_raw": 0.02,
      "cost_budget_normalized": 1.0,
      "algorithm_cost_mode": "separate_cost",
      "fixed_cost_penalty_coef": 0.0,
      "log_std_max": -2.3,
      "accepted": true,
      "mode": "reward",
      "reward_before": -1.9701019482454285e-07,
      "reward_after": 0.17624005675315857,
      "cost_before": 0.7705170512199402,
      "cost_after": 0.6118823289871216,
      "kl_before": -2.384185791015625e-07,
      "kl_after": 0.00500455591827631,
      "cost_gap": -0.22948294878005981,
      "cost_recoverable": true,
      "cost_quadratic": 951.8616943359375,
      "reward_quadratic": 3.158130645751953,
      "reward_cost_cross": -2.0916426181793213,
      "max_linear_cost_drop": 6.170451180702875,
      "rollout_wall_seconds": 2.3153854236006737,
      "update_wall_seconds": 1.472364280372858,
      "total_wall_seconds": 3.7877533938735723
    },
    {
      "update": 939,
      "algorithm": "macpo",
      "actor_loss": -0.4360802173614502,
      "reward_critic_loss": 0.0017830745782703161,
      "cost_critic_loss": 0.24234715104103088,
      "reward_critic_loss_last": 0.0017830745782703161,
      "cost_critic_loss_last": 0.24234715104103088,
      "critic_epochs": 1,
      "daily_voltage_cost": 0.013295853510499,
      "daily_voltage_cost_raw": 0.013295853510499,
      "daily_voltage_cost_normalized": 0.6647926568984985,
      "daily_economic_return_raw_yuan": -965633.75,
      "daily_economic_return_normalized": -0.3063845932483673,
      "daily_economic_cost_raw_yuan": 965633.75,
      "economic_reward_scale_yuan": 3151704.8194007874,
      "lagrange_multiplier": 0.0,
      "cost_budget": 1.0,
      "cost_budget_raw": 0.02,
      "cost_budget_normalized": 1.0,
      "algorithm_cost_mode": "separate_cost",
      "fixed_cost_penalty_coef": 0.0,
      "log_std_max": -2.3,
      "accepted": true,
      "mode": "reward",
      "reward_before": 8.60681979020228e-08,
      "reward_after": 0.4360802173614502,
      "cost_before": 0.6648020148277283,
      "cost_after": 0.05528372526168823,
      "kl_before": -2.384185791015625e-07,
      "kl_after": 0.019960615783929825,
      "cost_gap": -0.33519798517227173,
      "cost_recoverable": true,
      "cost_quadratic": 587.0162353515625,
      "reward_quadratic": 3.9378457069396973,
      "reward_cost_cross": -4.49655818939209,
      "max_linear_cost_drop": 4.845683585838277,
      "rollout_wall_seconds": 2.4125282168388367,
      "update_wall_seconds": 1.523065734654665,
      "total_wall_seconds": 3.9355965964496136
    },
    {
      "update": 940,
      "algorithm": "macpo",
      "actor_loss": -0.19246551394462585,
      "reward_critic_loss": 0.0016637493390589952,
      "cost_critic_loss": 0.16487398743629456,
      "reward_critic_loss_last": 0.0016637493390589952,
      "cost_critic_loss_last": 0.16487398743629456,
      "critic_epochs": 1,
      "daily_voltage_cost": 0.004140888340771198,
      "daily_voltage_cost_raw": 0.004140888340771198,
      "daily_voltage_cost_normalized": 0.20704442262649536,
      "daily_economic_return_raw_yuan": -1152231.0,
      "daily_economic_return_normalized": -0.36558976769447327,
      "daily_economic_cost_raw_yuan": 1152231.0,
      "economic_reward_scale_yuan": 3151704.8194007874,
      "lagrange_multiplier": 0.0,
      "cost_budget": 1.0,
      "cost_budget_raw": 0.02,
      "cost_budget_normalized": 1.0,
      "algorithm_cost_mode": "separate_cost",
      "fixed_cost_penalty_coef": 0.0,
      "log_std_max": -2.3,
      "accepted": true,
      "mode": "reward",
      "reward_before": -1.153122468622314e-07,
      "reward_after": 0.19246551394462585,
      "cost_before": 0.20704865455627441,
      "cost_after": -0.3166258931159973,
      "kl_before": -2.384185791015625e-07,
      "kl_after": 0.005007420666515827,
      "cost_gap": -0.7929513454437256,
      "cost_recoverable": true,
      "cost_quadratic": 406.4836730957031,
      "reward_quadratic": 3.669365406036377,
      "reward_cost_cross": -9.264183044433594,
      "max_linear_cost_drop": 4.032288050701255,
      "rollout_wall_seconds": 2.51549419388175,
      "update_wall_seconds": 1.5611349921673536,
      "total_wall_seconds": 4.076631678268313
    },
    {
      "update": 941,
      "algorithm": "macpo",
      "actor_loss": -0.39599162340164185,
      "reward_critic_loss": 0.0016588917933404446,
      "cost_critic_loss": 0.6689905524253845,
      "reward_critic_loss_last": 0.0016588917933404446,
      "cost_critic_loss_last": 0.6689905524253845,
      "critic_epochs": 1,
      "daily_voltage_cost": 0.013123014941811562,
      "daily_voltage_cost_raw": 0.013123014941811562,
      "daily_voltage_cost_normalized": 0.656150758266449,
      "daily_economic_return_raw_yuan": -910607.9375,
      "daily_economic_return_normalized": -0.28892552852630615,
      "daily_economic_cost_raw_yuan": 910607.9375,
      "economic_reward_scale_yuan": 3151704.8194007874,
      "lagrange_multiplier": 0.0,
      "cost_budget": 1.0,
      "cost_budget_raw": 0.02,
      "cost_budget_normalized": 1.0,
      "algorithm_cost_mode": "separate_cost",
      "fixed_cost_penalty_coef": 0.0,
      "log_std_max": -2.3,
      "accepted": true,
      "mode": "reward",
      "reward_before": 3.0846433674014406e-07,
      "reward_after": 0.39599162340164185,
      "cost_before": 0.6561439037322998,
      "cost_after": -0.9024037718772888,
      "kl_before": -2.384185791015625e-07,
      "kl_after": 0.019947104156017303,
      "cost_gap": -0.3438560962677002,
      "cost_recoverable": true,
      "cost_quadratic": 1499.32275390625,
      "reward_quadratic": 3.5101497173309326,
      "reward_cost_cross": -13.797468185424805,
      "max_linear_cost_drop": 7.7442178530985295,
      "rollout_wall_seconds": 2.092291137203574,
      "update_wall_seconds": 1.1986168418079615,
      "total_wall_seconds": 3.290910504758358
    },
    {
      "update": 942,
      "algorithm": "macpo",
      "actor_loss": -0.3058192729949951,
      "reward_critic_loss": 0.0011486418079584837,
      "cost_critic_loss": 0.283042848110199,
      "reward_critic_loss_last": 0.0011486418079584837,
      "cost_critic_loss_last": 0.283042848110199,
      "critic_epochs": 1,
      "daily_voltage_cost": 0.004786986857652664,
      "daily_voltage_cost_raw": 0.004786986857652664,
      "daily_voltage_cost_normalized": 0.239349365234375,
      "daily_economic_return_raw_yuan": -1038649.4375,
      "daily_economic_return_normalized": -0.329551637172699,
      "daily_economic_cost_raw_yuan": 1038649.4375,
      "economic_reward_scale_yuan": 3151704.8194007874,
      "lagrange_multiplier": 0.0,
      "cost_budget": 1.0,
      "cost_budget_raw": 0.02,
      "cost_budget_normalized": 1.0,
      "algorithm_cost_mode": "separate_cost",
      "fixed_cost_penalty_coef": 0.0,
      "log_std_max": -2.3,
      "accepted": true,
      "mode": "reward",
      "reward_before": -4.5267846360275144e-08,
      "reward_after": 0.3058192729949951,
      "cost_before": 0.23935779929161072,
      "cost_after": 0.041044726967811584,
      "kl_before": -2.384185791015625e-07,
      "kl_after": 0.01986672729253769,
      "cost_gap": -0.7606422007083893,
      "cost_recoverable": true,
      "cost_quadratic": 509.7696533203125,
      "reward_quadratic": 2.570073366165161,
      "reward_cost_cross": -0.4695158004760742,
      "max_linear_cost_drop": 4.515615808814175,
      "rollout_wall_seconds": 2.1457196716219187,
      "update_wall_seconds": 1.0255127158015966,
      "total_wall_seconds": 3.171235177665949
    },
    {
      "update": 943,
      "algorithm": "macpo",
      "actor_loss": -0.22105015814304352,
      "reward_critic_loss": 0.0019343995954841375,
      "cost_critic_loss": 0.42363986372947693,
      "reward_critic_loss_last": 0.0019343995954841375,
      "cost_critic_loss_last": 0.42363986372947693,
      "critic_epochs": 1,
      "daily_voltage_cost": 0.012671360746026039,
      "daily_voltage_cost_raw": 0.012671360746026039,
      "daily_voltage_cost_normalized": 0.6335680484771729,
      "daily_economic_return_raw_yuan": -1025192.9375,
      "daily_economic_return_normalized": -0.3252820372581482,
      "daily_economic_cost_raw_yuan": 1025192.9375,
      "economic_reward_scale_yuan": 3151704.8194007874,
      "lagrange_multiplier": 0.0,
      "cost_budget": 1.0,
      "cost_budget_raw": 0.02,
      "cost_budget_normalized": 1.0,
      "algorithm_cost_mode": "separate_cost",
      "fixed_cost_penalty_coef": 0.0,
      "log_std_max": -2.3,
      "accepted": true,
      "mode": "reward",
      "reward_before": 1.2012456807042327e-08,
      "reward_after": 0.22105015814304352,
      "cost_before": 0.6335741877555847,
      "cost_after": 0.08479803800582886,
      "kl_before": -2.384185791015625e-07,
      "kl_after": 0.005012304987758398,
      "cost_gap": -0.3664258122444153,
      "cost_recoverable": true,
      "cost_quadratic": 1037.25830078125,
      "reward_quadratic": 4.912928581237793,
      "reward_cost_cross": -10.346649169921875,
      "max_linear_cost_drop": 6.441298939751982,
      "rollout_wall_seconds": 1.9366375114768744,
      "update_wall_seconds": 1.143673662096262,
      "total_wall_seconds": 3.0803135614842176
    },
    {
      "update": 944,
      "algorithm": "macpo",
      "actor_loss": -0.027478152886033058,
      "reward_critic_loss": 0.0016262609278783202,
      "cost_critic_loss": 1.4557697772979736,
      "reward_critic_loss_last": 0.0016262609278783202,
      "cost_critic_loss_last": 1.4557697772979736,
      "critic_epochs": 1,
      "daily_voltage_cost": 0.027647823095321655,
      "daily_voltage_cost_raw": 0.027647823095321655,
      "daily_voltage_cost_normalized": 1.3823912143707275,
      "daily_economic_return_raw_yuan": -1042102.9375,
      "daily_economic_return_normalized": -0.33064737915992737,
      "daily_economic_cost_raw_yuan": 1042102.9375,
      "economic_reward_scale_yuan": 3151704.8194007874,
      "lagrange_multiplier": 0.0,
      "cost_budget": 1.0,
      "cost_budget_raw": 0.02,
      "cost_budget_normalized": 1.0,
      "algorithm_cost_mode": "separate_cost",
      "fixed_cost_penalty_coef": 0.0,
      "log_std_max": -2.3,
      "accepted": true,
      "mode": "cost_recovery",
      "reward_before": -8.456795086431157e-08,
      "reward_after": 0.027478152886033058,
      "cost_before": 1.38237726688385,
      "cost_after": -8.479969024658203,
      "kl_before": -2.384185791015625e-07,
      "kl_after": 0.019953612238168716,
      "cost_gap": 0.3823772668838501,
      "cost_recoverable": true,
      "cost_quadratic": 3617.37451171875,
      "reward_quadratic": 3.8347020149230957,
      "reward_cost_cross": -4.861673831939697,
      "max_linear_cost_drop": 12.028922664509487,
      "rollout_wall_seconds": 1.9951378721743822,
      "update_wall_seconds": 1.2376706041395664,
      "total_wall_seconds": 3.2328104469925165
    },
    {
      "update": 945,
      "algorithm": "macpo",
      "actor_loss": -0.36352744698524475,
      "reward_critic_loss": 0.0016078742919489741,
      "cost_critic_loss": 0.4102548062801361,
      "reward_critic_loss_last": 0.0016078742919489741,
      "cost_critic_loss_last": 0.4102548062801361,
      "critic_epochs": 1,
      "daily_voltage_cost": 0.01624789834022522,
      "daily_voltage_cost_raw": 0.01624789834022522,
      "daily_voltage_cost_normalized": 0.8123949766159058,
      "daily_economic_return_raw_yuan": -970847.0625,
      "daily_economic_return_normalized": -0.30803871154785156,
      "daily_economic_cost_raw_yuan": 970847.0625,
      "economic_reward_scale_yuan": 3151704.8194007874,
      "lagrange_multiplier": 0.0,
      "cost_budget": 1.0,
      "cost_budget_raw": 0.02,
      "cost_budget_normalized": 1.0,
      "algorithm_cost_mode": "separate_cost",
      "fixed_cost_penalty_coef": 0.0,
      "log_std_max": -2.3,
      "accepted": true,
      "mode": "reward",
      "reward_before": -4.6075712134552305e-08,
      "reward_after": 0.36352744698524475,
      "cost_before": 0.8123914003372192,
      "cost_after": -0.7082077264785767,
      "kl_before": -2.384185791015625e-07,
      "kl_after": 0.019990969449281693,
      "cost_gap": -0.18760859966278076,
      "cost_recoverable": true,
      "cost_quadratic": 912.0538330078125,
      "reward_quadratic": 3.211536169052124,
      "reward_cost_cross": -12.07090950012207,
      "max_linear_cost_drop": 6.040045804487951,
      "rollout_wall_seconds": 1.9936929512768984,
      "update_wall_seconds": 1.4324856325984001,
      "total_wall_seconds": 3.4261816684156656
    },
    {
      "update": 946,
      "algorithm": "macpo",
      "actor_loss": -0.08073495328426361,
      "reward_critic_loss": 0.0017695374554023147,
      "cost_critic_loss": 1.5514864921569824,
      "reward_critic_loss_last": 0.0017695374554023147,
      "cost_critic_loss_last": 1.5514864921569824,
      "critic_epochs": 1,
      "daily_voltage_cost": 0.030891647562384605,
      "daily_voltage_cost_raw": 0.030891647562384605,
      "daily_voltage_cost_normalized": 1.5445823669433594,
      "daily_economic_return_raw_yuan": -1064220.125,
      "daily_economic_return_normalized": -0.3376649022102356,
      "daily_economic_cost_raw_yuan": 1064220.125,
      "economic_reward_scale_yuan": 3151704.8194007874,
      "lagrange_multiplier": 0.0,
      "cost_budget": 1.0,
      "cost_budget_raw": 0.02,
      "cost_budget_normalized": 1.0,
      "algorithm_cost_mode": "separate_cost",
      "fixed_cost_penalty_coef": 0.0,
      "log_std_max": -2.3,
      "accepted": true,
      "mode": "cost_recovery",
      "reward_before": -7.473296932403173e-07,
      "reward_after": 0.08073495328426361,
      "cost_before": 1.5445969104766846,
      "cost_after": -8.763860702514648,
      "kl_before": -2.384185791015625e-07,
      "kl_after": 0.01993541419506073,
      "cost_gap": 0.5445969104766846,
      "cost_recoverable": true,
      "cost_quadratic": 3780.01171875,
      "reward_quadratic": 3.4335923194885254,
      "reward_cost_cross": -27.398311614990234,
      "max_linear_cost_drop": 12.296359979685045,
      "rollout_wall_seconds": 1.868090894073248,
      "update_wall_seconds": 1.307644871994853,
      "total_wall_seconds": 3.175738275051117
    },
    {
      "update": 947,
      "algorithm": "macpo",
      "actor_loss": -0.3288130462169647,
      "reward_critic_loss": 0.0013785206247121096,
      "cost_critic_loss": 0.44941553473472595,
      "reward_critic_loss_last": 0.0013785206247121096,
      "cost_critic_loss_last": 0.44941553473472595,
      "critic_epochs": 1,
      "daily_voltage_cost": 0.018840214237570763,
      "daily_voltage_cost_raw": 0.018840214237570763,
      "daily_voltage_cost_normalized": 0.9420107007026672,
      "daily_economic_return_raw_yuan": -1109313.75,
      "daily_economic_return_normalized": -0.3519726097583771,
      "daily_economic_cost_raw_yuan": 1109313.75,
      "economic_reward_scale_yuan": 3151704.8194007874,
      "lagrange_multiplier": 0.0,
      "cost_budget": 1.0,
      "cost_budget_raw": 0.02,
      "cost_budget_normalized": 1.0,
      "algorithm_cost_mode": "separate_cost",
      "fixed_cost_penalty_coef": 0.0,
      "log_std_max": -2.3,
      "accepted": true,
      "mode": "reward",
      "reward_before": 2.6015564458248264e-07,
      "reward_after": 0.3288130462169647,
      "cost_before": 0.9420037269592285,
      "cost_after": -0.36805981397628784,
      "kl_before": -2.384185791015625e-07,
      "kl_after": 0.019928425550460815,
      "cost_gap": -0.057996273040771484,
      "cost_recoverable": true,
      "cost_quadratic": 1041.165771484375,
      "reward_quadratic": 2.9044766426086426,
      "reward_cost_cross": -9.14187240600586,
      "max_linear_cost_drop": 6.453420090105324,
      "rollout_wall_seconds": 1.90636539272964,
      "update_wall_seconds": 1.2050037942826748,
      "total_wall_seconds": 3.111371584236622
    },
    {
      "update": 948,
      "algorithm": "macpo",
      "actor_loss": -0.3980669677257538,
      "reward_critic_loss": 0.0018447588663548231,
      "cost_critic_loss": 0.7217468023300171,
      "reward_critic_loss_last": 0.0018447588663548231,
      "cost_critic_loss_last": 0.7217468023300171,
      "critic_epochs": 1,
      "daily_voltage_cost": 0.009908020496368408,
      "daily_voltage_cost_raw": 0.009908020496368408,
      "daily_voltage_cost_normalized": 0.4954010546207428,
      "daily_economic_return_raw_yuan": -907409.6875,
      "daily_economic_return_normalized": -0.2879107594490051,
      "daily_economic_cost_raw_yuan": 907409.6875,
      "economic_reward_scale_yuan": 3151704.8194007874,
      "lagrange_multiplier": 0.0,
      "cost_budget": 1.0,
      "cost_budget_raw": 0.02,
      "cost_budget_normalized": 1.0,
      "algorithm_cost_mode": "separate_cost",
      "fixed_cost_penalty_coef": 0.0,
      "log_std_max": -2.3,
      "accepted": true,
      "mode": "reward",
      "reward_before": 2.6213530190943857e-07,
      "reward_after": 0.3980669677257538,
      "cost_before": 0.4954056441783905,
      "cost_after": -0.295436829328537,
      "kl_before": -2.384185791015625e-07,
      "kl_after": 0.019965801388025284,
      "cost_gap": -0.5045943558216095,
      "cost_recoverable": true,
      "cost_quadratic": 2140.11083984375,
      "reward_quadratic": 3.8087568283081055,
      "reward_cost_cross": -7.2672834396362305,
      "max_linear_cost_drop": 9.25226640309011,
      "rollout_wall_seconds": 1.5361257884651423,
      "update_wall_seconds": 1.2949133794754744,
      "total_wall_seconds": 2.8310415782034397
    },
    {
      "update": 949,
      "algorithm": "macpo",
      "actor_loss": -0.20951463282108307,
      "reward_critic_loss": 0.0019404904451221228,
      "cost_critic_loss": 0.09683637320995331,
      "reward_critic_loss_last": 0.0019404904451221228,
      "cost_critic_loss_last": 0.09683637320995331,
      "critic_epochs": 1,
      "daily_voltage_cost": 0.003815098898485303,
      "daily_voltage_cost_raw": 0.003815098898485303,
      "daily_voltage_cost_normalized": 0.1907549500465393,
      "daily_economic_return_raw_yuan": -914019.125,
      "daily_economic_return_normalized": -0.2900078594684601,
      "daily_economic_cost_raw_yuan": 914019.125,
      "economic_reward_scale_yuan": 3151704.8194007874,
      "lagrange_multiplier": 0.0,
      "cost_budget": 1.0,
      "cost_budget_raw": 0.02,
      "cost_budget_normalized": 1.0,
      "algorithm_cost_mode": "separate_cost",
      "fixed_cost_penalty_coef": 0.0,
      "log_std_max": -2.3,
      "accepted": true,
      "mode": "reward",
      "reward_before": 4.823582457902376e-07,
      "reward_after": 0.20951463282108307,
      "cost_before": 0.19076015055179596,
      "cost_after": 0.05334627628326416,
      "kl_before": -2.384185791015625e-07,
      "kl_after": 0.005011242814362049,
      "cost_gap": -0.809239849448204,
      "cost_recoverable": true,
      "cost_quadratic": 222.99905395507812,
      "reward_quadratic": 4.652352809906006,
      "reward_cost_cross": -2.359104633331299,
      "max_linear_cost_drop": 2.9866305694215223,
      "rollout_wall_seconds": 1.6782054118812084,
      "update_wall_seconds": 1.2766526192426682,
      "total_wall_seconds": 2.9548606518656015
    },
    {
      "update": 950,
      "algorithm": "macpo",
      "actor_loss": -0.3910590410232544,
      "reward_critic_loss": 0.0015719085931777954,
      "cost_critic_loss": 0.17917504906654358,
      "reward_critic_loss_last": 0.0015719085931777954,
      "cost_critic_loss_last": 0.17917504906654358,
      "critic_epochs": 1,
      "daily_voltage_cost": 0.009210930205881596,
      "daily_voltage_cost_raw": 0.009210930205881596,
      "daily_voltage_cost_normalized": 0.4605465531349182,
      "daily_economic_return_raw_yuan": -1035666.6875,
      "daily_economic_return_normalized": -0.3286052346229553,
      "daily_economic_cost_raw_yuan": 1035666.6875,
      "economic_reward_scale_yuan": 3151704.8194007874,
      "lagrange_multiplier": 0.0,
      "cost_budget": 1.0,
      "cost_budget_raw": 0.02,
      "cost_budget_normalized": 1.0,
      "algorithm_cost_mode": "separate_cost",
      "fixed_cost_penalty_coef": 0.0,
      "log_std_max": -2.3,
      "accepted": true,
      "mode": "reward",
      "reward_before": -3.7772673522340483e-07,
      "reward_after": 0.3910590410232544,
      "cost_before": 0.46054908633232117,
      "cost_after": -0.670771062374115,
      "kl_before": -2.384185791015625e-07,
      "kl_after": 0.019971590489149094,
      "cost_gap": -0.5394509136676788,
      "cost_recoverable": true,
      "cost_quadratic": 434.9862060546875,
      "reward_quadratic": 3.512575149536133,
      "reward_cost_cross": -9.451627731323242,
      "max_linear_cost_drop": 4.1712645854929296,
      "rollout_wall_seconds": 2.452534131705761,
      "update_wall_seconds": 1.4919375516474247,
      "total_wall_seconds": 3.944473998621106
    },
    {
      "update": 951,
      "algorithm": "macpo",
      "actor_loss": -0.339838445186615,
      "reward_critic_loss": 0.0015115879941731691,
      "cost_critic_loss": 0.23426610231399536,
      "reward_critic_loss_last": 0.0015115879941731691,
      "cost_critic_loss_last": 0.23426610231399536,
      "critic_epochs": 1,
      "daily_voltage_cost": 0.011015068739652634,
      "daily_voltage_cost_raw": 0.011015068739652634,
      "daily_voltage_cost_normalized": 0.5507534146308899,
      "daily_economic_return_raw_yuan": -1070050.25,
      "daily_economic_return_normalized": -0.33951473236083984,
      "daily_economic_cost_raw_yuan": 1070050.25,
      "economic_reward_scale_yuan": 3151704.8194007874,
      "lagrange_multiplier": 0.0,
      "cost_budget": 1.0,
      "cost_budget_raw": 0.02,
      "cost_budget_normalized": 1.0,
      "algorithm_cost_mode": "separate_cost",
      "fixed_cost_penalty_coef": 0.0,
      "log_std_max": -2.3,
      "accepted": true,
      "mode": "reward",
      "reward_before": 2.652731723173929e-07,
      "reward_after": 0.339838445186615,
      "cost_before": 0.550754189491272,
      "cost_after": -0.5116214156150818,
      "kl_before": -2.384185791015625e-07,
      "kl_after": 0.019965751096606255,
      "cost_gap": -0.449245810508728,
      "cost_recoverable": true,
      "cost_quadratic": 511.9771423339844,
      "reward_quadratic": 2.8629140853881836,
      "reward_cost_cross": -8.178205490112305,
      "max_linear_cost_drop": 4.525382380899914,
      "rollout_wall_seconds": 2.449646597728133,
      "update_wall_seconds": 1.431251883506775,
      "total_wall_seconds": 3.880903623998165
    },
    {
      "update": 952,
      "algorithm": "macpo",
      "actor_loss": -0.3202211856842041,
      "reward_critic_loss": 0.0012939749285578728,
      "cost_critic_loss": 0.3653768002986908,
      "reward_critic_loss_last": 0.0012939749285578728,
      "cost_critic_loss_last": 0.3653768002986908,
      "critic_epochs": 1,
      "daily_voltage_cost": 0.011034335009753704,
      "daily_voltage_cost_raw": 0.011034335009753704,
      "daily_voltage_cost_normalized": 0.5517167448997498,
      "daily_economic_return_raw_yuan": -1068508.125,
      "daily_economic_return_normalized": -0.33902543783187866,
      "daily_economic_cost_raw_yuan": 1068508.125,
      "economic_reward_scale_yuan": 3151704.8194007874,
      "lagrange_multiplier": 0.0,
      "cost_budget": 1.0,
      "cost_budget_raw": 0.02,
      "cost_budget_normalized": 1.0,
      "algorithm_cost_mode": "separate_cost",
      "fixed_cost_penalty_coef": 0.0,
      "log_std_max": -2.3,
      "accepted": true,
      "mode": "reward",
      "reward_before": 2.6208061854049447e-07,
      "reward_after": 0.3202211856842041,
      "cost_before": 0.5517197847366333,
      "cost_after": -0.7790754437446594,
      "kl_before": -2.384185791015625e-07,
      "kl_after": 0.01988968253135681,
      "cost_gap": -0.4482802152633667,
      "cost_recoverable": true,
      "cost_quadratic": 906.349853515625,
      "reward_quadratic": 2.6663386821746826,
      "reward_cost_cross": -12.280843734741211,
      "max_linear_cost_drop": 6.021128975584646,
      "rollout_wall_seconds": 2.1395699456334114,
      "update_wall_seconds": 1.31939104385674,
      "total_wall_seconds": 3.458963692188263
    },
    {
      "update": 953,
      "algorithm": "macpo",
      "actor_loss": -0.014974510297179222,
      "reward_critic_loss": 0.0019852141849696636,
      "cost_critic_loss": 1.4598921537399292,
      "reward_critic_loss_last": 0.0019852141849696636,
      "cost_critic_loss_last": 1.4598921537399292,
      "critic_epochs": 1,
      "daily_voltage_cost": 0.020561546087265015,
      "daily_voltage_cost_raw": 0.020561546087265015,
      "daily_voltage_cost_normalized": 1.028077244758606,
      "daily_economic_return_raw_yuan": -1051750.375,
      "daily_economic_return_normalized": -0.33370840549468994,
      "daily_economic_cost_raw_yuan": 1051750.375,
      "economic_reward_scale_yuan": 3151704.8194007874,
      "lagrange_multiplier": 0.0,
      "cost_budget": 1.0,
      "cost_budget_raw": 0.02,
      "cost_budget_normalized": 1.0,
      "algorithm_cost_mode": "separate_cost",
      "fixed_cost_penalty_coef": 0.0,
      "log_std_max": -2.3,
      "accepted": true,
      "mode": "cost_recovery",
      "reward_before": 1.3408197219177964e-07,
      "reward_after": 0.014974510297179222,
      "cost_before": 1.0280662775039673,
      "cost_after": -8.257485389709473,
      "kl_before": -2.384185791015625e-07,
      "kl_after": 0.019933152943849564,
      "cost_gap": 0.028066277503967285,
      "cost_recoverable": true,
      "cost_quadratic": 3547.10009765625,
      "reward_quadratic": 3.6734189987182617,
      "reward_cost_cross": -3.240159034729004,
      "max_linear_cost_drop": 11.911507205482017,
      "rollout_wall_seconds": 2.2059803642332554,
      "update_wall_seconds": 1.3474357090890408,
      "total_wall_seconds": 3.553418816998601
    },
    {
      "update": 954,
      "algorithm": "macpo",
      "actor_loss": -0.372703492641449,
      "reward_critic_loss": 0.001749631017446518,
      "cost_critic_loss": 0.27934134006500244,
      "reward_critic_loss_last": 0.001749631017446518,
      "cost_critic_loss_last": 0.27934134006500244,
      "critic_epochs": 1,
      "daily_voltage_cost": 0.00869444664567709,
      "daily_voltage_cost_raw": 0.00869444664567709,
      "daily_voltage_cost_normalized": 0.434722363948822,
      "daily_economic_return_raw_yuan": -948255.875,
      "daily_economic_return_normalized": -0.30087077617645264,
      "daily_economic_cost_raw_yuan": 948255.875,
      "economic_reward_scale_yuan": 3151704.8194007874,
      "lagrange_multiplier": 0.0,
      "cost_budget": 1.0,
      "cost_budget_raw": 0.02,
      "cost_budget_normalized": 1.0,
      "algorithm_cost_mode": "separate_cost",
      "fixed_cost_penalty_coef": 0.0,
      "log_std_max": -2.3,
      "accepted": true,
      "mode": "reward",
      "reward_before": 7.82548426059293e-08,
      "reward_after": 0.372703492641449,
      "cost_before": 0.43472594022750854,
      "cost_after": -0.449443519115448,
      "kl_before": -2.384185791015625e-07,
      "kl_after": 0.019900837913155556,
      "cost_gap": -0.5652740597724915,
      "cost_recoverable": true,
      "cost_quadratic": 631.2998046875,
      "reward_quadratic": 3.3991808891296387,
      "reward_cost_cross": -7.5161356925964355,
      "max_linear_cost_drop": 5.025136036715822,
      "rollout_wall_seconds": 2.019418666139245,
      "update_wall_seconds": 1.1929304599761963,
      "total_wall_seconds": 3.21235179156065
    },
    {
      "update": 955,
      "algorithm": "macpo",
      "actor_loss": -0.3979267477989197,
      "reward_critic_loss": 0.0016638528322800994,
      "cost_critic_loss": 0.7073814868927002,
      "reward_critic_loss_last": 0.0016638528322800994,
      "cost_critic_loss_last": 0.7073814868927002,
      "critic_epochs": 1,
      "daily_voltage_cost": 0.017174266278743744,
      "daily_voltage_cost_raw": 0.017174266278743744,
      "daily_voltage_cost_normalized": 0.8587133288383484,
      "daily_economic_return_raw_yuan": -982026.6875,
      "daily_economic_return_normalized": -0.3115858733654022,
      "daily_economic_cost_raw_yuan": 982026.6875,
      "economic_reward_scale_yuan": 3151704.8194007874,
      "lagrange_multiplier": 0.0,
      "cost_budget": 1.0,
      "cost_budget_raw": 0.02,
      "cost_budget_normalized": 1.0,
      "algorithm_cost_mode": "separate_cost",
      "fixed_cost_penalty_coef": 0.0,
      "log_std_max": -2.3,
      "accepted": true,
      "mode": "reward",
      "reward_before": -4.0228343323178706e-07,
      "reward_after": 0.3979267477989197,
      "cost_before": 0.8587120175361633,
      "cost_after": -0.6124544739723206,
      "kl_before": -2.384185791015625e-07,
      "kl_after": 0.019925331696867943,
      "cost_gap": -0.14128798246383667,
      "cost_recoverable": true,
      "cost_quadratic": 1316.684814453125,
      "reward_quadratic": 3.7719411849975586,
      "reward_cost_cross": -14.535096168518066,
      "max_linear_cost_drop": 7.257230365513072,
      "rollout_wall_seconds": 1.673500258475542,
      "update_wall_seconds": 1.0931997671723366,
      "total_wall_seconds": 2.7667025551199913
    },
    {
      "update": 956,
      "algorithm": "macpo",
      "actor_loss": -0.39640212059020996,
      "reward_critic_loss": 0.0017141937278211117,
      "cost_critic_loss": 0.7478794455528259,
      "reward_critic_loss_last": 0.0017141937278211117,
      "cost_critic_loss_last": 0.7478794455528259,
      "critic_epochs": 1,
      "daily_voltage_cost": 0.01660757139325142,
      "daily_voltage_cost_raw": 0.01660757139325142,
      "daily_voltage_cost_normalized": 0.8303786516189575,
      "daily_economic_return_raw_yuan": -920728.875,
      "daily_economic_return_normalized": -0.2921367883682251,
      "daily_economic_cost_raw_yuan": 920728.875,
      "economic_reward_scale_yuan": 3151704.8194007874,
      "lagrange_multiplier": 0.0,
      "cost_budget": 1.0,
      "cost_budget_raw": 0.02,
      "cost_budget_normalized": 1.0,
      "algorithm_cost_mode": "separate_cost",
      "fixed_cost_penalty_coef": 0.0,
      "log_std_max": -2.3,
      "accepted": true,
      "mode": "reward",
      "reward_before": -1.0869797506529721e-08,
      "reward_after": 0.39640212059020996,
      "cost_before": 0.830377995967865,
      "cost_after": 0.4646257162094116,
      "kl_before": -2.384185791015625e-07,
      "kl_after": 0.019960500299930573,
      "cost_gap": -0.169622004032135,
      "cost_recoverable": true,
      "cost_quadratic": 1445.5662841796875,
      "reward_quadratic": 3.7837934494018555,
      "reward_cost_cross": -1.495804786682129,
      "max_linear_cost_drop": 7.604120683365533,
      "rollout_wall_seconds": 1.7742984183132648,
      "update_wall_seconds": 1.105201842263341,
      "total_wall_seconds": 2.8795025050640106
    },
    {
      "update": 957,
      "algorithm": "macpo",
      "actor_loss": -0.40409988164901733,
      "reward_critic_loss": 0.00178521906491369,
      "cost_critic_loss": 0.2014133185148239,
      "reward_critic_loss_last": 0.00178521906491369,
      "cost_critic_loss_last": 0.2014133185148239,
      "critic_epochs": 1,
      "daily_voltage_cost": 0.01143125630915165,
      "daily_voltage_cost_raw": 0.01143125630915165,
      "daily_voltage_cost_normalized": 0.5715628862380981,
      "daily_economic_return_raw_yuan": -1017207.1875,
      "daily_economic_return_normalized": -0.32274824380874634,
      "daily_economic_cost_raw_yuan": 1017207.1875,
      "economic_reward_scale_yuan": 3151704.8194007874,
      "lagrange_multiplier": 0.0,
      "cost_budget": 1.0,
      "cost_budget_raw": 0.02,
      "cost_budget_normalized": 1.0,
      "algorithm_cost_mode": "separate_cost",
      "fixed_cost_penalty_coef": 0.0,
      "log_std_max": -2.3,
      "accepted": true,
      "mode": "reward",
      "reward_before": -4.979417553840904e-07,
      "reward_after": 0.40409988164901733,
      "cost_before": 0.5715631246566772,
      "cost_after": -1.0403016805648804,
      "kl_before": -2.384185791015625e-07,
      "kl_after": 0.019986456260085106,
      "cost_gap": -0.42843687534332275,
      "cost_recoverable": true,
      "cost_quadratic": 444.1793518066406,
      "reward_quadratic": 3.448171615600586,
      "reward_cost_cross": -11.960697174072266,
      "max_linear_cost_drop": 4.215112581208908,
      "rollout_wall_seconds": 2.0565221086144447,
      "update_wall_seconds": 1.1606235839426517,
      "total_wall_seconds": 3.2171480879187584
    },
    {
      "update": 958,
      "algorithm": "macpo",
      "actor_loss": -0.16927208006381989,
      "reward_critic_loss": 0.0014878454385325313,
      "cost_critic_loss": 0.5718511343002319,
      "reward_critic_loss_last": 0.0014878454385325313,
      "cost_critic_loss_last": 0.5718511343002319,
      "critic_epochs": 1,
      "daily_voltage_cost": 0.018686801195144653,
      "daily_voltage_cost_raw": 0.018686801195144653,
      "daily_voltage_cost_normalized": 0.9343400597572327,
      "daily_economic_return_raw_yuan": -1076856.0,
      "daily_economic_return_normalized": -0.3416741192340851,
      "daily_economic_cost_raw_yuan": 1076856.0,
      "economic_reward_scale_yuan": 3151704.8194007874,
      "lagrange_multiplier": 0.0,
      "cost_budget": 1.0,
      "cost_budget_raw": 0.02,
      "cost_budget_normalized": 1.0,
      "algorithm_cost_mode": "separate_cost",
      "fixed_cost_penalty_coef": 0.0,
      "log_std_max": -2.3,
      "accepted": true,
      "mode": "constrained_reward",
      "reward_before": 3.6078940723882624e-08,
      "reward_after": 0.16927208006381989,
      "cost_before": 0.9343358874320984,
      "cost_after": 0.9084442853927612,
      "kl_before": -2.384185791015625e-07,
      "kl_after": 0.0050212000496685505,
      "cost_gap": -0.06566411256790161,
      "cost_recoverable": true,
      "cost_quadratic": 1191.767822265625,
      "reward_quadratic": 2.8186404705047607,
      "reward_cost_cross": 1.650926947593689,
      "max_linear_cost_drop": 6.90439808315142,
      "rollout_wall_seconds": 1.8478538673371077,
      "update_wall_seconds": 1.1188377998769283,
      "total_wall_seconds": 2.9666942954063416
    },
    {
      "update": 959,
      "algorithm": "macpo",
      "actor_loss": -0.20936289429664612,
      "reward_critic_loss": 0.0019810800440609455,
      "cost_critic_loss": 0.36791253089904785,
      "reward_critic_loss_last": 0.0019810800440609455,
      "cost_critic_loss_last": 0.36791253089904785,
      "critic_epochs": 1,
      "daily_voltage_cost": 0.009639767929911613,
      "daily_voltage_cost_raw": 0.009639767929911613,
      "daily_voltage_cost_normalized": 0.48198843002319336,
      "daily_economic_return_raw_yuan": -883248.875,
      "daily_economic_return_normalized": -0.2802447974681854,
      "daily_economic_cost_raw_yuan": 883248.875,
      "economic_reward_scale_yuan": 3151704.8194007874,
      "lagrange_multiplier": 0.0,
      "cost_budget": 1.0,
      "cost_budget_raw": 0.02,
      "cost_budget_normalized": 1.0,
      "algorithm_cost_mode": "separate_cost",
      "fixed_cost_penalty_coef": 0.0,
      "log_std_max": -2.3,
      "accepted": true,
      "mode": "reward",
      "reward_before": -2.4488088001817232e-08,
      "reward_after": 0.20936289429664612,
      "cost_before": 0.48199471831321716,
      "cost_after": 0.01889684796333313,
      "kl_before": -2.384185791015625e-07,
      "kl_after": 0.005005697254091501,
      "cost_gap": -0.5180052816867828,
      "cost_recoverable": true,
      "cost_quadratic": 870.8145141601562,
      "reward_quadratic": 4.211801052093506,
      "reward_cost_cross": -8.577447891235352,
      "max_linear_cost_drop": 5.9019132970932615,
      "rollout_wall_seconds": 1.9563278649002314,
      "update_wall_seconds": 1.3070655167102814,
      "total_wall_seconds": 3.263395857065916
    },
    {
      "update": 960,
      "algorithm": "macpo",
      "actor_loss": -0.3494313657283783,
      "reward_critic_loss": 0.001398649881593883,
      "cost_critic_loss": 0.20667707920074463,
      "reward_critic_loss_last": 0.001398649881593883,
      "cost_critic_loss_last": 0.20667707920074463,
      "critic_epochs": 1,
      "daily_voltage_cost": 0.01278793253004551,
      "daily_voltage_cost_raw": 0.01278793253004551,
      "daily_voltage_cost_normalized": 0.6393966674804688,
      "daily_economic_return_raw_yuan": -924046.0625,
      "daily_economic_return_normalized": -0.29318928718566895,
      "daily_economic_cost_raw_yuan": 924046.0625,
      "economic_reward_scale_yuan": 3151704.8194007874,
      "lagrange_multiplier": 0.0,
      "cost_budget": 1.0,
      "cost_budget_raw": 0.02,
      "cost_budget_normalized": 1.0,
      "algorithm_cost_mode": "separate_cost",
      "fixed_cost_penalty_coef": 0.0,
      "log_std_max": -2.3,
      "accepted": true,
      "mode": "reward",
      "reward_before": -1.5899254890427983e-07,
      "reward_after": 0.3494313657283783,
      "cost_before": 0.6393976211547852,
      "cost_after": -0.27664047479629517,
      "kl_before": -2.384185791015625e-07,
      "kl_after": 0.019974064081907272,
      "cost_gap": -0.36060237884521484,
      "cost_recoverable": true,
      "cost_quadratic": 504.46923828125,
      "reward_quadratic": 2.962536334991455,
      "reward_cost_cross": -6.011903762817383,
      "max_linear_cost_drop": 4.4920785312870475,
      "rollout_wall_seconds": 2.1604384798556566,
      "update_wall_seconds": 1.2897726371884346,
      "total_wall_seconds": 3.4502134192734957
    },
    {
      "update": 961,
      "algorithm": "macpo",
      "actor_loss": -0.007726576644927263,
      "reward_critic_loss": 0.0013094304595142603,
      "cost_critic_loss": 1.145573616027832,
      "reward_critic_loss_last": 0.0013094304595142603,
      "cost_critic_loss_last": 1.145573616027832,
      "critic_epochs": 1,
      "daily_voltage_cost": 0.02535524219274521,
      "daily_voltage_cost_raw": 0.02535524219274521,
      "daily_voltage_cost_normalized": 1.2677621841430664,
      "daily_economic_return_raw_yuan": -911281.625,
      "daily_economic_return_normalized": -0.2891392707824707,
      "daily_economic_cost_raw_yuan": 911281.625,
      "economic_reward_scale_yuan": 3151704.8194007874,
      "lagrange_multiplier": 0.0,
      "cost_budget": 1.0,
      "cost_budget_raw": 0.02,
      "cost_budget_normalized": 1.0,
      "algorithm_cost_mode": "separate_cost",
      "fixed_cost_penalty_coef": 0.0,
      "log_std_max": -2.3,
      "accepted": true,
      "mode": "cost_recovery",
      "reward_before": -1.6253062540272367e-07,
      "reward_after": 0.007726576644927263,
      "cost_before": 1.2677384614944458,
      "cost_after": -7.276643753051758,
      "kl_before": -2.384185791015625e-07,
      "kl_after": 0.01993296667933464,
      "cost_gap": 0.2677384614944458,
      "cost_recoverable": true,
      "cost_quadratic": 2605.02099609375,
      "reward_quadratic": 3.134039878845215,
      "reward_cost_cross": -2.186157464981079,
      "max_linear_cost_drop": 10.207881261248586,
      "rollout_wall_seconds": 2.0948438737541437,
      "update_wall_seconds": 1.1867048908025026,
      "total_wall_seconds": 3.2815509773790836
    },
    {
      "update": 962,
      "algorithm": "macpo",
      "actor_loss": -0.3531484603881836,
      "reward_critic_loss": 0.0016993231838569045,
      "cost_critic_loss": 0.18237891793251038,
      "reward_critic_loss_last": 0.0016993231838569045,
      "cost_critic_loss_last": 0.18237891793251038,
      "critic_epochs": 1,
      "daily_voltage_cost": 0.010009209625422955,
      "daily_voltage_cost_raw": 0.010009209625422955,
      "daily_voltage_cost_normalized": 0.5004604458808899,
      "daily_economic_return_raw_yuan": -820846.3125,
      "daily_economic_return_normalized": -0.26044517755508423,
      "daily_economic_cost_raw_yuan": 820846.3125,
      "economic_reward_scale_yuan": 3151704.8194007874,
      "lagrange_multiplier": 0.0,
      "cost_budget": 1.0,
      "cost_budget_raw": 0.02,
      "cost_budget_normalized": 1.0,
      "algorithm_cost_mode": "separate_cost",
      "fixed_cost_penalty_coef": 0.0,
      "log_std_max": -2.3,
      "accepted": true,
      "mode": "reward",
      "reward_before": 3.086190503154285e-08,
      "reward_after": 0.3531484603881836,
      "cost_before": 0.5004658102989197,
      "cost_after": -0.31066060066223145,
      "kl_before": -2.384185791015625e-07,
      "kl_after": 0.019966628402471542,
      "cost_gap": -0.4995341897010803,
      "cost_recoverable": true,
      "cost_quadratic": 371.59808349609375,
      "reward_quadratic": 3.0776400566101074,
      "reward_cost_cross": -5.898440361022949,
      "max_linear_cost_drop": 3.8553759012376148,
      "rollout_wall_seconds": 2.0495073664933443,
      "update_wall_seconds": 1.3550634644925594,
      "total_wall_seconds": 3.404573043808341
    },
    {
      "update": 963,
      "algorithm": "macpo",
      "actor_loss": -0.19788697361946106,
      "reward_critic_loss": 0.0016926710959523916,
      "cost_critic_loss": 0.42085298895835876,
      "reward_critic_loss_last": 0.0016926710959523916,
      "cost_critic_loss_last": 0.42085298895835876,
      "critic_epochs": 1,
      "daily_voltage_cost": 0.015582852065563202,
      "daily_voltage_cost_raw": 0.015582852065563202,
      "daily_voltage_cost_normalized": 0.7791426181793213,
      "daily_economic_return_raw_yuan": -920522.4375,
      "daily_economic_return_normalized": -0.29207128286361694,
      "daily_economic_cost_raw_yuan": 920522.4375,
      "economic_reward_scale_yuan": 3151704.8194007874,
      "lagrange_multiplier": 0.0,
      "cost_budget": 1.0,
      "cost_budget_raw": 0.02,
      "cost_budget_normalized": 1.0,
      "algorithm_cost_mode": "separate_cost",
      "fixed_cost_penalty_coef": 0.0,
      "log_std_max": -2.3,
      "accepted": true,
      "mode": "reward",
      "reward_before": -2.232213205388689e-07,
      "reward_after": 0.19788697361946106,
      "cost_before": 0.7791391611099243,
      "cost_after": 0.044463515281677246,
      "kl_before": -2.384185791015625e-07,
      "kl_after": 0.005008181091398001,
      "cost_gap": -0.22086083889007568,
      "cost_recoverable": true,
      "cost_quadratic": 928.8887939453125,
      "reward_quadratic": 3.7651782035827637,
      "reward_cost_cross": -12.70025634765625,
      "max_linear_cost_drop": 6.095535395501572,
      "rollout_wall_seconds": 2.274006897583604,
      "update_wall_seconds": 1.4535707477480173,
      "total_wall_seconds": 3.7275803945958614
    },
    {
      "update": 964,
      "algorithm": "macpo",
      "actor_loss": -0.4533465504646301,
      "reward_critic_loss": 0.002301194239407778,
      "cost_critic_loss": 0.31971436738967896,
      "reward_critic_loss_last": 0.002301194239407778,
      "cost_critic_loss_last": 0.31971436738967896,
      "critic_epochs": 1,
      "daily_voltage_cost": 0.007916255854070187,
      "daily_voltage_cost_raw": 0.007916255854070187,
      "daily_voltage_cost_normalized": 0.3958128094673157,
      "daily_economic_return_raw_yuan": -924660.375,
      "daily_economic_return_normalized": -0.2933841943740845,
      "daily_economic_cost_raw_yuan": 924660.375,
      "economic_reward_scale_yuan": 3151704.8194007874,
      "lagrange_multiplier": 0.0,
      "cost_budget": 1.0,
      "cost_budget_raw": 0.02,
      "cost_budget_normalized": 1.0,
      "algorithm_cost_mode": "separate_cost",
      "fixed_cost_penalty_coef": 0.0,
      "log_std_max": -2.3,
      "accepted": true,
      "mode": "reward",
      "reward_before": -2.0173516190880036e-07,
      "reward_after": 0.4533465504646301,
      "cost_before": 0.39582008123397827,
      "cost_after": -0.8948965668678284,
      "kl_before": -2.384185791015625e-07,
      "kl_after": 0.019992155954241753,
      "cost_gap": -0.6041799187660217,
      "cost_recoverable": true,
      "cost_quadratic": 683.0519409179688,
      "reward_quadratic": 5.002228260040283,
      "reward_cost_cross": -13.751531600952148,
      "max_linear_cost_drop": 5.227052480769515,
      "rollout_wall_seconds": 2.3251887653023005,
      "update_wall_seconds": 1.5372606478631496,
      "total_wall_seconds": 3.8624519146978855
    },
    {
      "update": 965,
      "algorithm": "macpo",
      "actor_loss": -0.43351155519485474,
      "reward_critic_loss": 0.0016295220702886581,
      "cost_critic_loss": 0.6715490221977234,
      "reward_critic_loss_last": 0.0016295220702886581,
      "cost_critic_loss_last": 0.6715490221977234,
      "critic_epochs": 1,
      "daily_voltage_cost": 0.009233367629349232,
      "daily_voltage_cost_raw": 0.009233367629349232,
      "daily_voltage_cost_normalized": 0.46166837215423584,
      "daily_economic_return_raw_yuan": -849949.1875,
      "daily_economic_return_normalized": -0.2696791887283325,
      "daily_economic_cost_raw_yuan": 849949.1875,
      "economic_reward_scale_yuan": 3151704.8194007874,
      "lagrange_multiplier": 0.0,
      "cost_budget": 1.0,
      "cost_budget_raw": 0.02,
      "cost_budget_normalized": 1.0,
      "algorithm_cost_mode": "separate_cost",
      "fixed_cost_penalty_coef": 0.0,
      "log_std_max": -2.3,
      "accepted": true,
      "mode": "reward",
      "reward_before": -8.047636157471061e-08,
      "reward_after": 0.43351155519485474,
      "cost_before": 0.4616762101650238,
      "cost_after": -1.8289107084274292,
      "kl_before": -2.384185791015625e-07,
      "kl_after": 0.019941024482250214,
      "cost_gap": -0.5383237898349762,
      "cost_recoverable": true,
      "cost_quadratic": 1479.261474609375,
      "reward_quadratic": 3.8778512477874756,
      "reward_cost_cross": -20.869155883789062,
      "max_linear_cost_drop": 7.692233679782161,
      "rollout_wall_seconds": 2.435603043064475,
      "update_wall_seconds": 1.4210213925689459,
      "total_wall_seconds": 3.8566269986331463
    },
    {
      "update": 966,
      "algorithm": "macpo",
      "actor_loss": -0.009778115898370743,
      "reward_critic_loss": 0.001423580339178443,
      "cost_critic_loss": 1.5935218334197998,
      "reward_critic_loss_last": 0.001423580339178443,
      "cost_critic_loss_last": 1.5935218334197998,
      "critic_epochs": 1,
      "daily_voltage_cost": 0.030811123549938202,
      "daily_voltage_cost_raw": 0.030811123549938202,
      "daily_voltage_cost_normalized": 1.5405561923980713,
      "daily_economic_return_raw_yuan": -1181876.625,
      "daily_economic_return_normalized": -0.37499597668647766,
      "daily_economic_cost_raw_yuan": 1181876.625,
      "economic_reward_scale_yuan": 3151704.8194007874,
      "lagrange_multiplier": 0.0,
      "cost_budget": 1.0,
      "cost_budget_raw": 0.02,
      "cost_budget_normalized": 1.0,
      "algorithm_cost_mode": "separate_cost",
      "fixed_cost_penalty_coef": 0.0,
      "log_std_max": -2.3,
      "accepted": true,
      "mode": "cost_recovery",
      "reward_before": 2.3649423042115814e-07,
      "reward_after": 0.009778115898370743,
      "cost_before": 1.5405575037002563,
      "cost_after": -3.3775951862335205,
      "kl_before": -2.384185791015625e-07,
      "kl_after": 0.005008301697671413,
      "cost_gap": 0.5405575037002563,
      "cost_recoverable": true,
      "cost_quadratic": 2740.68798828125,
      "reward_quadratic": 2.881917953491211,
      "reward_cost_cross": -5.451622009277344,
      "max_linear_cost_drop": 10.470316114198749,
      "rollout_wall_seconds": 2.3378521651029587,
      "update_wall_seconds": 1.394404472783208,
      "total_wall_seconds": 3.7322594467550516
    },
    {
      "update": 967,
      "algorithm": "macpo",
      "actor_loss": -0.01653210073709488,
      "reward_critic_loss": 0.001635066233575344,
      "cost_critic_loss": 0.8952500224113464,
      "reward_critic_loss_last": 0.001635066233575344,
      "cost_critic_loss_last": 0.8952500224113464,
      "critic_epochs": 1,
      "daily_voltage_cost": 0.02093450352549553,
      "daily_voltage_cost_raw": 0.02093450352549553,
      "daily_voltage_cost_normalized": 1.0467251539230347,
      "daily_economic_return_raw_yuan": -907323.125,
      "daily_economic_return_normalized": -0.28788328170776367,
      "daily_economic_cost_raw_yuan": 907323.125,
      "economic_reward_scale_yuan": 3151704.8194007874,
      "lagrange_multiplier": 0.0,
      "cost_budget": 1.0,
      "cost_budget_raw": 0.02,
      "cost_budget_normalized": 1.0,
      "algorithm_cost_mode": "separate_cost",
      "fixed_cost_penalty_coef": 0.0,
      "log_std_max": -2.3,
      "accepted": true,
      "mode": "cost_recovery",
      "reward_before": -6.23493463081104e-07,
      "reward_after": 0.01653210073709488,
      "cost_before": 1.046722650527954,
      "cost_after": -6.185004234313965,
      "kl_before": -2.384185791015625e-07,
      "kl_after": 0.019971655681729317,
      "cost_gap": 0.0467226505279541,
      "cost_recoverable": true,
      "cost_quadratic": 1788.5621337890625,
      "reward_quadratic": 3.4314165115356445,
      "reward_cost_cross": -4.470682621002197,
      "max_linear_cost_drop": 8.45827910106793,
      "rollout_wall_seconds": 1.8574939854443073,
      "update_wall_seconds": 1.0815396066755056,
      "total_wall_seconds": 2.9390370436012745
    },
    {
      "update": 968,
      "algorithm": "macpo",
      "actor_loss": -0.40153032541275024,
      "reward_critic_loss": 0.001802042475901544,
      "cost_critic_loss": 0.3508588671684265,
      "reward_critic_loss_last": 0.001802042475901544,
      "cost_critic_loss_last": 0.3508588671684265,
      "critic_epochs": 1,
      "daily_voltage_cost": 0.0156987514346838,
      "daily_voltage_cost_raw": 0.0156987514346838,
      "daily_voltage_cost_normalized": 0.7849376201629639,
      "daily_economic_return_raw_yuan": -1122232.75,
      "daily_economic_return_normalized": -0.3560716509819031,
      "daily_economic_cost_raw_yuan": 1122232.75,
      "economic_reward_scale_yuan": 3151704.8194007874,
      "lagrange_multiplier": 0.0,
      "cost_budget": 1.0,
      "cost_budget_raw": 0.02,
      "cost_budget_normalized": 1.0,
      "algorithm_cost_mode": "separate_cost",
      "fixed_cost_penalty_coef": 0.0,
      "log_std_max": -2.3,
      "accepted": true,
      "mode": "reward",
      "reward_before": 7.3548775958443e-08,
      "reward_after": 0.40153032541275024,
      "cost_before": 0.7849389314651489,
      "cost_after": -0.42302143573760986,
      "kl_before": -2.384185791015625e-07,
      "kl_after": 0.01997704990208149,
      "cost_gap": -0.21506106853485107,
      "cost_recoverable": true,
      "cost_quadratic": 842.47802734375,
      "reward_quadratic": 4.307474613189697,
      "reward_cost_cross": -11.66021728515625,
      "max_linear_cost_drop": 5.805094408685358,
      "rollout_wall_seconds": 1.3958933390676975,
      "update_wall_seconds": 1.1718297470360994,
      "total_wall_seconds": 2.5677254293113947
    },
    {
      "update": 969,
      "algorithm": "macpo",
      "actor_loss": -0.4227173924446106,
      "reward_critic_loss": 0.002026399364694953,
      "cost_critic_loss": 0.37357398867607117,
      "reward_critic_loss_last": 0.002026399364694953,
      "cost_critic_loss_last": 0.37357398867607117,
      "critic_epochs": 1,
      "daily_voltage_cost": 0.015312861651182175,
      "daily_voltage_cost_raw": 0.015312861651182175,
      "daily_voltage_cost_normalized": 0.7656431198120117,
      "daily_economic_return_raw_yuan": -1018597.6875,
      "daily_economic_return_normalized": -0.3231894373893738,
      "daily_economic_cost_raw_yuan": 1018597.6875,
      "economic_reward_scale_yuan": 3151704.8194007874,
      "lagrange_multiplier": 0.0,
      "cost_budget": 1.0,
      "cost_budget_raw": 0.02,
      "cost_budget_normalized": 1.0,
      "algorithm_cost_mode": "separate_cost",
      "fixed_cost_penalty_coef": 0.0,
      "log_std_max": -2.3,
      "accepted": true,
      "mode": "reward",
      "reward_before": -2.9548125723977137e-08,
      "reward_after": 0.4227173924446106,
      "cost_before": 0.7656366229057312,
      "cost_after": -1.114607810974121,
      "kl_before": -2.384185791015625e-07,
      "kl_after": 0.01992195099592209,
      "cost_gap": -0.2343633770942688,
      "cost_recoverable": true,
      "cost_quadratic": 763.0025634765625,
      "reward_quadratic": 4.710944175720215,
      "reward_cost_cross": -20.00518035888672,
      "max_linear_cost_drop": 5.524500207173722,
      "rollout_wall_seconds": 1.866854328662157,
      "update_wall_seconds": 1.0792942643165588,
      "total_wall_seconds": 2.9461517240852118
    },
    {
      "update": 970,
      "algorithm": "macpo",
      "actor_loss": -0.014896965585649014,
      "reward_critic_loss": 0.0015895850956439972,
      "cost_critic_loss": 1.76474130153656,
      "reward_critic_loss_last": 0.0015895850956439972,
      "cost_critic_loss_last": 1.76474130153656,
      "critic_epochs": 1,
      "daily_voltage_cost": 0.02072964608669281,
      "daily_voltage_cost_raw": 0.02072964608669281,
      "daily_voltage_cost_normalized": 1.036482334136963,
      "daily_economic_return_raw_yuan": -1163679.75,
      "daily_economic_return_normalized": -0.36922234296798706,
      "daily_economic_cost_raw_yuan": 1163679.75,
      "economic_reward_scale_yuan": 3151704.8194007874,
      "lagrange_multiplier": 0.0,
      "cost_budget": 1.0,
      "cost_budget_raw": 0.02,
      "cost_budget_normalized": 1.0,
      "algorithm_cost_mode": "separate_cost",
      "fixed_cost_penalty_coef": 0.0,
      "log_std_max": -2.3,
      "accepted": true,
      "mode": "cost_recovery",
      "reward_before": 8.337902812627362e-08,
      "reward_after": 0.014896965585649014,
      "cost_before": 1.03648042678833,
      "cost_after": -8.593639373779297,
      "kl_before": -2.384185791015625e-07,
      "kl_after": 0.019943444058299065,
      "cost_gap": 0.03648042678833008,
      "cost_recoverable": true,
      "cost_quadratic": 3872.21875,
      "reward_quadratic": 3.557669162750244,
      "reward_cost_cross": -5.4880828857421875,
      "max_linear_cost_drop": 12.44543088848273,
      "rollout_wall_seconds": 1.896390175446868,
      "update_wall_seconds": 1.2926271837204695,
      "total_wall_seconds": 3.1890196185559034
    },
    {
      "update": 971,
      "algorithm": "macpo",
      "actor_loss": -0.35964566469192505,
      "reward_critic_loss": 0.0012754362542182207,
      "cost_critic_loss": 0.7629937529563904,
      "reward_critic_loss_last": 0.0012754362542182207,
      "cost_critic_loss_last": 0.7629937529563904,
      "critic_epochs": 1,
      "daily_voltage_cost": 0.015128245577216148,
      "daily_voltage_cost_raw": 0.015128245577216148,
      "daily_voltage_cost_normalized": 0.7564123868942261,
      "daily_economic_return_raw_yuan": -1001651.75,
      "daily_economic_return_normalized": -0.3178126811981201,
      "daily_economic_cost_raw_yuan": 1001651.75,
      "economic_reward_scale_yuan": 3151704.8194007874,
      "lagrange_multiplier": 0.0,
      "cost_budget": 1.0,
      "cost_budget_raw": 0.02,
      "cost_budget_normalized": 1.0,
      "algorithm_cost_mode": "separate_cost",
      "fixed_cost_penalty_coef": 0.0,
      "log_std_max": -2.3,
      "accepted": true,
      "mode": "reward",
      "reward_before": 2.085685935071524e-08,
      "reward_after": 0.35964566469192505,
      "cost_before": 0.7564173340797424,
      "cost_after": -1.7391554117202759,
      "kl_before": -2.384185791015625e-07,
      "kl_after": 0.019915947690606117,
      "cost_gap": -0.24358266592025757,
      "cost_recoverable": true,
      "cost_quadratic": 1410.4129638671875,
      "reward_quadratic": 2.9595489501953125,
      "reward_cost_cross": -21.10675621032715,
      "max_linear_cost_drop": 7.5110930332866666,
      "rollout_wall_seconds": 2.264610942453146,
      "update_wall_seconds": 1.3422522824257612,
      "total_wall_seconds": 3.606865854933858
    },
    {
      "update": 972,
      "algorithm": "macpo",
      "actor_loss": -0.03206346929073334,
      "reward_critic_loss": 0.001542686834000051,
      "cost_critic_loss": 4.11362886428833,
      "reward_critic_loss_last": 0.001542686834000051,
      "cost_critic_loss_last": 4.11362886428833,
      "critic_epochs": 1,
      "daily_voltage_cost": 0.05080096796154976,
      "daily_voltage_cost_raw": 0.05080096796154976,
      "daily_voltage_cost_normalized": 2.540048360824585,
      "daily_economic_return_raw_yuan": -1123878.5,
      "daily_economic_return_normalized": -0.3565938472747803,
      "daily_economic_cost_raw_yuan": 1123878.5,
      "economic_reward_scale_yuan": 3151704.8194007874,
      "lagrange_multiplier": 0.0,
      "cost_budget": 1.0,
      "cost_budget_raw": 0.02,
      "cost_budget_normalized": 1.0,
      "algorithm_cost_mode": "separate_cost",
      "fixed_cost_penalty_coef": 0.0,
      "log_std_max": -2.3,
      "accepted": true,
      "mode": "cost_recovery",
      "reward_before": 9.840890413670422e-08,
      "reward_after": 0.03206346929073334,
      "cost_before": 2.540043354034424,
      "cost_after": -5.493690490722656,
      "kl_before": -2.384185791015625e-07,
      "kl_after": 0.005022330209612846,
      "cost_gap": 1.5400433540344238,
      "cost_recoverable": true,
      "cost_quadratic": 7731.6220703125,
      "reward_quadratic": 2.985560894012451,
      "reward_cost_cross": -29.750774383544922,
      "max_linear_cost_drop": 17.585928545644098,
      "rollout_wall_seconds": 2.46467268653214,
      "update_wall_seconds": 1.390506410971284,
      "total_wall_seconds": 3.855181708931923
    },
    {
      "update": 973,
      "algorithm": "macpo",
      "actor_loss": -0.3565158247947693,
      "reward_critic_loss": 0.0012760402169078588,
      "cost_critic_loss": 0.6340807676315308,
      "reward_critic_loss_last": 0.0012760402169078588,
      "cost_critic_loss_last": 0.6340807676315308,
      "critic_epochs": 1,
      "daily_voltage_cost": 0.016803529113531113,
      "daily_voltage_cost_raw": 0.016803529113531113,
      "daily_voltage_cost_normalized": 0.840176522731781,
      "daily_economic_return_raw_yuan": -1038551.5625,
      "daily_economic_return_normalized": -0.329520583152771,
      "daily_economic_cost_raw_yuan": 1038551.5625,
      "economic_reward_scale_yuan": 3151704.8194007874,
      "lagrange_multiplier": 0.0,
      "cost_budget": 1.0,
      "cost_budget_raw": 0.02,
      "cost_budget_normalized": 1.0,
      "algorithm_cost_mode": "separate_cost",
      "fixed_cost_penalty_coef": 0.0,
      "log_std_max": -2.3,
      "accepted": true,
      "mode": "reward",
      "reward_before": 7.960599646139599e-08,
      "reward_after": 0.3565158247947693,
      "cost_before": 0.8401829600334167,
      "cost_after": -0.019932091236114502,
      "kl_before": -2.384185791015625e-07,
      "kl_after": 0.01991496980190277,
      "cost_gap": -0.15981703996658325,
      "cost_recoverable": true,
      "cost_quadratic": 1176.3131103515625,
      "reward_quadratic": 2.8975794315338135,
      "reward_cost_cross": -9.096330642700195,
      "max_linear_cost_drop": 6.85948426735294,
      "rollout_wall_seconds": 2.049288235604763,
      "update_wall_seconds": 1.0953357946127653,
      "total_wall_seconds": 3.1446264553815126
    },
    {
      "update": 974,
      "algorithm": "macpo",
      "actor_loss": -0.31267642974853516,
      "reward_critic_loss": 0.00122515216935426,
      "cost_critic_loss": 0.6548084020614624,
      "reward_critic_loss_last": 0.00122515216935426,
      "cost_critic_loss_last": 0.6548084020614624,
      "critic_epochs": 1,
      "daily_voltage_cost": 0.016312438994646072,
      "daily_voltage_cost_raw": 0.016312438994646072,
      "daily_voltage_cost_normalized": 0.8156219720840454,
      "daily_economic_return_raw_yuan": -1240315.625,
      "daily_economic_return_normalized": -0.3935379981994629,
      "daily_economic_cost_raw_yuan": 1240315.625,
      "economic_reward_scale_yuan": 3151704.8194007874,
      "lagrange_multiplier": 0.0,
      "cost_budget": 1.0,
      "cost_budget_raw": 0.02,
      "cost_budget_normalized": 1.0,
      "algorithm_cost_mode": "separate_cost",
      "fixed_cost_penalty_coef": 0.0,
      "log_std_max": -2.3,
      "accepted": true,
      "mode": "reward",
      "reward_before": 1.5791837881806714e-07,
      "reward_after": 0.31267642974853516,
      "cost_before": 0.8156232237815857,
      "cost_after": -1.4212597608566284,
      "kl_before": -2.384185791015625e-07,
      "kl_after": 0.019845524802803993,
      "cost_gap": -0.1843767762184143,
      "cost_recoverable": true,
      "cost_quadratic": 1528.887451171875,
      "reward_quadratic": 2.456207036972046,
      "reward_cost_cross": -18.84353256225586,
      "max_linear_cost_drop": 7.820198082329821,
      "rollout_wall_seconds": 1.6393708977848291,
      "update_wall_seconds": 1.1107022259384394,
      "total_wall_seconds": 2.750075848773122
    },
    {
      "update": 975,
      "algorithm": "macpo",
      "actor_loss": -0.16313563287258148,
      "reward_critic_loss": 0.0013966644182801247,
      "cost_critic_loss": 0.4925210177898407,
      "reward_critic_loss_last": 0.0013966644182801247,
      "cost_critic_loss_last": 0.4925210177898407,
      "critic_epochs": 1,
      "daily_voltage_cost": 0.016175726428627968,
      "daily_voltage_cost_raw": 0.016175726428627968,
      "daily_voltage_cost_normalized": 0.8087863922119141,
      "daily_economic_return_raw_yuan": -1145141.625,
      "daily_economic_return_normalized": -0.3633403778076172,
      "daily_economic_cost_raw_yuan": 1145141.625,
      "economic_reward_scale_yuan": 3151704.8194007874,
      "lagrange_multiplier": 0.0,
      "cost_budget": 1.0,
      "cost_budget_raw": 0.02,
      "cost_budget_normalized": 1.0,
      "algorithm_cost_mode": "separate_cost",
      "fixed_cost_penalty_coef": 0.0,
      "log_std_max": -2.3,
      "accepted": true,
      "mode": "reward",
      "reward_before": -2.62185977817353e-07,
      "reward_after": 0.16313563287258148,
      "cost_before": 0.8087862133979797,
      "cost_after": 0.31227320432662964,
      "kl_before": -2.384185791015625e-07,
      "kl_after": 0.005013341549783945,
      "cost_gap": -0.19121378660202026,
      "cost_recoverable": true,
      "cost_quadratic": 1049.00537109375,
      "reward_quadratic": 2.7615060806274414,
      "reward_cost_cross": -7.500776290893555,
      "max_linear_cost_drop": 6.477670479713367,
      "rollout_wall_seconds": 1.9052341990172863,
      "update_wall_seconds": 1.1134756803512573,
      "total_wall_seconds": 3.018713003024459
    },
    {
      "update": 976,
      "algorithm": "macpo",
      "actor_loss": -0.09771168977022171,
      "reward_critic_loss": 0.0018695308826863766,
      "cost_critic_loss": 1.282103419303894,
      "reward_critic_loss_last": 0.0018695308826863766,
      "cost_critic_loss_last": 1.282103419303894,
      "critic_epochs": 1,
      "daily_voltage_cost": 0.02245553582906723,
      "daily_voltage_cost_raw": 0.02245553582906723,
      "daily_voltage_cost_normalized": 1.122776746749878,
      "daily_economic_return_raw_yuan": -923898.5,
      "daily_economic_return_normalized": -0.2931424677371979,
      "daily_economic_cost_raw_yuan": 923898.5,
      "economic_reward_scale_yuan": 3151704.8194007874,
      "lagrange_multiplier": 0.0,
      "cost_budget": 1.0,
      "cost_budget_raw": 0.02,
      "cost_budget_normalized": 1.0,
      "algorithm_cost_mode": "separate_cost",
      "fixed_cost_penalty_coef": 0.0,
      "log_std_max": -2.3,
      "accepted": true,
      "mode": "cost_recovery",
      "reward_before": -1.3944649879249482e-07,
      "reward_after": 0.09771168977022171,
      "cost_before": 1.122774362564087,
      "cost_after": -6.573746681213379,
      "kl_before": -2.384185791015625e-07,
      "kl_after": 0.019924258813261986,
      "cost_gap": 0.12277436256408691,
      "cost_recoverable": true,
      "cost_quadratic": 2083.764892578125,
      "reward_quadratic": 3.682102680206299,
      "reward_cost_cross": -25.89324188232422,
      "max_linear_cost_drop": 9.129654741726272,
      "rollout_wall_seconds": 2.0719503089785576,
      "update_wall_seconds": 1.1046359911561012,
      "total_wall_seconds": 3.176588984206319
    },
    {
      "update": 977,
      "algorithm": "macpo",
      "actor_loss": -0.34800100326538086,
      "reward_critic_loss": 0.0015533051919192076,
      "cost_critic_loss": 0.19156210124492645,
      "reward_critic_loss_last": 0.0015533051919192076,
      "cost_critic_loss_last": 0.19156210124492645,
      "critic_epochs": 1,
      "daily_voltage_cost": 0.0013371959794312716,
      "daily_voltage_cost_raw": 0.0013371959794312716,
      "daily_voltage_cost_normalized": 0.06685980409383774,
      "daily_economic_return_raw_yuan": -950933.8125,
      "daily_economic_return_normalized": -0.3017204701900482,
      "daily_economic_cost_raw_yuan": 950933.8125,
      "economic_reward_scale_yuan": 3151704.8194007874,
      "lagrange_multiplier": 0.0,
      "cost_budget": 1.0,
      "cost_budget_raw": 0.02,
      "cost_budget_normalized": 1.0,
      "algorithm_cost_mode": "separate_cost",
      "fixed_cost_penalty_coef": 0.0,
      "log_std_max": -2.3,
      "accepted": true,
      "mode": "reward",
      "reward_before": 3.538105488587462e-07,
      "reward_after": 0.34800100326538086,
      "cost_before": 0.066864013671875,
      "cost_after": -0.36121228337287903,
      "kl_before": -2.384185791015625e-07,
      "kl_after": 0.019920319318771362,
      "cost_gap": -0.933135986328125,
      "cost_recoverable": true,
      "cost_quadratic": 404.89208984375,
      "reward_quadratic": 3.360304355621338,
      "reward_cost_cross": -3.1658458709716797,
      "max_linear_cost_drop": 4.024386113899858,
      "rollout_wall_seconds": 1.6943843439221382,
      "update_wall_seconds": 1.1775499116629362,
      "total_wall_seconds": 2.871936783194542
    },
    {
      "update": 978,
      "algorithm": "macpo",
      "actor_loss": -0.4103199541568756,
      "reward_critic_loss": 0.0018070217920467257,
      "cost_critic_loss": 0.317727655172348,
      "reward_critic_loss_last": 0.0018070217920467257,
      "cost_critic_loss_last": 0.317727655172348,
      "critic_epochs": 1,
      "daily_voltage_cost": 0.01352053601294756,
      "daily_voltage_cost_raw": 0.01352053601294756,
      "daily_voltage_cost_normalized": 0.6760268807411194,
      "daily_economic_return_raw_yuan": -911716.6875,
      "daily_economic_return_normalized": -0.2892773151397705,
      "daily_economic_cost_raw_yuan": 911716.6875,
      "economic_reward_scale_yuan": 3151704.8194007874,
      "lagrange_multiplier": 0.0,
      "cost_budget": 1.0,
      "cost_budget_raw": 0.02,
      "cost_budget_normalized": 1.0,
      "algorithm_cost_mode": "separate_cost",
      "fixed_cost_penalty_coef": 0.0,
      "log_std_max": -2.3,
      "accepted": true,
      "mode": "reward",
      "reward_before": 2.301674584259672e-08,
      "reward_after": 0.4103199541568756,
      "cost_before": 0.6760281920433044,
      "cost_after": 0.34290632605552673,
      "kl_before": -2.384185791015625e-07,
      "kl_after": 0.01998644322156906,
      "cost_gap": -0.32397180795669556,
      "cost_recoverable": true,
      "cost_quadratic": 676.221435546875,
      "reward_quadratic": 3.7688300609588623,
      "reward_cost_cross": -1.980661392211914,
      "max_linear_cost_drop": 5.2008516054464575,
      "rollout_wall_seconds": 2.322534054517746,
      "update_wall_seconds": 1.4719904158264399,
      "total_wall_seconds": 3.7945270612835884
    },
    {
      "update": 979,
      "algorithm": "macpo",
      "actor_loss": -0.3463519513607025,
      "reward_critic_loss": 0.0018062012968584895,
      "cost_critic_loss": 0.7475776672363281,
      "reward_critic_loss_last": 0.0018062012968584895,
      "cost_critic_loss_last": 0.7475776672363281,
      "critic_epochs": 1,
      "daily_voltage_cost": 0.013914188370108604,
      "daily_voltage_cost_raw": 0.013914188370108604,
      "daily_voltage_cost_normalized": 0.6957094669342041,
      "daily_economic_return_raw_yuan": -1275289.5,
      "daily_economic_return_normalized": -0.40463483333587646,
      "daily_economic_cost_raw_yuan": 1275289.5,
      "economic_reward_scale_yuan": 3151704.8194007874,
      "lagrange_multiplier": 0.0,
      "cost_budget": 1.0,
      "cost_budget_raw": 0.02,
      "cost_budget_normalized": 1.0,
      "algorithm_cost_mode": "separate_cost",
      "fixed_cost_penalty_coef": 0.0,
      "log_std_max": -2.3,
      "accepted": true,
      "mode": "reward",
      "reward_before": 4.011557166450075e-07,
      "reward_after": 0.3463519513607025,
      "cost_before": 0.6957213282585144,
      "cost_after": 0.4807332754135132,
      "kl_before": -2.384185791015625e-07,
      "kl_after": 0.01991046592593193,
      "cost_gap": -0.3042786717414856,
      "cost_recoverable": true,
      "cost_quadratic": 2163.267822265625,
      "reward_quadratic": 3.3147854804992676,
      "reward_cost_cross": -2.2603917121887207,
      "max_linear_cost_drop": 9.30218860756032,
      "rollout_wall_seconds": 2.4847350753843784,
      "update_wall_seconds": 1.531740652397275,
      "total_wall_seconds": 4.016478991135955
    },
    {
      "update": 980,
      "algorithm": "macpo",
      "actor_loss": -0.04132403805851936,
      "reward_critic_loss": 0.0013397651491686702,
      "cost_critic_loss": 1.2159030437469482,
      "reward_critic_loss_last": 0.0013397651491686702,
      "cost_critic_loss_last": 1.2159030437469482,
      "critic_epochs": 1,
      "daily_voltage_cost": 0.027831008657813072,
      "daily_voltage_cost_raw": 0.027831008657813072,
      "daily_voltage_cost_normalized": 1.3915504217147827,
      "daily_economic_return_raw_yuan": -1097671.25,
      "daily_economic_return_normalized": -0.34827858209609985,
      "daily_economic_cost_raw_yuan": 1097671.25,
      "economic_reward_scale_yuan": 3151704.8194007874,
      "lagrange_multiplier": 0.0,
      "cost_budget": 1.0,
      "cost_budget_raw": 0.02,
      "cost_budget_normalized": 1.0,
      "algorithm_cost_mode": "separate_cost",
      "fixed_cost_penalty_coef": 0.0,
      "log_std_max": -2.3,
      "accepted": true,
      "mode": "cost_recovery",
      "reward_before": 1.964667433185241e-07,
      "reward_after": 0.04132403805851936,
      "cost_before": 1.3915456533432007,
      "cost_after": -7.326350688934326,
      "kl_before": -2.384185791015625e-07,
      "kl_after": 0.019911836832761765,
      "cost_gap": 0.3915456533432007,
      "cost_recoverable": true,
      "cost_quadratic": 2250.0634765625,
      "reward_quadratic": 2.6545233726501465,
      "reward_cost_cross": -10.256391525268555,
      "max_linear_cost_drop": 9.486966799905016,
      "rollout_wall_seconds": 2.2330105155706406,
      "update_wall_seconds": 1.3255234770476818,
      "total_wall_seconds": 3.558537144213915
    },
    {
      "update": 981,
      "algorithm": "macpo",
      "actor_loss": -0.3409010171890259,
      "reward_critic_loss": 0.0011755269952118397,
      "cost_critic_loss": 0.25317350029945374,
      "reward_critic_loss_last": 0.0011755269952118397,
      "cost_critic_loss_last": 0.25317350029945374,
      "critic_epochs": 1,
      "daily_voltage_cost": 0.002543295966461301,
      "daily_voltage_cost_raw": 0.002543295966461301,
      "daily_voltage_cost_normalized": 0.1271647959947586,
      "daily_economic_return_raw_yuan": -875306.5,
      "daily_economic_return_normalized": -0.2777247726917267,
      "daily_economic_cost_raw_yuan": 875306.5,
      "economic_reward_scale_yuan": 3151704.8194007874,
      "lagrange_multiplier": 0.0,
      "cost_budget": 1.0,
      "cost_budget_raw": 0.02,
      "cost_budget_normalized": 1.0,
      "algorithm_cost_mode": "separate_cost",
      "fixed_cost_penalty_coef": 0.0,
      "log_std_max": -2.3,
      "accepted": true,
      "mode": "reward",
      "reward_before": -1.6719076256777043e-07,
      "reward_after": 0.3409010171890259,
      "cost_before": 0.1271667629480362,
      "cost_after": -0.9318042397499084,
      "kl_before": -2.384185791015625e-07,
      "kl_after": 0.019928263500332832,
      "cost_gap": -0.8728332370519638,
      "cost_recoverable": true,
      "cost_quadratic": 637.5057373046875,
      "reward_quadratic": 2.6531500816345215,
      "reward_cost_cross": -8.626517295837402,
      "max_linear_cost_drop": 5.049775192242473,
      "rollout_wall_seconds": 2.2303495462983847,
      "update_wall_seconds": 1.2273022942245007,
      "total_wall_seconds": 3.457654817029834
    },
    {
      "update": 982,
      "algorithm": "macpo",
      "actor_loss": -0.4180777072906494,
      "reward_critic_loss": 0.0018607022939249873,
      "cost_critic_loss": 0.6979507803916931,
      "reward_critic_loss_last": 0.0018607022939249873,
      "cost_critic_loss_last": 0.6979507803916931,
      "critic_epochs": 1,
      "daily_voltage_cost": 0.011158371344208717,
      "daily_voltage_cost_raw": 0.011158371344208717,
      "daily_voltage_cost_normalized": 0.5579186081886292,
      "daily_economic_return_raw_yuan": -1005943.4375,
      "daily_economic_return_normalized": -0.3191743791103363,
      "daily_economic_cost_raw_yuan": 1005943.4375,
      "economic_reward_scale_yuan": 3151704.8194007874,
      "lagrange_multiplier": 0.0,
      "cost_budget": 1.0,
      "cost_budget_raw": 0.02,
      "cost_budget_normalized": 1.0,
      "algorithm_cost_mode": "separate_cost",
      "fixed_cost_penalty_coef": 0.0,
      "log_std_max": -2.3,
      "accepted": true,
      "mode": "reward",
      "reward_before": 2.675792245554476e-07,
      "reward_after": 0.4180777072906494,
      "cost_before": 0.5579149723052979,
      "cost_after": -1.2503583431243896,
      "kl_before": -2.384185791015625e-07,
      "kl_after": 0.019971488043665886,
      "cost_gap": -0.44208502769470215,
      "cost_recoverable": true,
      "cost_quadratic": 1242.2076416015625,
      "reward_quadratic": 4.099617958068848,
      "reward_cost_cross": -18.4583683013916,
      "max_linear_cost_drop": 7.048993237623548,
      "rollout_wall_seconds": 2.0504633616656065,
      "update_wall_seconds": 1.148238379508257,
      "total_wall_seconds": 3.1987054217606783
    },
    {
      "update": 983,
      "algorithm": "macpo",
      "actor_loss": -0.3676949143409729,
      "reward_critic_loss": 0.001763461041264236,
      "cost_critic_loss": 0.411379337310791,
      "reward_critic_loss_last": 0.001763461041264236,
      "cost_critic_loss_last": 0.411379337310791,
      "critic_epochs": 1,
      "daily_voltage_cost": 0.01262088306248188,
      "daily_voltage_cost_raw": 0.01262088306248188,
      "daily_voltage_cost_normalized": 0.6310441493988037,
      "daily_economic_return_raw_yuan": -1023642.9375,
      "daily_economic_return_normalized": -0.32479023933410645,
      "daily_economic_cost_raw_yuan": 1023642.9375,
      "economic_reward_scale_yuan": 3151704.8194007874,
      "lagrange_multiplier": 0.0,
      "cost_budget": 1.0,
      "cost_budget_raw": 0.02,
      "cost_budget_normalized": 1.0,
      "algorithm_cost_mode": "separate_cost",
      "fixed_cost_penalty_coef": 0.0,
      "log_std_max": -2.3,
      "accepted": true,
      "mode": "reward",
      "reward_before": 4.765680330365285e-07,
      "reward_after": 0.3676949143409729,
      "cost_before": 0.6310504078865051,
      "cost_after": -0.7241644859313965,
      "kl_before": -2.384185791015625e-07,
      "kl_after": 0.019878260791301727,
      "cost_gap": -0.3689495921134949,
      "cost_recoverable": true,
      "cost_quadratic": 975.899658203125,
      "reward_quadratic": 3.5915181636810303,
      "reward_cost_cross": -12.223897933959961,
      "max_linear_cost_drop": 6.247878546204704,
      "rollout_wall_seconds": 1.4653035886585712,
      "update_wall_seconds": 0.8553199972957373,
      "total_wall_seconds": 2.320625638589263
    },
    {
      "update": 984,
      "algorithm": "macpo",
      "actor_loss": -0.4275633990764618,
      "reward_critic_loss": 0.0024087498895823956,
      "cost_critic_loss": 1.1205480098724365,
      "reward_critic_loss_last": 0.0024087498895823956,
      "cost_critic_loss_last": 1.1205480098724365,
      "critic_epochs": 1,
      "daily_voltage_cost": 0.0188676118850708,
      "daily_voltage_cost_raw": 0.0188676118850708,
      "daily_voltage_cost_normalized": 0.94338059425354,
      "daily_economic_return_raw_yuan": -1231268.625,
      "daily_economic_return_normalized": -0.39066749811172485,
      "daily_economic_cost_raw_yuan": 1231268.625,
      "economic_reward_scale_yuan": 3151704.8194007874,
      "lagrange_multiplier": 0.0,
      "cost_budget": 1.0,
      "cost_budget_raw": 0.02,
      "cost_budget_normalized": 1.0,
      "algorithm_cost_mode": "separate_cost",
      "fixed_cost_penalty_coef": 0.0,
      "log_std_max": -2.3,
      "accepted": true,
      "mode": "reward",
      "reward_before": 4.1193433730768447e-07,
      "reward_after": 0.4275633990764618,
      "cost_before": 0.9433746933937073,
      "cost_after": -1.383892297744751,
      "kl_before": -2.384185791015625e-07,
      "kl_after": 0.01987561397254467,
      "cost_gap": -0.056625306606292725,
      "cost_recoverable": true,
      "cost_quadratic": 2589.67529296875,
      "reward_quadratic": 4.712163925170898,
      "reward_cost_cross": -24.97182273864746,
      "max_linear_cost_drop": 10.177770468955861,
      "rollout_wall_seconds": 1.6160618085414171,
      "update_wall_seconds": 0.8598810769617558,
      "total_wall_seconds": 2.4759449623525143
    },
    {
      "update": 985,
      "algorithm": "macpo",
      "actor_loss": -0.37094128131866455,
      "reward_critic_loss": 0.0017555709928274155,
      "cost_critic_loss": 0.17280301451683044,
      "reward_critic_loss_last": 0.0017555709928274155,
      "cost_critic_loss_last": 0.17280301451683044,
      "critic_epochs": 1,
      "daily_voltage_cost": 0.005060786847025156,
      "daily_voltage_cost_raw": 0.005060786847025156,
      "daily_voltage_cost_normalized": 0.2530393600463867,
      "daily_economic_return_raw_yuan": -1043960.75,
      "daily_economic_return_normalized": -0.3312368392944336,
      "daily_economic_cost_raw_yuan": 1043960.75,
      "economic_reward_scale_yuan": 3151704.8194007874,
      "lagrange_multiplier": 0.0,
      "cost_budget": 1.0,
      "cost_budget_raw": 0.02,
      "cost_budget_normalized": 1.0,
      "algorithm_cost_mode": "separate_cost",
      "fixed_cost_penalty_coef": 0.0,
      "log_std_max": -2.3,
      "accepted": true,
      "mode": "reward",
      "reward_before": -3.5199838066546363e-07,
      "reward_after": 0.37094128131866455,
      "cost_before": 0.2530437707901001,
      "cost_after": 0.25486260652542114,
      "kl_before": -2.384185791015625e-07,
      "kl_after": 0.019980765879154205,
      "cost_gap": -0.7469562292098999,
      "cost_recoverable": true,
      "cost_quadratic": 424.004150390625,
      "reward_quadratic": 3.599429130554199,
      "reward_cost_cross": 2.846527576446533,
      "max_linear_cost_drop": 4.118272212424162,
      "rollout_wall_seconds": 1.913545873016119,
      "update_wall_seconds": 0.9059373084455729,
      "total_wall_seconds": 2.8194862082600594
    },
    {
      "update": 986,
      "algorithm": "macpo",
      "actor_loss": -0.3503471612930298,
      "reward_critic_loss": 0.0013697536196559668,
      "cost_critic_loss": 0.7993350028991699,
      "reward_critic_loss_last": 0.0013697536196559668,
      "cost_critic_loss_last": 0.7993350028991699,
      "critic_epochs": 1,
      "daily_voltage_cost": 0.013108957558870316,
      "daily_voltage_cost_raw": 0.013108957558870316,
      "daily_voltage_cost_normalized": 0.6554478406906128,
      "daily_economic_return_raw_yuan": -921515.4375,
      "daily_economic_return_normalized": -0.29238635301589966,
      "daily_economic_cost_raw_yuan": 921515.4375,
      "economic_reward_scale_yuan": 3151704.8194007874,
      "lagrange_multiplier": 0.0,
      "cost_budget": 1.0,
      "cost_budget_raw": 0.02,
      "cost_budget_normalized": 1.0,
      "algorithm_cost_mode": "separate_cost",
      "fixed_cost_penalty_coef": 0.0,
      "log_std_max": -2.3,
      "accepted": true,
      "mode": "reward",
      "reward_before": 6.343256586660573e-09,
      "reward_after": 0.3503471612930298,
      "cost_before": 0.6554530262947083,
      "cost_after": 0.04321926832199097,
      "kl_before": -2.384185791015625e-07,
      "kl_after": 0.019955286756157875,
      "cost_gap": -0.34454697370529175,
      "cost_recoverable": true,
      "cost_quadratic": 1612.956787109375,
      "reward_quadratic": 2.805325508117676,
      "reward_cost_cross": -4.487171649932861,
      "max_linear_cost_drop": 8.032326654486544,
      "rollout_wall_seconds": 1.5030789244920015,
      "update_wall_seconds": 1.1936536077409983,
      "total_wall_seconds": 2.6967346407473087
    },
    {
      "update": 987,
      "algorithm": "macpo",
      "actor_loss": -0.36809802055358887,
      "reward_critic_loss": 0.001569763058796525,
      "cost_critic_loss": 0.7886201739311218,
      "reward_critic_loss_last": 0.001569763058796525,
      "cost_critic_loss_last": 0.7886201739311218,
      "critic_epochs": 1,
      "daily_voltage_cost": 0.019785571843385696,
      "daily_voltage_cost_raw": 0.019785571843385696,
      "daily_voltage_cost_normalized": 0.9892786741256714,
      "daily_economic_return_raw_yuan": -935491.375,
      "daily_economic_return_normalized": -0.2968207597732544,
      "daily_economic_cost_raw_yuan": 935491.375,
      "economic_reward_scale_yuan": 3151704.8194007874,
      "lagrange_multiplier": 0.0,
      "cost_budget": 1.0,
      "cost_budget_raw": 0.02,
      "cost_budget_normalized": 1.0,
      "algorithm_cost_mode": "separate_cost",
      "fixed_cost_penalty_coef": 0.0,
      "log_std_max": -2.3,
      "accepted": true,
      "mode": "reward",
      "reward_before": 1.7465544033257174e-07,
      "reward_after": 0.36809802055358887,
      "cost_before": 0.9892768263816833,
      "cost_after": 0.18154668807983398,
      "kl_before": -2.384185791015625e-07,
      "kl_after": 0.019820645451545715,
      "cost_gap": -0.01072317361831665,
      "cost_recoverable": true,
      "cost_quadratic": 1762.84619140625,
      "reward_quadratic": 3.5383267402648926,
      "reward_cost_cross": -8.084343910217285,
      "max_linear_cost_drop": 8.39725238731396,
      "rollout_wall_seconds": 1.56915732473135,
      "update_wall_seconds": 1.0584019869565964,
      "total_wall_seconds": 2.627562467008829
    },
    {
      "update": 988,
      "algorithm": "macpo",
      "actor_loss": -0.38668251037597656,
      "reward_critic_loss": 0.001954990904778242,
      "cost_critic_loss": 0.30645501613616943,
      "reward_critic_loss_last": 0.001954990904778242,
      "cost_critic_loss_last": 0.30645501613616943,
      "critic_epochs": 1,
      "daily_voltage_cost": 0.014322261326014996,
      "daily_voltage_cost_raw": 0.014322261326014996,
      "daily_voltage_cost_normalized": 0.7161130309104919,
      "daily_economic_return_raw_yuan": -1118892.25,
      "daily_economic_return_normalized": -0.3550117611885071,
      "daily_economic_cost_raw_yuan": 1118892.25,
      "economic_reward_scale_yuan": 3151704.8194007874,
      "lagrange_multiplier": 0.0,
      "cost_budget": 1.0,
      "cost_budget_raw": 0.02,
      "cost_budget_normalized": 1.0,
      "algorithm_cost_mode": "separate_cost",
      "fixed_cost_penalty_coef": 0.0,
      "log_std_max": -2.3,
      "accepted": true,
      "mode": "reward",
      "reward_before": 2.846787197086087e-07,
      "reward_after": 0.38668251037597656,
      "cost_before": 0.716112494468689,
      "cost_after": 0.25185638666152954,
      "kl_before": -2.384185791015625e-07,
      "kl_after": 0.01998267136514187,
      "cost_gap": -0.28388750553131104,
      "cost_recoverable": true,
      "cost_quadratic": 680.1924438476562,
      "reward_quadratic": 3.8429341316223145,
      "reward_cost_cross": -4.6664886474609375,
      "max_linear_cost_drop": 5.216099860423135,
      "rollout_wall_seconds": 1.727377112954855,
      "update_wall_seconds": 0.8857552278786898,
      "total_wall_seconds": 2.613134667277336
    },
    {
      "update": 989,
      "algorithm": "macpo",
      "actor_loss": -0.3647013306617737,
      "reward_critic_loss": 0.0018322094110772014,
      "cost_critic_loss": 0.13338319957256317,
      "reward_critic_loss_last": 0.0018322094110772014,
      "cost_critic_loss_last": 0.13338319957256317,
      "critic_epochs": 1,
      "daily_voltage_cost": 0.006357316393405199,
      "daily_voltage_cost_raw": 0.006357316393405199,
      "daily_voltage_cost_normalized": 0.317865788936615,
      "daily_economic_return_raw_yuan": -1119042.875,
      "daily_economic_return_normalized": -0.35505956411361694,
      "daily_economic_cost_raw_yuan": 1119042.875,
      "economic_reward_scale_yuan": 3151704.8194007874,
      "lagrange_multiplier": 0.0,
      "cost_budget": 1.0,
      "cost_budget_raw": 0.02,
      "cost_budget_normalized": 1.0,
      "algorithm_cost_mode": "separate_cost",
      "fixed_cost_penalty_coef": 0.0,
      "log_std_max": -2.3,
      "accepted": true,
      "mode": "reward",
      "reward_before": 2.2445590275310678e-07,
      "reward_after": 0.3647013306617737,
      "cost_before": 0.3178722560405731,
      "cost_after": 0.568686842918396,
      "kl_before": -2.384185791015625e-07,
      "kl_after": 0.019973278045654297,
      "cost_gap": -0.6821277439594269,
      "cost_recoverable": true,
      "cost_quadratic": 361.3428039550781,
      "reward_quadratic": 3.5062835216522217,
      "reward_cost_cross": 3.308692455291748,
      "max_linear_cost_drop": 3.801803803223297,
      "rollout_wall_seconds": 1.5231410078704357,
      "update_wall_seconds": 0.7731509525328875,
      "total_wall_seconds": 2.2962938267737627
    },
    {
      "update": 990,
      "algorithm": "macpo",
      "actor_loss": -0.09990601986646652,
      "reward_critic_loss": 0.0017196297412738204,
      "cost_critic_loss": 1.1182827949523926,
      "reward_critic_loss_last": 0.0017196297412738204,
      "cost_critic_loss_last": 1.1182827949523926,
      "critic_epochs": 1,
      "daily_voltage_cost": 0.021409746259450912,
      "daily_voltage_cost_raw": 0.021409746259450912,
      "daily_voltage_cost_normalized": 1.070487380027771,
      "daily_economic_return_raw_yuan": -999991.1875,
      "daily_economic_return_normalized": -0.31728580594062805,
      "daily_economic_cost_raw_yuan": 999991.1875,
      "economic_reward_scale_yuan": 3151704.8194007874,
      "lagrange_multiplier": 0.0,
      "cost_budget": 1.0,
      "cost_budget_raw": 0.02,
      "cost_budget_normalized": 1.0,
      "algorithm_cost_mode": "separate_cost",
      "fixed_cost_penalty_coef": 0.0,
      "log_std_max": -2.3,
      "accepted": true,
      "mode": "cost_recovery",
      "reward_before": 1.3589374248113018e-07,
      "reward_after": 0.09990601986646652,
      "cost_before": 1.070487380027771,
      "cost_after": -6.791353225708008,
      "kl_before": -2.384185791015625e-07,
      "kl_after": 0.019966475665569305,
      "cost_gap": 0.070487380027771,
      "cost_recoverable": true,
      "cost_quadratic": 2561.926025390625,
      "reward_quadratic": 3.602442979812622,
      "reward_cost_cross": -26.512605667114258,
      "max_linear_cost_drop": 10.123094438738828,
      "rollout_wall_seconds": 1.4154170416295528,
      "update_wall_seconds": 0.8195062130689621,
      "total_wall_seconds": 2.2349251192063093
    },
    {
      "update": 991,
      "algorithm": "macpo",
      "actor_loss": -0.15276654064655304,
      "reward_critic_loss": 0.0012070767115801573,
      "cost_critic_loss": 0.15456843376159668,
      "reward_critic_loss_last": 0.0012070767115801573,
      "cost_critic_loss_last": 0.15456843376159668,
      "critic_epochs": 1,
      "daily_voltage_cost": 0.006295118946582079,
      "daily_voltage_cost_raw": 0.006295118946582079,
      "daily_voltage_cost_normalized": 0.31475597620010376,
      "daily_economic_return_raw_yuan": -1197358.5,
      "daily_economic_return_normalized": -0.3799082040786743,
      "daily_economic_cost_raw_yuan": 1197358.5,
      "economic_reward_scale_yuan": 3151704.8194007874,
      "lagrange_multiplier": 0.0,
      "cost_budget": 1.0,
      "cost_budget_raw": 0.02,
      "cost_budget_normalized": 1.0,
      "algorithm_cost_mode": "separate_cost",
      "fixed_cost_penalty_coef": 0.0,
      "log_std_max": -2.3,
      "accepted": true,
      "mode": "reward",
      "reward_before": 1.5954054788380745e-07,
      "reward_after": 0.15276654064655304,
      "cost_before": 0.31476500630378723,
      "cost_after": 0.3974066376686096,
      "kl_before": -2.384185791015625e-07,
      "kl_after": 0.005026936996728182,
      "cost_gap": -0.6852349936962128,
      "cost_recoverable": true,
      "cost_quadratic": 336.0368347167969,
      "reward_quadratic": 2.3596625328063965,
      "reward_cost_cross": 1.6499969959259033,
      "max_linear_cost_drop": 3.666261500312256,
      "rollout_wall_seconds": 1.548445351421833,
      "update_wall_seconds": 0.9421650338917971,
      "total_wall_seconds": 2.4906126484274864
    },
    {
      "update": 992,
      "algorithm": "macpo",
      "actor_loss": -0.3181505799293518,
      "reward_critic_loss": 0.0013037137687206268,
      "cost_critic_loss": 0.09041781723499298,
      "reward_critic_loss_last": 0.0013037137687206268,
      "cost_critic_loss_last": 0.09041781723499298,
      "critic_epochs": 1,
      "daily_voltage_cost": 0.001493323827162385,
      "daily_voltage_cost_raw": 0.001493323827162385,
      "daily_voltage_cost_normalized": 0.07466619461774826,
      "daily_economic_return_raw_yuan": -1055674.625,
      "daily_economic_return_normalized": -0.33495351672172546,
      "daily_economic_cost_raw_yuan": 1055674.625,
      "economic_reward_scale_yuan": 3151704.8194007874,
      "lagrange_multiplier": 0.0,
      "cost_budget": 1.0,
      "cost_budget_raw": 0.02,
      "cost_budget_normalized": 1.0,
      "algorithm_cost_mode": "separate_cost",
      "fixed_cost_penalty_coef": 0.0,
      "log_std_max": -2.3,
      "accepted": true,
      "mode": "reward",
      "reward_before": 1.0772575365081138e-07,
      "reward_after": 0.3181505799293518,
      "cost_before": 0.07467243075370789,
      "cost_after": -0.503709077835083,
      "kl_before": -2.384185791015625e-07,
      "kl_after": 0.01992671936750412,
      "cost_gap": -0.9253275692462921,
      "cost_recoverable": true,
      "cost_quadratic": 207.80264282226562,
      "reward_quadratic": 2.4863009452819824,
      "reward_cost_cross": -3.580592155456543,
      "max_linear_cost_drop": 2.8830722698001563,
      "rollout_wall_seconds": 1.7863776683807373,
      "update_wall_seconds": 0.9167182855308056,
      "total_wall_seconds": 2.703098511323333
    },
    {
      "update": 993,
      "algorithm": "macpo",
      "actor_loss": -0.3454241156578064,
      "reward_critic_loss": 0.0011774525046348572,
      "cost_critic_loss": 0.24865512549877167,
      "reward_critic_loss_last": 0.0011774525046348572,
      "cost_critic_loss_last": 0.24865512549877167,
      "critic_epochs": 1,
      "daily_voltage_cost": 0.01518518477678299,
      "daily_voltage_cost_raw": 0.01518518477678299,
      "daily_voltage_cost_normalized": 0.7592592239379883,
      "daily_economic_return_raw_yuan": -1122246.75,
      "daily_economic_return_normalized": -0.35607609152793884,
      "daily_economic_cost_raw_yuan": 1122246.75,
      "economic_reward_scale_yuan": 3151704.8194007874,
      "lagrange_multiplier": 0.0,
      "cost_budget": 1.0,
      "cost_budget_raw": 0.02,
      "cost_budget_normalized": 1.0,
      "algorithm_cost_mode": "separate_cost",
      "fixed_cost_penalty_coef": 0.0,
      "log_std_max": -2.3,
      "accepted": true,
      "mode": "reward",
      "reward_before": -4.0859839600670966e-07,
      "reward_after": 0.3454241156578064,
      "cost_before": 0.7592602968215942,
      "cost_after": -0.6619356870651245,
      "kl_before": -2.384185791015625e-07,
      "kl_after": 0.019973162561655045,
      "cost_gap": -0.24073970317840576,
      "cost_recoverable": true,
      "cost_quadratic": 499.15252685546875,
      "reward_quadratic": 2.6211657524108887,
      "reward_cost_cross": -10.415590286254883,
      "max_linear_cost_drop": 4.468344332548551,
      "rollout_wall_seconds": 1.517246449366212,
      "update_wall_seconds": 0.9123750757426023,
      "total_wall_seconds": 2.4296236485242844
    },
    {
      "update": 994,
      "algorithm": "macpo",
      "actor_loss": -0.3086213767528534,
      "reward_critic_loss": 0.0011440068483352661,
      "cost_critic_loss": 0.40563660860061646,
      "reward_critic_loss_last": 0.0011440068483352661,
      "cost_critic_loss_last": 0.40563660860061646,
      "critic_epochs": 1,
      "daily_voltage_cost": 0.011969020590186119,
      "daily_voltage_cost_raw": 0.011969020590186119,
      "daily_voltage_cost_normalized": 0.5984510779380798,
      "daily_economic_return_raw_yuan": -1073652.5,
      "daily_economic_return_normalized": -0.34065771102905273,
      "daily_economic_cost_raw_yuan": 1073652.5,
      "economic_reward_scale_yuan": 3151704.8194007874,
      "lagrange_multiplier": 0.0,
      "cost_budget": 1.0,
      "cost_budget_raw": 0.02,
      "cost_budget_normalized": 1.0,
      "algorithm_cost_mode": "separate_cost",
      "fixed_cost_penalty_coef": 0.0,
      "log_std_max": -2.3,
      "accepted": true,
      "mode": "reward",
      "reward_before": -1.2676596838900878e-07,
      "reward_after": 0.3086213767528534,
      "cost_before": 0.5984458327293396,
      "cost_after": -0.4742535948753357,
      "kl_before": -2.384185791015625e-07,
      "kl_after": 0.019955163821578026,
      "cost_gap": -0.4015541672706604,
      "cost_recoverable": true,
      "cost_quadratic": 900.5634765625,
      "reward_quadratic": 2.3700313568115234,
      "reward_cost_cross": -8.869991302490234,
      "max_linear_cost_drop": 6.0018779613134425,
      "rollout_wall_seconds": 1.5095157157629728,
      "update_wall_seconds": 0.9961678571999073,
      "total_wall_seconds": 2.5056854840368032
    },
    {
      "update": 995,
      "algorithm": "macpo",
      "actor_loss": -0.3500349819660187,
      "reward_critic_loss": 0.001356600085273385,
      "cost_critic_loss": 0.5331676006317139,
      "reward_critic_loss_last": 0.001356600085273385,
      "cost_critic_loss_last": 0.5331676006317139,
      "critic_epochs": 1,
      "daily_voltage_cost": 0.017645999789237976,
      "daily_voltage_cost_raw": 0.017645999789237976,
      "daily_voltage_cost_normalized": 0.882300078868866,
      "daily_economic_return_raw_yuan": -1202382.125,
      "daily_economic_return_normalized": -0.3815021514892578,
      "daily_economic_cost_raw_yuan": 1202382.125,
      "economic_reward_scale_yuan": 3151704.8194007874,
      "lagrange_multiplier": 0.0,
      "cost_budget": 1.0,
      "cost_budget_raw": 0.02,
      "cost_budget_normalized": 1.0,
      "algorithm_cost_mode": "separate_cost",
      "fixed_cost_penalty_coef": 0.0,
      "log_std_max": -2.3,
      "accepted": true,
      "mode": "reward",
      "reward_before": 1.5152221521930187e-07,
      "reward_after": 0.3500349819660187,
      "cost_before": 0.8822924494743347,
      "cost_after": 0.7040520310401917,
      "kl_before": -2.384185791015625e-07,
      "kl_after": 0.01987840235233307,
      "cost_gap": -0.11770755052566528,
      "cost_recoverable": true,
      "cost_quadratic": 1077.2471923828125,
      "reward_quadratic": 3.069624423980713,
      "reward_cost_cross": -1.3820042610168457,
      "max_linear_cost_drop": 6.564288818700202,
      "rollout_wall_seconds": 1.5514343827962875,
      "update_wall_seconds": 1.185470949858427,
      "total_wall_seconds": 2.7369072660803795
    },
    {
      "update": 996,
      "algorithm": "macpo",
      "actor_loss": -0.41176918148994446,
      "reward_critic_loss": 0.0021435958333313465,
      "cost_critic_loss": 0.1617199033498764,
      "reward_critic_loss_last": 0.0021435958333313465,
      "cost_critic_loss_last": 0.1617199033498764,
      "critic_epochs": 1,
      "daily_voltage_cost": 0.006359192542731762,
      "daily_voltage_cost_raw": 0.006359192542731762,
      "daily_voltage_cost_normalized": 0.31795960664749146,
      "daily_economic_return_raw_yuan": -901611.125,
      "daily_economic_return_normalized": -0.28607094287872314,
      "daily_economic_cost_raw_yuan": 901611.125,
      "economic_reward_scale_yuan": 3151704.8194007874,
      "lagrange_multiplier": 0.0,
      "cost_budget": 1.0,
      "cost_budget_raw": 0.02,
      "cost_budget_normalized": 1.0,
      "algorithm_cost_mode": "separate_cost",
      "fixed_cost_penalty_coef": 0.0,
      "log_std_max": -2.3,
      "accepted": true,
      "mode": "reward",
      "reward_before": -8.394817996304482e-07,
      "reward_after": 0.41176918148994446,
      "cost_before": 0.31796541810035706,
      "cost_after": -0.46806472539901733,
      "kl_before": -2.384185791015625e-07,
      "kl_after": 0.01991378888487816,
      "cost_gap": -0.6820345818996429,
      "cost_recoverable": true,
      "cost_quadratic": 346.7460632324219,
      "reward_quadratic": 4.116665840148926,
      "reward_cost_cross": -7.850191116333008,
      "max_linear_cost_drop": 3.7242237485544387,
      "rollout_wall_seconds": 1.4554044343531132,
      "update_wall_seconds": 1.0856729093939066,
      "total_wall_seconds": 2.5410794224590063
    },
    {
      "update": 997,
      "algorithm": "macpo",
      "actor_loss": -0.4253443479537964,
      "reward_critic_loss": 0.001886961399577558,
      "cost_critic_loss": 0.21011096239089966,
      "reward_critic_loss_last": 0.001886961399577558,
      "cost_critic_loss_last": 0.21011096239089966,
      "critic_epochs": 1,
      "daily_voltage_cost": 0.010472205467522144,
      "daily_voltage_cost_raw": 0.010472205467522144,
      "daily_voltage_cost_normalized": 0.5236102938652039,
      "daily_economic_return_raw_yuan": -1029325.5625,
      "daily_economic_return_normalized": -0.326593279838562,
      "daily_economic_cost_raw_yuan": 1029325.5625,
      "economic_reward_scale_yuan": 3151704.8194007874,
      "lagrange_multiplier": 0.0,
      "cost_budget": 1.0,
      "cost_budget_raw": 0.02,
      "cost_budget_normalized": 1.0,
      "algorithm_cost_mode": "separate_cost",
      "fixed_cost_penalty_coef": 0.0,
      "log_std_max": -2.3,
      "accepted": true,
      "mode": "reward",
      "reward_before": -1.019226090193115e-07,
      "reward_after": 0.4253443479537964,
      "cost_before": 0.5236133933067322,
      "cost_after": -0.2600337862968445,
      "kl_before": -2.384185791015625e-07,
      "kl_after": 0.01992725022137165,
      "cost_gap": -0.4763866066932678,
      "cost_recoverable": true,
      "cost_quadratic": 493.0361022949219,
      "reward_quadratic": 3.8301470279693604,
      "reward_cost_cross": -7.724554538726807,
      "max_linear_cost_drop": 4.440883255817122,
      "rollout_wall_seconds": 1.4291985798627138,
      "update_wall_seconds": 1.1393273025751114,
      "total_wall_seconds": 2.5685283727943897
    },
    {
      "update": 998,
      "algorithm": "macpo",
      "actor_loss": -0.20802408456802368,
      "reward_critic_loss": 0.0018746070563793182,
      "cost_critic_loss": 0.2537233233451843,
      "reward_critic_loss_last": 0.0018746070563793182,
      "cost_critic_loss_last": 0.2537233233451843,
      "critic_epochs": 1,
      "daily_voltage_cost": 0.006589551456272602,
      "daily_voltage_cost_raw": 0.006589551456272602,
      "daily_voltage_cost_normalized": 0.32947760820388794,
      "daily_economic_return_raw_yuan": -869228.3125,
      "daily_economic_return_normalized": -0.27579623460769653,
      "daily_economic_cost_raw_yuan": 869228.3125,
      "economic_reward_scale_yuan": 3151704.8194007874,
      "lagrange_multiplier": 0.0,
      "cost_budget": 1.0,
      "cost_budget_raw": 0.02,
      "cost_budget_normalized": 1.0,
      "algorithm_cost_mode": "separate_cost",
      "fixed_cost_penalty_coef": 0.0,
      "log_std_max": -2.3,
      "accepted": true,
      "mode": "reward",
      "reward_before": -3.5979792301077396e-07,
      "reward_after": 0.20802408456802368,
      "cost_before": 0.32947781682014465,
      "cost_after": -0.24097150564193726,
      "kl_before": -2.384185791015625e-07,
      "kl_after": 0.00501501839607954,
      "cost_gap": -0.6705221831798553,
      "cost_recoverable": true,
      "cost_quadratic": 542.9866943359375,
      "reward_quadratic": 3.9576029777526855,
      "reward_cost_cross": -8.849568367004395,
      "max_linear_cost_drop": 4.660414978672768,
      "rollout_wall_seconds": 1.5576540417969227,
      "update_wall_seconds": 0.8531690016388893,
      "total_wall_seconds": 2.4108250718563795
    },
    {
      "update": 999,
      "algorithm": "macpo",
      "actor_loss": -0.4089532792568207,
      "reward_critic_loss": 0.0017680481541901827,
      "cost_critic_loss": 0.18274979293346405,
      "reward_critic_loss_last": 0.0017680481541901827,
      "cost_critic_loss_last": 0.18274979293346405,
      "critic_epochs": 1,
      "daily_voltage_cost": 0.008677836507558823,
      "daily_voltage_cost_raw": 0.008677836507558823,
      "daily_voltage_cost_normalized": 0.43389183282852173,
      "daily_economic_return_raw_yuan": -793863.375,
      "daily_economic_return_normalized": -0.2518838047981262,
      "daily_economic_cost_raw_yuan": 793863.375,
      "economic_reward_scale_yuan": 3151704.8194007874,
      "lagrange_multiplier": 0.0,
      "cost_budget": 1.0,
      "cost_budget_raw": 0.02,
      "cost_budget_normalized": 1.0,
      "algorithm_cost_mode": "separate_cost",
      "fixed_cost_penalty_coef": 0.0,
      "log_std_max": -2.3,
      "accepted": true,
      "mode": "reward",
      "reward_before": -4.957304327035672e-07,
      "reward_after": 0.4089532792568207,
      "cost_before": 0.4338936507701874,
      "cost_after": -1.1219215393066406,
      "kl_before": -2.384185791015625e-07,
      "kl_after": 0.019917413592338562,
      "cost_gap": -0.5661063492298126,
      "cost_recoverable": true,
      "cost_quadratic": 351.7541809082031,
      "reward_quadratic": 3.509570837020874,
      "reward_cost_cross": -11.459844589233398,
      "max_linear_cost_drop": 3.7510221588692496,
      "rollout_wall_seconds": 1.400149429216981,
      "update_wall_seconds": 0.834101065993309,
      "total_wall_seconds": 2.234252445399761
    },
    {
      "update": 1000,
      "algorithm": "macpo",
      "actor_loss": -0.45582258701324463,
      "reward_critic_loss": 0.002272060140967369,
      "cost_critic_loss": 0.09237175434827805,
      "reward_critic_loss_last": 0.002272060140967369,
      "cost_critic_loss_last": 0.09237175434827805,
      "critic_epochs": 1,
      "daily_voltage_cost": 0.002574056852608919,
      "daily_voltage_cost_raw": 0.002574056852608919,
      "daily_voltage_cost_normalized": 0.12870284914970398,
      "daily_economic_return_raw_yuan": -940012.0625,
      "daily_economic_return_normalized": -0.2982551157474518,
      "daily_economic_cost_raw_yuan": 940012.0625,
      "economic_reward_scale_yuan": 3151704.8194007874,
      "lagrange_multiplier": 0.0,
      "cost_budget": 1.0,
      "cost_budget_raw": 0.02,
      "cost_budget_normalized": 1.0,
      "algorithm_cost_mode": "separate_cost",
      "fixed_cost_penalty_coef": 0.0,
      "log_std_max": -2.3,
      "accepted": true,
      "mode": "reward",
      "reward_before": -5.296168410495738e-07,
      "reward_after": 0.45582258701324463,
      "cost_before": 0.12870647013187408,
      "cost_after": -0.8561497926712036,
      "kl_before": -2.384185791015625e-07,
      "kl_after": 0.019932635128498077,
      "cost_gap": -0.8712935298681259,
      "cost_recoverable": true,
      "cost_quadratic": 206.4368896484375,
      "reward_quadratic": 4.954830169677734,
      "reward_cost_cross": -9.400100708007812,
      "max_linear_cost_drop": 2.8735823610847664,
      "rollout_wall_seconds": 1.5336267296224833,
      "update_wall_seconds": 0.8686926607042551,
      "total_wall_seconds": 2.402321871370077
    }
  ],
  "deterministic_rollout": {
    "summary": {
      "seed": 30,
      "steps": 24,
      "economic_cost": 956432.7466703244,
      "total_cost": 440632.7858983823,
      "terminal_settlement_cost": -515799.96077194205,
      "terminal_battery_asset_value": 1199.999901199335,
      "terminal_h2_asset_value": 1076223.984375,
      "terminal_undelivered_h2_energy": 4010.539021728515,
      "daily_voltage_cost": 0.0,
      "voltage_violation_area": 0.0,
      "voltage_min_pu": 0.9644919497692971,
      "voltage_max_pu": 1.0147184483300613,
      "pf_failure_rate": 0.0,
      "safe_step_rate": 1.0,
      "emergency_h2_buy": 957.8868637084961,
      "planned_h2_order": 31579.01481628418,
      "late_h2_order": 10500.939849853516,
      "pending_h2_energy": 4010.5390625,
      "history_off": false,
      "gru_hidden_off": false,
      "previous_action_off": false,
      "cross_agent_off": false,
      "eta_delay_hours": 0,
      "intent_action_mae": null,
      "intent_action_correlation": null,
      "intent_residual_max": null,
      "intent_residual_utilization_mean": null
    },
    "steps": [
      {
        "step": 0,
        "actions": [
          [
            0.43206146359443665,
            -0.6365318894386292,
            -0.08854926377534866,
            -0.36563533544540405,
            0.20547322928905487,
            0.20213522017002106,
            -0.23971116542816162,
            -0.2252414971590042
          ],
          [
            -0.02997518703341484,
            -0.14597460627555847,
            -0.10179565846920013,
            0.5384007096290588,
            0.0644085630774498,
            0.06827150285243988,
            -0.11491250991821289,
            0.03183101490139961
          ],
          [
            0.279108464717865,
            -0.121581070125103,
            0.5197948813438416,
            -0.06300520151853561,
            -0.006366555579006672,
            -0.5778849124908447,
            0.13738857209682465,
            -0.15311527252197266
          ],
          [
            0.14009717106819153,
            0.4788106381893158,
            0.1544693559408188,
            0.06136607378721237,
            -0.35804447531700134,
            -0.4485774040222168,
            -0.46026909351348877,
            -0.18600179255008698
          ]
        ],
        "intents": [
          [
            0.0,
            0.0,
            0.0
          ],
          [
            0.0,
            0.0,
            0.0
          ],
          [
            0.0,
            0.0,
            0.0
          ],
          [
            0.0,
            0.0,
            0.0
          ]
        ],
        "economic_cost": 139568.0034866333,
        "step_total_cost": 139568.0034866333,
        "terminal_settlement_cost": 0.0,
        "terminal_battery_asset_value": 1329.5577188475,
        "terminal_h2_asset_value": 545926.81640625,
        "terminal_undelivered_h2_energy": 3485.468421875,
        "voltage_cost": 0.0,
        "voltage_violation_area": 0.0,
        "voltage_min_pu": 0.9752651907398509,
        "voltage_max_pu": 1.0,
        "pf_converged": true,
        "pcc_p_kw": [
          471.79412841796875,
          -1975.2210693359375,
          124.31314086914062,
          1108.324462890625
        ],
        "pcc_q_kvar": [
          626.4455364165836,
          24.36843502521515,
          538.034994918404,
          605.4205634179962
        ],
        "p_el": [
          1432.0615234375,
          1455.0372314453125,
          319.7771301269531,
          456.03887939453125
        ],
        "p_bat": [
          -1273.063720703125,
          -0.0,
          -182.37161254882812,
          383.04852294921875
        ],
        "soc": [
          0.23198658227920532,
          0.5,
          0.4520074725151062,
          0.6819480657577515
        ],
        "p_ht": [
          410.94647216796875,
          128.81712341308594,
          -21.646289825439453,
          -985.3568115234375
        ],
        "h2_emergency_buy_energy": [
          0.0,
          0.0,
          711.8851928710938,
          3.0517578125e-05
        ],
        "h2_planned_external_order_energy": [
          0.0,
          0.0,
          1051.9365234375,
          2240.154296875
        ],
        "h2_late_order_energy": [
          0.0,
          0.0,
          0.0,
          0.0
        ],
        "h2_level": [
          212.32962036132812,
          203.86489868164062,
          119.35054779052734,
          90.43634033203125
        ],
        "e_h2_load": [
          271.5590515136719,
          194.55198669433594,
          925.3977661132812,
          1281.7821044921875
        ],
        "pending_h2_energy_total": 3485.46826171875,
        "pending_h2_energy_agent": [
          0.0,
          0.0,
          1316.9990234375,
          2168.46923828125
        ],
        "external_min_eta": [
          0.0,
          0.0,
          0.0,
          0.0
        ]
      },
      {
        "step": 1,
        "actions": [
          [
            0.6986955404281616,
            -0.6037337183952332,
            -0.16498643159866333,
            -0.5320296287536621,
            0.3664550483226776,
            0.2393239438533783,
            -0.007058237679302692,
            -0.16002026200294495
          ],
          [
            0.2569164037704468,
            -0.11678196489810944,
            0.018048832193017006,
            0.5439906120300293,
            -0.003392362967133522,
            0.11721432954072952,
            -0.10193797200918198,
            -0.07492034882307053
          ],
          [
            0.5127828121185303,
            -0.19688796997070312,
            0.6127841472625732,
            -0.007456744555383921,
            -0.16227106750011444,
            -0.5907742977142334,
            0.2945413589477539,
            0.058716777712106705
          ],
          [
            0.4111819267272949,
            0.518852949142456,
            0.07559813559055328,
            0.45275038480758667,
            -0.33922529220581055,
            -0.658823549747467,
            -0.5093730688095093,
            -0.21885430812835693
          ]
        ],
        "intents": [
          [
            0.0,
            0.0,
            0.0
          ],
          [
            0.0,
            0.0,
            0.0
          ],
          [
            0.0,
            0.0,
            0.0
          ],
          [
            0.0,
            0.0,
            0.0
          ]
        ],
        "economic_cost": 31142.992458343506,
        "step_total_cost": 31142.992458343506,
        "terminal_settlement_cost": 0.0,
        "terminal_battery_asset_value": 1166.3501684169023,
        "terminal_h2_asset_value": 535843.359375,
        "terminal_undelivered_h2_energy": 4827.14478125,
        "voltage_cost": 0.0,
        "voltage_violation_area": 0.0,
        "voltage_min_pu": 0.9690786848299463,
        "voltage_max_pu": 1.0,
        "pf_converged": true,
        "pcc_p_kw": [
          1294.10400390625,
          -1462.122314453125,
          0.0,
          1137.0472412109375
        ],
        "pcc_q_kvar": [
          505.4771203913462,
          260.06383442878723,
          -10.378230019821558,
          652.9081030107993
        ],
        "p_el": [
          1698.695556640625,
          1885.3746337890625,
          378.1957092285156,
          564.4727783203125
        ],
        "p_bat": [
          -626.936279296875,
          -0.0,
          -264.4996337890625,
          415.0823669433594
        ],
        "soc": [
          0.10000000149011612,
          0.5,
          0.38240230083465576,
          0.879112184047699
        ],
        "p_ht": [
          732.9100952148438,
          -0.0,
          -447.0419921875,
          -621.983642578125
        ],
        "h2_emergency_buy_energy": [
          0.0,
          0.0,
          0.0,
          0.0
        ],
        "h2_planned_external_order_energy": [
          0.0,
          0.0,
          0.0,
          1134.3916015625
        ],
        "h2_late_order_energy": [
          0.0,
          0.0,
          0.0,
          0.0
        ],
        "h2_level": [
          234.31912231445312,
          203.86489868164062,
          105.93795013427734,
          71.77496337890625
        ],
        "e_h2_load": [
          204.53912353515625,
          149.4183349609375,
          673.9594116210938,
          988.8909301757812
        ],
        "pending_h2_energy_total": 4827.14453125,
        "pending_h2_energy_agent": [
          0.0,
          0.0,
          1316.9990234375,
          3510.1455078125
        ],
        "external_min_eta": [
          0.0,
          0.0,
          0.0,
          0.0
        ]
      },
      {
        "step": 2,
        "actions": [
          [
            0.795600950717926,
            -0.5068278908729553,
            -0.27150124311447144,
            -0.6160724759101868,
            0.4777957499027252,
            0.17865316569805145,
            0.10749262571334839,
            -0.016484523192048073
          ],
          [
            0.45850053429603577,
            -0.012676582671701908,
            0.08611226081848145,
            0.4111780524253845,
            -0.004428625572472811,
            0.024370307102799416,
            -0.027271680533885956,
            -0.156807541847229
          ],
          [
            0.653371274471283,
            -0.27683988213539124,
            0.6325784921646118,
            0.061961378902196884,
            -0.21955597400665283,
            -0.5549083948135376,
            0.5215597748756409,
            0.15144407749176025
          ],
          [
            0.4803429841995239,
            0.6156266331672668,
            -0.06735655665397644,
            0.5962818264961243,
            -0.3219244182109833,
            -0.6330167055130005,
            -0.5070890784263611,
            -0.3252100646495819
          ]
        ],
        "intents": [
          [
            0.0,
            0.0,
            0.0
          ],
          [
            0.0,
            0.0,
            0.0
          ],
          [
            0.0,
            0.0,
            0.0
          ],
          [
            0.0,
            0.0,
            0.0
          ]
        ],
        "economic_cost": 2577.175003051758,
        "step_total_cost": 2577.175003051758,
        "terminal_settlement_cost": 0.0,
        "terminal_battery_asset_value": 1098.8405710077495,
        "terminal_h2_asset_value": 543533.26171875,
        "terminal_undelivered_h2_energy": 6270.30658190918,
        "voltage_cost": 0.0,
        "voltage_violation_area": 0.0,
        "voltage_min_pu": 0.9664011981119834,
        "voltage_max_pu": 1.0,
        "pf_converged": true,
        "pcc_p_kw": [
          1956.4095458984375,
          -1126.6015625,
          0.0,
          735.8013916015625
        ],
        "pcc_q_kvar": [
          153.92837995290756,
          447.77087020874023,
          -249.88194412307905,
          893.6774197587466
        ],
        "p_el": [
          1795.6009521484375,
          2187.750732421875,
          413.3428039550781,
          592.13720703125
        ],
        "p_bat": [
          -7.078051567077637e-06,
          -0.0,
          -253.46713256835938,
          43.97434997558594
        ],
        "soc": [
          0.10000000149011612,
          0.5,
          0.3157004117965698,
          0.8999999761581421
        ],
        "p_ht": [
          955.5914916992188,
          -0.0,
          -308.25335693359375,
          -391.00787353515625
        ],
        "h2_emergency_buy_energy": [
          0.0,
          0.0,
          0.0,
          0.0
        ],
        "h2_planned_external_order_energy": [
          0.0,
          0.0,
          0.0,
          64.61672973632812
        ],
        "h2_late_order_energy": [
          0.0,
          0.0,
          0.0,
          0.0
        ],
        "h2_level": [
          262.98974609375,
          203.86489868164062,
          96.68942260742188,
          60.04355239868164
        ],
        "e_h2_load": [
          169.27647399902344,
          127.83780670166016,
          556.259033203125,
          775.8970336914062
        ],
        "pending_h2_energy_total": 6270.30615234375,
        "pending_h2_energy_agent": [
          0.0,
          0.0,
          1316.9990234375,
          4953.30712890625
        ],
        "external_min_eta": [
          0.0,
          0.0,
          0.0,
          0.0
        ]
      },
      {
        "step": 3,
        "actions": [
          [
            0.8310632109642029,
            -0.3955395817756653,
            -0.3449634611606598,
            -0.6325534582138062,
            0.5350044965744019,
            0.10594942420721054,
            0.106057308614254,
            0.15226931869983673
          ],
          [
            0.5654367804527283,
            0.09118854999542236,
            0.09675011783838272,
            0.3147660195827484,
            0.07356806844472885,
            -0.005037590861320496,
            0.04372761771082878,
            -0.18246905505657196
          ],
          [
            0.7324904203414917,
            -0.39953115582466125,
            0.6067039966583252,
            0.12121673673391342,
            -0.22817716002464294,
            -0.4844152331352234,
            0.6954562067985535,
            0.21250532567501068
          ],
          [
            0.5057259798049927,
            0.674209713935852,
            -0.22797784209251404,
            0.6265800595283508,
            -0.3608381152153015,
            -0.5428217649459839,
            -0.4091438353061676,
            -0.3688714802265167
          ]
        ],
        "intents": [
          [
            0.0,
            0.0,
            0.0
          ],
          [
            0.0,
            0.0,
            0.0
          ],
          [
            0.0,
            0.0,
            0.0
          ],
          [
            0.0,
            0.0,
            0.0
          ]
        ],
        "economic_cost": 66899.12557983398,
        "step_total_cost": 66899.12557983398,
        "terminal_settlement_cost": 0.0,
        "terminal_battery_asset_value": 1050.8971120713977,
        "terminal_h2_asset_value": 630897.3046875,
        "terminal_undelivered_h2_energy": 7508.31516394043,
        "voltage_cost": 0.0,
        "voltage_violation_area": 0.0,
        "voltage_min_pu": 0.967663760823574,
        "voltage_max_pu": 1.0,
        "pf_converged": true,
        "pcc_p_kw": [
          1962.835205078125,
          -1014.22021484375,
          0.0,
          680.385986328125
        ],
        "pcc_q_kvar": [
          -262.5138850212097,
          502.97792876570986,
          -404.6042273399389,
          982.5038938522338
        ],
        "p_el": [
          1831.063232421875,
          2348.1552734375,
          433.12261962890625,
          602.2904052734375
        ],
        "p_bat": [
          -7.078051567077637e-06,
          109.42626190185547,
          -250.57797241210938,
          5.019338641432114e-05
        ],
        "soc": [
          0.10000000149011612,
          0.5346516370773315,
          0.24975883960723877,
          0.8999999761581421
        ],
        "p_ht": [
          1070.009033203125,
          147.13613891601562,
          -233.74334716796875,
          -239.73867797851562
        ],
        "h2_emergency_buy_energy": [
          0.0,
          0.0,
          0.0,
          0.0
        ],
        "h2_planned_external_order_energy": [
          0.0,
          0.0,
          1616.0079345703125,
          592.601806640625
        ],
        "h2_late_order_energy": [
          0.0,
          0.0,
          0.0,
          0.0
        ],
        "h2_level": [
          295.0932312011719,
          208.2794189453125,
          89.67642211914062,
          117.91126251220703
        ],
        "e_h2_load": [
          152.0926513671875,
          114.47989654541016,
          493.616943359375,
          631.2274169921875
        ],
        "pending_h2_energy_total": 7508.3154296875,
        "pending_h2_energy_agent": [
          0.0,
          0.0,
          2925.62353515625,
          4582.69189453125
        ],
        "external_min_eta": [
          0.0,
          0.0,
          0.0,
          0.0
        ]
      },
      {
        "step": 4,
        "actions": [
          [
            0.8305795788764954,
            -0.24132047593593597,
            -0.40044113993644714,
            -0.6079115867614746,
            0.5641989707946777,
            0.05039606988430023,
            0.08954307436943054,
            0.31402504444122314
          ],
          [
            0.6177483201026917,
            0.20038646459579468,
            0.07624905556440353,
            0.24567481875419617,
            0.13175082206726074,
            0.03989912196993828,
            0.06268410384654999,
            -0.17091721296310425
          ],
          [
            0.74151611328125,
            -0.48508891463279724,
            0.5480283498764038,
            0.1794581562280655,
            -0.24038705229759216,
            -0.4219536781311035,
            0.7757712006568909,
            0.2827850580215454
          ],
          [
            0.502559244632721,
            0.7070940732955933,
            -0.3032386898994446,
            0.6539742946624756,
            -0.43144869804382324,
            -0.5062261819839478,
            -0.3194640576839447,
            -0.3615902364253998
          ]
        ],
        "intents": [
          [
            0.0,
            0.0,
            0.0
          ],
          [
            0.0,
            0.0,
            0.0
          ],
          [
            0.0,
            0.0,
            0.0
          ],
          [
            0.0,
            0.0,
            0.0
          ]
        ],
        "economic_cost": 80516.76984786987,
        "step_total_cost": 80516.76984786987,
        "terminal_settlement_cost": 0.0,
        "terminal_battery_asset_value": 1019.6451088764297,
        "terminal_h2_asset_value": 735023.0859375,
        "terminal_undelivered_h2_energy": 8546.555657836914,
        "voltage_cost": 0.0,
        "voltage_violation_area": 0.0,
        "voltage_min_pu": 0.9658457800286316,
        "voltage_max_pu": 1.0,
        "pf_converged": true,
        "pcc_p_kw": [
          1960.604736328125,
          -401.668701171875,
          0.0,
          715.5111694335938
        ],
        "pcc_q_kvar": [
          -655.9682807922363,
          469.0230756607241,
          -574.5310958047626,
          971.2674112319945
        ],
        "p_el": [
          1830.57958984375,
          2426.62255859375,
          435.3790283203125,
          601.023681640625
        ],
        "p_bat": [
          -7.078051567077637e-06,
          240.46376037597656,
          -315.98309326171875,
          5.019338641432114e-05
        ],
        "soc": [
          0.10000000149011612,
          0.6107984781265259,
          0.1666053980588913,
          0.8999999761581421
        ],
        "p_ht": [
          1128.39794921875,
          263.50164794921875,
          -227.30609130859375,
          -352.4087829589844
        ],
        "h2_emergency_buy_energy": [
          0.0,
          0.0,
          0.0,
          0.0
        ],
        "h2_planned_external_order_energy": [
          0.0,
          0.0,
          1865.4500732421875,
          793.689453125
        ],
        "h2_late_order_energy": [
          0.0,
          0.0,
          0.0,
          0.0
        ],
        "h2_level": [
          328.94854736328125,
          216.1852569580078,
          122.3704833984375,
          147.59225463867188
        ],
        "e_h2_load": [
          139.80723571777344,
          101.53614807128906,
          488.53350830078125,
          743.0741577148438
        ],
        "pending_h2_energy_total": 8546.5556640625,
        "pending_h2_energy_agent": [
          0.0,
          0.0,
          3411.917724609375,
          5134.6376953125
        ],
        "external_min_eta": [
          0.0,
          0.0,
          0.16666666666666666,
          0.0
        ]
      },
      {
        "step": 5,
        "actions": [
          [
            0.8158625960350037,
            -0.08961427211761475,
            -0.4407941997051239,
            -0.5555828213691711,
            0.5822896957397461,
            0.022972634062170982,
            0.0372423455119133,
            0.44172316789627075
          ],
          [
            0.6213046908378601,
            0.3025891184806824,
            0.029530096799135208,
            0.24332545697689056,
            0.1846524327993393,
            0.14647634327411652,
            0.05054067075252533,
            -0.14576326310634613
          ],
          [
            0.7260238528251648,
            -0.578869640827179,
            0.488310307264328,
            0.23807382583618164,
            -0.21858425438404083,
            -0.39406514167785645,
            0.8031013607978821,
            0.3836885392665863
          ],
          [
            0.49133560061454773,
            0.7243143320083618,
            -0.34491944313049316,
            0.6690098643302917,
            -0.5229761600494385,
            -0.4270276427268982,
            -0.22008855640888214,
            -0.33556970953941345
          ]
        ],
        "intents": [
          [
            0.0,
            0.0,
            0.0
          ],
          [
            0.0,
            0.0,
            0.0
          ],
          [
            0.0,
            0.0,
            0.0
          ],
          [
            0.0,
            0.0,
            0.0
          ]
        ],
        "economic_cost": 124528.86267781258,
        "step_total_cost": 124528.86267781258,
        "terminal_settlement_cost": 0.0,
        "terminal_battery_asset_value": 1043.2040453594527,
        "terminal_h2_asset_value": 805099.1015625,
        "terminal_undelivered_h2_energy": 11991.016137451172,
        "voltage_cost": 0.0,
        "voltage_violation_area": 0.0,
        "voltage_min_pu": 0.9644919497692971,
        "voltage_max_pu": 1.0,
        "pf_converged": true,
        "pcc_p_kw": [
          1970.305419921875,
          12.0029296875,
          138.83326721191406,
          731.1152954101562
        ],
        "pcc_q_kvar": [
          -960.6288814544678,
          406.99340474310503,
          -813.4136962190003,
          912.0577640758875
        ],
        "p_el": [
          1815.862548828125,
          2431.95703125,
          431.5059509277344,
          596.5342407226562
        ],
        "p_bat": [
          -7.078051567077637e-06,
          363.10693359375,
          -253.1005096435547,
          5.019338641432114e-05
        ],
        "soc": [
          0.10000000149011612,
          0.7257823348045349,
          0.10000000149011612,
          0.8999999761581421
        ],
        "p_ht": [
          1164.579345703125,
          369.30487060546875,
          -275.9407043457031,
          -365.2381591796875
        ],
        "h2_emergency_buy_energy": [
          41.758941650390625,
          0.0,
          0.0,
          0.0
        ],
        "h2_planned_external_order_energy": [
          852.4771728515625,
          0.0,
          1969.288330078125,
          1217.1561279296875
        ],
        "h2_late_order_energy": [
          0.0,
          0.0,
          0.0,
          0.0
        ],
        "h2_level": [
          363.8894348144531,
          227.26551818847656,
          114.0914306640625,
          179.93319702148438
        ],
        "e_h2_load": [
          148.28335571289062,
          100.92308044433594,
          534.8442993164062,
          752.9854125976562
        ],
        "pending_h2_energy_total": 11991.0166015625,
        "pending_h2_energy_agent": [
          818.3781127929688,
          0.0,
          5302.4345703125,
          5870.2041015625
        ],
        "external_min_eta": [
          0.0,
          0.0,
          0.16666666666666666,
          0.0
        ]
      },
      {
        "step": 6,
        "actions": [
          [
            0.7901873588562012,
            0.03436078131198883,
            -0.46897146105766296,
            -0.4875074028968811,
            0.5982832908630371,
            0.02958381548523903,
            -0.032139938324689865,
            0.5349650979042053
          ],
          [
            0.6117222905158997,
            0.39362889528274536,
            -0.029199903830885887,
            0.3146785497665405,
            0.23939146101474762,
            0.29942721128463745,
            0.014877120964229107,
            -0.14159135520458221
          ],
          [
            0.6964442729949951,
            -0.6181589365005493,
            0.43016934394836426,
            0.2623080313205719,
            -0.24699163436889648,
            -0.376497745513916,
            0.8179712295532227,
            0.46397706866264343
          ],
          [
            0.538487434387207,
            0.7354612350463867,
            -0.37817859649658203,
            0.6376813054084778,
            -0.6018441319465637,
            -0.3850046396255493,
            -0.08460044860839844,
            -0.33402320742607117
          ]
        ],
        "intents": [
          [
            0.0,
            0.0,
            0.0
          ],
          [
            0.0,
            0.0,
            0.0
          ],
          [
            0.0,
            0.0,
            0.0
          ],
          [
            0.0,
            0.0,
            0.0
          ]
        ],
        "economic_cost": 136623.90006160736,
        "step_total_cost": 136623.90006160736,
        "terminal_settlement_cost": 0.0,
        "terminal_battery_asset_value": 1197.410789768328,
        "terminal_h2_asset_value": 894436.7578125,
        "terminal_undelivered_h2_energy": 15269.672778076172,
        "voltage_cost": 0.0,
        "voltage_violation_area": 0.0,
        "voltage_min_pu": 0.9666705551174181,
        "voltage_max_pu": 1.0,
        "pf_converged": true,
        "pcc_p_kw": [
          1883.06298828125,
          36.50341796875,
          273.9039001464844,
          595.1962280273438
        ],
        "pcc_q_kvar": [
          -1194.0634484321063,
          393.4034075840299,
          -1008.0011677584303,
          892.8908558840171
        ],
        "p_el": [
          1790.1873779296875,
          2417.58349609375,
          424.1110534667969,
          615.3949584960938
        ],
        "p_bat": [
          68.72156524658203,
          472.35467529296875,
          -5.662441253662109e-06,
          5.019338641432114e-05
        ],
        "soc": [
          0.11305709928274155,
          0.8753613233566284,
          0.10000000149011612,
          0.8999999761581421
        ],
        "p_ht": [
          1196.5665283203125,
          478.7829284667969,
          -301.4858703613281,
          -193.7960205078125
        ],
        "h2_emergency_buy_energy": [
          67.2896957397461,
          0.0,
          0.0,
          0.0
        ],
        "h2_planned_external_order_energy": [
          857.986572265625,
          0.0,
          2026.38232421875,
          1507.2950439453125
        ],
        "h2_late_order_energy": [
          0.0,
          0.0,
          0.0,
          0.0
        ],
        "h2_level": [
          399.7900085449219,
          241.6304473876953,
          105.04595184326172,
          228.05972290039062
        ],
        "e_h2_load": [
          123.8542709350586,
          101.52264404296875,
          555.9525146484375,
          593.802734375
        ],
        "pending_h2_energy_total": 15269.673828125,
        "pending_h2_energy_agent": [
          1635.1812744140625,
          0.0,
          7231.55078125,
          6402.94091796875
        ],
        "external_min_eta": [
          0.0,
          0.0,
          0.16666666666666666,
          0.0
        ]
      },
      {
        "step": 7,
        "actions": [
          [
            0.776564359664917,
            0.09195788204669952,
            -0.4614953100681305,
            -0.4393514096736908,
            0.6148319244384766,
            0.10295949876308441,
            -0.1493726372718811,
            0.5622715353965759
          ],
          [
            0.5861645340919495,
            0.44854068756103516,
            -0.06256017088890076,
            0.33448994159698486,
            0.25160130858421326,
            0.4214635491371155,
            -0.001032897736877203,
            -0.130692720413208
          ],
          [
            0.6700258255004883,
            -0.5827311873435974,
            0.35952141880989075,
            0.25071486830711365,
            -0.3034311532974243,
            -0.3606473207473755,
            0.8385558724403381,
            0.4646851122379303
          ],
          [
            0.567226767539978,
            0.772840142250061,
            -0.3566756248474121,
            0.620509147644043,
            -0.6740489602088928,
            -0.4487856924533844,
            -0.03114442713558674,
            -0.26318955421447754
          ]
        ],
        "intents": [
          [
            0.0,
            0.0,
            0.0
          ],
          [
            0.0,
            0.0,
            0.0
          ],
          [
            0.0,
            0.0,
            0.0
          ],
          [
            0.0,
            0.0,
            0.0
          ]
        ],
        "economic_cost": 138015.5089483261,
        "step_total_cost": 138015.5089483261,
        "terminal_settlement_cost": 0.0,
        "terminal_battery_asset_value": 1272.001515388547,
        "terminal_h2_asset_value": 972856.640625,
        "terminal_undelivered_h2_energy": 18599.617395751953,
        "voltage_cost": 0.0,
        "voltage_violation_area": 0.0,
        "voltage_min_pu": 0.9748336224471206,
        "voltage_max_pu": 1.0,
        "pf_converged": true,
        "pcc_p_kw": [
          1379.7476806640625,
          -221.66015625,
          189.6219940185547,
          324.4488525390625
        ],
        "pcc_q_kvar": [
          -1136.9817319839976,
          369.6370619455549,
          -1017.5710611798929,
          741.4054543919292
        ],
        "p_el": [
          1776.5643310546875,
          2379.246826171875,
          417.5064697265625,
          626.8906860351562
        ],
        "p_bat": [
          183.915771484375,
          77.80635070800781,
          -5.662441253662109e-06,
          5.019338641432114e-05
        ],
        "soc": [
          0.14800108969211578,
          0.8999999761581421,
          0.10000000149011612,
          0.8999999761581421
        ],
        "p_ht": [
          1229.663818359375,
          503.2026062011719,
          -225.7587127685547,
          -501.73602294921875
        ],
        "h2_emergency_buy_energy": [
          136.95254516601562,
          0.0,
          0.0,
          0.0
        ],
        "h2_planned_external_order_energy": [
          919.1329956054688,
          0.0,
          2077.896240234375,
          1295.87255859375
        ],
        "h2_late_order_energy": [
          0.0,
          0.0,
          0.0,
          0.0
        ],
        "h2_level": [
          436.6836242675781,
          256.72802734375,
          146.53607177734375,
          213.00613403320312
        ],
        "e_h2_load": [
          150.88369750976562,
          99.87191009521484,
          476.2626037597656,
          909.2149658203125
        ],
        "pending_h2_energy_total": 18599.6171875,
        "pending_h2_energy_agent": [
          2495.48974609375,
          0.0,
          7584.46044921875,
          8519.66796875
        ],
        "external_min_eta": [
          0.0,
          0.16666666666666666,
          0.16666666666666666,
          0.0
        ]
      },
      {
        "step": 8,
        "actions": [
          [
            0.7664068341255188,
            0.036597467958927155,
            -0.42205867171287537,
            -0.42883607745170593,
            0.6521806120872498,
            0.24529457092285156,
            -0.29612189531326294,
            0.5554352402687073
          ],
          [
            0.5474226474761963,
            0.4308704435825348,
            -0.14274269342422485,
            0.4158998727798462,
            0.2508881986141205,
            0.5148642659187317,
            -0.04535479098558426,
            -0.16658931970596313
          ],
          [
            0.622219443321228,
            -0.5475448966026306,
            0.3014782667160034,
            0.22601164877414703,
            -0.34564071893692017,
            -0.41646185517311096,
            0.8179120421409607,
            0.4460059106349945
          ],
          [
            0.552136242389679,
            0.8119027018547058,
            -0.3276655375957489,
            0.5867589712142944,
            -0.7291445732116699,
            -0.49987632036209106,
            0.012022272683680058,
            -0.07312649488449097
          ]
        ],
        "intents": [
          [
            0.0,
            0.0,
            0.0
          ],
          [
            0.0,
            0.0,
            0.0
          ],
          [
            0.0,
            0.0,
            0.0
          ],
          [
            0.0,
            0.0,
            0.0
          ]
        ],
        "economic_cost": 62001.552919864655,
        "step_total_cost": 62001.552919864655,
        "terminal_settlement_cost": 0.0,
        "terminal_battery_asset_value": 1292.8622095768515,
        "terminal_h2_asset_value": 1000241.6015625,
        "terminal_undelivered_h2_energy": 20541.53004614258,
        "voltage_cost": 0.0,
        "voltage_violation_area": 0.0,
        "voltage_min_pu": 0.9847990359312724,
        "voltage_max_pu": 1.0,
        "pf_converged": true,
        "pcc_p_kw": [
          372.1988525390625,
          -407.59130859375,
          153.63735961914062,
          -17.088485717773438
        ],
        "pcc_q_kvar": [
          -714.6033424161052,
          460.0940617824726,
          -933.5178486230225,
          338.0612049493501
        ],
        "p_el": [
          1766.4068603515625,
          2321.134033203125,
          405.55487060546875,
          620.8544921875
        ],
        "p_bat": [
          73.19493865966797,
          7.52900741645135e-05,
          -5.662441253662109e-06,
          5.019338641432114e-05
        ],
        "soc": [
          0.1619081348180771,
          0.8999999761581421,
          0.10000000149011612,
          0.8999999761581421
        ],
        "p_ht": [
          29.339929580688477,
          501.7763977050781,
          -461.1153564453125,
          -947.999755859375
        ],
        "h2_emergency_buy_energy": [
          0.0,
          0.0,
          1.52587890625e-05,
          0.0
        ],
        "h2_planned_external_order_energy": [
          0.0,
          0.0,
          899.5202026367188,
          1162.9163818359375
        ],
        "h2_late_order_energy": [
          0.0,
          0.0,
          0.0,
          0.0
        ],
        "h2_level": [
          437.56390380859375,
          271.7828369140625,
          186.4315643310547,
          184.56329345703125
        ],
        "e_h2_load": [
          210.1659698486328,
          138.1246337890625,
          704.4483032226562,
          1351.55517578125
        ],
        "pending_h2_energy_total": 20541.53125,
        "pending_h2_energy_agent": [
          2495.48974609375,
          0.0,
          7599.09521484375,
          10446.9462890625
        ],
        "external_min_eta": [
          0.0,
          0.16666666666666666,
          0.0,
          0.0
        ]
      },
      {
        "step": 9,
        "actions": [
          [
            0.7886068224906921,
            -0.0012696526246145368,
            -0.38794100284576416,
            -0.392474889755249,
            0.686509907245636,
            0.3784385323524475,
            -0.3522014915943146,
            0.5063421726226807
          ],
          [
            0.5545778870582581,
            0.3735372722148895,
            -0.1813121736049652,
            0.513113796710968,
            0.22994369268417358,
            0.5849802494049072,
            -0.1267133355140686,
            -0.27108004689216614
          ],
          [
            0.5983506441116333,
            -0.42470434308052063,
            0.18090379238128662,
            0.18340066075325012,
            -0.4391641318798065,
            -0.4232747554779053,
            0.8319351077079773,
            0.3561421036720276
          ],
          [
            0.5085334181785583,
            0.8374688029289246,
            -0.3557804822921753,
            0.5715693831443787,
            -0.7287836670875549,
            -0.44823595881462097,
            0.052309293299913406,
            0.15156398713588715
          ]
        ],
        "intents": [
          [
            0.0,
            0.0,
            0.0
          ],
          [
            0.0,
            0.0,
            0.0
          ],
          [
            0.0,
            0.0,
            0.0
          ],
          [
            0.0,
            0.0,
            0.0
          ]
        ],
        "economic_cost": 12697.110801696777,
        "step_total_cost": 12697.110801696777,
        "terminal_settlement_cost": 0.0,
        "terminal_battery_asset_value": 1292.8622095768515,
        "terminal_h2_asset_value": 1036366.9921875,
        "terminal_undelivered_h2_energy": 19958.8410546875,
        "voltage_cost": 0.0,
        "voltage_violation_area": 0.0,
        "voltage_min_pu": 0.9917061701873441,
        "voltage_max_pu": 1.0,
        "pf_converged": true,
        "pcc_p_kw": [
          -536.7666625976562,
          -649.10400390625,
          -27.2369384765625,
          -309.812255859375
        ],
        "pcc_q_kvar": [
          186.23731994628906,
          705.5383198119976,
          -674.6100946992794,
          -84.35056378285265
        ],
        "p_el": [
          1788.6068115234375,
          2331.866943359375,
          399.587646484375,
          603.4133911132812
        ],
        "p_bat": [
          -0.0,
          7.52900741645135e-05,
          -0.0,
          5.019338641432114e-05
        ],
        "soc": [
          0.1619081348180771,
          0.8999999761581421,
          0.10000000149011612,
          0.8999999761581421
        ],
        "p_ht": [
          0.0002130126958945766,
          459.88739013671875,
          -675.826171875,
          -1288.77685546875
        ],
        "h2_emergency_buy_energy": [
          0.0,
          0.0,
          0.0,
          6.103515625e-05
        ],
        "h2_planned_external_order_energy": [
          0.0,
          0.0,
          0.0,
          441.0043029785156
        ],
        "h2_late_order_energy": [
          0.0,
          0.0,
          0.0,
          0.0
        ],
        "h2_level": [
          462.1177062988281,
          285.5808410644531,
          222.8759307861328,
          145.8961181640625
        ],
        "e_h2_load": [
          284.35107421875,
          222.96273803710938,
          915.5787353515625,
          1680.99560546875
        ],
        "pending_h2_energy_total": 19958.841796875,
        "pending_h2_energy_agent": [
          1677.1116943359375,
          0.0,
          5708.578125,
          12573.1513671875
        ],
        "external_min_eta": [
          0.16666666666666666,
          0.16666666666666666,
          0.0,
          0.0
        ]
      },
      {
        "step": 10,
        "actions": [
          [
            0.8251544833183289,
            -0.09187322109937668,
            -0.3327391743659973,
            -0.409107506275177,
            0.7223160862922668,
            0.5040280818939209,
            -0.39653441309928894,
            0.3963436782360077
          ],
          [
            0.5291305184364319,
            0.24228394031524658,
            -0.21105735003948212,
            0.494121253490448,
            0.18347318470478058,
            0.5428234934806824,
            -0.1629258096218109,
            -0.3698546886444092
          ],
          [
            0.593653678894043,
            -0.5087809562683105,
            -0.0009174940059892833,
            0.23035724461078644,
            -0.4611077904701233,
            -0.49901753664016724,
            0.808630645275116,
            0.4017883241176605
          ],
          [
            0.4671104848384857,
            0.8631502389907837,
            -0.3460862338542938,
            0.54926598072052,
            -0.7435286641120911,
            -0.44799894094467163,
            0.12281821668148041,
            0.29636332392692566
          ]
        ],
        "intents": [
          [
            0.0,
            0.0,
            0.0
          ],
          [
            0.0,
            0.0,
            0.0
          ],
          [
            0.0,
            0.0,
            0.0
          ],
          [
            0.0,
            0.0,
            0.0
          ]
        ],
        "economic_cost": 61270.324531555176,
        "step_total_cost": 61270.324531555176,
        "terminal_settlement_cost": 0.0,
        "terminal_battery_asset_value": 1292.8622095768515,
        "terminal_h2_asset_value": 1037868.28125,
        "terminal_undelivered_h2_energy": 21715.586484619143,
        "voltage_cost": 0.0,
        "voltage_violation_area": 0.0,
        "voltage_min_pu": 0.9983510284918491,
        "voltage_max_pu": 1.0015372900966535,
        "pf_converged": true,
        "pcc_p_kw": [
          -1484.055908203125,
          -665.732421875,
          -170.35398864746094,
          -588.8689575195312
        ],
        "pcc_q_kvar": [
          226.39675903320312,
          888.157914332007,
          -751.6623393578293,
          -311.6276334957922
        ],
        "p_el": [
          1825.154541015625,
          2293.69580078125,
          398.4134216308594,
          586.8441772460938
        ],
        "p_bat": [
          -0.0,
          7.52900741645135e-05,
          -0.0,
          5.019338641432114e-05
        ],
        "soc": [
          0.1619081348180771,
          0.8999999761581421,
          0.10000000149011612,
          0.8999999761581421
        ],
        "p_ht": [
          0.0,
          366.9463806152344,
          -902.258056640625,
          -1320.7318115234375
        ],
        "h2_emergency_buy_energy": [
          0.0,
          0.0,
          3.0517578125e-05,
          3.0517578125e-05
        ],
        "h2_planned_external_order_energy": [
          0.0,
          0.0,
          716.011962890625,
          1379.6639404296875
        ],
        "h2_late_order_energy": [
          0.0,
          0.0,
          0.0,
          0.0
        ],
        "h2_level": [
          462.1177062988281,
          296.59033203125,
          196.17935180664062,
          163.08456420898438
        ],
        "e_h2_load": [
          365.4271545410156,
          261.11541748046875,
          1141.30615234375,
          1702.1805419921875
        ],
        "pending_h2_energy_total": 21715.5859375,
        "pending_h2_energy_agent": [
          1677.1116943359375,
          0.0,
          7246.1572265625,
          12792.31640625
        ],
        "external_min_eta": [
          0.16666666666666666,
          0.0,
          0.0,
          0.16666666666666666
        ]
      },
      {
        "step": 11,
        "actions": [
          [
            0.8410148620605469,
            -0.13621455430984497,
            -0.3271840214729309,
            -0.42931410670280457,
            0.7452682852745056,
            0.562446653842926,
            -0.34949061274528503,
            0.31967586278915405
          ],
          [
            0.5132876038551331,
            0.13810494542121887,
            -0.22981294989585876,
            0.4559745788574219,
            0.1514325588941574,
            0.4912252128124237,
            -0.22329014539718628,
            -0.41465604305267334
          ],
          [
            0.5791197419166565,
            -0.4290112853050232,
            -0.10471227765083313,
            0.18746671080589294,
            -0.5093556046485901,
            -0.5540648698806763,
            0.8192908763885498,
            0.32089942693710327
          ],
          [
            0.43989357352256775,
            0.8831872344017029,
            -0.33034271001815796,
            0.5040627717971802,
            -0.7208492755889893,
            -0.4358440935611725,
            0.15596351027488708,
            0.38939425349235535
          ]
        ],
        "intents": [
          [
            0.0,
            0.0,
            0.0
          ],
          [
            0.0,
            0.0,
            0.0
          ],
          [
            0.0,
            0.0,
            0.0
          ],
          [
            0.0,
            0.0,
            0.0
          ]
        ],
        "economic_cost": -8878.16415234375,
        "step_total_cost": -8878.16415234375,
        "terminal_settlement_cost": 0.0,
        "terminal_battery_asset_value": 1292.8622095768515,
        "terminal_h2_asset_value": 1036121.71875,
        "terminal_undelivered_h2_energy": 18969.667295166015,
        "voltage_cost": 0.0,
        "voltage_violation_area": 0.0,
        "voltage_min_pu": 0.9987384786690542,
        "voltage_max_pu": 1.0087029640056804,
        "pf_converged": true,
        "pcc_p_kw": [
          -2382.076171875,
          -871.2138671875,
          -126.96978759765625,
          -849.3681640625
        ],
        "pcc_q_kvar": [
          224.59326171875,
          964.0855780483529,
          -481.6987838023398,
          -373.76677602834
        ],
        "p_el": [
          1841.014892578125,
          2269.931396484375,
          394.7799377441406,
          575.9574584960938
        ],
        "p_bat": [
          -0.0,
          7.52900741645135e-05,
          -0.0,
          5.019338641432114e-05
        ],
        "soc": [
          0.1619081348180771,
          0.8999999761581421,
          0.10000000149011612,
          0.8999999761581421
        ],
        "p_ht": [
          0.0,
          302.8651123046875,
          -1297.0003662109375,
          -1422.56298828125
        ],
        "h2_emergency_buy_energy": [
          0.0,
          0.0,
          0.0,
          0.0
        ],
        "h2_planned_external_order_energy": [
          0.0,
          0.0,
          0.0,
          0.0
        ],
        "h2_late_order_energy": [
          0.0,
          0.0,
          0.0,
          0.0
        ],
        "h2_level": [
          475.0,
          305.67718505859375,
          215.14471435546875,
          120.40340423583984
        ],
        "e_h2_load": [
          357.302001953125,
          307.4789123535156,
          1533.8682861328125,
          1796.935302734375
        ],
        "pending_h2_energy_total": 18969.666015625,
        "pending_h2_energy_agent": [
          860.3084716796875,
          0.0,
          5317.041015625,
          12792.31640625
        ],
        "external_min_eta": [
          0.16666666666666666,
          0.0,
          0.0,
          0.3333333333333333
        ]
      },
      {
        "step": 12,
        "actions": [
          [
            0.8501924276351929,
            -0.20877940952777863,
            -0.3511684834957123,
            -0.46528488397598267,
            0.7557511925697327,
            0.5792087912559509,
            -0.3176690936088562,
            0.2630496323108673
          ],
          [
            0.5084524154663086,
            0.060724373906850815,
            -0.2525253891944885,
            0.3778986930847168,
            0.13011014461517334,
            0.4057764708995819,
            -0.26074638962745667,
            -0.4213760495185852
          ],
          [
            0.5912485718727112,
            -0.5048907995223999,
            -0.21919088065624237,
            0.17145606875419617,
            -0.5190801620483398,
            -0.5937734842300415,
            0.8106797337532043,
            0.34212830662727356
          ],
          [
            0.4448952078819275,
            0.8780063986778259,
            -0.24873322248458862,
            0.47021111845970154,
            -0.6805797219276428,
            -0.4605606496334076,
            0.16395989060401917,
            0.4645729959011078
          ]
        ],
        "intents": [
          [
            0.0,
            0.0,
            0.0
          ],
          [
            0.0,
            0.0,
            0.0
          ],
          [
            0.0,
            0.0,
            0.0
          ],
          [
            0.0,
            0.0,
            0.0
          ]
        ],
        "economic_cost": 8762.145072937012,
        "step_total_cost": 8762.145072937012,
        "terminal_settlement_cost": 0.0,
        "terminal_battery_asset_value": 1292.8622095768515,
        "terminal_h2_asset_value": 1051553.0859375,
        "terminal_undelivered_h2_energy": 17639.996587646485,
        "voltage_cost": 0.0,
        "voltage_violation_area": 0.0,
        "voltage_min_pu": 0.9989753998769522,
        "voltage_max_pu": 1.0127367639845084,
        "pf_converged": true,
        "pcc_p_kw": [
          -2741.221923828125,
          -1094.809326171875,
          -118.57861328125,
          -927.361328125
        ],
        "pcc_q_kvar": [
          229.09454345703125,
          950.7309992456669,
          -456.20270389171867,
          -426.4808516236477
        ],
        "p_el": [
          1850.1923828125,
          2262.6787109375,
          397.8121337890625,
          577.9580688476562
        ],
        "p_bat": [
          -0.0,
          7.52900741645135e-05,
          -0.0,
          5.019338641432114e-05
        ],
        "soc": [
          0.1619081348180771,
          0.8999999761581421,
          0.10000000149011612,
          0.8999999761581421
        ],
        "p_ht": [
          0.0,
          260.22027587890625,
          -1712.402099609375,
          -1445.837646484375
        ],
        "h2_emergency_buy_energy": [
          0.0,
          0.0,
          0.0,
          0.0
        ],
        "h2_planned_external_order_energy": [
          0.0,
          0.0,
          0.0,
          381.5743103027344
        ],
        "h2_late_order_energy": [
          0.0,
          0.0,
          0.0,
          0.0
        ],
        "h2_level": [
          475.0,
          313.4845886230469,
          163.76751708984375,
          179.40611267089844
        ],
        "e_h2_load": [
          358.834716796875,
          336.9229431152344,
          1951.08935546875,
          1821.5103759765625
        ],
        "pending_h2_energy_total": 17639.99609375,
        "pending_h2_energy_agent": [
          860.3084716796875,
          0.0,
          5317.041015625,
          11462.6474609375
        ],
        "external_min_eta": [
          0.16666666666666666,
          0.0,
          0.0,
          0.16666666666666666
        ]
      },
      {
        "step": 13,
        "actions": [
          [
            0.8463937044143677,
            -0.2507249414920807,
            -0.4000144302845001,
            -0.50649094581604,
            0.77618807554245,
            0.5901702642440796,
            -0.24989791214466095,
            0.23188453912734985
          ],
          [
            0.5071834325790405,
            0.005260720383375883,
            -0.2817698121070862,
            0.29487431049346924,
            0.14595472812652588,
            0.33982527256011963,
            -0.3072655200958252,
            -0.385858416557312
          ],
          [
            0.601180374622345,
            -0.3837553560733795,
            -0.2864181399345398,
            0.11969175934791565,
            -0.5147963166236877,
            -0.6195093393325806,
            0.8269446492195129,
            0.2548607885837555
          ],
          [
            0.4409065842628479,
            0.8674761056900024,
            -0.15440793335437775,
            0.41809993982315063,
            -0.6433140635490417,
            -0.4871094226837158,
            0.11055189371109009,
            0.45208248496055603
          ]
        ],
        "intents": [
          [
            0.0,
            0.0,
            0.0
          ],
          [
            0.0,
            0.0,
            0.0
          ],
          [
            0.0,
            0.0,
            0.0
          ],
          [
            0.0,
            0.0,
            0.0
          ]
        ],
        "economic_cost": 40758.40202331543,
        "step_total_cost": 40758.40202331543,
        "terminal_settlement_cost": 0.0,
        "terminal_battery_asset_value": 1292.8622095768515,
        "terminal_h2_asset_value": 1165489.8046875,
        "terminal_undelivered_h2_energy": 14503.846697998046,
        "voltage_cost": 0.0,
        "voltage_violation_area": 0.0,
        "voltage_min_pu": 0.9990770528917601,
        "voltage_max_pu": 1.0147184483300613,
        "pf_converged": true,
        "pcc_p_kw": [
          -2817.055908203125,
          -1159.1966552734375,
          -207.96954345703125,
          -1046.1973876953125
        ],
        "pcc_q_kvar": [
          198.31002807617188,
          875.4978763894657,
          -296.87511711237664,
          -413.978370057932
        ],
        "p_el": [
          1846.3936767578125,
          2260.775146484375,
          400.29510498046875,
          576.3626098632812
        ],
        "p_bat": [
          -0.0,
          7.52900741645135e-05,
          -0.0,
          5.019338641432114e-05
        ],
        "soc": [
          0.1619081348180771,
          0.8999999761581421,
          0.10000000149011612,
          0.8999999761581421
        ],
        "p_ht": [
          0.0,
          291.9094543457031,
          -1472.4271240234375,
          -1306.516357421875
        ],
        "h2_emergency_buy_energy": [
          0.0,
          0.0,
          4.57763671875e-05,
          6.103515625e-05
        ],
        "h2_planned_external_order_energy": [
          0.0,
          0.0,
          276.8359375,
          1177.668212890625
        ],
        "h2_late_order_energy": [
          0.0,
          0.0,
          0.0,
          0.0
        ],
        "h2_level": [
          475.0,
          322.24273681640625,
          232.61163330078125,
          215.75198364257812
        ],
        "e_h2_load": [
          332.7169494628906,
          271.6446838378906,
          1712.604248046875,
          1681.152099609375
        ],
        "pending_h2_energy_total": 14503.8466796875,
        "pending_h2_energy_agent": [
          860.3084716796875,
          0.0,
          2717.385009765625,
          10926.1533203125
        ],
        "external_min_eta": [
          0.16666666666666666,
          0.0,
          0.0,
          0.16666666666666666
        ]
      },
      {
        "step": 14,
        "actions": [
          [
            0.8315656185150146,
            -0.29794031381607056,
            -0.4652498662471771,
            -0.5437288880348206,
            0.7896338701248169,
            0.5754842162132263,
            -0.18511049449443817,
            0.24299566447734833
          ],
          [
            0.5290950536727905,
            -0.009611186571419239,
            -0.2958453595638275,
            0.1980869024991989,
            0.18513023853302002,
            0.26947373151779175,
            -0.33474838733673096,
            -0.32425862550735474
          ],
          [
            0.5932437777519226,
            -0.46528640389442444,
            -0.3303035795688629,
            0.04613759368658066,
            -0.47152841091156006,
            -0.6584513783454895,
            0.8055649399757385,
            0.2212478220462799
          ],
          [
            0.4943668246269226,
            0.8474406003952026,
            -0.09829400479793549,
            0.2990266978740692,
            -0.6066805124282837,
            -0.5354485511779785,
            0.04536285251379013,
            0.3534242808818817
          ]
        ],
        "intents": [
          [
            0.0,
            0.0,
            0.0
          ],
          [
            0.0,
            0.0,
            0.0
          ],
          [
            0.0,
            0.0,
            0.0
          ],
          [
            0.0,
            0.0,
            0.0
          ]
        ],
        "economic_cost": 26022.698660980226,
        "step_total_cost": 26022.698660980226,
        "terminal_settlement_cost": 0.0,
        "terminal_battery_asset_value": 1292.8622095768515,
        "terminal_h2_asset_value": 1223248.125,
        "terminal_undelivered_h2_energy": 12652.116141601558,
        "voltage_cost": 0.0,
        "voltage_violation_area": 0.0,
        "voltage_min_pu": 0.9990464941186477,
        "voltage_max_pu": 1.0139136581675143,
        "pf_converged": true,
        "pcc_p_kw": [
          -2558.77001953125,
          -1345.32861328125,
          -74.09030151367188,
          -1086.713134765625
        ],
        "pcc_q_kvar": [
          204.09439086914062,
          753.2066586792664,
          -334.0978950668514,
          -353.0087469502289
        ],
        "p_el": [
          1831.565673828125,
          2293.642578125,
          398.3109436035156,
          597.7467041015625
        ],
        "p_bat": [
          -0.0,
          -0.0,
          -0.0,
          5.019338641432114e-05
        ],
        "soc": [
          0.1619081348180771,
          0.8999999761581421,
          0.10000000149011612,
          0.8999999761581421
        ],
        "p_ht": [
          0.0,
          370.2604675292969,
          -753.023681640625,
          -901.3430786132812
        ],
        "h2_emergency_buy_energy": [
          0.0,
          0.0,
          0.0,
          0.0
        ],
        "h2_planned_external_order_energy": [
          0.0,
          0.0,
          151.3250732421875,
          957.619873046875
        ],
        "h2_late_order_energy": [
          0.0,
          0.0,
          1110.0330810546875,
          1887.240234375
        ],
        "h2_level": [
          475.0,
          333.3516540527344,
          210.01866149902344,
          285.0
        ],
        "e_h2_load": [
          323.3879699707031,
          190.98684692382812,
          992.01025390625,
          1289.87841796875
        ],
        "pending_h2_energy_total": 12652.115234375,
        "pending_h2_energy_agent": [
          0.0,
          0.0,
          3765.256103515625,
          8886.859375
        ],
        "external_min_eta": [
          0.16666666666666666,
          0.0,
          0.0,
          0.16666666666666666
        ]
      },
      {
        "step": 15,
        "actions": [
          [
            0.7949324250221252,
            -0.33740541338920593,
            -0.5473853349685669,
            -0.5467325448989868,
            0.7976465225219727,
            0.5297732949256897,
            -0.08649696409702301,
            0.3286145329475403
          ],
          [
            0.5832831263542175,
            0.002119571203365922,
            -0.3205842077732086,
            0.2432912290096283,
            0.2674274444580078,
            0.28438904881477356,
            -0.4215475022792816,
            -0.2516454756259918
          ],
          [
            0.5764018297195435,
            -0.36218351125717163,
            -0.31689491868019104,
            -0.07669932395219803,
            -0.5131606459617615,
            -0.6755019426345825,
            0.7805477976799011,
            0.06818892806768417
          ],
          [
            0.52689528465271,
            0.8133406639099121,
            -0.07015839219093323,
            0.18551146984100342,
            -0.532766580581665,
            -0.6559526324272156,
            -0.01606338657438755,
            0.24731682240962982
          ]
        ],
        "intents": [
          [
            0.0,
            0.0,
            0.0
          ],
          [
            0.0,
            0.0,
            0.0
          ],
          [
            0.0,
            0.0,
            0.0
          ],
          [
            0.0,
            0.0,
            0.0
          ]
        ],
        "economic_cost": 6458.197854522705,
        "step_total_cost": 6458.197854522705,
        "terminal_settlement_cost": 0.0,
        "terminal_battery_asset_value": 1292.8622095768515,
        "terminal_h2_asset_value": 1270751.3671875,
        "terminal_undelivered_h2_energy": 10671.256431640624,
        "voltage_cost": 0.0,
        "voltage_violation_area": 0.0,
        "voltage_min_pu": 0.9988491002732285,
        "voltage_max_pu": 1.010596436579239,
        "pf_converged": true,
        "pcc_p_kw": [
          -2343.23095703125,
          -1327.9764404296875,
          -158.9854736328125,
          -878.4723510742188
        ],
        "pcc_q_kvar": [
          189.4739532470703,
          620.350833566788,
          -19.332585818546903,
          -256.4011521369681
        ],
        "p_el": [
          1794.932373046875,
          2374.9248046875,
          394.1004638671875,
          610.7581176757812
        ],
        "p_bat": [
          -0.0,
          7.52900741645135e-05,
          -0.0,
          5.019338641432114e-05
        ],
        "soc": [
          0.1619081348180771,
          0.8999999761581421,
          0.10000000149011612,
          0.8999999761581421
        ],
        "p_ht": [
          0.0,
          534.8548583984375,
          -501.450439453125,
          -860.826171875
        ],
        "h2_emergency_buy_energy": [
          0.0,
          0.0,
          0.0,
          3.0517578125e-05
        ],
        "h2_planned_external_order_energy": [
          0.0,
          0.0,
          0.0,
          439.337890625
        ],
        "h2_late_order_energy": [
          0.0,
          0.0,
          0.0,
          1397.6923828125
        ],
        "h2_level": [
          475.0,
          349.3988952636719,
          241.47947692871094,
          285.0
        ],
        "e_h2_load": [
          298.09814453125,
          191.62567138671875,
          737.9107055664062,
          1257.8189697265625
        ],
        "pending_h2_energy_total": 10671.2568359375,
        "pending_h2_energy_agent": [
          0.0,
          0.0,
          2215.216552734375,
          8456.0400390625
        ],
        "external_min_eta": [
          0.16666666666666666,
          0.0,
          0.0,
          0.3333333333333333
        ]
      },
      {
        "step": 16,
        "actions": [
          [
            0.7524289488792419,
            -0.3862326443195343,
            -0.6101692318916321,
            -0.5602881908416748,
            0.8065145015716553,
            0.5016238689422607,
            -0.016078803688287735,
            0.38602328300476074
          ],
          [
            0.5889871716499329,
            0.02387549728155136,
            -0.3420475423336029,
            0.1579095721244812,
            0.31099817156791687,
            0.21642471849918365,
            -0.438412606716156,
            -0.09759263694286346
          ],
          [
            0.584523618221283,
            -0.3765876293182373,
            -0.3379037082195282,
            -0.09826631844043732,
            -0.5227739214897156,
            -0.6883689165115356,
            0.7211619019508362,
            0.06149426847696304
          ],
          [
            0.4438435137271881,
            0.8027757406234741,
            -0.11161495745182037,
            0.09207913279533386,
            -0.49327540397644043,
            -0.7469238042831421,
            -0.09411603957414627,
            0.20831049978733063
          ]
        ],
        "intents": [
          [
            0.0,
            0.0,
            0.0
          ],
          [
            0.0,
            0.0,
            0.0
          ],
          [
            0.0,
            0.0,
            0.0
          ],
          [
            0.0,
            0.0,
            0.0
          ]
        ],
        "economic_cost": -515.1768646240234,
        "step_total_cost": -515.1768646240234,
        "terminal_settlement_cost": 0.0,
        "terminal_battery_asset_value": 1292.8622095768515,
        "terminal_h2_asset_value": 1265654.296875,
        "terminal_undelivered_h2_energy": 10781.636337890626,
        "voltage_cost": 0.0,
        "voltage_violation_area": 0.0,
        "voltage_min_pu": 0.9985110371545373,
        "voltage_max_pu": 1.0042705119626802,
        "pf_converged": true,
        "pcc_p_kw": [
          -1629.6966552734375,
          -1013.6024169921875,
          -392.95489501953125,
          -490.3892822265625
        ],
        "pcc_q_kvar": [
          183.17694091796875,
          305.5932392417533,
          15.204632326843637,
          -238.40593168540585
        ],
        "p_el": [
          1752.428955078125,
          2383.480712890625,
          396.1308898925781,
          577.5374145507812
        ],
        "p_bat": [
          -0.0,
          7.52900741645135e-05,
          -0.0,
          5.019338641432114e-05
        ],
        "soc": [
          0.1619081348180771,
          0.8999999761581421,
          0.10000000149011612,
          0.8999999761581421
        ],
        "p_ht": [
          0.0,
          621.996337890625,
          -633.7009887695312,
          -996.8515625
        ],
        "h2_emergency_buy_energy": [
          0.0,
          0.0,
          0.0,
          0.0
        ],
        "h2_planned_external_order_energy": [
          0.0,
          0.0,
          0.0,
          98.79954528808594
        ],
        "h2_late_order_energy": [
          0.0,
          0.0,
          0.0,
          1028.1220703125
        ],
        "h2_level": [
          475.0,
          368.0606384277344,
          222.466552734375,
          280.25360107421875
        ],
        "e_h2_load": [
          297.3777160644531,
          178.9867706298828,
          871.3795166015625,
          1372.2508544921875
        ],
        "pending_h2_energy_total": 10781.63671875,
        "pending_h2_energy_agent": [
          0.0,
          0.0,
          2215.216552734375,
          8566.419921875
        ],
        "external_min_eta": [
          0.3333333333333333,
          0.16666666666666666,
          0.0,
          0.3333333333333333
        ]
      },
      {
        "step": 17,
        "actions": [
          [
            0.6820358037948608,
            -0.46558693051338196,
            -0.6680944561958313,
            -0.5715583562850952,
            0.811131477355957,
            0.4489099681377411,
            0.029139839112758636,
            0.49528488516807556
          ],
          [
            0.523765504360199,
            0.037848591804504395,
            -0.3739132583141327,
            0.021895378828048706,
            0.33797523379325867,
            0.12336749583482742,
            -0.4110293984413147,
            0.16895818710327148
          ],
          [
            0.595192015171051,
            -0.40017375349998474,
            -0.3295265734195709,
            -0.09218975901603699,
            -0.5225147604942322,
            -0.7185184359550476,
            0.6409149169921875,
            0.09385319799184799
          ],
          [
            0.2821109890937805,
            0.7788544297218323,
            -0.20197062194347382,
            -0.036072853952646255,
            -0.5120150446891785,
            -0.7866155505180359,
            -0.11933856457471848,
            0.20263083279132843
          ]
        ],
        "intents": [
          [
            0.0,
            0.0,
            0.0
          ],
          [
            0.0,
            0.0,
            0.0
          ],
          [
            0.0,
            0.0,
            0.0
          ],
          [
            0.0,
            0.0,
            0.0
          ]
        ],
        "economic_cost": 22033.659204864503,
        "step_total_cost": 22033.659204864503,
        "terminal_settlement_cost": 0.0,
        "terminal_battery_asset_value": 1292.8622095768515,
        "terminal_h2_asset_value": 1270416.328125,
        "terminal_undelivered_h2_energy": 10316.727530761718,
        "voltage_cost": 0.0,
        "voltage_violation_area": 0.0,
        "voltage_min_pu": 0.9959874522007659,
        "voltage_max_pu": 1.0,
        "pf_converged": true,
        "pcc_p_kw": [
          -484.8001708984375,
          -739.691650390625,
          -559.1806640625,
          -158.1705322265625
        ],
        "pcc_q_kvar": [
          185.91783142089844,
          -294.61982395889976,
          -47.435085320355995,
          -234.83537475254184
        ],
        "p_el": [
          1682.0357666015625,
          2285.648193359375,
          398.7980041503906,
          512.8444213867188
        ],
        "p_bat": [
          -0.0,
          7.52900741645135e-05,
          -0.0,
          5.019338641432114e-05
        ],
        "soc": [
          0.1619081348180771,
          0.8999999761581421,
          0.10000000149011612,
          0.8999999761581421
        ],
        "p_ht": [
          0.0,
          675.950439453125,
          -675.4148559570312,
          -1282.4864501953125
        ],
        "h2_emergency_buy_energy": [
          0.0,
          0.0,
          0.0,
          3.0517578125e-05
        ],
        "h2_planned_external_order_energy": [
          0.0,
          0.0,
          25.78955078125,
          866.8743286132812
        ],
        "h2_late_order_energy": [
          0.0,
          0.0,
          914.8150634765625,
          866.8743286132812
        ],
        "h2_level": [
          475.0,
          388.3411865234375,
          202.20208740234375,
          285.0
        ],
        "e_h2_load": [
          288.3995361328125,
          174.5757598876953,
          914.6936645507812,
          1615.8353271484375
        ],
        "pending_h2_energy_total": 10316.7265625,
        "pending_h2_energy_agent": [
          0.0,
          0.0,
          3086.12060546875,
          7230.6064453125
        ],
        "external_min_eta": [
          0.16666666666666666,
          0.3333333333333333,
          0.0,
          0.0
        ]
      },
      {
        "step": 18,
        "actions": [
          [
            0.6012903451919556,
            -0.5434629321098328,
            -0.7069783806800842,
            -0.6105250716209412,
            0.8146759867668152,
            0.4085816740989685,
            0.09300003945827484,
            0.5819865465164185
          ],
          [
            0.391594797372818,
            -0.0006324163405224681,
            -0.43419384956359863,
            -0.22878223657608032,
            0.33462387323379517,
            -0.0532442107796669,
            -0.30837520956993103,
            0.4489567279815674
          ],
          [
            0.6044641733169556,
            -0.4876692593097687,
            -0.34158557653427124,
            -0.05106140673160553,
            -0.5534178614616394,
            -0.7436836361885071,
            0.5120165348052979,
            0.1935122013092041
          ],
          [
            0.09773765504360199,
            0.7691900730133057,
            -0.26194968819618225,
            -0.08357260376214981,
            -0.595878541469574,
            -0.8445870280265808,
            -0.1307697594165802,
            0.2613030970096588
          ]
        ],
        "intents": [
          [
            0.0,
            0.0,
            0.0
          ],
          [
            0.0,
            0.0,
            0.0
          ],
          [
            0.0,
            0.0,
            0.0
          ],
          [
            0.0,
            0.0,
            0.0
          ]
        ],
        "economic_cost": -6531.932327270508,
        "step_total_cost": -6531.932327270508,
        "terminal_settlement_cost": 0.0,
        "terminal_battery_asset_value": 1199.999901199335,
        "terminal_h2_asset_value": 1271198.90625,
        "terminal_undelivered_h2_energy": 8180.218675292969,
        "voltage_cost": 0.0,
        "voltage_violation_area": 0.0,
        "voltage_min_pu": 0.996473001977424,
        "voltage_max_pu": 1.0,
        "pf_converged": true,
        "pcc_p_kw": [
          512.31591796875,
          -783.0526123046875,
          -822.8765258789062,
          249.44757080078125
        ],
        "pcc_q_kvar": [
          -912.9832612075556,
          -960.5483710764076,
          -294.6403704970016,
          -407.2589936471371
        ],
        "p_el": [
          1601.2904052734375,
          2087.39208984375,
          401.1160583496094,
          439.0950622558594
        ],
        "p_bat": [
          -294.0636291503906,
          -0.0,
          -0.0,
          5.019338641432114e-05
        ],
        "soc": [
          0.10000000149011612,
          0.8999999761581421,
          0.10000000149011612,
          0.8999999761581421
        ],
        "p_ht": [
          0.0,
          669.2477416992188,
          -643.1590576171875,
          -1324.68212890625
        ],
        "h2_emergency_buy_energy": [
          0.0,
          0.0,
          0.0,
          0.0
        ],
        "h2_planned_external_order_energy": [
          0.0,
          0.0,
          0.0,
          0.0
        ],
        "h2_late_order_energy": [
          0.0,
          0.0,
          0.0,
          0.0
        ],
        "h2_level": [
          475.0,
          408.4206237792969,
          182.90538024902344,
          285.0
        ],
        "e_h2_load": [
          306.9000549316406,
          213.99221801757812,
          883.8286743164062,
          1610.0938720703125
        ],
        "pending_h2_energy_total": 8180.21826171875,
        "pending_h2_energy_agent": [
          0.0,
          0.0,
          3086.12060546875,
          5094.09765625
        ],
        "external_min_eta": [
          0.0,
          0.16666666666666666,
          0.0,
          0.0
        ]
      },
      {
        "step": 19,
        "actions": [
          [
            0.5514761209487915,
            -0.638347327709198,
            -0.7203223705291748,
            -0.6417457461357117,
            0.8122132420539856,
            0.3663313090801239,
            0.06987617164850235,
            0.656390368938446
          ],
          [
            0.1725129932165146,
            -0.08742622286081314,
            -0.504727840423584,
            -0.3390422761440277,
            0.3039598762989044,
            -0.14417864382266998,
            -0.22146491706371307,
            0.6862212419509888
          ],
          [
            0.5791180729866028,
            -0.47831326723098755,
            -0.3372299373149872,
            -0.03414960950613022,
            -0.602381706237793,
            -0.7812035083770752,
            0.33857592940330505,
            0.23874324560165405
          ],
          [
            -0.035172998905181885,
            0.760964035987854,
            -0.2875851094722748,
            -0.11160165816545486,
            -0.6818837523460388,
            -0.873267650604248,
            -0.11711480468511581,
            0.29324454069137573
          ]
        ],
        "intents": [
          [
            0.0,
            0.0,
            0.0
          ],
          [
            0.0,
            0.0,
            0.0
          ],
          [
            0.0,
            0.0,
            0.0
          ],
          [
            0.0,
            0.0,
            0.0
          ]
        ],
        "economic_cost": 272.7384033203125,
        "step_total_cost": 272.7384033203125,
        "terminal_settlement_cost": 0.0,
        "terminal_battery_asset_value": 1199.999901199335,
        "terminal_h2_asset_value": 1285577.6953125,
        "terminal_undelivered_h2_energy": 6578.110887207032,
        "voltage_cost": 0.0,
        "voltage_violation_area": 0.0,
        "voltage_min_pu": 0.9908110643816687,
        "voltage_max_pu": 1.0,
        "pf_converged": true,
        "pcc_p_kw": [
          1779.7916259765625,
          -888.2550048828125,
          -896.653564453125,
          585.449951171875
        ],
        "pcc_q_kvar": [
          -1343.4694440729902,
          -1515.675065657135,
          -359.4680726932621,
          -487.402124274935
        ],
        "p_el": [
          1551.47607421875,
          1758.76953125,
          394.7795104980469,
          385.9307861328125
        ],
        "p_bat": [
          -7.078051567077637e-06,
          -0.0,
          -0.0,
          5.019338641432114e-05
        ],
        "soc": [
          0.10000000149011612,
          0.8999999761581421,
          0.10000000149011612,
          0.8999999761581421
        ],
        "p_ht": [
          0.0,
          607.9197387695312,
          -920.3510131835938,
          -1487.341796875
        ],
        "h2_emergency_buy_energy": [
          0.0,
          0.0,
          1.52587890625e-05,
          0.0
        ],
        "h2_planned_external_order_energy": [
          0.0,
          0.0,
          0.0,
          0.0
        ],
        "h2_late_order_energy": [
          0.0,
          0.0,
          711.088623046875,
          0.0
        ],
        "h2_level": [
          475.0,
          426.6600341796875,
          190.31594848632812,
          273.7301940917969
        ],
        "e_h2_load": [
          358.4935607910156,
          269.2809143066406,
          1157.21875,
          1738.19677734375
        ],
        "pending_h2_energy_total": 6578.11083984375,
        "pending_h2_energy_agent": [
          0.0,
          0.0,
          2595.7314453125,
          3982.37939453125
        ],
        "external_min_eta": [
          0.0,
          0.16666666666666666,
          0.16666666666666666,
          0.0
        ]
      },
      {
        "step": 20,
        "actions": [
          [
            0.5342526435852051,
            -0.6822449564933777,
            -0.7190476655960083,
            -0.6609092354774475,
            0.8019322752952576,
            0.34990930557250977,
            0.09535446017980576,
            0.7023080587387085
          ],
          [
            0.007503435015678406,
            -0.17718073725700378,
            -0.5265006422996521,
            -0.30436205863952637,
            0.22042736411094666,
            -0.10838791728019714,
            -0.15500560402870178,
            0.7895950078964233
          ],
          [
            0.5289646983146667,
            -0.5170111656188965,
            -0.3944350779056549,
            0.03847511485219002,
            -0.6546497941017151,
            -0.810870885848999,
            0.15747816860675812,
            0.29601338505744934
          ],
          [
            -0.1547928899526596,
            0.7459972500801086,
            -0.2770695388317108,
            -0.020947104319930077,
            -0.7315917015075684,
            -0.8986098170280457,
            -0.0774928480386734,
            0.3887149393558502
          ]
        ],
        "intents": [
          [
            0.0,
            0.0,
            0.0
          ],
          [
            0.0,
            0.0,
            0.0
          ],
          [
            0.0,
            0.0,
            0.0
          ],
          [
            0.0,
            0.0,
            0.0
          ]
        ],
        "economic_cost": 7961.473251342773,
        "step_total_cost": 7961.473251342773,
        "terminal_settlement_cost": 0.0,
        "terminal_battery_asset_value": 1199.999901199335,
        "terminal_h2_asset_value": 1250242.5,
        "terminal_undelivered_h2_energy": 5608.685879638672,
        "voltage_cost": 0.0,
        "voltage_violation_area": 0.0,
        "voltage_min_pu": 0.9846799513333252,
        "voltage_max_pu": 1.0,
        "pf_converged": true,
        "pcc_p_kw": [
          2201.40625,
          -989.8318481445312,
          -282.0940856933594,
          809.81298828125
        ],
        "pcc_q_kvar": [
          -1417.0083422618404,
          -1719.7181212382413,
          -362.330920279966,
          -676.4418564208293
        ],
        "p_el": [
          1534.252685546875,
          1511.255126953125,
          382.2411804199219,
          338.0828552246094
        ],
        "p_bat": [
          -7.078051567077637e-06,
          -0.0,
          -0.0,
          5.019338641432114e-05
        ],
        "soc": [
          0.10000000149011612,
          0.8999999761581421,
          0.10000000149011612,
          0.8999999761581421
        ],
        "p_ht": [
          0.0,
          440.854736328125,
          -1719.8436279296875,
          -1850.714111328125
        ],
        "h2_emergency_buy_energy": [
          0.0,
          0.0,
          1.52587890625e-05,
          6.103515625e-05
        ],
        "h2_planned_external_order_energy": [
          0.0,
          0.0,
          0.0,
          200.47415161132812
        ],
        "h2_late_order_energy": [
          0.0,
          0.0,
          614.6696166992188,
          411.8976135253906
        ],
        "h2_level": [
          475.0,
          439.8869934082031,
          170.15475463867188,
          245.3257293701172
        ],
        "e_h2_load": [
          430.5545959472656,
          358.79022216796875,
          1949.1883544921875,
          2070.468017578125
        ],
        "pending_h2_energy_total": 5608.685546875,
        "pending_h2_energy_agent": [
          0.0,
          0.0,
          2137.943115234375,
          3470.74267578125
        ],
        "external_min_eta": [
          0.0,
          0.16666666666666666,
          0.16666666666666666,
          0.0
        ]
      },
      {
        "step": 21,
        "actions": [
          [
            0.532565712928772,
            -0.6991457343101501,
            -0.7143118977546692,
            -0.6500048041343689,
            0.7800703048706055,
            0.32413265109062195,
            0.11874684691429138,
            0.7481558918952942
          ],
          [
            -0.011202633380889893,
            -0.240215465426445,
            -0.5367467999458313,
            0.013204878196120262,
            0.15993258357048035,
            0.08218173682689667,
            -0.15615476667881012,
            0.7918540835380554
          ],
          [
            0.4459725320339203,
            -0.4845772683620453,
            -0.43373167514801025,
            0.062136441469192505,
            -0.703362226486206,
            -0.8315910696983337,
            0.032101426273584366,
            0.2320195436477661
          ],
          [
            -0.28605252504348755,
            0.7213342189788818,
            -0.2703166604042053,
            0.09836086630821228,
            -0.7290465235710144,
            -0.903364896774292,
            0.011820188723504543,
            0.5067563652992249
          ]
        ],
        "intents": [
          [
            0.0,
            0.0,
            0.0
          ],
          [
            0.0,
            0.0,
            0.0
          ],
          [
            0.0,
            0.0,
            0.0
          ],
          [
            0.0,
            0.0,
            0.0
          ]
        ],
        "economic_cost": -1193.5147171020508,
        "step_total_cost": -1193.5147171020508,
        "terminal_settlement_cost": 0.0,
        "terminal_battery_asset_value": 1199.999901199335,
        "terminal_h2_asset_value": 1158086.8359375,
        "terminal_undelivered_h2_energy": 5099.893729248047,
        "voltage_cost": 0.0,
        "voltage_violation_area": 0.0,
        "voltage_min_pu": 0.9838493843832168,
        "voltage_max_pu": 1.0,
        "pf_converged": true,
        "pcc_p_kw": [
          2305.634521484375,
          -1077.8671875,
          -159.4305419921875,
          862.259521484375
        ],
        "pcc_q_kvar": [
          -1492.1342601776123,
          -1713.2236042022705,
          -212.11405563354492,
          -925.6903438568113
        ],
        "p_el": [
          1532.565673828125,
          1483.196044921875,
          361.4931335449219,
          285.5789794921875
        ],
        "p_bat": [
          -7.078051567077637e-06,
          -0.0,
          -0.0,
          5.019338641432114e-05
        ],
        "soc": [
          0.10000000149011612,
          0.8999999761581421,
          0.10000000149011612,
          0.8999999761581421
        ],
        "p_ht": [
          0.0,
          319.86517333984375,
          -1615.1387939453125,
          -2285.3740234375
        ],
        "h2_emergency_buy_energy": [
          0.0,
          0.0,
          0.0,
          0.0
        ],
        "h2_planned_external_order_energy": [
          0.0,
          0.0,
          0.0,
          0.0
        ],
        "h2_late_order_energy": [
          0.0,
          0.0,
          0.0,
          0.0
        ],
        "h2_level": [
          475.0,
          449.4839172363281,
          121.69574737548828,
          192.02293395996094
        ],
        "e_h2_load": [
          503.98095703125,
          397.8164978027344,
          1832.03466796875,
          2471.000244140625
        ],
        "pending_h2_energy_total": 5099.8935546875,
        "pending_h2_energy_agent": [
          0.0,
          0.0,
          2137.943115234375,
          2961.950439453125
        ],
        "external_min_eta": [
          0.0,
          0.0,
          0.16666666666666666,
          0.0
        ]
      },
      {
        "step": 22,
        "actions": [
          [
            0.5517430305480957,
            -0.6770462393760681,
            -0.7020613551139832,
            -0.6313076019287109,
            0.7517887353897095,
            0.3058793842792511,
            0.18838772177696228,
            0.7664281129837036
          ],
          [
            0.1659816950559616,
            -0.19798544049263,
            -0.47802260518074036,
            0.24009837210178375,
            0.08218739926815033,
            0.2514168620109558,
            -0.12568697333335876,
            0.708662211894989
          ],
          [
            0.40220803022384644,
            -0.40665048360824585,
            -0.4866434633731842,
            0.09586524963378906,
            -0.7117217183113098,
            -0.832216739654541,
            -0.021022992208600044,
            0.11946968734264374
          ],
          [
            -0.327188104391098,
            0.7176321744918823,
            -0.25798314809799194,
            0.24269568920135498,
            -0.6907534599304199,
            -0.8863711357116699,
            0.1330510377883911,
            0.5752555727958679
          ]
        ],
        "intents": [
          [
            0.0,
            0.0,
            0.0
          ],
          [
            0.0,
            0.0,
            0.0
          ],
          [
            0.0,
            0.0,
            0.0
          ],
          [
            0.0,
            0.0,
            0.0
          ]
        ],
        "economic_cost": -1537.4277954101562,
        "step_total_cost": -1537.4277954101562,
        "terminal_settlement_cost": 0.0,
        "terminal_battery_asset_value": 1199.999901199335,
        "terminal_h2_asset_value": 1119870.234375,
        "terminal_undelivered_h2_energy": 3846.8779865722654,
        "voltage_cost": 0.0,
        "voltage_violation_area": 0.0,
        "voltage_min_pu": 0.9856431857154802,
        "voltage_max_pu": 1.0,
        "pf_converged": true,
        "pcc_p_kw": [
          2169.4072265625,
          -985.758056640625,
          -244.5635986328125,
          728.6114501953125
        ],
        "pcc_q_kvar": [
          -1591.8752098083496,
          -1550.9283771514893,
          -21.06446886062622,
          -1126.5645618438718
        ],
        "p_el": [
          1551.7430419921875,
          1748.9725341796875,
          350.552001953125,
          269.124755859375
        ],
        "p_bat": [
          -7.078051567077637e-06,
          -0.0,
          -0.0,
          5.019338641432114e-05
        ],
        "soc": [
          0.10000000149011612,
          0.8999999761581421,
          0.10000000149011612,
          0.8999999761581421
        ],
        "p_ht": [
          0.0,
          164.3748016357422,
          -1205.823486328125,
          -1928.607421875
        ],
        "h2_emergency_buy_energy": [
          0.0,
          0.0,
          0.0,
          6.103515625e-05
        ],
        "h2_planned_external_order_energy": [
          0.0,
          0.0,
          0.0,
          0.0
        ],
        "h2_late_order_energy": [
          0.0,
          0.0,
          0.0,
          461.61724853515625
        ],
        "h2_level": [
          475.0,
          454.4156494140625,
          111.64715576171875,
          158.91932678222656
        ],
        "e_h2_load": [
          396.1825256347656,
          313.05194091796875,
          1416.1546630859375,
          2103.53857421875
        ],
        "pending_h2_energy_total": 3846.8779296875,
        "pending_h2_energy_agent": [
          0.0,
          0.0,
          1267.0391845703125,
          2579.8388671875
        ],
        "external_min_eta": [
          0.0,
          0.0,
          0.16666666666666666,
          0.0
        ]
      },
      {
        "step": 23,
        "actions": [
          [
            0.5473256707191467,
            -0.6261589527130127,
            -0.7026172876358032,
            -0.6195589900016785,
            0.7382556796073914,
            0.28344497084617615,
            0.287811815738678,
            0.7769273519515991
          ],
          [
            0.3785724639892578,
            -0.12561945617198944,
            -0.45038798451423645,
            0.4135393798351288,
            0.02574804797768593,
            0.3660176396369934,
            -0.1586747020483017,
            0.586906909942627
          ],
          [
            0.35136672854423523,
            -0.33182474970817566,
            -0.4568910002708435,
            0.08307710289955139,
            -0.7036145925521851,
            -0.8206047415733337,
            -0.02209700085222721,
            -0.05240669846534729
          ],
          [
            -0.3223247528076172,
            0.6988018751144409,
            -0.2578790485858917,
            0.33423006534576416,
            -0.6322514414787292,
            -0.8735126256942749,
            0.21218456327915192,
            0.5925253629684448
          ]
        ],
        "intents": [
          [
            0.0,
            0.0,
            0.0
          ],
          [
            0.0,
            0.0,
            0.0
          ],
          [
            0.0,
            0.0,
            0.0
          ],
          [
            0.0,
            0.0,
            0.0
          ]
        ],
        "economic_cost": 6978.321739196777,
        "step_total_cost": -508821.63903274527,
        "terminal_settlement_cost": -515799.96077194205,
        "terminal_battery_asset_value": 1199.999901199335,
        "terminal_h2_asset_value": 1076223.984375,
        "terminal_undelivered_h2_energy": 4010.539021728515,
        "voltage_cost": 0.0,
        "voltage_violation_area": 0.0,
        "voltage_min_pu": 0.9870723609278835,
        "voltage_max_pu": 1.0,
        "pf_converged": true,
        "pcc_p_kw": [
          2018.319091796875,
          -818.072998046875,
          -543.0911865234375,
          585.1548461914062
        ],
        "pcc_q_kvar": [
          -1670.290454864502,
          -1287.785629272461,
          325.5558614730835,
          -1217.8470344543455
        ],
        "p_el": [
          1547.32568359375,
          2067.858642578125,
          337.8416748046875,
          271.0700988769531
        ],
        "p_bat": [
          -7.078051567077637e-06,
          -0.0,
          -0.0,
          5.019338641432114e-05
        ],
        "soc": [
          0.10000000149011612,
          0.8999999761581421,
          0.10000000149011612,
          0.8999999761581421
        ],
        "p_ht": [
          0.0,
          51.496097564697266,
          -877.7620239257812,
          -1517.9620361328125
        ],
        "h2_emergency_buy_energy": [
          0.0,
          0.0,
          0.0,
          0.0
        ],
        "h2_planned_external_order_energy": [
          0.0,
          0.0,
          0.0,
          321.26336669921875
        ],
        "h2_late_order_energy": [
          0.0,
          0.0,
          583.0346069335938,
          513.85498046875
        ],
        "h2_level": [
          475.0,
          455.960693359375,
          85.31166076660156,
          140.0591583251953
        ],
        "e_h2_load": [
          307.501708984375,
          243.0540771484375,
          1080.467041015625,
          1694.1575927734375
        ],
        "pending_h2_energy_total": 4010.5390625,
        "pending_h2_energy_agent": [
          0.0,
          0.0,
          1826.75244140625,
          2183.78662109375
        ],
        "external_min_eta": [
          0.0,
          0.0,
          0.16666666666666666,
          0.0
        ]
      }
    ]
  }
}
