{
  "variant": "v6q_nocomm_gru_macpo_softc8_knee955",
  "exploratory": true,
  "target_updates": 1000,
  "resumed_from_update": 800,
  "dimensions": {
    "num_agents": 4,
    "action_dim": 8,
    "base_obs_dim": 32,
    "actor_obs_dim": 40
  },
  "metrics": [
    {
      "update": 801,
      "algorithm": "macpo",
      "actor_loss": -0.1473497599363327,
      "reward_critic_loss": 0.0002462678530719131,
      "cost_critic_loss": 0.2712356746196747,
      "reward_critic_loss_last": 0.00020954284991603345,
      "cost_critic_loss_last": 0.20478305220603943,
      "critic_epochs": 8,
      "daily_voltage_cost": 0.006141636520624161,
      "daily_voltage_cost_raw": 0.006141636520624161,
      "daily_voltage_cost_normalized": 0.30708181858062744,
      "daily_economic_return_raw_yuan": -539411.25,
      "daily_economic_return_normalized": -0.17114904522895813,
      "daily_economic_cost_raw_yuan": 539411.25,
      "economic_reward_scale_yuan": 3151704.8194007874,
      "lagrange_multiplier": 0.0,
      "cost_budget": 1.0,
      "cost_budget_raw": 0.02,
      "cost_budget_normalized": 1.0,
      "algorithm_cost_mode": "separate_cost",
      "fixed_cost_penalty_coef": 0.0,
      "log_std_max": -2.3,
      "accepted": true,
      "mode": "reward",
      "reward_before": -1.4646695944975363e-07,
      "reward_after": 0.1473497599363327,
      "cost_before": 0.3070834279060364,
      "cost_after": -0.6942142248153687,
      "kl_before": -2.384185791015625e-07,
      "kl_after": 0.019944138824939728,
      "cost_gap": -0.6929165720939636,
      "cost_recoverable": true,
      "cost_quadratic": 599.8441162109375,
      "reward_quadratic": 0.5330085754394531,
      "reward_cost_cross": -3.5356292724609375,
      "max_linear_cost_drop": 4.898343051322304,
      "rollout_wall_seconds": 4.8302808459848166,
      "update_wall_seconds": 19.989286733791232,
      "total_wall_seconds": 24.81956896558404
    },
    {
      "update": 802,
      "algorithm": "macpo",
      "actor_loss": -0.13879340887069702,
      "reward_critic_loss": 0.00029161691782064736,
      "cost_critic_loss": 0.15377497673034668,
      "reward_critic_loss_last": 0.00025489271502010524,
      "cost_critic_loss_last": 0.14587631821632385,
      "critic_epochs": 8,
      "daily_voltage_cost": 0.0049863578751683235,
      "daily_voltage_cost_raw": 0.0049863578751683235,
      "daily_voltage_cost_normalized": 0.24931789934635162,
      "daily_economic_return_raw_yuan": -676730.25,
      "daily_economic_return_normalized": -0.2147187888622284,
      "daily_economic_cost_raw_yuan": 676730.25,
      "economic_reward_scale_yuan": 3151704.8194007874,
      "lagrange_multiplier": 0.0,
      "cost_budget": 1.0,
      "cost_budget_raw": 0.02,
      "cost_budget_normalized": 1.0,
      "algorithm_cost_mode": "separate_cost",
      "fixed_cost_penalty_coef": 0.0,
      "log_std_max": -2.3,
      "accepted": true,
      "mode": "reward",
      "reward_before": -7.678863056526097e-08,
      "reward_after": 0.13879340887069702,
      "cost_before": 0.2493215799331665,
      "cost_after": -0.017089471220970154,
      "kl_before": -2.384185791015625e-07,
      "kl_after": 0.01995823346078396,
      "cost_gap": -0.7506784200668335,
      "cost_recoverable": true,
      "cost_quadratic": 290.7584533691406,
      "reward_quadratic": 0.4930318593978882,
      "reward_cost_cross": -0.6859357357025146,
      "max_linear_cost_drop": 3.4103281564631907,
      "rollout_wall_seconds": 2.0192655958235264,
      "update_wall_seconds": 1.1872634775936604,
      "total_wall_seconds": 3.2065312769263983
    },
    {
      "update": 803,
      "algorithm": "macpo",
      "actor_loss": -0.1378970444202423,
      "reward_critic_loss": 0.0002307455870322883,
      "cost_critic_loss": 0.2544388175010681,
      "reward_critic_loss_last": 0.00019681206322275102,
      "cost_critic_loss_last": 0.24854061007499695,
      "critic_epochs": 8,
      "daily_voltage_cost": 0.006048978306353092,
      "daily_voltage_cost_raw": 0.006048978306353092,
      "daily_voltage_cost_normalized": 0.30244889855384827,
      "daily_economic_return_raw_yuan": -606241.5,
      "daily_economic_return_normalized": -0.1923535168170929,
      "daily_economic_cost_raw_yuan": 606241.5,
      "economic_reward_scale_yuan": 3151704.8194007874,
      "lagrange_multiplier": 0.0,
      "cost_budget": 1.0,
      "cost_budget_raw": 0.02,
      "cost_budget_normalized": 1.0,
      "algorithm_cost_mode": "separate_cost",
      "fixed_cost_penalty_coef": 0.0,
      "log_std_max": -2.3,
      "accepted": true,
      "mode": "reward",
      "reward_before": -3.947819493532734e-08,
      "reward_after": 0.1378970444202423,
      "cost_before": 0.3024488091468811,
      "cost_after": 0.8942781686782837,
      "kl_before": -2.384185791015625e-07,
      "kl_after": 0.01999560371041298,
      "cost_gap": -0.6975511908531189,
      "cost_recoverable": true,
      "cost_quadratic": 548.375732421875,
      "reward_quadratic": 0.4544491171836853,
      "reward_cost_cross": 2.1624221801757812,
      "max_linear_cost_drop": 4.683484738618778,
      "rollout_wall_seconds": 1.3835343308746815,
      "update_wall_seconds": 1.4387337155640125,
      "total_wall_seconds": 2.8222702499479055
    },
    {
      "update": 804,
      "algorithm": "macpo",
      "actor_loss": -0.0030958582647144794,
      "reward_critic_loss": 0.00025270142941735685,
      "cost_critic_loss": 1.2801175117492676,
      "reward_critic_loss_last": 0.00023612122458871454,
      "cost_critic_loss_last": 0.7435581088066101,
      "critic_epochs": 8,
      "daily_voltage_cost": 0.021908678114414215,
      "daily_voltage_cost_raw": 0.021908678114414215,
      "daily_voltage_cost_normalized": 1.0954339504241943,
      "daily_economic_return_raw_yuan": -583696.1875,
      "daily_economic_return_normalized": -0.18520015478134155,
      "daily_economic_cost_raw_yuan": 583696.1875,
      "economic_reward_scale_yuan": 3151704.8194007874,
      "lagrange_multiplier": 0.0,
      "cost_budget": 1.0,
      "cost_budget_raw": 0.02,
      "cost_budget_normalized": 1.0,
      "algorithm_cost_mode": "separate_cost",
      "fixed_cost_penalty_coef": 0.0,
      "log_std_max": -2.3,
      "accepted": true,
      "mode": "cost_recovery",
      "reward_before": -6.600052060434791e-09,
      "reward_after": 0.0030958582647144794,
      "cost_before": 1.0954456329345703,
      "cost_after": -6.685145378112793,
      "kl_before": -2.384185791015625e-07,
      "kl_after": 0.019919026643037796,
      "cost_gap": 0.09544563293457031,
      "cost_recoverable": true,
      "cost_quadratic": 1973.047119140625,
      "reward_quadratic": 0.6119956970214844,
      "reward_cost_cross": -0.7086133360862732,
      "max_linear_cost_drop": 8.883799005246853,
      "rollout_wall_seconds": 1.5427000038325787,
      "update_wall_seconds": 1.14871022477746,
      "total_wall_seconds": 2.6914119627326727
    },
    {
      "update": 805,
      "algorithm": "macpo",
      "actor_loss": -0.13641990721225739,
      "reward_critic_loss": 0.00024337087234016508,
      "cost_critic_loss": 0.07676738500595093,
      "reward_critic_loss_last": 0.0002326334360986948,
      "cost_critic_loss_last": 0.10756371915340424,
      "critic_epochs": 8,
      "daily_voltage_cost": 0.005324631929397583,
      "daily_voltage_cost_raw": 0.005324631929397583,
      "daily_voltage_cost_normalized": 0.26623159646987915,
      "daily_economic_return_raw_yuan": -560905.5625,
      "daily_economic_return_normalized": -0.17796893417835236,
      "daily_economic_cost_raw_yuan": 560905.5625,
      "economic_reward_scale_yuan": 3151704.8194007874,
      "lagrange_multiplier": 0.0,
      "cost_budget": 1.0,
      "cost_budget_raw": 0.02,
      "cost_budget_normalized": 1.0,
      "algorithm_cost_mode": "separate_cost",
      "fixed_cost_penalty_coef": 0.0,
      "log_std_max": -2.3,
      "accepted": true,
      "mode": "reward",
      "reward_before": 7.179644967436616e-08,
      "reward_after": 0.13641990721225739,
      "cost_before": 0.2662329077720642,
      "cost_after": -0.13402733206748962,
      "kl_before": -2.384185791015625e-07,
      "kl_after": 0.019847437739372253,
      "cost_gap": -0.7337670922279358,
      "cost_recoverable": true,
      "cost_quadratic": 167.89566040039062,
      "reward_quadratic": 0.48084476590156555,
      "reward_cost_cross": -0.8580764532089233,
      "max_linear_cost_drop": 2.591491156846889,
      "rollout_wall_seconds": 1.9534419402480125,
      "update_wall_seconds": 2.3655032366514206,
      "total_wall_seconds": 4.31894713640213
    },
    {
      "update": 806,
      "algorithm": "macpo",
      "actor_loss": 0.003871736116707325,
      "reward_critic_loss": 0.00023758533643558621,
      "cost_critic_loss": 1.2024283409118652,
      "reward_critic_loss_last": 0.00015826078015379608,
      "cost_critic_loss_last": 1.063507080078125,
      "critic_epochs": 8,
      "daily_voltage_cost": 0.021190539002418518,
      "daily_voltage_cost_raw": 0.021190539002418518,
      "daily_voltage_cost_normalized": 1.0595269203186035,
      "daily_economic_return_raw_yuan": -595616.5625,
      "daily_economic_return_normalized": -0.18898233771324158,
      "daily_economic_cost_raw_yuan": 595616.5625,
      "economic_reward_scale_yuan": 3151704.8194007874,
      "lagrange_multiplier": 0.0,
      "cost_budget": 1.0,
      "cost_budget_raw": 0.02,
      "cost_budget_normalized": 1.0,
      "algorithm_cost_mode": "separate_cost",
      "fixed_cost_penalty_coef": 0.0,
      "log_std_max": -2.3,
      "accepted": true,
      "mode": "cost_recovery",
      "reward_before": 4.574694401071611e-09,
      "reward_after": -0.003871736116707325,
      "cost_before": 1.0595263242721558,
      "cost_after": -8.054363250732422,
      "kl_before": -2.384185791015625e-07,
      "kl_after": 0.019959332421422005,
      "cost_gap": 0.05952632427215576,
      "cost_recoverable": true,
      "cost_quadratic": 2306.8408203125,
      "reward_quadratic": 0.4677436947822571,
      "reward_cost_cross": -0.27742815017700195,
      "max_linear_cost_drop": 9.605916552443082,
      "rollout_wall_seconds": 1.3942422419786453,
      "update_wall_seconds": 1.2118261028081179,
      "total_wall_seconds": 2.606070188805461
    },
    {
      "update": 807,
      "algorithm": "macpo",
      "actor_loss": -0.16483119130134583,
      "reward_critic_loss": 0.0003635149623733014,
      "cost_critic_loss": 0.4284791946411133,
      "reward_critic_loss_last": 0.00033638227614574134,
      "cost_critic_loss_last": 0.38008618354797363,
      "critic_epochs": 8,
      "daily_voltage_cost": 0.008673151955008507,
      "daily_voltage_cost_raw": 0.008673151955008507,
      "daily_voltage_cost_normalized": 0.43365758657455444,
      "daily_economic_return_raw_yuan": -613904.3125,
      "daily_economic_return_normalized": -0.19478484988212585,
      "daily_economic_cost_raw_yuan": 613904.3125,
      "economic_reward_scale_yuan": 3151704.8194007874,
      "lagrange_multiplier": 0.0,
      "cost_budget": 1.0,
      "cost_budget_raw": 0.02,
      "cost_budget_normalized": 1.0,
      "algorithm_cost_mode": "separate_cost",
      "fixed_cost_penalty_coef": 0.0,
      "log_std_max": -2.3,
      "accepted": true,
      "mode": "reward",
      "reward_before": 3.112994306775363e-08,
      "reward_after": 0.16483119130134583,
      "cost_before": 0.43366217613220215,
      "cost_after": 0.8212516903877258,
      "kl_before": -2.384185791015625e-07,
      "kl_after": 0.01987569034099579,
      "cost_gap": -0.5663378238677979,
      "cost_recoverable": true,
      "cost_quadratic": 771.231689453125,
      "reward_quadratic": 0.7881972193717957,
      "reward_cost_cross": 2.156466007232666,
      "max_linear_cost_drop": 5.55421169727307,
      "rollout_wall_seconds": 4.170950077474117,
      "update_wall_seconds": 1.2016516048461199,
      "total_wall_seconds": 5.372603666037321
    },
    {
      "update": 808,
      "algorithm": "macpo",
      "actor_loss": -0.17010463774204254,
      "reward_critic_loss": 0.00033832312328740954,
      "cost_critic_loss": 1.2616088390350342,
      "reward_critic_loss_last": 0.00029882972012273967,
      "cost_critic_loss_last": 1.1667160987854004,
      "critic_epochs": 8,
      "daily_voltage_cost": 0.014336646534502506,
      "daily_voltage_cost_raw": 0.014336646534502506,
      "daily_voltage_cost_normalized": 0.7168323397636414,
      "daily_economic_return_raw_yuan": -574212.875,
      "daily_economic_return_normalized": -0.18219119310379028,
      "daily_economic_cost_raw_yuan": 574212.875,
      "economic_reward_scale_yuan": 3151704.8194007874,
      "lagrange_multiplier": 0.0,
      "cost_budget": 1.0,
      "cost_budget_raw": 0.02,
      "cost_budget_normalized": 1.0,
      "algorithm_cost_mode": "separate_cost",
      "fixed_cost_penalty_coef": 0.0,
      "log_std_max": -2.3,
      "accepted": true,
      "mode": "reward",
      "reward_before": 3.235868106798989e-08,
      "reward_after": 0.17010463774204254,
      "cost_before": 0.7168299555778503,
      "cost_after": -2.1565158367156982,
      "kl_before": -2.384185791015625e-07,
      "kl_after": 0.019943807274103165,
      "cost_gap": -0.28317004442214966,
      "cost_recoverable": true,
      "cost_quadratic": 2696.828857421875,
      "reward_quadratic": 0.6597281694412231,
      "reward_cost_cross": -9.683266639709473,
      "max_linear_cost_drop": 10.386200185673054,
      "rollout_wall_seconds": 1.5581711828708649,
      "update_wall_seconds": 1.7642567194998264,
      "total_wall_seconds": 3.3224299028515816
    },
    {
      "update": 809,
      "algorithm": "macpo",
      "actor_loss": -0.1347665637731552,
      "reward_critic_loss": 0.00021019250561948866,
      "cost_critic_loss": 0.6151331067085266,
      "reward_critic_loss_last": 0.00019912453717552125,
      "cost_critic_loss_last": 0.5452364683151245,
      "critic_epochs": 8,
      "daily_voltage_cost": 0.008038497529923916,
      "daily_voltage_cost_raw": 0.008038497529923916,
      "daily_voltage_cost_normalized": 0.40192490816116333,
      "daily_economic_return_raw_yuan": -580616.5625,
      "daily_economic_return_normalized": -0.1842230260372162,
      "daily_economic_cost_raw_yuan": 580616.5625,
      "economic_reward_scale_yuan": 3151704.8194007874,
      "lagrange_multiplier": 0.0,
      "cost_budget": 1.0,
      "cost_budget_raw": 0.02,
      "cost_budget_normalized": 1.0,
      "algorithm_cost_mode": "separate_cost",
      "fixed_cost_penalty_coef": 0.0,
      "log_std_max": -2.3,
      "accepted": true,
      "mode": "reward",
      "reward_before": -3.9654253214393975e-08,
      "reward_after": 0.1347665637731552,
      "cost_before": 0.40192142128944397,
      "cost_after": -0.29406672716140747,
      "kl_before": -2.384185791015625e-07,
      "kl_after": 0.019965577870607376,
      "cost_gap": -0.598078578710556,
      "cost_recoverable": true,
      "cost_quadratic": 1293.705322265625,
      "reward_quadratic": 0.4342699646949768,
      "reward_cost_cross": -3.1325652599334717,
      "max_linear_cost_drop": 7.193623071208624,
      "rollout_wall_seconds": 1.6899867616593838,
      "update_wall_seconds": 1.201942503452301,
      "total_wall_seconds": 2.891930904239416
    },
    {
      "update": 810,
      "algorithm": "macpo",
      "actor_loss": -0.1635470688343048,
      "reward_critic_loss": 0.00033932444057427347,
      "cost_critic_loss": 0.9403993487358093,
      "reward_critic_loss_last": 0.00029108041781000793,
      "cost_critic_loss_last": 0.87015700340271,
      "critic_epochs": 8,
      "daily_voltage_cost": 0.01704774983227253,
      "daily_voltage_cost_raw": 0.01704774983227253,
      "daily_voltage_cost_normalized": 0.8523876070976257,
      "daily_economic_return_raw_yuan": -572394.5625,
      "daily_economic_return_normalized": -0.18161427974700928,
      "daily_economic_cost_raw_yuan": 572394.5625,
      "economic_reward_scale_yuan": 3151704.8194007874,
      "lagrange_multiplier": 0.0,
      "cost_budget": 1.0,
      "cost_budget_raw": 0.02,
      "cost_budget_normalized": 1.0,
      "algorithm_cost_mode": "separate_cost",
      "fixed_cost_penalty_coef": 0.0,
      "log_std_max": -2.3,
      "accepted": true,
      "mode": "reward",
      "reward_before": 1.0473922884557396e-07,
      "reward_after": 0.1635470688343048,
      "cost_before": 0.8523899912834167,
      "cost_after": -1.1979687213897705,
      "kl_before": -2.384185791015625e-07,
      "kl_after": 0.019974254071712494,
      "cost_gap": -0.14761000871658325,
      "cost_recoverable": true,
      "cost_quadratic": 1759.453125,
      "reward_quadratic": 0.6482212543487549,
      "reward_cost_cross": -9.139060020446777,
      "max_linear_cost_drop": 8.389167121949592,
      "rollout_wall_seconds": 2.103466972708702,
      "update_wall_seconds": 1.1891747303307056,
      "total_wall_seconds": 3.2926438823342323
    },
    {
      "update": 811,
      "algorithm": "macpo",
      "actor_loss": -0.1731031835079193,
      "reward_critic_loss": 0.00040477741276845336,
      "cost_critic_loss": 0.49120521545410156,
      "reward_critic_loss_last": 0.00027934013633057475,
      "cost_critic_loss_last": 0.44013628363609314,
      "critic_epochs": 8,
      "daily_voltage_cost": 0.008417466655373573,
      "daily_voltage_cost_raw": 0.008417466655373573,
      "daily_voltage_cost_normalized": 0.4208733141422272,
      "daily_economic_return_raw_yuan": -668924.4375,
      "daily_economic_return_normalized": -0.21224209666252136,
      "daily_economic_cost_raw_yuan": 668924.4375,
      "economic_reward_scale_yuan": 3151704.8194007874,
      "lagrange_multiplier": 0.0,
      "cost_budget": 1.0,
      "cost_budget_raw": 0.02,
      "cost_budget_normalized": 1.0,
      "algorithm_cost_mode": "separate_cost",
      "fixed_cost_penalty_coef": 0.0,
      "log_std_max": -2.3,
      "accepted": true,
      "mode": "reward",
      "reward_before": 1.8121002653970208e-07,
      "reward_after": 0.1731031835079193,
      "cost_before": 0.4208747148513794,
      "cost_after": 0.5287246704101562,
      "kl_before": -2.384185791015625e-07,
      "kl_after": 0.019951626658439636,
      "cost_gap": -0.5791252851486206,
      "cost_recoverable": true,
      "cost_quadratic": 1076.945556640625,
      "reward_quadratic": 0.9668149352073669,
      "reward_cost_cross": 0.17368829250335693,
      "max_linear_cost_drop": 6.5633697340333494,
      "rollout_wall_seconds": 1.548845136538148,
      "update_wall_seconds": 1.425646249204874,
      "total_wall_seconds": 2.974493198096752
    },
    {
      "update": 812,
      "algorithm": "macpo",
      "actor_loss": -0.0271916501224041,
      "reward_critic_loss": 0.00035090354504063725,
      "cost_critic_loss": 2.1300711631774902,
      "reward_critic_loss_last": 0.00032474816543981433,
      "cost_critic_loss_last": 2.015760898590088,
      "critic_epochs": 8,
      "daily_voltage_cost": 0.029155470430850983,
      "daily_voltage_cost_raw": 0.029155470430850983,
      "daily_voltage_cost_normalized": 1.4577735662460327,
      "daily_economic_return_raw_yuan": -592446.875,
      "daily_economic_return_normalized": -0.1879766434431076,
      "daily_economic_cost_raw_yuan": 592446.875,
      "economic_reward_scale_yuan": 3151704.8194007874,
      "lagrange_multiplier": 0.0,
      "cost_budget": 1.0,
      "cost_budget_raw": 0.02,
      "cost_budget_normalized": 1.0,
      "algorithm_cost_mode": "separate_cost",
      "fixed_cost_penalty_coef": 0.0,
      "log_std_max": -2.3,
      "accepted": true,
      "mode": "cost_recovery",
      "reward_before": -9.413479773456856e-08,
      "reward_after": 0.0271916501224041,
      "cost_before": 1.4577635526657104,
      "cost_after": -4.670680046081543,
      "kl_before": -2.384185791015625e-07,
      "kl_after": 0.005025006830692291,
      "cost_gap": 0.45776355266571045,
      "cost_recoverable": true,
      "cost_quadratic": 5361.4208984375,
      "reward_quadratic": 0.7241378426551819,
      "reward_cost_cross": -23.463550567626953,
      "max_linear_cost_drop": 14.644344844939292,
      "rollout_wall_seconds": 1.6402110513299704,
      "update_wall_seconds": 1.2747197784483433,
      "total_wall_seconds": 2.9149328283965588
    },
    {
      "update": 813,
      "algorithm": "macpo",
      "actor_loss": -0.013995903544127941,
      "reward_critic_loss": 0.00027510279323905706,
      "cost_critic_loss": 2.632723331451416,
      "reward_critic_loss_last": 0.00023431162117049098,
      "cost_critic_loss_last": 2.576833724975586,
      "critic_epochs": 8,
      "daily_voltage_cost": 0.0293145552277565,
      "daily_voltage_cost_raw": 0.0293145552277565,
      "daily_voltage_cost_normalized": 1.4657278060913086,
      "daily_economic_return_raw_yuan": -588746.6875,
      "daily_economic_return_normalized": -0.18680261075496674,
      "daily_economic_cost_raw_yuan": 588746.6875,
      "economic_reward_scale_yuan": 3151704.8194007874,
      "lagrange_multiplier": 0.0,
      "cost_budget": 1.0,
      "cost_budget_raw": 0.02,
      "cost_budget_normalized": 1.0,
      "algorithm_cost_mode": "separate_cost",
      "fixed_cost_penalty_coef": 0.0,
      "log_std_max": -2.3,
      "accepted": true,
      "mode": "cost_recovery",
      "reward_before": -2.279602995258756e-07,
      "reward_after": 0.013995903544127941,
      "cost_before": 1.4657179117202759,
      "cost_after": -10.601905822753906,
      "kl_before": -2.384185791015625e-07,
      "kl_after": 0.01998990960419178,
      "cost_gap": 0.4657179117202759,
      "cost_recoverable": true,
      "cost_quadratic": 5428.3515625,
      "reward_quadratic": 0.582843542098999,
      "reward_cost_cross": -5.193525791168213,
      "max_linear_cost_drop": 14.735469537819283,
      "rollout_wall_seconds": 2.7683937698602676,
      "update_wall_seconds": 1.1422334257513285,
      "total_wall_seconds": 3.9106291737407446
    },
    {
      "update": 814,
      "algorithm": "macpo",
      "actor_loss": -0.14721927046775818,
      "reward_critic_loss": 0.0002665024367161095,
      "cost_critic_loss": 0.6002514958381653,
      "reward_critic_loss_last": 0.00024011568166315556,
      "cost_critic_loss_last": 0.5669078230857849,
      "critic_epochs": 8,
      "daily_voltage_cost": 0.010379914194345474,
      "daily_voltage_cost_raw": 0.010379914194345474,
      "daily_voltage_cost_normalized": 0.5189957618713379,
      "daily_economic_return_raw_yuan": -616121.6875,
      "daily_economic_return_normalized": -0.19548839330673218,
      "daily_economic_cost_raw_yuan": 616121.6875,
      "economic_reward_scale_yuan": 3151704.8194007874,
      "lagrange_multiplier": 0.0,
      "cost_budget": 1.0,
      "cost_budget_raw": 0.02,
      "cost_budget_normalized": 1.0,
      "algorithm_cost_mode": "separate_cost",
      "fixed_cost_penalty_coef": 0.0,
      "log_std_max": -2.3,
      "accepted": true,
      "mode": "reward",
      "reward_before": 6.636117433345134e-08,
      "reward_after": 0.14721927046775818,
      "cost_before": 0.5189841389656067,
      "cost_after": -1.000305414199829,
      "kl_before": -2.384185791015625e-07,
      "kl_after": 0.019949626177549362,
      "cost_gap": -0.4810158610343933,
      "cost_recoverable": true,
      "cost_quadratic": 1322.180908203125,
      "reward_quadratic": 0.5289788246154785,
      "reward_cost_cross": -3.924487590789795,
      "max_linear_cost_drop": 7.272361124705304,
      "rollout_wall_seconds": 1.3898548036813736,
      "update_wall_seconds": 1.4656707644462585,
      "total_wall_seconds": 2.8555273972451687
    },
    {
      "update": 815,
      "algorithm": "macpo",
      "actor_loss": -0.03426150232553482,
      "reward_critic_loss": 0.00035873588058166206,
      "cost_critic_loss": 1.6335920095443726,
      "reward_critic_loss_last": 0.00032432490843348205,
      "cost_critic_loss_last": 1.5090965032577515,
      "critic_epochs": 8,
      "daily_voltage_cost": 0.025273792445659637,
      "daily_voltage_cost_raw": 0.025273792445659637,
      "daily_voltage_cost_normalized": 1.2636895179748535,
      "daily_economic_return_raw_yuan": -661247.5625,
      "daily_economic_return_normalized": -0.20980632305145264,
      "daily_economic_cost_raw_yuan": 661247.5625,
      "economic_reward_scale_yuan": 3151704.8194007874,
      "lagrange_multiplier": 0.0,
      "cost_budget": 1.0,
      "cost_budget_raw": 0.02,
      "cost_budget_normalized": 1.0,
      "algorithm_cost_mode": "separate_cost",
      "fixed_cost_penalty_coef": 0.0,
      "log_std_max": -2.3,
      "accepted": true,
      "mode": "cost_recovery",
      "reward_before": -6.435061550291721e-08,
      "reward_after": 0.03426150232553482,
      "cost_before": 1.263689398765564,
      "cost_after": -7.799445629119873,
      "kl_before": -2.384185791015625e-07,
      "kl_after": 0.019957609474658966,
      "cost_gap": 0.26368939876556396,
      "cost_recoverable": true,
      "cost_quadratic": 2518.183837890625,
      "reward_quadratic": 0.7801761031150818,
      "reward_cost_cross": -9.511800765991211,
      "max_linear_cost_drop": 10.036301784802259,
      "rollout_wall_seconds": 1.6843965146690607,
      "update_wall_seconds": 1.4965628404170275,
      "total_wall_seconds": 3.180961048230529
    },
    {
      "update": 816,
      "algorithm": "macpo",
      "actor_loss": -0.16092291474342346,
      "reward_critic_loss": 0.00034551206044852734,
      "cost_critic_loss": 0.3943403959274292,
      "reward_critic_loss_last": 0.00028303515864536166,
      "cost_critic_loss_last": 0.2993205785751343,
      "critic_epochs": 8,
      "daily_voltage_cost": 0.005670891143381596,
      "daily_voltage_cost_raw": 0.005670891143381596,
      "daily_voltage_cost_normalized": 0.2835445702075958,
      "daily_economic_return_raw_yuan": -626459.5,
      "daily_economic_return_normalized": -0.1987684667110443,
      "daily_economic_cost_raw_yuan": 626459.5,
      "economic_reward_scale_yuan": 3151704.8194007874,
      "lagrange_multiplier": 0.0,
      "cost_budget": 1.0,
      "cost_budget_raw": 0.02,
      "cost_budget_normalized": 1.0,
      "algorithm_cost_mode": "separate_cost",
      "fixed_cost_penalty_coef": 0.0,
      "log_std_max": -2.3,
      "accepted": true,
      "mode": "reward",
      "reward_before": -1.0113339499184804e-08,
      "reward_after": 0.16092291474342346,
      "cost_before": 0.28354302048683167,
      "cost_after": -1.2864744663238525,
      "kl_before": -2.384185791015625e-07,
      "kl_after": 0.01996087282896042,
      "cost_gap": -0.7164569795131683,
      "cost_recoverable": true,
      "cost_quadratic": 748.4122314453125,
      "reward_quadratic": 0.6438722610473633,
      "reward_cost_cross": -5.845315933227539,
      "max_linear_cost_drop": 5.47142479230159,
      "rollout_wall_seconds": 1.7796214297413826,
      "update_wall_seconds": 1.3271851819008589,
      "total_wall_seconds": 3.1068084072321653
    },
    {
      "update": 817,
      "algorithm": "macpo",
      "actor_loss": -0.129032701253891,
      "reward_critic_loss": 0.00016818811127450317,
      "cost_critic_loss": 0.149526447057724,
      "reward_critic_loss_last": 0.00016834988491609693,
      "cost_critic_loss_last": 0.12524133920669556,
      "critic_epochs": 8,
      "daily_voltage_cost": 0.00648572389036417,
      "daily_voltage_cost_raw": 0.00648572389036417,
      "daily_voltage_cost_normalized": 0.32428622245788574,
      "daily_economic_return_raw_yuan": -532615.125,
      "daily_economic_return_normalized": -0.16899271309375763,
      "daily_economic_cost_raw_yuan": 532615.125,
      "economic_reward_scale_yuan": 3151704.8194007874,
      "lagrange_multiplier": 0.0,
      "cost_budget": 1.0,
      "cost_budget_raw": 0.02,
      "cost_budget_normalized": 1.0,
      "algorithm_cost_mode": "separate_cost",
      "fixed_cost_penalty_coef": 0.0,
      "log_std_max": -2.3,
      "accepted": true,
      "mode": "reward",
      "reward_before": 7.526445244820934e-08,
      "reward_after": 0.129032701253891,
      "cost_before": 0.32429227232933044,
      "cost_after": -0.41262513399124146,
      "kl_before": -2.384185791015625e-07,
      "kl_after": 0.01996009796857834,
      "cost_gap": -0.6757077276706696,
      "cost_recoverable": true,
      "cost_quadratic": 325.3404846191406,
      "reward_quadratic": 0.403307169675827,
      "reward_cost_cross": -1.6815736293792725,
      "max_linear_cost_drop": 3.6074394499098146,
      "rollout_wall_seconds": 1.7001654207706451,
      "update_wall_seconds": 1.4334668181836605,
      "total_wall_seconds": 3.1336339730769396
    },
    {
      "update": 818,
      "algorithm": "macpo",
      "actor_loss": -0.1505400836467743,
      "reward_critic_loss": 0.0002895926882047206,
      "cost_critic_loss": 0.9305529594421387,
      "reward_critic_loss_last": 0.00026457756757736206,
      "cost_critic_loss_last": 0.8926371932029724,
      "critic_epochs": 8,
      "daily_voltage_cost": 0.014879712834954262,
      "daily_voltage_cost_raw": 0.014879712834954262,
      "daily_voltage_cost_normalized": 0.743985652923584,
      "daily_economic_return_raw_yuan": -574903.625,
      "daily_economic_return_normalized": -0.1824103742837906,
      "daily_economic_cost_raw_yuan": 574903.625,
      "economic_reward_scale_yuan": 3151704.8194007874,
      "lagrange_multiplier": 0.0,
      "cost_budget": 1.0,
      "cost_budget_raw": 0.02,
      "cost_budget_normalized": 1.0,
      "algorithm_cost_mode": "separate_cost",
      "fixed_cost_penalty_coef": 0.0,
      "log_std_max": -2.3,
      "accepted": true,
      "mode": "constrained_reward",
      "reward_before": 1.766786823509392e-07,
      "reward_after": 0.1505400836467743,
      "cost_before": 0.7439872622489929,
      "cost_after": 0.9211600422859192,
      "kl_before": -2.384185791015625e-07,
      "kl_after": 0.01984788104891777,
      "cost_gap": -0.2560127377510071,
      "cost_recoverable": true,
      "cost_quadratic": 1816.2252197265625,
      "reward_quadratic": 0.570671796798706,
      "reward_cost_cross": 2.954623222351074,
      "max_linear_cost_drop": 8.52343878895499,
      "rollout_wall_seconds": 1.7517191655933857,
      "update_wall_seconds": 1.1874744072556496,
      "total_wall_seconds": 2.939195306971669
    },
    {
      "update": 819,
      "algorithm": "macpo",
      "actor_loss": 0.012036927975714207,
      "reward_critic_loss": 0.00023349413822870702,
      "cost_critic_loss": 0.8405359983444214,
      "reward_critic_loss_last": 0.000194024876691401,
      "cost_critic_loss_last": 0.7443999648094177,
      "critic_epochs": 8,
      "daily_voltage_cost": 0.020986732095479965,
      "daily_voltage_cost_raw": 0.020986732095479965,
      "daily_voltage_cost_normalized": 1.049336552619934,
      "daily_economic_return_raw_yuan": -597598.6875,
      "daily_economic_return_normalized": -0.1896112561225891,
      "daily_economic_cost_raw_yuan": 597598.6875,
      "economic_reward_scale_yuan": 3151704.8194007874,
      "lagrange_multiplier": 0.0,
      "cost_budget": 1.0,
      "cost_budget_raw": 0.02,
      "cost_budget_normalized": 1.0,
      "algorithm_cost_mode": "separate_cost",
      "fixed_cost_penalty_coef": 0.0,
      "log_std_max": -2.3,
      "accepted": true,
      "mode": "cost_recovery",
      "reward_before": -9.21576770451793e-08,
      "reward_after": -0.012036927975714207,
      "cost_before": 1.0493355989456177,
      "cost_after": -6.186191558837891,
      "kl_before": -2.384185791015625e-07,
      "kl_after": 0.019937317818403244,
      "cost_gap": 0.049335598945617676,
      "cost_recoverable": true,
      "cost_quadratic": 1673.271240234375,
      "reward_quadratic": 0.5036153793334961,
      "reward_cost_cross": 2.854620933532715,
      "max_linear_cost_drop": 8.181127649008724,
      "rollout_wall_seconds": 1.7424690388143063,
      "update_wall_seconds": 1.4517423547804356,
      "total_wall_seconds": 3.194213317707181
    },
    {
      "update": 820,
      "algorithm": "macpo",
      "actor_loss": -0.13952477276325226,
      "reward_critic_loss": 0.00022070351406000555,
      "cost_critic_loss": 0.6092827320098877,
      "reward_critic_loss_last": 0.00020066786964889616,
      "cost_critic_loss_last": 0.5578225255012512,
      "critic_epochs": 8,
      "daily_voltage_cost": 0.019833790138363838,
      "daily_voltage_cost_raw": 0.019833790138363838,
      "daily_voltage_cost_normalized": 0.9916895031929016,
      "daily_economic_return_raw_yuan": -578549.8125,
      "daily_economic_return_normalized": -0.18356725573539734,
      "daily_economic_cost_raw_yuan": 578549.8125,
      "economic_reward_scale_yuan": 3151704.8194007874,
      "lagrange_multiplier": 0.0,
      "cost_budget": 1.0,
      "cost_budget_raw": 0.02,
      "cost_budget_normalized": 1.0,
      "algorithm_cost_mode": "separate_cost",
      "fixed_cost_penalty_coef": 0.0,
      "log_std_max": -2.3,
      "accepted": true,
      "mode": "reward",
      "reward_before": 9.37553465973906e-08,
      "reward_after": 0.13952477276325226,
      "cost_before": 0.9916844964027405,
      "cost_after": -0.3908681273460388,
      "kl_before": -2.384185791015625e-07,
      "kl_after": 0.019985143095254898,
      "cost_gap": -0.008315503597259521,
      "cost_recoverable": true,
      "cost_quadratic": 1043.852294921875,
      "reward_quadratic": 0.49129971861839294,
      "reward_cost_cross": -5.227622032165527,
      "max_linear_cost_drop": 6.461740616650826,
      "rollout_wall_seconds": 2.0000320617109537,
      "update_wall_seconds": 1.6502888295799494,
      "total_wall_seconds": 3.650322835892439
    },
    {
      "update": 821,
      "algorithm": "macpo",
      "actor_loss": -0.07688427716493607,
      "reward_critic_loss": 0.0002800519287120551,
      "cost_critic_loss": 0.23398278653621674,
      "reward_critic_loss_last": 0.00026157795218750834,
      "cost_critic_loss_last": 0.20816056430339813,
      "critic_epochs": 8,
      "daily_voltage_cost": 0.007049719803035259,
      "daily_voltage_cost_raw": 0.007049719803035259,
      "daily_voltage_cost_normalized": 0.3524859547615051,
      "daily_economic_return_raw_yuan": -528343.375,
      "daily_economic_return_normalized": -0.16763733327388763,
      "daily_economic_cost_raw_yuan": 528343.375,
      "economic_reward_scale_yuan": 3151704.8194007874,
      "lagrange_multiplier": 0.0,
      "cost_budget": 1.0,
      "cost_budget_raw": 0.02,
      "cost_budget_normalized": 1.0,
      "algorithm_cost_mode": "separate_cost",
      "fixed_cost_penalty_coef": 0.0,
      "log_std_max": -2.3,
      "accepted": true,
      "mode": "reward",
      "reward_before": -2.8885398961620012e-08,
      "reward_after": 0.07688427716493607,
      "cost_before": 0.3524845540523529,
      "cost_after": 0.013554126024246216,
      "kl_before": -2.384185791015625e-07,
      "kl_after": 0.005002954509109259,
      "cost_gap": -0.6475154459476471,
      "cost_recoverable": true,
      "cost_quadratic": 476.2991943359375,
      "reward_quadratic": 0.6051628589630127,
      "reward_cost_cross": -2.178832530975342,
      "max_linear_cost_drop": 4.3648559854177895,
      "rollout_wall_seconds": 1.921576764434576,
      "update_wall_seconds": 1.5661769211292267,
      "total_wall_seconds": 3.4877554681152105
    },
    {
      "update": 822,
      "algorithm": "macpo",
      "actor_loss": -0.0668904259800911,
      "reward_critic_loss": 0.00020880535885225981,
      "cost_critic_loss": 0.25320807099342346,
      "reward_critic_loss_last": 0.0002020185929723084,
      "cost_critic_loss_last": 0.15520542860031128,
      "critic_epochs": 8,
      "daily_voltage_cost": 0.0047557782381772995,
      "daily_voltage_cost_raw": 0.0047557782381772995,
      "daily_voltage_cost_normalized": 0.23778893053531647,
      "daily_economic_return_raw_yuan": -591602.4375,
      "daily_economic_return_normalized": -0.18770870566368103,
      "daily_economic_cost_raw_yuan": 591602.4375,
      "economic_reward_scale_yuan": 3151704.8194007874,
      "lagrange_multiplier": 0.0,
      "cost_budget": 1.0,
      "cost_budget_raw": 0.02,
      "cost_budget_normalized": 1.0,
      "algorithm_cost_mode": "separate_cost",
      "fixed_cost_penalty_coef": 0.0,
      "log_std_max": -2.3,
      "accepted": true,
      "mode": "reward",
      "reward_before": -1.2244069580447103e-07,
      "reward_after": 0.0668904259800911,
      "cost_before": 0.23779219388961792,
      "cost_after": 0.2735559642314911,
      "kl_before": -2.384185791015625e-07,
      "kl_after": 0.005017759278416634,
      "cost_gap": -0.7622078061103821,
      "cost_recoverable": true,
      "cost_quadratic": 591.3897705078125,
      "reward_quadratic": 0.4642324149608612,
      "reward_cost_cross": 0.5959832668304443,
      "max_linear_cost_drop": 4.863701349827362,
      "rollout_wall_seconds": 1.834304764866829,
      "update_wall_seconds": 1.5079294070601463,
      "total_wall_seconds": 3.3422360569238663
    },
    {
      "update": 823,
      "algorithm": "macpo",
      "actor_loss": -0.06415274739265442,
      "reward_critic_loss": 0.00020068131561856717,
      "cost_critic_loss": 0.7767672538757324,
      "reward_critic_loss_last": 0.00018450830248184502,
      "cost_critic_loss_last": 0.7158350348472595,
      "critic_epochs": 8,
      "daily_voltage_cost": 0.015606524422764778,
      "daily_voltage_cost_raw": 0.015606524422764778,
      "daily_voltage_cost_normalized": 0.7803261876106262,
      "daily_economic_return_raw_yuan": -582322.875,
      "daily_economic_return_normalized": -0.18476441502571106,
      "daily_economic_cost_raw_yuan": 582322.875,
      "economic_reward_scale_yuan": 3151704.8194007874,
      "lagrange_multiplier": 0.0,
      "cost_budget": 1.0,
      "cost_budget_raw": 0.02,
      "cost_budget_normalized": 1.0,
      "algorithm_cost_mode": "separate_cost",
      "fixed_cost_penalty_coef": 0.0,
      "log_std_max": -2.3,
      "accepted": true,
      "mode": "reward",
      "reward_before": 7.799736323477191e-08,
      "reward_after": 0.06415274739265442,
      "cost_before": 0.7803245782852173,
      "cost_after": -0.07342660427093506,
      "kl_before": -2.384185791015625e-07,
      "kl_after": 0.0050010294653475285,
      "cost_gap": -0.21967542171478271,
      "cost_recoverable": true,
      "cost_quadratic": 1845.42724609375,
      "reward_quadratic": 0.4338929057121277,
      "reward_cost_cross": -6.131964683532715,
      "max_linear_cost_drop": 8.591687252440583,
      "rollout_wall_seconds": 1.9803759884089231,
      "update_wall_seconds": 1.3442251402884722,
      "total_wall_seconds": 3.3246031273156404
    },
    {
      "update": 824,
      "algorithm": "macpo",
      "actor_loss": -0.17846812307834625,
      "reward_critic_loss": 0.00045954727102071047,
      "cost_critic_loss": 1.9752715826034546,
      "reward_critic_loss_last": 0.0003714472404681146,
      "cost_critic_loss_last": 1.747631549835205,
      "critic_epochs": 8,
      "daily_voltage_cost": 0.015391520224511623,
      "daily_voltage_cost_raw": 0.015391520224511623,
      "daily_voltage_cost_normalized": 0.7695760130882263,
      "daily_economic_return_raw_yuan": -698279.375,
      "daily_economic_return_normalized": -0.22155609726905823,
      "daily_economic_cost_raw_yuan": 698279.375,
      "economic_reward_scale_yuan": 3151704.8194007874,
      "lagrange_multiplier": 0.0,
      "cost_budget": 1.0,
      "cost_budget_raw": 0.02,
      "cost_budget_normalized": 1.0,
      "algorithm_cost_mode": "separate_cost",
      "fixed_cost_penalty_coef": 0.0,
      "log_std_max": -2.3,
      "accepted": true,
      "mode": "reward",
      "reward_before": 1.6933050517309312e-07,
      "reward_after": 0.17846812307834625,
      "cost_before": 0.7695773243904114,
      "cost_after": 0.9300229549407959,
      "kl_before": -2.384185791015625e-07,
      "kl_after": 0.019977880641818047,
      "cost_gap": -0.23042267560958862,
      "cost_recoverable": true,
      "cost_quadratic": 3447.9736328125,
      "reward_quadratic": 0.9913797378540039,
      "reward_cost_cross": 0.5666794776916504,
      "max_linear_cost_drop": 11.743889701138205,
      "rollout_wall_seconds": 1.7663624938577414,
      "update_wall_seconds": 1.4244266953319311,
      "total_wall_seconds": 3.190791144967079
    },
    {
      "update": 825,
      "algorithm": "macpo",
      "actor_loss": -0.07042278349399567,
      "reward_critic_loss": 0.0002466567966621369,
      "cost_critic_loss": 0.2843799293041229,
      "reward_critic_loss_last": 0.00022283893486019224,
      "cost_critic_loss_last": 0.3057396411895752,
      "critic_epochs": 8,
      "daily_voltage_cost": 0.005119617562741041,
      "daily_voltage_cost_raw": 0.005119617562741041,
      "daily_voltage_cost_normalized": 0.25598087906837463,
      "daily_economic_return_raw_yuan": -578881.0,
      "daily_economic_return_normalized": -0.18367233872413635,
      "daily_economic_cost_raw_yuan": 578881.0,
      "economic_reward_scale_yuan": 3151704.8194007874,
      "lagrange_multiplier": 0.0,
      "cost_budget": 1.0,
      "cost_budget_raw": 0.02,
      "cost_budget_normalized": 1.0,
      "algorithm_cost_mode": "separate_cost",
      "fixed_cost_penalty_coef": 0.0,
      "log_std_max": -2.3,
      "accepted": true,
      "mode": "reward",
      "reward_before": -2.3246204250426672e-07,
      "reward_after": 0.07042278349399567,
      "cost_before": 0.2559815049171448,
      "cost_after": 0.020161181688308716,
      "kl_before": -2.384185791015625e-07,
      "kl_after": 0.005018047988414764,
      "cost_gap": -0.7440184950828552,
      "cost_recoverable": true,
      "cost_quadratic": 574.9664306640625,
      "reward_quadratic": 0.47399386763572693,
      "reward_cost_cross": -2.4152441024780273,
      "max_linear_cost_drop": 4.795691527461133,
      "rollout_wall_seconds": 1.289051128551364,
      "update_wall_seconds": 1.237808931618929,
      "total_wall_seconds": 2.5268619507551193
    },
    {
      "update": 826,
      "algorithm": "macpo",
      "actor_loss": -0.09094279259443283,
      "reward_critic_loss": 0.0004662319552153349,
      "cost_critic_loss": 0.9058851599693298,
      "reward_critic_loss_last": 0.0004336009151302278,
      "cost_critic_loss_last": 0.8650835752487183,
      "critic_epochs": 8,
      "daily_voltage_cost": 0.017050951719284058,
      "daily_voltage_cost_raw": 0.017050951719284058,
      "daily_voltage_cost_normalized": 0.8525475263595581,
      "daily_economic_return_raw_yuan": -600827.125,
      "daily_economic_return_normalized": -0.1906355917453766,
      "daily_economic_cost_raw_yuan": 600827.125,
      "economic_reward_scale_yuan": 3151704.8194007874,
      "lagrange_multiplier": 0.0,
      "cost_budget": 1.0,
      "cost_budget_raw": 0.02,
      "cost_budget_normalized": 1.0,
      "algorithm_cost_mode": "separate_cost",
      "fixed_cost_penalty_coef": 0.0,
      "log_std_max": -2.3,
      "accepted": true,
      "mode": "constrained_reward",
      "reward_before": 7.95140735476707e-08,
      "reward_after": 0.09094279259443283,
      "cost_before": 0.8525509238243103,
      "cost_after": 0.8701791167259216,
      "kl_before": -2.384185791015625e-07,
      "kl_after": 0.005039223935455084,
      "cost_gap": -0.1474490761756897,
      "cost_recoverable": true,
      "cost_quadratic": 1667.052734375,
      "reward_quadratic": 0.8921724557876587,
      "reward_cost_cross": 7.965451240539551,
      "max_linear_cost_drop": 8.165911423411352,
      "rollout_wall_seconds": 1.5018707178533077,
      "update_wall_seconds": 1.5658988300710917,
      "total_wall_seconds": 3.067771691828966
    },
    {
      "update": 827,
      "algorithm": "macpo",
      "actor_loss": -0.147671177983284,
      "reward_critic_loss": 0.00021361190010793507,
      "cost_critic_loss": 0.44673705101013184,
      "reward_critic_loss_last": 0.00016321445582434535,
      "cost_critic_loss_last": 0.4448656439781189,
      "critic_epochs": 8,
      "daily_voltage_cost": 0.009321711026132107,
      "daily_voltage_cost_raw": 0.009321711026132107,
      "daily_voltage_cost_normalized": 0.4660855531692505,
      "daily_economic_return_raw_yuan": -497832.84375,
      "daily_economic_return_normalized": -0.15795668959617615,
      "daily_economic_cost_raw_yuan": 497832.84375,
      "economic_reward_scale_yuan": 3151704.8194007874,
      "lagrange_multiplier": 0.0,
      "cost_budget": 1.0,
      "cost_budget_raw": 0.02,
      "cost_budget_normalized": 1.0,
      "algorithm_cost_mode": "separate_cost",
      "fixed_cost_penalty_coef": 0.0,
      "log_std_max": -2.3,
      "accepted": true,
      "mode": "constrained_reward",
      "reward_before": -7.32894562816e-08,
      "reward_after": 0.147671177983284,
      "cost_before": 0.4660804867744446,
      "cost_after": 0.9552916288375854,
      "kl_before": -2.384185791015625e-07,
      "kl_after": 0.019874198362231255,
      "cost_gap": -0.5339195132255554,
      "cost_recoverable": true,
      "cost_quadratic": 895.069091796875,
      "reward_quadratic": 0.46148622035980225,
      "reward_cost_cross": 2.8209612369537354,
      "max_linear_cost_drop": 5.983541064610069,
      "rollout_wall_seconds": 1.6827870812267065,
      "update_wall_seconds": 1.6182093638926744,
      "total_wall_seconds": 3.3009982649236917
    },
    {
      "update": 828,
      "algorithm": "macpo",
      "actor_loss": -0.08228844404220581,
      "reward_critic_loss": 0.00029599436675198376,
      "cost_critic_loss": 0.21156471967697144,
      "reward_critic_loss_last": 0.00027555180713534355,
      "cost_critic_loss_last": 0.18063139915466309,
      "critic_epochs": 8,
      "daily_voltage_cost": 0.005438562016934156,
      "daily_voltage_cost_raw": 0.005438562016934156,
      "daily_voltage_cost_normalized": 0.2719281017780304,
      "daily_economic_return_raw_yuan": -562164.375,
      "daily_economic_return_normalized": -0.17836834490299225,
      "daily_economic_cost_raw_yuan": 562164.375,
      "economic_reward_scale_yuan": 3151704.8194007874,
      "lagrange_multiplier": 0.0,
      "cost_budget": 1.0,
      "cost_budget_raw": 0.02,
      "cost_budget_normalized": 1.0,
      "algorithm_cost_mode": "separate_cost",
      "fixed_cost_penalty_coef": 0.0,
      "log_std_max": -2.3,
      "accepted": true,
      "mode": "reward",
      "reward_before": 1.279867376524635e-07,
      "reward_after": 0.08228844404220581,
      "cost_before": 0.2719270884990692,
      "cost_after": 0.15595903992652893,
      "kl_before": -2.384185791015625e-07,
      "kl_after": 0.005002806894481182,
      "cost_gap": -0.7280729115009308,
      "cost_recoverable": true,
      "cost_quadratic": 449.0133056640625,
      "reward_quadratic": 0.7029832005500793,
      "reward_cost_cross": -1.2745602130889893,
      "max_linear_cost_drop": 4.237986812929282,
      "rollout_wall_seconds": 1.505273960530758,
      "update_wall_seconds": 1.7044240962713957,
      "total_wall_seconds": 3.2096999175846577
    },
    {
      "update": 829,
      "algorithm": "macpo",
      "actor_loss": -0.0819304883480072,
      "reward_critic_loss": 0.00029984081629663706,
      "cost_critic_loss": 0.03652017563581467,
      "reward_critic_loss_last": 0.00026614475063979626,
      "cost_critic_loss_last": 0.02530730329453945,
      "critic_epochs": 8,
      "daily_voltage_cost": 0.0004967007553204894,
      "daily_voltage_cost_raw": 0.0004967007553204894,
      "daily_voltage_cost_normalized": 0.02483503893017769,
      "daily_economic_return_raw_yuan": -525790.3125,
      "daily_economic_return_normalized": -0.1668272763490677,
      "daily_economic_cost_raw_yuan": 525790.3125,
      "economic_reward_scale_yuan": 3151704.8194007874,
      "lagrange_multiplier": 0.0,
      "cost_budget": 1.0,
      "cost_budget_raw": 0.02,
      "cost_budget_normalized": 1.0,
      "algorithm_cost_mode": "separate_cost",
      "fixed_cost_penalty_coef": 0.0,
      "log_std_max": -2.3,
      "accepted": true,
      "mode": "reward",
      "reward_before": 1.4078892718316638e-08,
      "reward_after": 0.0819304883480072,
      "cost_before": 0.02483399398624897,
      "cost_after": -0.1603216677904129,
      "kl_before": -2.384185791015625e-07,
      "kl_after": 0.0050231278873980045,
      "cost_gap": -0.975166006013751,
      "cost_recoverable": true,
      "cost_quadratic": 86.21624755859375,
      "reward_quadratic": 0.6618341207504272,
      "reward_cost_cross": -1.285980463027954,
      "max_linear_cost_drop": 1.857054092465739,
      "rollout_wall_seconds": 1.154098341241479,
      "update_wall_seconds": 1.5685492046177387,
      "total_wall_seconds": 2.722649484872818
    },
    {
      "update": 830,
      "algorithm": "macpo",
      "actor_loss": -0.19503599405288696,
      "reward_critic_loss": 0.00047056327457539737,
      "cost_critic_loss": 0.13382838666439056,
      "reward_critic_loss_last": 0.0004155507776886225,
      "cost_critic_loss_last": 0.107412189245224,
      "critic_epochs": 8,
      "daily_voltage_cost": 0.0016562044620513916,
      "daily_voltage_cost_raw": 0.0016562044620513916,
      "daily_voltage_cost_normalized": 0.08281022310256958,
      "daily_economic_return_raw_yuan": -595915.0625,
      "daily_economic_return_normalized": -0.18907704949378967,
      "daily_economic_cost_raw_yuan": 595915.0625,
      "economic_reward_scale_yuan": 3151704.8194007874,
      "lagrange_multiplier": 0.0,
      "cost_budget": 1.0,
      "cost_budget_raw": 0.02,
      "cost_budget_normalized": 1.0,
      "algorithm_cost_mode": "separate_cost",
      "fixed_cost_penalty_coef": 0.0,
      "log_std_max": -2.3,
      "accepted": true,
      "mode": "reward",
      "reward_before": -1.3190657455197652e-07,
      "reward_after": 0.19503599405288696,
      "cost_before": 0.08281056582927704,
      "cost_after": -0.5158182978630066,
      "kl_before": -2.384185791015625e-07,
      "kl_after": 0.01992032118141651,
      "cost_gap": -0.917189434170723,
      "cost_recoverable": true,
      "cost_quadratic": 422.809326171875,
      "reward_quadratic": 1.0372302532196045,
      "reward_cost_cross": -2.1479578018188477,
      "max_linear_cost_drop": 4.112465567864976,
      "rollout_wall_seconds": 1.9248755723237991,
      "update_wall_seconds": 1.5798030458390713,
      "total_wall_seconds": 3.504680274054408
    },
    {
      "update": 831,
      "algorithm": "macpo",
      "actor_loss": 0.011721327900886536,
      "reward_critic_loss": 0.0003219360369257629,
      "cost_critic_loss": 1.162082552909851,
      "reward_critic_loss_last": 0.00029390264535322785,
      "cost_critic_loss_last": 1.1018316745758057,
      "critic_epochs": 8,
      "daily_voltage_cost": 0.02105194330215454,
      "daily_voltage_cost_raw": 0.02105194330215454,
      "daily_voltage_cost_normalized": 1.0525972843170166,
      "daily_economic_return_raw_yuan": -599643.25,
      "daily_economic_return_normalized": -0.19025996327400208,
      "daily_economic_cost_raw_yuan": 599643.25,
      "economic_reward_scale_yuan": 3151704.8194007874,
      "lagrange_multiplier": 0.0,
      "cost_budget": 1.0,
      "cost_budget_raw": 0.02,
      "cost_budget_normalized": 1.0,
      "algorithm_cost_mode": "separate_cost",
      "fixed_cost_penalty_coef": 0.0,
      "log_std_max": -2.3,
      "accepted": true,
      "mode": "cost_recovery",
      "reward_before": 5.8650456935538386e-08,
      "reward_after": -0.011721327900886536,
      "cost_before": 1.052595615386963,
      "cost_after": -6.87364387512207,
      "kl_before": -2.384185791015625e-07,
      "kl_after": 0.01998615264892578,
      "cost_gap": 0.05259561538696289,
      "cost_recoverable": true,
      "cost_quadratic": 2294.081298828125,
      "reward_quadratic": 0.7754537463188171,
      "reward_cost_cross": 4.137330532073975,
      "max_linear_cost_drop": 9.57931375167997,
      "rollout_wall_seconds": 2.0184678994119167,
      "update_wall_seconds": 1.5776216350495815,
      "total_wall_seconds": 3.596091514453292
    },
    {
      "update": 832,
      "algorithm": "macpo",
      "actor_loss": -0.11773592233657837,
      "reward_critic_loss": 0.0001978832297027111,
      "cost_critic_loss": 0.06099338456988335,
      "reward_critic_loss_last": 0.0001888643455458805,
      "cost_critic_loss_last": 0.07107473909854889,
      "critic_epochs": 8,
      "daily_voltage_cost": 0.00301890866830945,
      "daily_voltage_cost_raw": 0.00301890866830945,
      "daily_voltage_cost_normalized": 0.15094542503356934,
      "daily_economic_return_raw_yuan": -525220.0625,
      "daily_economic_return_normalized": -0.1666463315486908,
      "daily_economic_cost_raw_yuan": 525220.0625,
      "economic_reward_scale_yuan": 3151704.8194007874,
      "lagrange_multiplier": 0.0,
      "cost_budget": 1.0,
      "cost_budget_raw": 0.02,
      "cost_budget_normalized": 1.0,
      "algorithm_cost_mode": "separate_cost",
      "fixed_cost_penalty_coef": 0.0,
      "log_std_max": -2.3,
      "accepted": true,
      "mode": "reward",
      "reward_before": 1.0728832933182275e-08,
      "reward_after": 0.11773592233657837,
      "cost_before": 0.1509455442428589,
      "cost_after": -0.19323766231536865,
      "kl_before": -2.384185791015625e-07,
      "kl_after": 0.019940022379159927,
      "cost_gap": -0.8490544557571411,
      "cost_recoverable": true,
      "cost_quadratic": 123.08804321289062,
      "reward_quadratic": 0.3768829107284546,
      "reward_cost_cross": -1.1598808765411377,
      "max_linear_cost_drop": 2.218901018187973,
      "rollout_wall_seconds": 1.7774258349090815,
      "update_wall_seconds": 1.566476996988058,
      "total_wall_seconds": 3.3439048659056425
    },
    {
      "update": 833,
      "algorithm": "macpo",
      "actor_loss": -0.06620067358016968,
      "reward_critic_loss": 0.00020666755153797567,
      "cost_critic_loss": 1.0837643146514893,
      "reward_critic_loss_last": 0.00018459127750247717,
      "cost_critic_loss_last": 1.032668948173523,
      "critic_epochs": 8,
      "daily_voltage_cost": 0.014292520470917225,
      "daily_voltage_cost_raw": 0.014292520470917225,
      "daily_voltage_cost_normalized": 0.7146260142326355,
      "daily_economic_return_raw_yuan": -654685.3125,
      "daily_economic_return_normalized": -0.2077241837978363,
      "daily_economic_cost_raw_yuan": 654685.3125,
      "economic_reward_scale_yuan": 3151704.8194007874,
      "lagrange_multiplier": 0.0,
      "cost_budget": 1.0,
      "cost_budget_raw": 0.02,
      "cost_budget_normalized": 1.0,
      "algorithm_cost_mode": "separate_cost",
      "fixed_cost_penalty_coef": 0.0,
      "log_std_max": -2.3,
      "accepted": true,
      "mode": "reward",
      "reward_before": 5.4437867547108e-09,
      "reward_after": 0.06620067358016968,
      "cost_before": 0.7146279811859131,
      "cost_after": 0.6584411263465881,
      "kl_before": -2.384185791015625e-07,
      "kl_after": 0.004998939111828804,
      "cost_gap": -0.2853720188140869,
      "cost_recoverable": true,
      "cost_quadratic": 1581.08203125,
      "reward_quadratic": 0.44981810450553894,
      "reward_cost_cross": -0.34904080629348755,
      "max_linear_cost_drop": 7.952564444881915,
      "rollout_wall_seconds": 2.010246654972434,
      "update_wall_seconds": 1.4746378622949123,
      "total_wall_seconds": 3.4848862793296576
    },
    {
      "update": 834,
      "algorithm": "macpo",
      "actor_loss": -0.16239957511425018,
      "reward_critic_loss": 0.00027330953162163496,
      "cost_critic_loss": 0.0724748820066452,
      "reward_critic_loss_last": 0.0002655778080224991,
      "cost_critic_loss_last": 0.07566328346729279,
      "critic_epochs": 8,
      "daily_voltage_cost": 0.0017634823452681303,
      "daily_voltage_cost_raw": 0.0017634823452681303,
      "daily_voltage_cost_normalized": 0.08817411214113235,
      "daily_economic_return_raw_yuan": -597339.1875,
      "daily_economic_return_normalized": -0.1895289123058319,
      "daily_economic_cost_raw_yuan": 597339.1875,
      "economic_reward_scale_yuan": 3151704.8194007874,
      "lagrange_multiplier": 0.0,
      "cost_budget": 1.0,
      "cost_budget_raw": 0.02,
      "cost_budget_normalized": 1.0,
      "algorithm_cost_mode": "separate_cost",
      "fixed_cost_penalty_coef": 0.0,
      "log_std_max": -2.3,
      "accepted": true,
      "mode": "reward",
      "reward_before": 8.224824199487557e-08,
      "reward_after": 0.16239957511425018,
      "cost_before": 0.08817610144615173,
      "cost_after": 0.05275312811136246,
      "kl_before": -2.384185791015625e-07,
      "kl_after": 0.019910477101802826,
      "cost_gap": -0.9118238985538483,
      "cost_recoverable": true,
      "cost_quadratic": 142.41830444335938,
      "reward_quadratic": 0.6850336194038391,
      "reward_cost_cross": 0.5135537385940552,
      "max_linear_cost_drop": 2.38678280908305,
      "rollout_wall_seconds": 2.0567350517958403,
      "update_wall_seconds": 1.4382193200290203,
      "total_wall_seconds": 3.4949562791734934
    },
    {
      "update": 835,
      "algorithm": "macpo",
      "actor_loss": -0.16854022443294525,
      "reward_critic_loss": 0.0003716342616826296,
      "cost_critic_loss": 0.3637191653251648,
      "reward_critic_loss_last": 0.00035446169204078615,
      "cost_critic_loss_last": 0.3362159729003906,
      "critic_epochs": 8,
      "daily_voltage_cost": 0.006442524492740631,
      "daily_voltage_cost_raw": 0.006442524492740631,
      "daily_voltage_cost_normalized": 0.32212623953819275,
      "daily_economic_return_raw_yuan": -597824.625,
      "daily_economic_return_normalized": -0.1896829456090927,
      "daily_economic_cost_raw_yuan": 597824.625,
      "economic_reward_scale_yuan": 3151704.8194007874,
      "lagrange_multiplier": 0.0,
      "cost_budget": 1.0,
      "cost_budget_raw": 0.02,
      "cost_budget_normalized": 1.0,
      "algorithm_cost_mode": "separate_cost",
      "fixed_cost_penalty_coef": 0.0,
      "log_std_max": -2.3,
      "accepted": true,
      "mode": "reward",
      "reward_before": 4.756304861075478e-08,
      "reward_after": 0.16854022443294525,
      "cost_before": 0.32213109731674194,
      "cost_after": -1.9117299318313599,
      "kl_before": -2.384185791015625e-07,
      "kl_after": 0.019923562183976173,
      "cost_gap": -0.6778689026832581,
      "cost_recoverable": true,
      "cost_quadratic": 646.3416748046875,
      "reward_quadratic": 0.7648513317108154,
      "reward_cost_cross": -10.521932601928711,
      "max_linear_cost_drop": 5.084650134688472,
      "rollout_wall_seconds": 1.640112355351448,
      "update_wall_seconds": 1.5236258711665869,
      "total_wall_seconds": 3.1637404561042786
    },
    {
      "update": 836,
      "algorithm": "macpo",
      "actor_loss": -0.17796100676059723,
      "reward_critic_loss": 0.0003745283465832472,
      "cost_critic_loss": 0.5681584477424622,
      "reward_critic_loss_last": 0.0003559940669219941,
      "cost_critic_loss_last": 0.5614270567893982,
      "critic_epochs": 8,
      "daily_voltage_cost": 0.012191662564873695,
      "daily_voltage_cost_raw": 0.012191662564873695,
      "daily_voltage_cost_normalized": 0.6095831990242004,
      "daily_economic_return_raw_yuan": -584537.6875,
      "daily_economic_return_normalized": -0.18546713888645172,
      "daily_economic_cost_raw_yuan": 584537.6875,
      "economic_reward_scale_yuan": 3151704.8194007874,
      "lagrange_multiplier": 0.0,
      "cost_budget": 1.0,
      "cost_budget_raw": 0.02,
      "cost_budget_normalized": 1.0,
      "algorithm_cost_mode": "separate_cost",
      "fixed_cost_penalty_coef": 0.0,
      "log_std_max": -2.3,
      "accepted": true,
      "mode": "reward",
      "reward_before": -9.416942958750951e-08,
      "reward_after": 0.17796100676059723,
      "cost_before": 0.6095849871635437,
      "cost_after": -0.9125679135322571,
      "kl_before": -2.384185791015625e-07,
      "kl_after": 0.01989516243338585,
      "cost_gap": -0.3904150128364563,
      "cost_recoverable": true,
      "cost_quadratic": 1130.383544921875,
      "reward_quadratic": 0.7660509943962097,
      "reward_cost_cross": -6.401349067687988,
      "max_linear_cost_drop": 6.724235406116818,
      "rollout_wall_seconds": 1.6162801925092936,
      "update_wall_seconds": 1.4569313414394855,
      "total_wall_seconds": 3.07321310788393
    },
    {
      "update": 837,
      "algorithm": "macpo",
      "actor_loss": -0.18123981356620789,
      "reward_critic_loss": 0.0004211996856611222,
      "cost_critic_loss": 0.4538149833679199,
      "reward_critic_loss_last": 0.0004081099759787321,
      "cost_critic_loss_last": 0.34663575887680054,
      "critic_epochs": 8,
      "daily_voltage_cost": 0.006530752405524254,
      "daily_voltage_cost_raw": 0.006530752405524254,
      "daily_voltage_cost_normalized": 0.3265376389026642,
      "daily_economic_return_raw_yuan": -642254.5,
      "daily_economic_return_normalized": -0.20378002524375916,
      "daily_economic_cost_raw_yuan": 642254.5,
      "economic_reward_scale_yuan": 3151704.8194007874,
      "lagrange_multiplier": 0.0,
      "cost_budget": 1.0,
      "cost_budget_raw": 0.02,
      "cost_budget_normalized": 1.0,
      "algorithm_cost_mode": "separate_cost",
      "fixed_cost_penalty_coef": 0.0,
      "log_std_max": -2.3,
      "accepted": true,
      "mode": "reward",
      "reward_before": 1.3386906516643649e-07,
      "reward_after": 0.18123981356620789,
      "cost_before": 0.3265390992164612,
      "cost_after": 0.8483694791793823,
      "kl_before": -2.384185791015625e-07,
      "kl_after": 0.01995510421693325,
      "cost_gap": -0.6734609007835388,
      "cost_recoverable": true,
      "cost_quadratic": 874.1639404296875,
      "reward_quadratic": 0.9083609580993652,
      "reward_cost_cross": 3.0365681648254395,
      "max_linear_cost_drop": 5.913252710411377,
      "rollout_wall_seconds": 1.7363509722054005,
      "update_wall_seconds": 1.4256622344255447,
      "total_wall_seconds": 3.162015011534095
    },
    {
      "update": 838,
      "algorithm": "macpo",
      "actor_loss": -0.12968133389949799,
      "reward_critic_loss": 0.0002045160363195464,
      "cost_critic_loss": 0.1613849401473999,
      "reward_critic_loss_last": 0.0001935452310135588,
      "cost_critic_loss_last": 0.1291864514350891,
      "critic_epochs": 8,
      "daily_voltage_cost": 0.0034461452160030603,
      "daily_voltage_cost_raw": 0.0034461452160030603,
      "daily_voltage_cost_normalized": 0.17230726778507233,
      "daily_economic_return_raw_yuan": -526792.0,
      "daily_economic_return_normalized": -0.16714510321617126,
      "daily_economic_cost_raw_yuan": 526792.0,
      "economic_reward_scale_yuan": 3151704.8194007874,
      "lagrange_multiplier": 0.0,
      "cost_budget": 1.0,
      "cost_budget_raw": 0.02,
      "cost_budget_normalized": 1.0,
      "algorithm_cost_mode": "separate_cost",
      "fixed_cost_penalty_coef": 0.0,
      "log_std_max": -2.3,
      "accepted": true,
      "mode": "reward",
      "reward_before": -1.9368013681742013e-07,
      "reward_after": 0.12968133389949799,
      "cost_before": 0.17230938374996185,
      "cost_after": -0.5787400007247925,
      "kl_before": -2.384185791015625e-07,
      "kl_after": 0.019892023876309395,
      "cost_gap": -0.8276906162500381,
      "cost_recoverable": true,
      "cost_quadratic": 303.57110595703125,
      "reward_quadratic": 0.3996763229370117,
      "reward_cost_cross": -2.1982831954956055,
      "max_linear_cost_drop": 3.4846584105592404,
      "rollout_wall_seconds": 1.8685209639370441,
      "update_wall_seconds": 1.4101959560066462,
      "total_wall_seconds": 3.278718814253807
    },
    {
      "update": 839,
      "algorithm": "macpo",
      "actor_loss": -0.11474355310201645,
      "reward_critic_loss": 0.00015916865959297866,
      "cost_critic_loss": 0.24216032028198242,
      "reward_critic_loss_last": 0.00015167781384661794,
      "cost_critic_loss_last": 0.2472146451473236,
      "critic_epochs": 8,
      "daily_voltage_cost": 0.009296322241425514,
      "daily_voltage_cost_raw": 0.009296322241425514,
      "daily_voltage_cost_normalized": 0.464816153049469,
      "daily_economic_return_raw_yuan": -588165.125,
      "daily_economic_return_normalized": -0.18661808967590332,
      "daily_economic_cost_raw_yuan": 588165.125,
      "economic_reward_scale_yuan": 3151704.8194007874,
      "lagrange_multiplier": 0.0,
      "cost_budget": 1.0,
      "cost_budget_raw": 0.02,
      "cost_budget_normalized": 1.0,
      "algorithm_cost_mode": "separate_cost",
      "fixed_cost_penalty_coef": 0.0,
      "log_std_max": -2.3,
      "accepted": true,
      "mode": "reward",
      "reward_before": 6.51191101042059e-08,
      "reward_after": 0.11474355310201645,
      "cost_before": 0.4648199677467346,
      "cost_after": -0.27353471517562866,
      "kl_before": -2.384185791015625e-07,
      "kl_after": 0.01998099870979786,
      "cost_gap": -0.5351800322532654,
      "cost_recoverable": true,
      "cost_quadratic": 440.0377197265625,
      "reward_quadratic": 0.3202006220817566,
      "reward_cost_cross": -2.015303134918213,
      "max_linear_cost_drop": 4.195415210567662,
      "rollout_wall_seconds": 1.7892870903015137,
      "update_wall_seconds": 1.5465993843972683,
      "total_wall_seconds": 3.3358884751796722
    },
    {
      "update": 840,
      "algorithm": "macpo",
      "actor_loss": -0.1389089673757553,
      "reward_critic_loss": 0.0002381832746323198,
      "cost_critic_loss": 0.13301344215869904,
      "reward_critic_loss_last": 0.00022389099467545748,
      "cost_critic_loss_last": 0.13040879368782043,
      "critic_epochs": 8,
      "daily_voltage_cost": 0.004726056009531021,
      "daily_voltage_cost_raw": 0.004726056009531021,
      "daily_voltage_cost_normalized": 0.23630279302597046,
      "daily_economic_return_raw_yuan": -542410.125,
      "daily_economic_return_normalized": -0.17210055887699127,
      "daily_economic_cost_raw_yuan": 542410.125,
      "economic_reward_scale_yuan": 3151704.8194007874,
      "lagrange_multiplier": 0.0,
      "cost_budget": 1.0,
      "cost_budget_raw": 0.02,
      "cost_budget_normalized": 1.0,
      "algorithm_cost_mode": "separate_cost",
      "fixed_cost_penalty_coef": 0.0,
      "log_std_max": -2.3,
      "accepted": true,
      "mode": "reward",
      "reward_before": 3.919092605997321e-09,
      "reward_after": 0.1389089673757553,
      "cost_before": 0.23630133271217346,
      "cost_after": -0.48446422815322876,
      "kl_before": -2.384185791015625e-07,
      "kl_after": 0.019956130534410477,
      "cost_gap": -0.7636986672878265,
      "cost_recoverable": true,
      "cost_quadratic": 249.66561889648438,
      "reward_quadratic": 0.46089810132980347,
      "reward_cost_cross": -2.0996835231781006,
      "max_linear_cost_drop": 3.1601621407547076,
      "rollout_wall_seconds": 1.5971218217164278,
      "update_wall_seconds": 1.43740713596344,
      "total_wall_seconds": 3.0345308259129524
    },
    {
      "update": 841,
      "algorithm": "macpo",
      "actor_loss": -0.08266917616128922,
      "reward_critic_loss": 0.00032317807199433446,
      "cost_critic_loss": 0.283439576625824,
      "reward_critic_loss_last": 0.0003053335822187364,
      "cost_critic_loss_last": 0.27880099415779114,
      "critic_epochs": 8,
      "daily_voltage_cost": 0.007375247776508331,
      "daily_voltage_cost_raw": 0.007375247776508331,
      "daily_voltage_cost_normalized": 0.36876237392425537,
      "daily_economic_return_raw_yuan": -560755.5625,
      "daily_economic_return_normalized": -0.1779213547706604,
      "daily_economic_cost_raw_yuan": 560755.5625,
      "economic_reward_scale_yuan": 3151704.8194007874,
      "lagrange_multiplier": 0.0,
      "cost_budget": 1.0,
      "cost_budget_raw": 0.02,
      "cost_budget_normalized": 1.0,
      "algorithm_cost_mode": "separate_cost",
      "fixed_cost_penalty_coef": 0.0,
      "log_std_max": -2.3,
      "accepted": true,
      "mode": "constrained_reward",
      "reward_before": -2.381785293437133e-07,
      "reward_after": 0.08266917616128922,
      "cost_before": 0.36876028776168823,
      "cost_after": 0.7245277166366577,
      "kl_before": -2.384185791015625e-07,
      "kl_after": 0.004944646265357733,
      "cost_gap": -0.6312397122383118,
      "cost_recoverable": true,
      "cost_quadratic": 648.5391845703125,
      "reward_quadratic": 0.7191053628921509,
      "reward_cost_cross": 5.37443733215332,
      "max_linear_cost_drop": 5.093286501151541,
      "rollout_wall_seconds": 1.4934760052710772,
      "update_wall_seconds": 1.752056384459138,
      "total_wall_seconds": 3.245534351095557
    },
    {
      "update": 842,
      "algorithm": "macpo",
      "actor_loss": 0.013982530683279037,
      "reward_critic_loss": 0.00021250294230412692,
      "cost_critic_loss": 1.0576221942901611,
      "reward_critic_loss_last": 0.00020428348216228187,
      "cost_critic_loss_last": 0.9460059404373169,
      "critic_epochs": 8,
      "daily_voltage_cost": 0.020478254184126854,
      "daily_voltage_cost_raw": 0.020478254184126854,
      "daily_voltage_cost_normalized": 1.023912787437439,
      "daily_economic_return_raw_yuan": -569909.8125,
      "daily_economic_return_normalized": -0.18082588911056519,
      "daily_economic_cost_raw_yuan": 569909.8125,
      "economic_reward_scale_yuan": 3151704.8194007874,
      "lagrange_multiplier": 0.0,
      "cost_budget": 1.0,
      "cost_budget_raw": 0.02,
      "cost_budget_normalized": 1.0,
      "algorithm_cost_mode": "separate_cost",
      "fixed_cost_penalty_coef": 0.0,
      "log_std_max": -2.3,
      "accepted": true,
      "mode": "cost_recovery",
      "reward_before": 7.69500445585436e-08,
      "reward_after": -0.013982530683279037,
      "cost_before": 1.023908019065857,
      "cost_after": -6.338738918304443,
      "kl_before": -2.384185791015625e-07,
      "kl_after": 0.019934440031647682,
      "cost_gap": 0.023908019065856934,
      "cost_recoverable": true,
      "cost_quadratic": 1914.361083984375,
      "reward_quadratic": 0.39283353090286255,
      "reward_cost_cross": 3.9028258323669434,
      "max_linear_cost_drop": 8.750682451064888,
      "rollout_wall_seconds": 2.4195140209048986,
      "update_wall_seconds": 1.8810607232153416,
      "total_wall_seconds": 4.300576642155647
    },
    {
      "update": 843,
      "algorithm": "macpo",
      "actor_loss": -0.13729923963546753,
      "reward_critic_loss": 0.0002646365319378674,
      "cost_critic_loss": 0.1891613006591797,
      "reward_critic_loss_last": 0.00024134479463100433,
      "cost_critic_loss_last": 0.19135884940624237,
      "critic_epochs": 8,
      "daily_voltage_cost": 0.016265418380498886,
      "daily_voltage_cost_raw": 0.016265418380498886,
      "daily_voltage_cost_normalized": 0.8132709860801697,
      "daily_economic_return_raw_yuan": -644930.3125,
      "daily_economic_return_normalized": -0.20462903380393982,
      "daily_economic_cost_raw_yuan": 644930.3125,
      "economic_reward_scale_yuan": 3151704.8194007874,
      "lagrange_multiplier": 0.0,
      "cost_budget": 1.0,
      "cost_budget_raw": 0.02,
      "cost_budget_normalized": 1.0,
      "algorithm_cost_mode": "separate_cost",
      "fixed_cost_penalty_coef": 0.0,
      "log_std_max": -2.3,
      "accepted": true,
      "mode": "reward",
      "reward_before": 8.41694287601058e-08,
      "reward_after": 0.13729923963546753,
      "cost_before": 0.8132696747779846,
      "cost_after": 0.9185522794723511,
      "kl_before": -2.384185791015625e-07,
      "kl_after": 0.0199325792491436,
      "cost_gap": -0.18673032522201538,
      "cost_recoverable": true,
      "cost_quadratic": 320.1226806640625,
      "reward_quadratic": 0.5347894430160522,
      "reward_cost_cross": 0.38898342847824097,
      "max_linear_cost_drop": 3.57839450404263,
      "rollout_wall_seconds": 2.339964423328638,
      "update_wall_seconds": 1.9181408062577248,
      "total_wall_seconds": 4.258107114583254
    },
    {
      "update": 844,
      "algorithm": "macpo",
      "actor_loss": 0.013585846871137619,
      "reward_critic_loss": 0.0002505253651179373,
      "cost_critic_loss": 1.9372546672821045,
      "reward_critic_loss_last": 0.00022560972138307989,
      "cost_critic_loss_last": 1.803786039352417,
      "critic_epochs": 8,
      "daily_voltage_cost": 0.0223342664539814,
      "daily_voltage_cost_raw": 0.0223342664539814,
      "daily_voltage_cost_normalized": 1.116713285446167,
      "daily_economic_return_raw_yuan": -499434.46875,
      "daily_economic_return_normalized": -0.15846486389636993,
      "daily_economic_cost_raw_yuan": 499434.46875,
      "economic_reward_scale_yuan": 3151704.8194007874,
      "lagrange_multiplier": 0.0,
      "cost_budget": 1.0,
      "cost_budget_raw": 0.02,
      "cost_budget_normalized": 1.0,
      "algorithm_cost_mode": "separate_cost",
      "fixed_cost_penalty_coef": 0.0,
      "log_std_max": -2.3,
      "accepted": true,
      "mode": "cost_recovery",
      "reward_before": -9.20487792654967e-08,
      "reward_after": -0.013585846871137619,
      "cost_before": 1.1167032718658447,
      "cost_after": -10.197111129760742,
      "kl_before": -2.384185791015625e-07,
      "kl_after": 0.01995614729821682,
      "cost_gap": 0.11670327186584473,
      "cost_recoverable": true,
      "cost_quadratic": 4456.9521484375,
      "reward_quadratic": 0.4751846194267273,
      "reward_cost_cross": 6.0554609298706055,
      "max_linear_cost_drop": 13.352081708014673,
      "rollout_wall_seconds": 2.5412142649292946,
      "update_wall_seconds": 1.7055429611355066,
      "total_wall_seconds": 4.246759608387947
    },
    {
      "update": 845,
      "algorithm": "macpo",
      "actor_loss": 0.01017344556748867,
      "reward_critic_loss": 0.000258660817053169,
      "cost_critic_loss": 2.1531834602355957,
      "reward_critic_loss_last": 0.0002461496915202588,
      "cost_critic_loss_last": 2.124716281890869,
      "critic_epochs": 8,
      "daily_voltage_cost": 0.029775450006127357,
      "daily_voltage_cost_raw": 0.029775450006127357,
      "daily_voltage_cost_normalized": 1.4887723922729492,
      "daily_economic_return_raw_yuan": -624690.75,
      "daily_economic_return_normalized": -0.19820725917816162,
      "daily_economic_cost_raw_yuan": 624690.75,
      "economic_reward_scale_yuan": 3151704.8194007874,
      "lagrange_multiplier": 0.0,
      "cost_budget": 1.0,
      "cost_budget_raw": 0.02,
      "cost_budget_normalized": 1.0,
      "algorithm_cost_mode": "separate_cost",
      "fixed_cost_penalty_coef": 0.0,
      "log_std_max": -2.3,
      "accepted": true,
      "mode": "cost_recovery",
      "reward_before": -2.1371526770508353e-10,
      "reward_after": -0.01017344556748867,
      "cost_before": 1.4887757301330566,
      "cost_after": -5.034711837768555,
      "kl_before": -2.384185791015625e-07,
      "kl_after": 0.005006998311728239,
      "cost_gap": 0.48877573013305664,
      "cost_recoverable": true,
      "cost_quadratic": 5037.841796875,
      "reward_quadratic": 0.567168116569519,
      "reward_cost_cross": 7.897852420806885,
      "max_linear_cost_drop": 14.19555112966735,
      "rollout_wall_seconds": 2.0549677070230246,
      "update_wall_seconds": 1.3522967714816332,
      "total_wall_seconds": 3.407266402617097
    },
    {
      "update": 846,
      "algorithm": "macpo",
      "actor_loss": -0.08651790022850037,
      "reward_critic_loss": 0.00035823392681777477,
      "cost_critic_loss": 0.4124678075313568,
      "reward_critic_loss_last": 0.0003257310891058296,
      "cost_critic_loss_last": 0.267788290977478,
      "critic_epochs": 8,
      "daily_voltage_cost": 0.003999696578830481,
      "daily_voltage_cost_raw": 0.003999696578830481,
      "daily_voltage_cost_normalized": 0.1999848335981369,
      "daily_economic_return_raw_yuan": -640296.5,
      "daily_economic_return_normalized": -0.20315878093242645,
      "daily_economic_cost_raw_yuan": 640296.5,
      "economic_reward_scale_yuan": 3151704.8194007874,
      "lagrange_multiplier": 0.0,
      "cost_budget": 1.0,
      "cost_budget_raw": 0.02,
      "cost_budget_normalized": 1.0,
      "algorithm_cost_mode": "separate_cost",
      "fixed_cost_penalty_coef": 0.0,
      "log_std_max": -2.3,
      "accepted": true,
      "mode": "reward",
      "reward_before": 1.7822451070514944e-08,
      "reward_after": 0.08651790022850037,
      "cost_before": 0.19998694956302643,
      "cost_after": 0.43036118149757385,
      "kl_before": -2.384185791015625e-07,
      "kl_after": 0.005018285475671291,
      "cost_gap": -0.8000130504369736,
      "cost_recoverable": true,
      "cost_quadratic": 903.9041748046875,
      "reward_quadratic": 0.7662936449050903,
      "reward_cost_cross": 2.1534078121185303,
      "max_linear_cost_drop": 6.012999833044027,
      "rollout_wall_seconds": 1.285753833130002,
      "update_wall_seconds": 1.4391911048442125,
      "total_wall_seconds": 2.724946577101946
    },
    {
      "update": 847,
      "algorithm": "macpo",
      "actor_loss": -0.0037110517732799053,
      "reward_critic_loss": 0.0003915773122571409,
      "cost_critic_loss": 1.786526083946228,
      "reward_critic_loss_last": 0.00033261437783949077,
      "cost_critic_loss_last": 1.744752287864685,
      "critic_epochs": 8,
      "daily_voltage_cost": 0.02256845310330391,
      "daily_voltage_cost_raw": 0.02256845310330391,
      "daily_voltage_cost_normalized": 1.128422737121582,
      "daily_economic_return_raw_yuan": -648470.8125,
      "daily_economic_return_normalized": -0.2057524025440216,
      "daily_economic_cost_raw_yuan": 648470.8125,
      "economic_reward_scale_yuan": 3151704.8194007874,
      "lagrange_multiplier": 0.0,
      "cost_budget": 1.0,
      "cost_budget_raw": 0.02,
      "cost_budget_normalized": 1.0,
      "algorithm_cost_mode": "separate_cost",
      "fixed_cost_penalty_coef": 0.0,
      "log_std_max": -2.3,
      "accepted": true,
      "mode": "cost_recovery",
      "reward_before": 3.393521978978242e-07,
      "reward_after": 0.0037110517732799053,
      "cost_before": 1.1284176111221313,
      "cost_after": -9.791800498962402,
      "kl_before": -2.384185791015625e-07,
      "kl_after": 0.01998516544699669,
      "cost_gap": 0.12841761112213135,
      "cost_recoverable": true,
      "cost_quadratic": 4045.82373046875,
      "reward_quadratic": 0.8287988305091858,
      "reward_cost_cross": -3.3205089569091797,
      "max_linear_cost_drop": 12.72135799428465,
      "rollout_wall_seconds": 1.2972191888839006,
      "update_wall_seconds": 1.3855082541704178,
      "total_wall_seconds": 2.682729084044695
    },
    {
      "update": 848,
      "algorithm": "macpo",
      "actor_loss": -0.16918960213661194,
      "reward_critic_loss": 0.00031972688157111406,
      "cost_critic_loss": 0.36808905005455017,
      "reward_critic_loss_last": 0.0002428567677270621,
      "cost_critic_loss_last": 0.3373595178127289,
      "critic_epochs": 8,
      "daily_voltage_cost": 0.013663234189152718,
      "daily_voltage_cost_raw": 0.013663234189152718,
      "daily_voltage_cost_normalized": 0.683161735534668,
      "daily_economic_return_raw_yuan": -581469.9375,
      "daily_economic_return_normalized": -0.1844937801361084,
      "daily_economic_cost_raw_yuan": 581469.9375,
      "economic_reward_scale_yuan": 3151704.8194007874,
      "lagrange_multiplier": 0.0,
      "cost_budget": 1.0,
      "cost_budget_raw": 0.02,
      "cost_budget_normalized": 1.0,
      "algorithm_cost_mode": "separate_cost",
      "fixed_cost_penalty_coef": 0.0,
      "log_std_max": -2.3,
      "accepted": true,
      "mode": "reward",
      "reward_before": -1.0541963035848312e-07,
      "reward_after": 0.16918960213661194,
      "cost_before": 0.6831629872322083,
      "cost_after": 0.824187695980072,
      "kl_before": -2.384185791015625e-07,
      "kl_after": 0.019899500533938408,
      "cost_gap": -0.31683701276779175,
      "cost_recoverable": true,
      "cost_quadratic": 821.9827270507812,
      "reward_quadratic": 0.6473220586776733,
      "reward_cost_cross": 0.6150150299072266,
      "max_linear_cost_drop": 5.734048228087312,
      "rollout_wall_seconds": 1.648205954581499,
      "update_wall_seconds": 1.5675009489059448,
      "total_wall_seconds": 3.215708689764142
    },
    {
      "update": 849,
      "algorithm": "macpo",
      "actor_loss": -0.14392459392547607,
      "reward_critic_loss": 0.0002952833892777562,
      "cost_critic_loss": 0.14544039964675903,
      "reward_critic_loss_last": 0.00025918602477759123,
      "cost_critic_loss_last": 0.10608907043933868,
      "critic_epochs": 8,
      "daily_voltage_cost": 0.003225006628781557,
      "daily_voltage_cost_raw": 0.003225006628781557,
      "daily_voltage_cost_normalized": 0.16125035285949707,
      "daily_economic_return_raw_yuan": -612456.6875,
      "daily_economic_return_normalized": -0.1943255215883255,
      "daily_economic_cost_raw_yuan": 612456.6875,
      "economic_reward_scale_yuan": 3151704.8194007874,
      "lagrange_multiplier": 0.0,
      "cost_budget": 1.0,
      "cost_budget_raw": 0.02,
      "cost_budget_normalized": 1.0,
      "algorithm_cost_mode": "separate_cost",
      "fixed_cost_penalty_coef": 0.0,
      "log_std_max": -2.3,
      "accepted": true,
      "mode": "reward",
      "reward_before": 4.730659597385056e-08,
      "reward_after": 0.14392459392547607,
      "cost_before": 0.16124947369098663,
      "cost_after": 0.7910797595977783,
      "kl_before": -2.384185791015625e-07,
      "kl_after": 0.019884370267391205,
      "cost_gap": -0.8387505263090134,
      "cost_recoverable": true,
      "cost_quadratic": 329.4372863769531,
      "reward_quadratic": 0.6517653465270996,
      "reward_cost_cross": 3.28230357170105,
      "max_linear_cost_drop": 3.6300814667274515,
      "rollout_wall_seconds": 2.0444298796355724,
      "update_wall_seconds": 1.869830695912242,
      "total_wall_seconds": 3.914262490347028
    },
    {
      "update": 850,
      "algorithm": "macpo",
      "actor_loss": -0.07712148129940033,
      "reward_critic_loss": 0.0003081904142163694,
      "cost_critic_loss": 0.1270408034324646,
      "reward_critic_loss_last": 0.00027197750750929117,
      "cost_critic_loss_last": 0.11053715646266937,
      "critic_epochs": 8,
      "daily_voltage_cost": 0.004079826641827822,
      "daily_voltage_cost_raw": 0.004079826641827822,
      "daily_voltage_cost_normalized": 0.2039913386106491,
      "daily_economic_return_raw_yuan": -580002.9375,
      "daily_economic_return_normalized": -0.18402831256389618,
      "daily_economic_cost_raw_yuan": 580002.9375,
      "economic_reward_scale_yuan": 3151704.8194007874,
      "lagrange_multiplier": 0.0,
      "cost_budget": 1.0,
      "cost_budget_raw": 0.02,
      "cost_budget_normalized": 1.0,
      "algorithm_cost_mode": "separate_cost",
      "fixed_cost_penalty_coef": 0.0,
      "log_std_max": -2.3,
      "accepted": true,
      "mode": "reward",
      "reward_before": -4.694643962466216e-08,
      "reward_after": 0.07712148129940033,
      "cost_before": 0.2039906233549118,
      "cost_after": 0.2748567461967468,
      "kl_before": -2.384185791015625e-07,
      "kl_after": 0.004989311099052429,
      "cost_gap": -0.7960093766450882,
      "cost_recoverable": true,
      "cost_quadratic": 247.08642578125,
      "reward_quadratic": 0.6145948767662048,
      "reward_cost_cross": 0.45176199078559875,
      "max_linear_cost_drop": 3.1437965950821307,
      "rollout_wall_seconds": 2.413031928241253,
      "update_wall_seconds": 1.8765712901949883,
      "total_wall_seconds": 4.289605228230357
    },
    {
      "update": 851,
      "algorithm": "macpo",
      "actor_loss": -0.08652779459953308,
      "reward_critic_loss": 0.0003860978758893907,
      "cost_critic_loss": 0.48238658905029297,
      "reward_critic_loss_last": 0.00034262629924342036,
      "cost_critic_loss_last": 0.39331984519958496,
      "critic_epochs": 8,
      "daily_voltage_cost": 0.011554677039384842,
      "daily_voltage_cost_raw": 0.011554677039384842,
      "daily_voltage_cost_normalized": 0.5777338743209839,
      "daily_economic_return_raw_yuan": -581031.4375,
      "daily_economic_return_normalized": -0.18435466289520264,
      "daily_economic_cost_raw_yuan": 581031.4375,
      "economic_reward_scale_yuan": 3151704.8194007874,
      "lagrange_multiplier": 0.0,
      "cost_budget": 1.0,
      "cost_budget_raw": 0.02,
      "cost_budget_normalized": 1.0,
      "algorithm_cost_mode": "separate_cost",
      "fixed_cost_penalty_coef": 0.0,
      "log_std_max": -2.3,
      "accepted": true,
      "mode": "constrained_reward",
      "reward_before": -1.6614390574432036e-07,
      "reward_after": 0.08652779459953308,
      "cost_before": 0.577727198600769,
      "cost_after": 0.6589361429214478,
      "kl_before": -2.384185791015625e-07,
      "kl_after": 0.005065455101430416,
      "cost_gap": -0.42227280139923096,
      "cost_recoverable": true,
      "cost_quadratic": 968.76953125,
      "reward_quadratic": 0.7734403610229492,
      "reward_cost_cross": 3.039496898651123,
      "max_linear_cost_drop": 6.225012550188152,
      "rollout_wall_seconds": 2.5195925310254097,
      "update_wall_seconds": 2.035731004551053,
      "total_wall_seconds": 4.555325549095869
    },
    {
      "update": 852,
      "algorithm": "macpo",
      "actor_loss": -0.1906634271144867,
      "reward_critic_loss": 0.0005182221066206694,
      "cost_critic_loss": 0.07577396184206009,
      "reward_critic_loss_last": 0.0004940264625474811,
      "cost_critic_loss_last": 0.07986245304346085,
      "critic_epochs": 8,
      "daily_voltage_cost": 0.0027058019768446684,
      "daily_voltage_cost_raw": 0.0027058019768446684,
      "daily_voltage_cost_normalized": 0.13529010117053986,
      "daily_economic_return_raw_yuan": -589691.5625,
      "daily_economic_return_normalized": -0.18710240721702576,
      "daily_economic_cost_raw_yuan": 589691.5625,
      "economic_reward_scale_yuan": 3151704.8194007874,
      "lagrange_multiplier": 0.0,
      "cost_budget": 1.0,
      "cost_budget_raw": 0.02,
      "cost_budget_normalized": 1.0,
      "algorithm_cost_mode": "separate_cost",
      "fixed_cost_penalty_coef": 0.0,
      "log_std_max": -2.3,
      "accepted": true,
      "mode": "reward",
      "reward_before": -4.8935504537439556e-09,
      "reward_after": 0.1906634271144867,
      "cost_before": 0.1352878212928772,
      "cost_after": 0.3495553135871887,
      "kl_before": -2.384185791015625e-07,
      "kl_after": 0.01995185576379299,
      "cost_gap": -0.8647121787071228,
      "cost_recoverable": true,
      "cost_quadratic": 150.70790100097656,
      "reward_quadratic": 1.1123906373977661,
      "reward_cost_cross": 1.621541142463684,
      "max_linear_cost_drop": 2.4552629268652804,
      "rollout_wall_seconds": 2.1214845087379217,
      "update_wall_seconds": 1.975334933027625,
      "total_wall_seconds": 4.0968214478343725
    },
    {
      "update": 853,
      "algorithm": "macpo",
      "actor_loss": -0.147146075963974,
      "reward_critic_loss": 0.00029795989394187927,
      "cost_critic_loss": 0.06166437268257141,
      "reward_critic_loss_last": 0.0002756311441771686,
      "cost_critic_loss_last": 0.04138980433344841,
      "critic_epochs": 8,
      "daily_voltage_cost": 0.0024548876099288464,
      "daily_voltage_cost_raw": 0.0024548876099288464,
      "daily_voltage_cost_normalized": 0.1227443739771843,
      "daily_economic_return_raw_yuan": -598737.875,
      "daily_economic_return_normalized": -0.18997269868850708,
      "daily_economic_cost_raw_yuan": 598737.875,
      "economic_reward_scale_yuan": 3151704.8194007874,
      "lagrange_multiplier": 0.0,
      "cost_budget": 1.0,
      "cost_budget_raw": 0.02,
      "cost_budget_normalized": 1.0,
      "algorithm_cost_mode": "separate_cost",
      "fixed_cost_penalty_coef": 0.0,
      "log_std_max": -2.3,
      "accepted": true,
      "mode": "reward",
      "reward_before": -1.723169873457664e-08,
      "reward_after": 0.147146075963974,
      "cost_before": 0.12274433672428131,
      "cost_after": 0.08169431239366531,
      "kl_before": -2.384185791015625e-07,
      "kl_after": 0.019944410771131516,
      "cost_gap": -0.8772556632757187,
      "cost_recoverable": true,
      "cost_quadratic": 125.7001724243164,
      "reward_quadratic": 0.5788319110870361,
      "reward_cost_cross": 0.12357914447784424,
      "max_linear_cost_drop": 2.2423217648171407,
      "rollout_wall_seconds": 1.8666288368403912,
      "update_wall_seconds": 1.917530296370387,
      "total_wall_seconds": 3.7841613721102476
    },
    {
      "update": 854,
      "algorithm": "macpo",
      "actor_loss": -0.07536453008651733,
      "reward_critic_loss": 0.0003148293762933463,
      "cost_critic_loss": 0.8950756788253784,
      "reward_critic_loss_last": 0.0002984656020998955,
      "cost_critic_loss_last": 0.7902151942253113,
      "critic_epochs": 8,
      "daily_voltage_cost": 0.01301124319434166,
      "daily_voltage_cost_raw": 0.01301124319434166,
      "daily_voltage_cost_normalized": 0.6505622267723083,
      "daily_economic_return_raw_yuan": -623173.4375,
      "daily_economic_return_normalized": -0.1977258324623108,
      "daily_economic_cost_raw_yuan": 623173.4375,
      "economic_reward_scale_yuan": 3151704.8194007874,
      "lagrange_multiplier": 0.0,
      "cost_budget": 1.0,
      "cost_budget_raw": 0.02,
      "cost_budget_normalized": 1.0,
      "algorithm_cost_mode": "separate_cost",
      "fixed_cost_penalty_coef": 0.0,
      "log_std_max": -2.3,
      "accepted": true,
      "mode": "constrained_reward",
      "reward_before": 3.440057128045737e-10,
      "reward_after": 0.07536453008651733,
      "cost_before": 0.6505439877510071,
      "cost_after": 0.8950449824333191,
      "kl_before": -2.384185791015625e-07,
      "kl_after": 0.005002891644835472,
      "cost_gap": -0.3494560122489929,
      "cost_recoverable": true,
      "cost_quadratic": 1884.11572265625,
      "reward_quadratic": 0.6307817697525024,
      "reward_cost_cross": 1.873962163925171,
      "max_linear_cost_drop": 8.681280372517064,
      "rollout_wall_seconds": 1.7532616313546896,
      "update_wall_seconds": 1.4453474711626768,
      "total_wall_seconds": 3.198611220344901
    },
    {
      "update": 855,
      "algorithm": "macpo",
      "actor_loss": -0.1641474962234497,
      "reward_critic_loss": 0.0003536265285219997,
      "cost_critic_loss": 0.33676648139953613,
      "reward_critic_loss_last": 0.00032689509680494666,
      "cost_critic_loss_last": 0.3486119210720062,
      "critic_epochs": 8,
      "daily_voltage_cost": 0.010257456451654434,
      "daily_voltage_cost_raw": 0.010257456451654434,
      "daily_voltage_cost_normalized": 0.5128728747367859,
      "daily_economic_return_raw_yuan": -719779.625,
      "daily_economic_return_normalized": -0.22837787866592407,
      "daily_economic_cost_raw_yuan": 719779.625,
      "economic_reward_scale_yuan": 3151704.8194007874,
      "lagrange_multiplier": 0.0,
      "cost_budget": 1.0,
      "cost_budget_raw": 0.02,
      "cost_budget_normalized": 1.0,
      "algorithm_cost_mode": "separate_cost",
      "fixed_cost_penalty_coef": 0.0,
      "log_std_max": -2.3,
      "accepted": true,
      "mode": "reward",
      "reward_before": 8.061434897399522e-08,
      "reward_after": 0.1641474962234497,
      "cost_before": 0.5128702521324158,
      "cost_after": 0.46126461029052734,
      "kl_before": -2.384185791015625e-07,
      "kl_after": 0.019960403442382812,
      "cost_gap": -0.48712974786758423,
      "cost_recoverable": true,
      "cost_quadratic": 777.7593383789062,
      "reward_quadratic": 0.7612949013710022,
      "reward_cost_cross": 0.522339940071106,
      "max_linear_cost_drop": 5.577667391944078,
      "rollout_wall_seconds": 1.7701478563249111,
      "update_wall_seconds": 1.5655393414199352,
      "total_wall_seconds": 3.335689190775156
    },
    {
      "update": 856,
      "algorithm": "macpo",
      "actor_loss": -0.08853275328874588,
      "reward_critic_loss": 0.00037146685644984245,
      "cost_critic_loss": 0.9529045820236206,
      "reward_critic_loss_last": 0.00033682602224871516,
      "cost_critic_loss_last": 0.779239296913147,
      "critic_epochs": 8,
      "daily_voltage_cost": 0.01782950386404991,
      "daily_voltage_cost_raw": 0.01782950386404991,
      "daily_voltage_cost_normalized": 0.8914751410484314,
      "daily_economic_return_raw_yuan": -602542.4375,
      "daily_economic_return_normalized": -0.19117985665798187,
      "daily_economic_cost_raw_yuan": 602542.4375,
      "economic_reward_scale_yuan": 3151704.8194007874,
      "lagrange_multiplier": 0.0,
      "cost_budget": 1.0,
      "cost_budget_raw": 0.02,
      "cost_budget_normalized": 1.0,
      "algorithm_cost_mode": "separate_cost",
      "fixed_cost_penalty_coef": 0.0,
      "log_std_max": -2.3,
      "accepted": true,
      "mode": "constrained_reward",
      "reward_before": -7.717336103496564e-08,
      "reward_after": 0.08853275328874588,
      "cost_before": 0.891470730304718,
      "cost_after": 0.9377110004425049,
      "kl_before": -2.384185791015625e-07,
      "kl_after": 0.005007551051676273,
      "cost_gap": -0.10852926969528198,
      "cost_recoverable": true,
      "cost_quadratic": 1818.8905029296875,
      "reward_quadratic": 0.8025301098823547,
      "reward_cost_cross": 3.7328991889953613,
      "max_linear_cost_drop": 8.529690505357594,
      "rollout_wall_seconds": 1.907836800441146,
      "update_wall_seconds": 1.613733122125268,
      "total_wall_seconds": 3.5215720795094967
    },
    {
      "update": 857,
      "algorithm": "macpo",
      "actor_loss": -0.1792547106742859,
      "reward_critic_loss": 0.0003810843627434224,
      "cost_critic_loss": 0.9728819131851196,
      "reward_critic_loss_last": 0.00035025988472625613,
      "cost_critic_loss_last": 0.9784061312675476,
      "critic_epochs": 8,
      "daily_voltage_cost": 0.014173517003655434,
      "daily_voltage_cost_raw": 0.014173517003655434,
      "daily_voltage_cost_normalized": 0.7086758613586426,
      "daily_economic_return_raw_yuan": -574326.4375,
      "daily_economic_return_normalized": -0.182227224111557,
      "daily_economic_cost_raw_yuan": 574326.4375,
      "economic_reward_scale_yuan": 3151704.8194007874,
      "lagrange_multiplier": 0.0,
      "cost_budget": 1.0,
      "cost_budget_raw": 0.02,
      "cost_budget_normalized": 1.0,
      "algorithm_cost_mode": "separate_cost",
      "fixed_cost_penalty_coef": 0.0,
      "log_std_max": -2.3,
      "accepted": true,
      "mode": "reward",
      "reward_before": 3.72022661565552e-08,
      "reward_after": 0.1792547106742859,
      "cost_before": 0.7086790204048157,
      "cost_after": 0.021648049354553223,
      "kl_before": -2.384185791015625e-07,
      "kl_after": 0.0199762973934412,
      "cost_gap": -0.2913209795951843,
      "cost_recoverable": true,
      "cost_quadratic": 1870.19384765625,
      "reward_quadratic": 0.8269116878509521,
      "reward_cost_cross": -2.3223109245300293,
      "max_linear_cost_drop": 8.649147582637841,
      "rollout_wall_seconds": 2.1393307354301214,
      "update_wall_seconds": 1.8147772457450628,
      "total_wall_seconds": 3.9541102778166533
    },
    {
      "update": 858,
      "algorithm": "macpo",
      "actor_loss": -0.06045564264059067,
      "reward_critic_loss": 0.00019240539404563606,
      "cost_critic_loss": 0.08566411584615707,
      "reward_critic_loss_last": 0.00018766973516903818,
      "cost_critic_loss_last": 0.06618063896894455,
      "critic_epochs": 8,
      "daily_voltage_cost": 0.0028997291810810566,
      "daily_voltage_cost_raw": 0.0028997291810810566,
      "daily_voltage_cost_normalized": 0.14498646557331085,
      "daily_economic_return_raw_yuan": -575375.25,
      "daily_economic_return_normalized": -0.1825600117444992,
      "daily_economic_cost_raw_yuan": 575375.25,
      "economic_reward_scale_yuan": 3151704.8194007874,
      "lagrange_multiplier": 0.0,
      "cost_budget": 1.0,
      "cost_budget_raw": 0.02,
      "cost_budget_normalized": 1.0,
      "algorithm_cost_mode": "separate_cost",
      "fixed_cost_penalty_coef": 0.0,
      "log_std_max": -2.3,
      "accepted": true,
      "mode": "reward",
      "reward_before": -1.0291772412074351e-07,
      "reward_after": 0.06045564264059067,
      "cost_before": 0.14498424530029297,
      "cost_after": 0.2975590229034424,
      "kl_before": -2.384185791015625e-07,
      "kl_after": 0.005006853025406599,
      "cost_gap": -0.855015754699707,
      "cost_recoverable": true,
      "cost_quadratic": 199.12745666503906,
      "reward_quadratic": 0.36691415309906006,
      "reward_cost_cross": 1.0426108837127686,
      "max_linear_cost_drop": 2.8222505676501446,
      "rollout_wall_seconds": 1.9431801158934832,
      "update_wall_seconds": 1.5899948980659246,
      "total_wall_seconds": 3.533176723867655
    },
    {
      "update": 859,
      "algorithm": "macpo",
      "actor_loss": -0.1547423005104065,
      "reward_critic_loss": 0.000217569584492594,
      "cost_critic_loss": 0.17770729959011078,
      "reward_critic_loss_last": 0.00020213157404214144,
      "cost_critic_loss_last": 0.16772234439849854,
      "critic_epochs": 8,
      "daily_voltage_cost": 0.00895510334521532,
      "daily_voltage_cost_raw": 0.00895510334521532,
      "daily_voltage_cost_normalized": 0.44775521755218506,
      "daily_economic_return_raw_yuan": -588614.3125,
      "daily_economic_return_normalized": -0.18676060438156128,
      "daily_economic_cost_raw_yuan": 588614.3125,
      "economic_reward_scale_yuan": 3151704.8194007874,
      "lagrange_multiplier": 0.0,
      "cost_budget": 1.0,
      "cost_budget_raw": 0.02,
      "cost_budget_normalized": 1.0,
      "algorithm_cost_mode": "separate_cost",
      "fixed_cost_penalty_coef": 0.0,
      "log_std_max": -2.3,
      "accepted": true,
      "mode": "reward",
      "reward_before": 6.168306043718985e-08,
      "reward_after": 0.1547423005104065,
      "cost_before": 0.4477553963661194,
      "cost_after": -1.50701105594635,
      "kl_before": -2.384185791015625e-07,
      "kl_after": 0.01993430033326149,
      "cost_gap": -0.5522446036338806,
      "cost_recoverable": true,
      "cost_quadratic": 344.4002990722656,
      "reward_quadratic": 0.4853246808052063,
      "reward_cost_cross": -5.7614006996154785,
      "max_linear_cost_drop": 3.711605038644417,
      "rollout_wall_seconds": 1.7828172240406275,
      "update_wall_seconds": 1.4960119780153036,
      "total_wall_seconds": 3.2788332253694534
    },
    {
      "update": 860,
      "algorithm": "macpo",
      "actor_loss": -0.14925172924995422,
      "reward_critic_loss": 0.00034668223815970123,
      "cost_critic_loss": 0.29177558422088623,
      "reward_critic_loss_last": 0.0003289004089310765,
      "cost_critic_loss_last": 0.2685321569442749,
      "critic_epochs": 8,
      "daily_voltage_cost": 0.00908670760691166,
      "daily_voltage_cost_raw": 0.00908670760691166,
      "daily_voltage_cost_normalized": 0.45433542132377625,
      "daily_economic_return_raw_yuan": -598887.875,
      "daily_economic_return_normalized": -0.19002029299736023,
      "daily_economic_cost_raw_yuan": 598887.875,
      "economic_reward_scale_yuan": 3151704.8194007874,
      "lagrange_multiplier": 0.0,
      "cost_budget": 1.0,
      "cost_budget_raw": 0.02,
      "cost_budget_normalized": 1.0,
      "algorithm_cost_mode": "separate_cost",
      "fixed_cost_penalty_coef": 0.0,
      "log_std_max": -2.3,
      "accepted": true,
      "mode": "constrained_reward",
      "reward_before": -4.85419739959525e-08,
      "reward_after": 0.14925172924995422,
      "cost_before": 0.45433667302131653,
      "cost_after": 0.6098366379737854,
      "kl_before": -2.384185791015625e-07,
      "kl_after": 0.01993669383227825,
      "cost_gap": -0.5456633269786835,
      "cost_recoverable": true,
      "cost_quadratic": 596.3692016601562,
      "reward_quadratic": 0.7036494612693787,
      "reward_cost_cross": 4.530755043029785,
      "max_linear_cost_drop": 4.884134321085596,
      "rollout_wall_seconds": 1.6794823687523603,
      "update_wall_seconds": 1.441734865307808,
      "total_wall_seconds": 3.1212191097438335
    },
    {
      "update": 861,
      "algorithm": "macpo",
      "actor_loss": -0.16104988753795624,
      "reward_critic_loss": 0.00029027354321442544,
      "cost_critic_loss": 0.07215635478496552,
      "reward_critic_loss_last": 0.00023305548529606313,
      "cost_critic_loss_last": 0.06944190710783005,
      "critic_epochs": 8,
      "daily_voltage_cost": 0.0024152114056050777,
      "daily_voltage_cost_raw": 0.0024152114056050777,
      "daily_voltage_cost_normalized": 0.12076057493686676,
      "daily_economic_return_raw_yuan": -523690.5625,
      "daily_economic_return_normalized": -0.16616104543209076,
      "daily_economic_cost_raw_yuan": 523690.5625,
      "economic_reward_scale_yuan": 3151704.8194007874,
      "lagrange_multiplier": 0.0,
      "cost_budget": 1.0,
      "cost_budget_raw": 0.02,
      "cost_budget_normalized": 1.0,
      "algorithm_cost_mode": "separate_cost",
      "fixed_cost_penalty_coef": 0.0,
      "log_std_max": -2.3,
      "accepted": true,
      "mode": "reward",
      "reward_before": 1.1370723029813234e-07,
      "reward_after": 0.16104988753795624,
      "cost_before": 0.12075985968112946,
      "cost_after": -0.26482921838760376,
      "kl_before": -2.384185791015625e-07,
      "kl_after": 0.019924990832805634,
      "cost_gap": -0.8792401403188705,
      "cost_recoverable": true,
      "cost_quadratic": 134.82427978515625,
      "reward_quadratic": 0.6183227896690369,
      "reward_cost_cross": -1.8637093305587769,
      "max_linear_cost_drop": 2.322277156457913,
      "rollout_wall_seconds": 1.6111322604119778,
      "update_wall_seconds": 1.3896570168435574,
      "total_wall_seconds": 3.000791061669588
    },
    {
      "update": 862,
      "algorithm": "macpo",
      "actor_loss": -0.14335237443447113,
      "reward_critic_loss": 0.0002543328737374395,
      "cost_critic_loss": 0.060956232249736786,
      "reward_critic_loss_last": 0.00023339991457760334,
      "cost_critic_loss_last": 0.057883791625499725,
      "critic_epochs": 8,
      "daily_voltage_cost": 0.0023939330130815506,
      "daily_voltage_cost_raw": 0.0023939330130815506,
      "daily_voltage_cost_normalized": 0.11969665437936783,
      "daily_economic_return_raw_yuan": -505815.625,
      "daily_economic_return_normalized": -0.1604895293712616,
      "daily_economic_cost_raw_yuan": 505815.625,
      "economic_reward_scale_yuan": 3151704.8194007874,
      "lagrange_multiplier": 0.0,
      "cost_budget": 1.0,
      "cost_budget_raw": 0.02,
      "cost_budget_normalized": 1.0,
      "algorithm_cost_mode": "separate_cost",
      "fixed_cost_penalty_coef": 0.0,
      "log_std_max": -2.3,
      "accepted": true,
      "mode": "reward",
      "reward_before": -8.468474277378846e-08,
      "reward_after": 0.14335237443447113,
      "cost_before": 0.11969669163227081,
      "cost_after": 0.4866199493408203,
      "kl_before": -2.384185791015625e-07,
      "kl_after": 0.019970998167991638,
      "cost_gap": -0.8803033083677292,
      "cost_recoverable": true,
      "cost_quadratic": 99.39662170410156,
      "reward_quadratic": 0.5397568345069885,
      "reward_cost_cross": 1.191565990447998,
      "max_linear_cost_drop": 1.9939570878441848,
      "rollout_wall_seconds": 1.4392785485833883,
      "update_wall_seconds": 1.171613221988082,
      "total_wall_seconds": 2.610893491655588
    },
    {
      "update": 863,
      "algorithm": "macpo",
      "actor_loss": -0.17765869200229645,
      "reward_critic_loss": 0.00036247281241230667,
      "cost_critic_loss": 0.10560622066259384,
      "reward_critic_loss_last": 0.0003151965793222189,
      "cost_critic_loss_last": 0.10447415709495544,
      "critic_epochs": 8,
      "daily_voltage_cost": 0.0040593515150249004,
      "daily_voltage_cost_raw": 0.0040593515150249004,
      "daily_voltage_cost_normalized": 0.202967569231987,
      "daily_economic_return_raw_yuan": -528904.75,
      "daily_economic_return_normalized": -0.1678154468536377,
      "daily_economic_cost_raw_yuan": 528904.75,
      "economic_reward_scale_yuan": 3151704.8194007874,
      "lagrange_multiplier": 0.0,
      "cost_budget": 1.0,
      "cost_budget_raw": 0.02,
      "cost_budget_normalized": 1.0,
      "algorithm_cost_mode": "separate_cost",
      "fixed_cost_penalty_coef": 0.0,
      "log_std_max": -2.3,
      "accepted": true,
      "mode": "reward",
      "reward_before": -3.122700320545846e-08,
      "reward_after": 0.17765869200229645,
      "cost_before": 0.2029646635055542,
      "cost_after": 0.22279419004917145,
      "kl_before": -2.384185791015625e-07,
      "kl_after": 0.019912956282496452,
      "cost_gap": -0.7970353364944458,
      "cost_recoverable": true,
      "cost_quadratic": 184.5556182861328,
      "reward_quadratic": 0.8137649297714233,
      "reward_cost_cross": 0.41382214426994324,
      "max_linear_cost_drop": 2.7170249780679807,
      "rollout_wall_seconds": 1.4561618007719517,
      "update_wall_seconds": 1.63376459851861,
      "total_wall_seconds": 3.08992843516171
    },
    {
      "update": 864,
      "algorithm": "macpo",
      "actor_loss": -0.1337851583957672,
      "reward_critic_loss": 0.0002183257311116904,
      "cost_critic_loss": 0.03148816525936127,
      "reward_critic_loss_last": 0.00021053943783044815,
      "cost_critic_loss_last": 0.027929872274398804,
      "critic_epochs": 8,
      "daily_voltage_cost": 0.00010825181379914284,
      "daily_voltage_cost_raw": 0.00010825181379914284,
      "daily_voltage_cost_normalized": 0.005412591155618429,
      "daily_economic_return_raw_yuan": -548983.125,
      "daily_economic_return_normalized": -0.1741860955953598,
      "daily_economic_cost_raw_yuan": 548983.125,
      "economic_reward_scale_yuan": 3151704.8194007874,
      "lagrange_multiplier": 0.0,
      "cost_budget": 1.0,
      "cost_budget_raw": 0.02,
      "cost_budget_normalized": 1.0,
      "algorithm_cost_mode": "separate_cost",
      "fixed_cost_penalty_coef": 0.0,
      "log_std_max": -2.3,
      "accepted": true,
      "mode": "reward",
      "reward_before": -4.530912534050913e-09,
      "reward_after": 0.1337851583957672,
      "cost_before": 0.005412529222667217,
      "cost_after": 0.2806446850299835,
      "kl_before": -2.384185791015625e-07,
      "kl_after": 0.01989317685365677,
      "cost_gap": -0.9945874707773328,
      "cost_recoverable": true,
      "cost_quadratic": 63.74354934692383,
      "reward_quadratic": 0.4904409646987915,
      "reward_cost_cross": 1.0830588340759277,
      "max_linear_cost_drop": 1.5967911491102877,
      "rollout_wall_seconds": 1.5375446397811174,
      "update_wall_seconds": 1.5030613876879215,
      "total_wall_seconds": 3.0406079087406397
    },
    {
      "update": 865,
      "algorithm": "macpo",
      "actor_loss": -0.09291759133338928,
      "reward_critic_loss": 0.00044072975288145244,
      "cost_critic_loss": 0.6832054853439331,
      "reward_critic_loss_last": 0.0003913641849067062,
      "cost_critic_loss_last": 0.5268267393112183,
      "critic_epochs": 8,
      "daily_voltage_cost": 0.01929917372763157,
      "daily_voltage_cost_raw": 0.01929917372763157,
      "daily_voltage_cost_normalized": 0.9649587273597717,
      "daily_economic_return_raw_yuan": -657764.0,
      "daily_economic_return_normalized": -0.2087010145187378,
      "daily_economic_cost_raw_yuan": 657764.0,
      "economic_reward_scale_yuan": 3151704.8194007874,
      "lagrange_multiplier": 0.0,
      "cost_budget": 1.0,
      "cost_budget_raw": 0.02,
      "cost_budget_normalized": 1.0,
      "algorithm_cost_mode": "separate_cost",
      "fixed_cost_penalty_coef": 0.0,
      "log_std_max": -2.3,
      "accepted": true,
      "mode": "constrained_reward",
      "reward_before": 1.1887583895031639e-07,
      "reward_after": 0.09291759133338928,
      "cost_before": 0.9649601578712463,
      "cost_after": 0.9902812242507935,
      "kl_before": -2.384185791015625e-07,
      "kl_after": 0.004955606535077095,
      "cost_gap": -0.03503984212875366,
      "cost_recoverable": true,
      "cost_quadratic": 1249.5556640625,
      "reward_quadratic": 0.91571044921875,
      "reward_cost_cross": 2.1458840370178223,
      "max_linear_cost_drop": 7.069810928341719,
      "rollout_wall_seconds": 1.418099856004119,
      "update_wall_seconds": 1.6365852132439613,
      "total_wall_seconds": 3.0546869840472937
    },
    {
      "update": 866,
      "algorithm": "macpo",
      "actor_loss": -0.16099050641059875,
      "reward_critic_loss": 0.00036754863685928285,
      "cost_critic_loss": 0.030411675572395325,
      "reward_critic_loss_last": 0.0003227569395676255,
      "cost_critic_loss_last": 0.036659881472587585,
      "critic_epochs": 8,
      "daily_voltage_cost": 0.0004822343762498349,
      "daily_voltage_cost_raw": 0.0004822343762498349,
      "daily_voltage_cost_normalized": 0.02411171980202198,
      "daily_economic_return_raw_yuan": -591498.0,
      "daily_economic_return_normalized": -0.1876755654811859,
      "daily_economic_cost_raw_yuan": 591498.0,
      "economic_reward_scale_yuan": 3151704.8194007874,
      "lagrange_multiplier": 0.0,
      "cost_budget": 1.0,
      "cost_budget_raw": 0.02,
      "cost_budget_normalized": 1.0,
      "algorithm_cost_mode": "separate_cost",
      "fixed_cost_penalty_coef": 0.0,
      "log_std_max": -2.3,
      "accepted": true,
      "mode": "reward",
      "reward_before": 1.1808279509750719e-07,
      "reward_after": 0.16099050641059875,
      "cost_before": 0.024111464619636536,
      "cost_after": -0.388251394033432,
      "kl_before": -2.384185791015625e-07,
      "kl_after": 0.019912034273147583,
      "cost_gap": -0.9758885353803635,
      "cost_recoverable": true,
      "cost_quadratic": 61.46150207519531,
      "reward_quadratic": 0.7047035694122314,
      "reward_cost_cross": -1.2698321342468262,
      "max_linear_cost_drop": 1.5679477296797277,
      "rollout_wall_seconds": 1.456024743616581,
      "update_wall_seconds": 1.6215072516351938,
      "total_wall_seconds": 3.0775336138904095
    },
    {
      "update": 867,
      "algorithm": "macpo",
      "actor_loss": -0.15094304084777832,
      "reward_critic_loss": 0.00036679167533293366,
      "cost_critic_loss": 0.35639330744743347,
      "reward_critic_loss_last": 0.0003257103671785444,
      "cost_critic_loss_last": 0.28284788131713867,
      "critic_epochs": 8,
      "daily_voltage_cost": 0.007026646286249161,
      "daily_voltage_cost_raw": 0.007026646286249161,
      "daily_voltage_cost_normalized": 0.3513323664665222,
      "daily_economic_return_raw_yuan": -587859.1875,
      "daily_economic_return_normalized": -0.1865210235118866,
      "daily_economic_cost_raw_yuan": 587859.1875,
      "economic_reward_scale_yuan": 3151704.8194007874,
      "lagrange_multiplier": 0.0,
      "cost_budget": 1.0,
      "cost_budget_raw": 0.02,
      "cost_budget_normalized": 1.0,
      "algorithm_cost_mode": "separate_cost",
      "fixed_cost_penalty_coef": 0.0,
      "log_std_max": -2.3,
      "accepted": true,
      "mode": "reward",
      "reward_before": 2.583572467074191e-08,
      "reward_after": 0.15094304084777832,
      "cost_before": 0.35132816433906555,
      "cost_after": -0.41034334897994995,
      "kl_before": -2.384185791015625e-07,
      "kl_after": 0.019934287294745445,
      "cost_gap": -0.6486718356609344,
      "cost_recoverable": true,
      "cost_quadratic": 641.033447265625,
      "reward_quadratic": 0.6260331869125366,
      "reward_cost_cross": -3.3523151874542236,
      "max_linear_cost_drop": 5.063727667501976,
      "rollout_wall_seconds": 1.6291270833462477,
      "update_wall_seconds": 1.5736644007265568,
      "total_wall_seconds": 3.2027931585907936
    },
    {
      "update": 868,
      "algorithm": "macpo",
      "actor_loss": -0.14968714118003845,
      "reward_critic_loss": 0.00025606033159419894,
      "cost_critic_loss": 0.12304332107305527,
      "reward_critic_loss_last": 0.00022962133516557515,
      "cost_critic_loss_last": 0.13247564435005188,
      "critic_epochs": 8,
      "daily_voltage_cost": 0.004489978309720755,
      "daily_voltage_cost_raw": 0.004489978309720755,
      "daily_voltage_cost_normalized": 0.22449891269207,
      "daily_economic_return_raw_yuan": -566418.5,
      "daily_economic_return_normalized": -0.17971813678741455,
      "daily_economic_cost_raw_yuan": 566418.5,
      "economic_reward_scale_yuan": 3151704.8194007874,
      "lagrange_multiplier": 0.0,
      "cost_budget": 1.0,
      "cost_budget_raw": 0.02,
      "cost_budget_normalized": 1.0,
      "algorithm_cost_mode": "separate_cost",
      "fixed_cost_penalty_coef": 0.0,
      "log_std_max": -2.3,
      "accepted": true,
      "mode": "reward",
      "reward_before": -4.836146416664633e-08,
      "reward_after": 0.14968714118003845,
      "cost_before": 0.224496990442276,
      "cost_after": 0.7816134691238403,
      "kl_before": -2.384185791015625e-07,
      "kl_after": 0.019937731325626373,
      "cost_gap": -0.775503009557724,
      "cost_recoverable": true,
      "cost_quadratic": 233.7729034423828,
      "reward_quadratic": 0.565871000289917,
      "reward_cost_cross": 1.7943387031555176,
      "max_linear_cost_drop": 3.0579267711466396,
      "rollout_wall_seconds": 1.2584739923477173,
      "update_wall_seconds": 1.6755989473313093,
      "total_wall_seconds": 2.934074765071273
    },
    {
      "update": 869,
      "algorithm": "macpo",
      "actor_loss": -0.13936123251914978,
      "reward_critic_loss": 0.00020926923025399446,
      "cost_critic_loss": 0.25098714232444763,
      "reward_critic_loss_last": 0.00017564794688951224,
      "cost_critic_loss_last": 0.2468932867050171,
      "critic_epochs": 8,
      "daily_voltage_cost": 0.006123971659690142,
      "daily_voltage_cost_raw": 0.006123971659690142,
      "daily_voltage_cost_normalized": 0.3061985969543457,
      "daily_economic_return_raw_yuan": -537087.75,
      "daily_economic_return_normalized": -0.1704118251800537,
      "daily_economic_cost_raw_yuan": 537087.75,
      "economic_reward_scale_yuan": 3151704.8194007874,
      "lagrange_multiplier": 0.0,
      "cost_budget": 1.0,
      "cost_budget_raw": 0.02,
      "cost_budget_normalized": 1.0,
      "algorithm_cost_mode": "separate_cost",
      "fixed_cost_penalty_coef": 0.0,
      "log_std_max": -2.3,
      "accepted": true,
      "mode": "reward",
      "reward_before": -2.2616637807004736e-07,
      "reward_after": 0.13936123251914978,
      "cost_before": 0.30619412660598755,
      "cost_after": 0.7473251819610596,
      "kl_before": -2.384185791015625e-07,
      "kl_after": 0.01994481310248375,
      "cost_gap": -0.6938058733940125,
      "cost_recoverable": true,
      "cost_quadratic": 534.3997192382812,
      "reward_quadratic": 0.44657737016677856,
      "reward_cost_cross": 1.3190991878509521,
      "max_linear_cost_drop": 4.623417434055814,
      "rollout_wall_seconds": 1.6542664095759392,
      "update_wall_seconds": 1.4323420077562332,
      "total_wall_seconds": 3.0866102054715157
    },
    {
      "update": 870,
      "algorithm": "macpo",
      "actor_loss": -0.16591832041740417,
      "reward_critic_loss": 0.00029749731766059995,
      "cost_critic_loss": 0.43896961212158203,
      "reward_critic_loss_last": 0.0002703332283999771,
      "cost_critic_loss_last": 0.4114217162132263,
      "critic_epochs": 8,
      "daily_voltage_cost": 0.009701977483928204,
      "daily_voltage_cost_raw": 0.009701977483928204,
      "daily_voltage_cost_normalized": 0.48509886860847473,
      "daily_economic_return_raw_yuan": -549788.5625,
      "daily_economic_return_normalized": -0.1744416356086731,
      "daily_economic_cost_raw_yuan": 549788.5625,
      "economic_reward_scale_yuan": 3151704.8194007874,
      "lagrange_multiplier": 0.0,
      "cost_budget": 1.0,
      "cost_budget_raw": 0.02,
      "cost_budget_normalized": 1.0,
      "algorithm_cost_mode": "separate_cost",
      "fixed_cost_penalty_coef": 0.0,
      "log_std_max": -2.3,
      "accepted": true,
      "mode": "reward",
      "reward_before": 1.1752288031630087e-07,
      "reward_after": 0.16591832041740417,
      "cost_before": 0.4850970208644867,
      "cost_after": 0.2861228585243225,
      "kl_before": -2.384185791015625e-07,
      "kl_after": 0.019977927207946777,
      "cost_gap": -0.5149029791355133,
      "cost_recoverable": true,
      "cost_quadratic": 1036.6917724609375,
      "reward_quadratic": 0.7168840169906616,
      "reward_cost_cross": 0.04710334539413452,
      "max_linear_cost_drop": 6.4395396495741455,
      "rollout_wall_seconds": 1.1954480856657028,
      "update_wall_seconds": 1.4515940342098475,
      "total_wall_seconds": 2.647043751552701
    },
    {
      "update": 871,
      "algorithm": "macpo",
      "actor_loss": -0.1713257133960724,
      "reward_critic_loss": 0.0003771705087274313,
      "cost_critic_loss": 0.14359912276268005,
      "reward_critic_loss_last": 0.00035789672983810306,
      "cost_critic_loss_last": 0.12439887225627899,
      "critic_epochs": 8,
      "daily_voltage_cost": 0.002238886896520853,
      "daily_voltage_cost_raw": 0.002238886896520853,
      "daily_voltage_cost_normalized": 0.11194434762001038,
      "daily_economic_return_raw_yuan": -614818.0,
      "daily_economic_return_normalized": -0.19507475197315216,
      "daily_economic_cost_raw_yuan": 614818.0,
      "economic_reward_scale_yuan": 3151704.8194007874,
      "lagrange_multiplier": 0.0,
      "cost_budget": 1.0,
      "cost_budget_raw": 0.02,
      "cost_budget_normalized": 1.0,
      "algorithm_cost_mode": "separate_cost",
      "fixed_cost_penalty_coef": 0.0,
      "log_std_max": -2.3,
      "accepted": true,
      "mode": "reward",
      "reward_before": -2.5397696390427882e-08,
      "reward_after": 0.1713257133960724,
      "cost_before": 0.11194384843111038,
      "cost_after": -0.047069087624549866,
      "kl_before": -2.384185791015625e-07,
      "kl_after": 0.019987989217042923,
      "cost_gap": -0.8880561515688896,
      "cost_recoverable": true,
      "cost_quadratic": 314.3673095703125,
      "reward_quadratic": 0.8037350177764893,
      "reward_cost_cross": -1.0278691053390503,
      "max_linear_cost_drop": 3.5460812713208507,
      "rollout_wall_seconds": 1.4283995050936937,
      "update_wall_seconds": 1.5461958143860102,
      "total_wall_seconds": 2.97459808178246
    },
    {
      "update": 872,
      "algorithm": "macpo",
      "actor_loss": -0.16544349491596222,
      "reward_critic_loss": 0.00039380748057737947,
      "cost_critic_loss": 0.6414713859558105,
      "reward_critic_loss_last": 0.0003674399049486965,
      "cost_critic_loss_last": 0.5852161645889282,
      "critic_epochs": 8,
      "daily_voltage_cost": 0.008433511480689049,
      "daily_voltage_cost_raw": 0.008433511480689049,
      "daily_voltage_cost_normalized": 0.4216756224632263,
      "daily_economic_return_raw_yuan": -606283.875,
      "daily_economic_return_normalized": -0.19236695766448975,
      "daily_economic_cost_raw_yuan": 606283.875,
      "economic_reward_scale_yuan": 3151704.8194007874,
      "lagrange_multiplier": 0.0,
      "cost_budget": 1.0,
      "cost_budget_raw": 0.02,
      "cost_budget_normalized": 1.0,
      "algorithm_cost_mode": "separate_cost",
      "fixed_cost_penalty_coef": 0.0,
      "log_std_max": -2.3,
      "accepted": true,
      "mode": "reward",
      "reward_before": 1.624581926762403e-07,
      "reward_after": 0.16544349491596222,
      "cost_before": 0.42166852951049805,
      "cost_after": -2.113236665725708,
      "kl_before": -2.384185791015625e-07,
      "kl_after": 0.019947391003370285,
      "cost_gap": -0.578331470489502,
      "cost_recoverable": true,
      "cost_quadratic": 1408.445556640625,
      "reward_quadratic": 0.8365515470504761,
      "reward_cost_cross": -13.508870124816895,
      "max_linear_cost_drop": 7.505852534231205,
      "rollout_wall_seconds": 1.5700229723006487,
      "update_wall_seconds": 1.5684851240366697,
      "total_wall_seconds": 3.138509936630726
    },
    {
      "update": 873,
      "algorithm": "macpo",
      "actor_loss": -0.11004213243722916,
      "reward_critic_loss": 0.0006151544512249529,
      "cost_critic_loss": 0.7959756851196289,
      "reward_critic_loss_last": 0.0005923669086769223,
      "cost_critic_loss_last": 0.7319506406784058,
      "critic_epochs": 8,
      "daily_voltage_cost": 0.014329723082482815,
      "daily_voltage_cost_raw": 0.014329723082482815,
      "daily_voltage_cost_normalized": 0.7164860963821411,
      "daily_economic_return_raw_yuan": -599440.5625,
      "daily_economic_return_normalized": -0.19019566476345062,
      "daily_economic_cost_raw_yuan": 599440.5625,
      "economic_reward_scale_yuan": 3151704.8194007874,
      "lagrange_multiplier": 0.0,
      "cost_budget": 1.0,
      "cost_budget_raw": 0.02,
      "cost_budget_normalized": 1.0,
      "algorithm_cost_mode": "separate_cost",
      "fixed_cost_penalty_coef": 0.0,
      "log_std_max": -2.3,
      "accepted": true,
      "mode": "constrained_reward",
      "reward_before": -3.113699165169237e-08,
      "reward_after": 0.11004213243722916,
      "cost_before": 0.7164834141731262,
      "cost_after": 0.9093119502067566,
      "kl_before": -2.384185791015625e-07,
      "kl_after": 0.004975424613803625,
      "cost_gap": -0.2835165858268738,
      "cost_recoverable": true,
      "cost_quadratic": 1947.25390625,
      "reward_quadratic": 1.371773600578308,
      "reward_cost_cross": 1.8311258554458618,
      "max_linear_cost_drop": 8.825539997643205,
      "rollout_wall_seconds": 1.5360986683517694,
      "update_wall_seconds": 1.610934967175126,
      "total_wall_seconds": 3.1470356583595276
    },
    {
      "update": 874,
      "algorithm": "macpo",
      "actor_loss": -0.16423815488815308,
      "reward_critic_loss": 0.0003708943841047585,
      "cost_critic_loss": 0.29650160670280457,
      "reward_critic_loss_last": 0.00034346914617344737,
      "cost_critic_loss_last": 0.306532621383667,
      "critic_epochs": 8,
      "daily_voltage_cost": 0.0081207025796175,
      "daily_voltage_cost_raw": 0.0081207025796175,
      "daily_voltage_cost_normalized": 0.4060351252555847,
      "daily_economic_return_raw_yuan": -622550.125,
      "daily_economic_return_normalized": -0.19752806425094604,
      "daily_economic_cost_raw_yuan": 622550.125,
      "economic_reward_scale_yuan": 3151704.8194007874,
      "lagrange_multiplier": 0.0,
      "cost_budget": 1.0,
      "cost_budget_raw": 0.02,
      "cost_budget_normalized": 1.0,
      "algorithm_cost_mode": "separate_cost",
      "fixed_cost_penalty_coef": 0.0,
      "log_std_max": -2.3,
      "accepted": true,
      "mode": "reward",
      "reward_before": -2.0285092716676445e-08,
      "reward_after": 0.16423815488815308,
      "cost_before": 0.40604037046432495,
      "cost_after": 0.31965672969818115,
      "kl_before": -2.384185791015625e-07,
      "kl_after": 0.01994479075074196,
      "cost_gap": -0.593959629535675,
      "cost_recoverable": true,
      "cost_quadratic": 510.99468994140625,
      "reward_quadratic": 0.6697231531143188,
      "reward_cost_cross": 0.5109202861785889,
      "max_linear_cost_drop": 4.521038331805676,
      "rollout_wall_seconds": 1.8823290206491947,
      "update_wall_seconds": 1.6677930150181055,
      "total_wall_seconds": 3.5501240640878677
    },
    {
      "update": 875,
      "algorithm": "macpo",
      "actor_loss": -0.18258622288703918,
      "reward_critic_loss": 0.0003110057150479406,
      "cost_critic_loss": 0.23654133081436157,
      "reward_critic_loss_last": 0.0002561402798164636,
      "cost_critic_loss_last": 0.2177792638540268,
      "critic_epochs": 8,
      "daily_voltage_cost": 0.0075767082162201405,
      "daily_voltage_cost_raw": 0.0075767082162201405,
      "daily_voltage_cost_normalized": 0.37883543968200684,
      "daily_economic_return_raw_yuan": -514577.84375,
      "daily_economic_return_normalized": -0.16326968371868134,
      "daily_economic_cost_raw_yuan": 514577.84375,
      "economic_reward_scale_yuan": 3151704.8194007874,
      "lagrange_multiplier": 0.0,
      "cost_budget": 1.0,
      "cost_budget_raw": 0.02,
      "cost_budget_normalized": 1.0,
      "algorithm_cost_mode": "separate_cost",
      "fixed_cost_penalty_coef": 0.0,
      "log_std_max": -2.3,
      "accepted": true,
      "mode": "reward",
      "reward_before": 3.172813478613534e-08,
      "reward_after": 0.18258622288703918,
      "cost_before": 0.3788378834724426,
      "cost_after": -0.8963124752044678,
      "kl_before": -2.384185791015625e-07,
      "kl_after": 0.019954508170485497,
      "cost_gap": -0.6211621165275574,
      "cost_recoverable": true,
      "cost_quadratic": 432.9017028808594,
      "reward_quadratic": 0.709377646446228,
      "reward_cost_cross": -5.275930404663086,
      "max_linear_cost_drop": 4.1612579967161825,
      "rollout_wall_seconds": 1.9309348165988922,
      "update_wall_seconds": 1.707010181620717,
      "total_wall_seconds": 3.637946955859661
    },
    {
      "update": 876,
      "algorithm": "macpo",
      "actor_loss": -0.13802704215049744,
      "reward_critic_loss": 0.0002570485812611878,
      "cost_critic_loss": 0.061949700117111206,
      "reward_critic_loss_last": 0.00023492192849516869,
      "cost_critic_loss_last": 0.051595401018857956,
      "critic_epochs": 8,
      "daily_voltage_cost": 0.002182328375056386,
      "daily_voltage_cost_raw": 0.002182328375056386,
      "daily_voltage_cost_normalized": 0.10911642014980316,
      "daily_economic_return_raw_yuan": -587455.5,
      "daily_economic_return_normalized": -0.18639293313026428,
      "daily_economic_cost_raw_yuan": 587455.5,
      "economic_reward_scale_yuan": 3151704.8194007874,
      "lagrange_multiplier": 0.0,
      "cost_budget": 1.0,
      "cost_budget_raw": 0.02,
      "cost_budget_normalized": 1.0,
      "algorithm_cost_mode": "separate_cost",
      "fixed_cost_penalty_coef": 0.0,
      "log_std_max": -2.3,
      "accepted": true,
      "mode": "reward",
      "reward_before": 1.0602058608810694e-07,
      "reward_after": 0.13802704215049744,
      "cost_before": 0.10911697149276733,
      "cost_after": 0.3318195939064026,
      "kl_before": -2.384185791015625e-07,
      "kl_after": 0.019932078197598457,
      "cost_gap": -0.8908830285072327,
      "cost_recoverable": true,
      "cost_quadratic": 129.2782745361328,
      "reward_quadratic": 0.5349645614624023,
      "reward_cost_cross": 0.9360870122909546,
      "max_linear_cost_drop": 2.2740120891159115,
      "rollout_wall_seconds": 2.23040028847754,
      "update_wall_seconds": 1.5944794602692127,
      "total_wall_seconds": 3.824882060289383
    },
    {
      "update": 877,
      "algorithm": "macpo",
      "actor_loss": -0.1326526403427124,
      "reward_critic_loss": 0.00021073699463158846,
      "cost_critic_loss": 0.10086848586797714,
      "reward_critic_loss_last": 0.0002031451731454581,
      "cost_critic_loss_last": 0.09315785020589828,
      "critic_epochs": 8,
      "daily_voltage_cost": 0.003535101655870676,
      "daily_voltage_cost_raw": 0.003535101655870676,
      "daily_voltage_cost_normalized": 0.17675510048866272,
      "daily_economic_return_raw_yuan": -544234.8125,
      "daily_economic_return_normalized": -0.17267951369285583,
      "daily_economic_cost_raw_yuan": 544234.8125,
      "economic_reward_scale_yuan": 3151704.8194007874,
      "lagrange_multiplier": 0.0,
      "cost_budget": 1.0,
      "cost_budget_raw": 0.02,
      "cost_budget_normalized": 1.0,
      "algorithm_cost_mode": "separate_cost",
      "fixed_cost_penalty_coef": 0.0,
      "log_std_max": -2.3,
      "accepted": true,
      "mode": "reward",
      "reward_before": 2.45538203103024e-08,
      "reward_after": 0.1326526403427124,
      "cost_before": 0.17675571143627167,
      "cost_after": 0.30759140849113464,
      "kl_before": -2.384185791015625e-07,
      "kl_after": 0.019896410405635834,
      "cost_gap": -0.8232442885637283,
      "cost_recoverable": true,
      "cost_quadratic": 199.97940063476562,
      "reward_quadratic": 0.4300159215927124,
      "reward_cost_cross": 0.514011561870575,
      "max_linear_cost_drop": 2.8282814614869265,
      "rollout_wall_seconds": 2.065209051594138,
      "update_wall_seconds": 1.716227589175105,
      "total_wall_seconds": 3.7814396023750305
    },
    {
      "update": 878,
      "algorithm": "macpo",
      "actor_loss": -0.0706871747970581,
      "reward_critic_loss": 0.0002684255305211991,
      "cost_critic_loss": 1.1665871143341064,
      "reward_critic_loss_last": 0.00023491430329158902,
      "cost_critic_loss_last": 1.1223480701446533,
      "critic_epochs": 8,
      "daily_voltage_cost": 0.013466200791299343,
      "daily_voltage_cost_raw": 0.013466200791299343,
      "daily_voltage_cost_normalized": 0.6733101010322571,
      "daily_economic_return_raw_yuan": -530509.625,
      "daily_economic_return_normalized": -0.16832464933395386,
      "daily_economic_cost_raw_yuan": 530509.625,
      "economic_reward_scale_yuan": 3151704.8194007874,
      "lagrange_multiplier": 0.0,
      "cost_budget": 1.0,
      "cost_budget_raw": 0.02,
      "cost_budget_normalized": 1.0,
      "algorithm_cost_mode": "separate_cost",
      "fixed_cost_penalty_coef": 0.0,
      "log_std_max": -2.3,
      "accepted": true,
      "mode": "constrained_reward",
      "reward_before": 4.518269491882165e-08,
      "reward_after": 0.0706871747970581,
      "cost_before": 0.6733121871948242,
      "cost_after": 0.8741395473480225,
      "kl_before": -2.384185791015625e-07,
      "kl_after": 0.004905974492430687,
      "cost_gap": -0.3266878128051758,
      "cost_recoverable": true,
      "cost_quadratic": 2025.752197265625,
      "reward_quadratic": 0.5520986318588257,
      "reward_cost_cross": 5.575591087341309,
      "max_linear_cost_drop": 9.001671394281454,
      "rollout_wall_seconds": 2.044245595112443,
      "update_wall_seconds": 1.6329197511076927,
      "total_wall_seconds": 3.6771671194583178
    },
    {
      "update": 879,
      "algorithm": "macpo",
      "actor_loss": -0.16193847358226776,
      "reward_critic_loss": 0.0002931530761998147,
      "cost_critic_loss": 0.5802333354949951,
      "reward_critic_loss_last": 0.0002833205508068204,
      "cost_critic_loss_last": 0.5383443832397461,
      "critic_epochs": 8,
      "daily_voltage_cost": 0.016570763662457466,
      "daily_voltage_cost_raw": 0.016570763662457466,
      "daily_voltage_cost_normalized": 0.828538179397583,
      "daily_economic_return_raw_yuan": -523173.0625,
      "daily_economic_return_normalized": -0.16599684953689575,
      "daily_economic_cost_raw_yuan": 523173.0625,
      "economic_reward_scale_yuan": 3151704.8194007874,
      "lagrange_multiplier": 0.0,
      "cost_budget": 1.0,
      "cost_budget_raw": 0.02,
      "cost_budget_normalized": 1.0,
      "algorithm_cost_mode": "separate_cost",
      "fixed_cost_penalty_coef": 0.0,
      "log_std_max": -2.3,
      "accepted": true,
      "mode": "reward",
      "reward_before": 5.990816021039791e-08,
      "reward_after": 0.16193847358226776,
      "cost_before": 0.8285344839096069,
      "cost_after": -0.6430360078811646,
      "kl_before": -2.384185791015625e-07,
      "kl_after": 0.019957318902015686,
      "cost_gap": -0.17146551609039307,
      "cost_recoverable": true,
      "cost_quadratic": 1202.4322509765625,
      "reward_quadratic": 0.6692767143249512,
      "reward_cost_cross": -6.058758735656738,
      "max_linear_cost_drop": 6.9352209798291575,
      "rollout_wall_seconds": 2.1668456364423037,
      "update_wall_seconds": 1.7630108892917633,
      "total_wall_seconds": 3.929858483374119
    },
    {
      "update": 880,
      "algorithm": "macpo",
      "actor_loss": -0.13617998361587524,
      "reward_critic_loss": 0.00021119575831107795,
      "cost_critic_loss": 0.029794633388519287,
      "reward_critic_loss_last": 0.00018489615467842668,
      "cost_critic_loss_last": 0.04217277094721794,
      "critic_epochs": 8,
      "daily_voltage_cost": 0.00113363575655967,
      "daily_voltage_cost_raw": 0.00113363575655967,
      "daily_voltage_cost_normalized": 0.056681789457798004,
      "daily_economic_return_raw_yuan": -396996.875,
      "daily_economic_return_normalized": -0.12596258521080017,
      "daily_economic_cost_raw_yuan": 396996.875,
      "economic_reward_scale_yuan": 3151704.8194007874,
      "lagrange_multiplier": 0.0,
      "cost_budget": 1.0,
      "cost_budget_raw": 0.02,
      "cost_budget_normalized": 1.0,
      "algorithm_cost_mode": "separate_cost",
      "fixed_cost_penalty_coef": 0.0,
      "log_std_max": -2.3,
      "accepted": true,
      "mode": "reward",
      "reward_before": -7.439795979280461e-08,
      "reward_after": 0.13617998361587524,
      "cost_before": 0.05668182671070099,
      "cost_after": -0.6035292744636536,
      "kl_before": -2.384185791015625e-07,
      "kl_after": 0.019996654242277145,
      "cost_gap": -0.943318173289299,
      "cost_recoverable": true,
      "cost_quadratic": 51.33873748779297,
      "reward_quadratic": 0.407381534576416,
      "reward_cost_cross": -1.8446608781814575,
      "max_linear_cost_drop": 1.4330211092345146,
      "rollout_wall_seconds": 1.796973830088973,
      "update_wall_seconds": 1.667634591460228,
      "total_wall_seconds": 3.4646105840802193
    },
    {
      "update": 881,
      "algorithm": "macpo",
      "actor_loss": -0.1291082799434662,
      "reward_critic_loss": 0.00018559765885584056,
      "cost_critic_loss": 0.08093006908893585,
      "reward_critic_loss_last": 0.00017788002151064575,
      "cost_critic_loss_last": 0.072238489985466,
      "critic_epochs": 8,
      "daily_voltage_cost": 0.003040172392502427,
      "daily_voltage_cost_raw": 0.003040172392502427,
      "daily_voltage_cost_normalized": 0.15200862288475037,
      "daily_economic_return_raw_yuan": -544896.125,
      "daily_economic_return_normalized": -0.1728893220424652,
      "daily_economic_cost_raw_yuan": 544896.125,
      "economic_reward_scale_yuan": 3151704.8194007874,
      "lagrange_multiplier": 0.0,
      "cost_budget": 1.0,
      "cost_budget_raw": 0.02,
      "cost_budget_normalized": 1.0,
      "algorithm_cost_mode": "separate_cost",
      "fixed_cost_penalty_coef": 0.0,
      "log_std_max": -2.3,
      "accepted": true,
      "mode": "reward",
      "reward_before": -1.7389014672630765e-08,
      "reward_after": 0.1291082799434662,
      "cost_before": 0.1520082652568817,
      "cost_after": -0.09489014744758606,
      "kl_before": -2.384185791015625e-07,
      "kl_after": 0.019983772188425064,
      "cost_gap": -0.8479917347431183,
      "cost_recoverable": true,
      "cost_quadratic": 165.60882568359375,
      "reward_quadratic": 0.4176865220069885,
      "reward_cost_cross": -0.53475421667099,
      "max_linear_cost_drop": 2.573781853099394,
      "rollout_wall_seconds": 1.2371560540050268,
      "update_wall_seconds": 1.4269217513501644,
      "total_wall_seconds": 2.6640799436718225
    },
    {
      "update": 882,
      "algorithm": "macpo",
      "actor_loss": -0.15833860635757446,
      "reward_critic_loss": 0.0003879078140016645,
      "cost_critic_loss": 0.05849709361791611,
      "reward_critic_loss_last": 0.00035501105594448745,
      "cost_critic_loss_last": 0.040659718215465546,
      "critic_epochs": 8,
      "daily_voltage_cost": 0.001032880274578929,
      "daily_voltage_cost_raw": 0.001032880274578929,
      "daily_voltage_cost_normalized": 0.051644016057252884,
      "daily_economic_return_raw_yuan": -591410.6875,
      "daily_economic_return_normalized": -0.18764787912368774,
      "daily_economic_cost_raw_yuan": 591410.6875,
      "economic_reward_scale_yuan": 3151704.8194007874,
      "lagrange_multiplier": 0.0,
      "cost_budget": 1.0,
      "cost_budget_raw": 0.02,
      "cost_budget_normalized": 1.0,
      "algorithm_cost_mode": "separate_cost",
      "fixed_cost_penalty_coef": 0.0,
      "log_std_max": -2.3,
      "accepted": true,
      "mode": "reward",
      "reward_before": 7.348767638859499e-08,
      "reward_after": 0.15833860635757446,
      "cost_before": 0.051641661673784256,
      "cost_after": 0.25005003809928894,
      "kl_before": -2.384185791015625e-07,
      "kl_after": 0.01997300237417221,
      "cost_gap": -0.9483583383262157,
      "cost_recoverable": true,
      "cost_quadratic": 103.23165893554688,
      "reward_quadratic": 0.680621862411499,
      "reward_cost_cross": 1.0518096685409546,
      "max_linear_cost_drop": 2.0320596343173283,
      "rollout_wall_seconds": 1.5054889284074306,
      "update_wall_seconds": 1.4819244369864464,
      "total_wall_seconds": 2.9874155670404434
    },
    {
      "update": 883,
      "algorithm": "macpo",
      "actor_loss": -0.1626303493976593,
      "reward_critic_loss": 0.0003170758718624711,
      "cost_critic_loss": 0.5360485315322876,
      "reward_critic_loss_last": 0.00021913766977377236,
      "cost_critic_loss_last": 0.5043394565582275,
      "critic_epochs": 8,
      "daily_voltage_cost": 0.00803130678832531,
      "daily_voltage_cost_raw": 0.00803130678832531,
      "daily_voltage_cost_normalized": 0.4015653729438782,
      "daily_economic_return_raw_yuan": -412013.15625,
      "daily_economic_return_normalized": -0.13072708249092102,
      "daily_economic_cost_raw_yuan": 412013.15625,
      "economic_reward_scale_yuan": 3151704.8194007874,
      "lagrange_multiplier": 0.0,
      "cost_budget": 1.0,
      "cost_budget_raw": 0.02,
      "cost_budget_normalized": 1.0,
      "algorithm_cost_mode": "separate_cost",
      "fixed_cost_penalty_coef": 0.0,
      "log_std_max": -2.3,
      "accepted": true,
      "mode": "reward",
      "reward_before": 3.2844290842604096e-08,
      "reward_after": 0.1626303493976593,
      "cost_before": 0.4015626907348633,
      "cost_after": -0.7017126679420471,
      "kl_before": -2.384185791015625e-07,
      "kl_after": 0.019930820912122726,
      "cost_gap": -0.5984373092651367,
      "cost_recoverable": true,
      "cost_quadratic": 1326.77587890625,
      "reward_quadratic": 0.5968374013900757,
      "reward_cost_cross": -3.9979469776153564,
      "max_linear_cost_drop": 7.284986970218272,
      "rollout_wall_seconds": 1.5876404009759426,
      "update_wall_seconds": 1.4759708810597658,
      "total_wall_seconds": 3.0636130515486
    },
    {
      "update": 884,
      "algorithm": "macpo",
      "actor_loss": -0.015884120017290115,
      "reward_critic_loss": 0.00033475132659077644,
      "cost_critic_loss": 0.851689338684082,
      "reward_critic_loss_last": 0.00020055586355738342,
      "cost_critic_loss_last": 0.7476515769958496,
      "critic_epochs": 8,
      "daily_voltage_cost": 0.02716446854174137,
      "daily_voltage_cost_raw": 0.02716446854174137,
      "daily_voltage_cost_normalized": 1.3582234382629395,
      "daily_economic_return_raw_yuan": -495373.4375,
      "daily_economic_return_normalized": -0.15717634558677673,
      "daily_economic_cost_raw_yuan": 495373.4375,
      "economic_reward_scale_yuan": 3151704.8194007874,
      "lagrange_multiplier": 0.0,
      "cost_budget": 1.0,
      "cost_budget_raw": 0.02,
      "cost_budget_normalized": 1.0,
      "algorithm_cost_mode": "separate_cost",
      "fixed_cost_penalty_coef": 0.0,
      "log_std_max": -2.3,
      "accepted": true,
      "mode": "cost_recovery",
      "reward_before": 4.1024602381867226e-08,
      "reward_after": 0.015884120017290115,
      "cost_before": 1.3582130670547485,
      "cost_after": -2.355994701385498,
      "kl_before": -2.384185791015625e-07,
      "kl_after": 0.005002101417630911,
      "cost_gap": 0.35821306705474854,
      "cost_recoverable": true,
      "cost_quadratic": 1591.50048828125,
      "reward_quadratic": 0.63001549243927,
      "reward_cost_cross": -6.859607219696045,
      "max_linear_cost_drop": 7.978722926085979,
      "rollout_wall_seconds": 1.7041427996009588,
      "update_wall_seconds": 1.7113891541957855,
      "total_wall_seconds": 3.415534032508731
    },
    {
      "update": 885,
      "algorithm": "macpo",
      "actor_loss": -0.14222392439842224,
      "reward_critic_loss": 0.00020197787671349943,
      "cost_critic_loss": 0.18150869011878967,
      "reward_critic_loss_last": 0.0001538399956189096,
      "cost_critic_loss_last": 0.19695091247558594,
      "critic_epochs": 8,
      "daily_voltage_cost": 0.005595935974270105,
      "daily_voltage_cost_raw": 0.005595935974270105,
      "daily_voltage_cost_normalized": 0.2797968089580536,
      "daily_economic_return_raw_yuan": -561560.75,
      "daily_economic_return_normalized": -0.17817682027816772,
      "daily_economic_cost_raw_yuan": 561560.75,
      "economic_reward_scale_yuan": 3151704.8194007874,
      "lagrange_multiplier": 0.0,
      "cost_budget": 1.0,
      "cost_budget_raw": 0.02,
      "cost_budget_normalized": 1.0,
      "algorithm_cost_mode": "separate_cost",
      "fixed_cost_penalty_coef": 0.0,
      "log_std_max": -2.3,
      "accepted": true,
      "mode": "reward",
      "reward_before": -1.2952304473401455e-07,
      "reward_after": 0.14222392439842224,
      "cost_before": 0.27979937195777893,
      "cost_after": 0.033386945724487305,
      "kl_before": -2.384185791015625e-07,
      "kl_after": 0.01993522047996521,
      "cost_gap": -0.7202006280422211,
      "cost_recoverable": true,
      "cost_quadratic": 271.08746337890625,
      "reward_quadratic": 0.41264045238494873,
      "reward_cost_cross": -0.29773926734924316,
      "max_linear_cost_drop": 3.2929467859587787,
      "rollout_wall_seconds": 1.7578051965683699,
      "update_wall_seconds": 1.6943100616335869,
      "total_wall_seconds": 3.452117472887039
    },
    {
      "update": 886,
      "algorithm": "macpo",
      "actor_loss": -0.13982225954532623,
      "reward_critic_loss": 0.00027683499502018094,
      "cost_critic_loss": 0.3055998980998993,
      "reward_critic_loss_last": 0.00026970976614393294,
      "cost_critic_loss_last": 0.287161648273468,
      "critic_epochs": 8,
      "daily_voltage_cost": 0.01092526875436306,
      "daily_voltage_cost_raw": 0.01092526875436306,
      "daily_voltage_cost_normalized": 0.5462634563446045,
      "daily_economic_return_raw_yuan": -579337.8125,
      "daily_economic_return_normalized": -0.1838172823190689,
      "daily_economic_cost_raw_yuan": 579337.8125,
      "economic_reward_scale_yuan": 3151704.8194007874,
      "lagrange_multiplier": 0.0,
      "cost_budget": 1.0,
      "cost_budget_raw": 0.02,
      "cost_budget_normalized": 1.0,
      "algorithm_cost_mode": "separate_cost",
      "fixed_cost_penalty_coef": 0.0,
      "log_std_max": -2.3,
      "accepted": true,
      "mode": "reward",
      "reward_before": 8.218681557536911e-08,
      "reward_after": 0.13982225954532623,
      "cost_before": 0.5462688207626343,
      "cost_after": -0.590918779373169,
      "kl_before": -2.384185791015625e-07,
      "kl_after": 0.01997031271457672,
      "cost_gap": -0.4537311792373657,
      "cost_recoverable": true,
      "cost_quadratic": 663.192138671875,
      "reward_quadratic": 0.5121839046478271,
      "reward_cost_cross": -3.456343173980713,
      "max_linear_cost_drop": 5.150503426547254,
      "rollout_wall_seconds": 1.4975162204355001,
      "update_wall_seconds": 1.5843797326087952,
      "total_wall_seconds": 3.081897893920541
    },
    {
      "update": 887,
      "algorithm": "macpo",
      "actor_loss": -0.07023140788078308,
      "reward_critic_loss": 0.00024408497847616673,
      "cost_critic_loss": 0.04575279355049133,
      "reward_critic_loss_last": 0.00022928984253667295,
      "cost_critic_loss_last": 0.03109479695558548,
      "critic_epochs": 8,
      "daily_voltage_cost": 0.0010132555617019534,
      "daily_voltage_cost_raw": 0.0010132555617019534,
      "daily_voltage_cost_normalized": 0.050662778317928314,
      "daily_economic_return_raw_yuan": -495533.59375,
      "daily_economic_return_normalized": -0.15722715854644775,
      "daily_economic_cost_raw_yuan": 495533.59375,
      "economic_reward_scale_yuan": 3151704.8194007874,
      "lagrange_multiplier": 0.0,
      "cost_budget": 1.0,
      "cost_budget_raw": 0.02,
      "cost_budget_normalized": 1.0,
      "algorithm_cost_mode": "separate_cost",
      "fixed_cost_penalty_coef": 0.0,
      "log_std_max": -2.3,
      "accepted": true,
      "mode": "reward",
      "reward_before": -1.988813380648935e-08,
      "reward_after": 0.07023140788078308,
      "cost_before": 0.05066303536295891,
      "cost_after": -0.015621177852153778,
      "kl_before": -2.384185791015625e-07,
      "kl_after": 0.0050109573639929295,
      "cost_gap": -0.9493369646370411,
      "cost_recoverable": true,
      "cost_quadratic": 73.52031707763672,
      "reward_quadratic": 0.5109702944755554,
      "reward_cost_cross": -0.20312948524951935,
      "max_linear_cost_drop": 1.7148797867796648,
      "rollout_wall_seconds": 1.9568325318396091,
      "update_wall_seconds": 1.4472183585166931,
      "total_wall_seconds": 3.404053382575512
    },
    {
      "update": 888,
      "algorithm": "macpo",
      "actor_loss": -0.027413465082645416,
      "reward_critic_loss": 0.0002533330116420984,
      "cost_critic_loss": 1.2028069496154785,
      "reward_critic_loss_last": 0.00023456907365471125,
      "cost_critic_loss_last": 1.1568974256515503,
      "critic_epochs": 8,
      "daily_voltage_cost": 0.02860739454627037,
      "daily_voltage_cost_raw": 0.02860739454627037,
      "daily_voltage_cost_normalized": 1.4303697347640991,
      "daily_economic_return_raw_yuan": -536645.75,
      "daily_economic_return_normalized": -0.17027157545089722,
      "daily_economic_cost_raw_yuan": 536645.75,
      "economic_reward_scale_yuan": 3151704.8194007874,
      "lagrange_multiplier": 0.0,
      "cost_budget": 1.0,
      "cost_budget_raw": 0.02,
      "cost_budget_normalized": 1.0,
      "algorithm_cost_mode": "separate_cost",
      "fixed_cost_penalty_coef": 0.0,
      "log_std_max": -2.3,
      "accepted": true,
      "mode": "cost_recovery",
      "reward_before": 1.7034416543992847e-08,
      "reward_after": 0.027413465082645416,
      "cost_before": 1.4303661584854126,
      "cost_after": -6.977318286895752,
      "kl_before": -2.384185791015625e-07,
      "kl_after": 0.019862862303853035,
      "cost_gap": 0.4303661584854126,
      "cost_recoverable": true,
      "cost_quadratic": 2177.615966796875,
      "reward_quadratic": 0.5967094302177429,
      "reward_cost_cross": -7.3283891677856445,
      "max_linear_cost_drop": 9.332986589076135,
      "rollout_wall_seconds": 1.7765215020626783,
      "update_wall_seconds": 1.480607969686389,
      "total_wall_seconds": 3.257131587713957
    },
    {
      "update": 889,
      "algorithm": "macpo",
      "actor_loss": -0.08325903862714767,
      "reward_critic_loss": 0.0003377049579285085,
      "cost_critic_loss": 0.1712021678686142,
      "reward_critic_loss_last": 0.0003078486770391464,
      "cost_critic_loss_last": 0.16256730258464813,
      "critic_epochs": 8,
      "daily_voltage_cost": 0.008668927475810051,
      "daily_voltage_cost_raw": 0.008668927475810051,
      "daily_voltage_cost_normalized": 0.43344640731811523,
      "daily_economic_return_raw_yuan": -533134.0,
      "daily_economic_return_normalized": -0.16915734112262726,
      "daily_economic_cost_raw_yuan": 533134.0,
      "economic_reward_scale_yuan": 3151704.8194007874,
      "lagrange_multiplier": 0.0,
      "cost_budget": 1.0,
      "cost_budget_raw": 0.02,
      "cost_budget_normalized": 1.0,
      "algorithm_cost_mode": "separate_cost",
      "fixed_cost_penalty_coef": 0.0,
      "log_std_max": -2.3,
      "accepted": true,
      "mode": "reward",
      "reward_before": -1.8421940239932155e-07,
      "reward_after": 0.08325903862714767,
      "cost_before": 0.4334419071674347,
      "cost_after": 0.3181493878364563,
      "kl_before": -2.384185791015625e-07,
      "kl_after": 0.0050186337903141975,
      "cost_gap": -0.5665580928325653,
      "cost_recoverable": true,
      "cost_quadratic": 341.7216796875,
      "reward_quadratic": 0.7726938724517822,
      "reward_cost_cross": -1.166186809539795,
      "max_linear_cost_drop": 3.697143111579534,
      "rollout_wall_seconds": 1.7879486940801144,
      "update_wall_seconds": 1.4412238616496325,
      "total_wall_seconds": 3.229174530133605
    },
    {
      "update": 890,
      "algorithm": "macpo",
      "actor_loss": -0.1403912603855133,
      "reward_critic_loss": 0.00023533590137958527,
      "cost_critic_loss": 0.07836410403251648,
      "reward_critic_loss_last": 0.00022630637977272272,
      "cost_critic_loss_last": 0.07893703877925873,
      "critic_epochs": 8,
      "daily_voltage_cost": 0.003380153328180313,
      "daily_voltage_cost_raw": 0.003380153328180313,
      "daily_voltage_cost_normalized": 0.16900767385959625,
      "daily_economic_return_raw_yuan": -504642.625,
      "daily_economic_return_normalized": -0.16011735796928406,
      "daily_economic_cost_raw_yuan": 504642.625,
      "economic_reward_scale_yuan": 3151704.8194007874,
      "lagrange_multiplier": 0.0,
      "cost_budget": 1.0,
      "cost_budget_raw": 0.02,
      "cost_budget_normalized": 1.0,
      "algorithm_cost_mode": "separate_cost",
      "fixed_cost_penalty_coef": 0.0,
      "log_std_max": -2.3,
      "accepted": true,
      "mode": "reward",
      "reward_before": 1.4652826507699501e-08,
      "reward_after": 0.1403912603855133,
      "cost_before": 0.1690078228712082,
      "cost_after": 0.029984354972839355,
      "kl_before": -2.384185791015625e-07,
      "kl_after": 0.019933050498366356,
      "cost_gap": -0.8309921771287918,
      "cost_recoverable": true,
      "cost_quadratic": 136.06430053710938,
      "reward_quadratic": 0.4662257730960846,
      "reward_cost_cross": -0.2203884720802307,
      "max_linear_cost_drop": 2.3329320653384604,
      "rollout_wall_seconds": 1.6135789640247822,
      "update_wall_seconds": 1.2322979532182217,
      "total_wall_seconds": 2.845879752188921
    },
    {
      "update": 891,
      "algorithm": "macpo",
      "actor_loss": -0.020871123299002647,
      "reward_critic_loss": 0.0003651923034340143,
      "cost_critic_loss": 0.8941613435745239,
      "reward_critic_loss_last": 0.00034358276752755046,
      "cost_critic_loss_last": 0.8668546676635742,
      "critic_epochs": 8,
      "daily_voltage_cost": 0.02468544989824295,
      "daily_voltage_cost_raw": 0.02468544989824295,
      "daily_voltage_cost_normalized": 1.2342725992202759,
      "daily_economic_return_raw_yuan": -599469.625,
      "daily_economic_return_normalized": -0.19020487368106842,
      "daily_economic_cost_raw_yuan": 599469.625,
      "economic_reward_scale_yuan": 3151704.8194007874,
      "lagrange_multiplier": 0.0,
      "cost_budget": 1.0,
      "cost_budget_raw": 0.02,
      "cost_budget_normalized": 1.0,
      "algorithm_cost_mode": "separate_cost",
      "fixed_cost_penalty_coef": 0.0,
      "log_std_max": -2.3,
      "accepted": true,
      "mode": "cost_recovery",
      "reward_before": -1.5991221857802884e-07,
      "reward_after": 0.020871123299002647,
      "cost_before": 1.2342751026153564,
      "cost_after": -6.098709583282471,
      "kl_before": -2.384185791015625e-07,
      "kl_after": 0.01995522901415825,
      "cost_gap": 0.23427510261535645,
      "cost_recoverable": true,
      "cost_quadratic": 1887.783935546875,
      "reward_quadratic": 0.8268123269081116,
      "reward_cost_cross": -4.953172206878662,
      "max_linear_cost_drop": 8.689727120104234,
      "rollout_wall_seconds": 1.6284928433597088,
      "update_wall_seconds": 1.2706180196255445,
      "total_wall_seconds": 2.899112956598401
    },
    {
      "update": 892,
      "algorithm": "macpo",
      "actor_loss": -0.06305908411741257,
      "reward_critic_loss": 0.00018532198737375438,
      "cost_critic_loss": 0.05922086536884308,
      "reward_critic_loss_last": 0.00017547942115925252,
      "cost_critic_loss_last": 0.06207716464996338,
      "critic_epochs": 8,
      "daily_voltage_cost": 5.111034261062741e-05,
      "daily_voltage_cost_raw": 5.111034261062741e-05,
      "daily_voltage_cost_normalized": 0.0025555172469466925,
      "daily_economic_return_raw_yuan": -456777.75,
      "daily_economic_return_normalized": -0.1449303776025772,
      "daily_economic_cost_raw_yuan": 456777.75,
      "economic_reward_scale_yuan": 3151704.8194007874,
      "lagrange_multiplier": 0.0,
      "cost_budget": 1.0,
      "cost_budget_raw": 0.02,
      "cost_budget_normalized": 1.0,
      "algorithm_cost_mode": "separate_cost",
      "fixed_cost_penalty_coef": 0.0,
      "log_std_max": -2.3,
      "accepted": true,
      "mode": "reward",
      "reward_before": -5.705750538709253e-08,
      "reward_after": 0.06305908411741257,
      "cost_before": 0.002555546583607793,
      "cost_after": -0.2621600329875946,
      "kl_before": -2.384185791015625e-07,
      "kl_after": 0.005004309117794037,
      "cost_gap": -0.9974444534163922,
      "cost_recoverable": true,
      "cost_quadratic": 129.35702514648438,
      "reward_quadratic": 0.39522308111190796,
      "reward_cost_cross": -1.6041065454483032,
      "max_linear_cost_drop": 2.2747045974937876,
      "rollout_wall_seconds": 1.7350331377238035,
      "update_wall_seconds": 1.346848201006651,
      "total_wall_seconds": 3.081883082166314
    },
    {
      "update": 893,
      "algorithm": "macpo",
      "actor_loss": -0.1334211528301239,
      "reward_critic_loss": 0.00020740705076605082,
      "cost_critic_loss": 0.8001234531402588,
      "reward_critic_loss_last": 0.00017949494940694422,
      "cost_critic_loss_last": 0.757239818572998,
      "critic_epochs": 8,
      "daily_voltage_cost": 0.015537727624177933,
      "daily_voltage_cost_raw": 0.015537727624177933,
      "daily_voltage_cost_normalized": 0.7768863439559937,
      "daily_economic_return_raw_yuan": -482596.5,
      "daily_economic_return_normalized": -0.15312236547470093,
      "daily_economic_cost_raw_yuan": 482596.5,
      "economic_reward_scale_yuan": 3151704.8194007874,
      "lagrange_multiplier": 0.0,
      "cost_budget": 1.0,
      "cost_budget_raw": 0.02,
      "cost_budget_normalized": 1.0,
      "algorithm_cost_mode": "separate_cost",
      "fixed_cost_penalty_coef": 0.0,
      "log_std_max": -2.3,
      "accepted": true,
      "mode": "reward",
      "reward_before": -3.009264304409953e-08,
      "reward_after": 0.1334211528301239,
      "cost_before": 0.7768853306770325,
      "cost_after": 0.2287920117378235,
      "kl_before": -2.384185791015625e-07,
      "kl_after": 0.019953949376940727,
      "cost_gap": -0.22311466932296753,
      "cost_recoverable": true,
      "cost_quadratic": 1425.84912109375,
      "reward_quadratic": 0.4056822657585144,
      "reward_cost_cross": -2.174302577972412,
      "max_linear_cost_drop": 7.552083477011493,
      "rollout_wall_seconds": 1.6325409039855003,
      "update_wall_seconds": 1.4363716300576925,
      "total_wall_seconds": 3.0689143389463425
    },
    {
      "update": 894,
      "algorithm": "macpo",
      "actor_loss": -0.032652318477630615,
      "reward_critic_loss": 0.0002030796604231,
      "cost_critic_loss": 0.4780270457267761,
      "reward_critic_loss_last": 0.00019814958795905113,
      "cost_critic_loss_last": 0.48487699031829834,
      "critic_epochs": 8,
      "daily_voltage_cost": 0.02006915956735611,
      "daily_voltage_cost_raw": 0.02006915956735611,
      "daily_voltage_cost_normalized": 1.003458023071289,
      "daily_economic_return_raw_yuan": -562973.6875,
      "daily_economic_return_normalized": -0.17862513661384583,
      "daily_economic_cost_raw_yuan": 562973.6875,
      "economic_reward_scale_yuan": 3151704.8194007874,
      "lagrange_multiplier": 0.0,
      "cost_budget": 1.0,
      "cost_budget_raw": 0.02,
      "cost_budget_normalized": 1.0,
      "algorithm_cost_mode": "separate_cost",
      "fixed_cost_penalty_coef": 0.0,
      "log_std_max": -2.3,
      "accepted": true,
      "mode": "cost_recovery",
      "reward_before": -1.3471664317421528e-07,
      "reward_after": 0.032652318477630615,
      "cost_before": 1.0034527778625488,
      "cost_after": -4.313272953033447,
      "kl_before": -2.384185791015625e-07,
      "kl_after": 0.019953595474362373,
      "cost_gap": 0.003452777862548828,
      "cost_recoverable": true,
      "cost_quadratic": 966.9224853515625,
      "reward_quadratic": 0.4005734920501709,
      "reward_cost_cross": -6.468784332275391,
      "max_linear_cost_drop": 6.219075446886177,
      "rollout_wall_seconds": 1.5556585360318422,
      "update_wall_seconds": 1.2459729798138142,
      "total_wall_seconds": 2.801633272320032
    },
    {
      "update": 895,
      "algorithm": "macpo",
      "actor_loss": -0.08178494870662689,
      "reward_critic_loss": 0.0003494422126095742,
      "cost_critic_loss": 0.37773412466049194,
      "reward_critic_loss_last": 0.00030670195701532066,
      "cost_critic_loss_last": 0.2780771851539612,
      "critic_epochs": 8,
      "daily_voltage_cost": 0.012237630784511566,
      "daily_voltage_cost_raw": 0.012237630784511566,
      "daily_voltage_cost_normalized": 0.6118816137313843,
      "daily_economic_return_raw_yuan": -659481.25,
      "daily_economic_return_normalized": -0.20924587547779083,
      "daily_economic_cost_raw_yuan": 659481.25,
      "economic_reward_scale_yuan": 3151704.8194007874,
      "lagrange_multiplier": 0.0,
      "cost_budget": 1.0,
      "cost_budget_raw": 0.02,
      "cost_budget_normalized": 1.0,
      "algorithm_cost_mode": "separate_cost",
      "fixed_cost_penalty_coef": 0.0,
      "log_std_max": -2.3,
      "accepted": true,
      "mode": "constrained_reward",
      "reward_before": 7.430666926211416e-08,
      "reward_after": 0.08178494870662689,
      "cost_before": 0.6118853092193604,
      "cost_after": 0.8210662603378296,
      "kl_before": -2.384185791015625e-07,
      "kl_after": 0.004977330565452576,
      "cost_gap": -0.38811469078063965,
      "cost_recoverable": true,
      "cost_quadratic": 734.20849609375,
      "reward_quadratic": 0.7346913814544678,
      "reward_cost_cross": 3.604865312576294,
      "max_linear_cost_drop": 5.419256392139977,
      "rollout_wall_seconds": 1.4524724744260311,
      "update_wall_seconds": 1.3823638372123241,
      "total_wall_seconds": 2.8348382003605366
    },
    {
      "update": 896,
      "algorithm": "macpo",
      "actor_loss": -0.06510645896196365,
      "reward_critic_loss": 0.00021436295355670154,
      "cost_critic_loss": 0.32190564274787903,
      "reward_critic_loss_last": 0.00019908968533854932,
      "cost_critic_loss_last": 0.3112829923629761,
      "critic_epochs": 8,
      "daily_voltage_cost": 0.01849791593849659,
      "daily_voltage_cost_raw": 0.01849791593849659,
      "daily_voltage_cost_normalized": 0.9248958826065063,
      "daily_economic_return_raw_yuan": -569516.75,
      "daily_economic_return_normalized": -0.18070116639137268,
      "daily_economic_cost_raw_yuan": 569516.75,
      "economic_reward_scale_yuan": 3151704.8194007874,
      "lagrange_multiplier": 0.0,
      "cost_budget": 1.0,
      "cost_budget_raw": 0.02,
      "cost_budget_normalized": 1.0,
      "algorithm_cost_mode": "separate_cost",
      "fixed_cost_penalty_coef": 0.0,
      "log_std_max": -2.3,
      "accepted": true,
      "mode": "constrained_reward",
      "reward_before": 1.340570605634639e-07,
      "reward_after": 0.06510645896196365,
      "cost_before": 0.9248933792114258,
      "cost_after": 0.9515490531921387,
      "kl_before": -2.384185791015625e-07,
      "kl_after": 0.005037498660385609,
      "cost_gap": -0.07510662078857422,
      "cost_recoverable": true,
      "cost_quadratic": 610.396240234375,
      "reward_quadratic": 0.43358856439590454,
      "reward_cost_cross": 2.9288930892944336,
      "max_linear_cost_drop": 4.941239683457482,
      "rollout_wall_seconds": 1.3117329124361277,
      "update_wall_seconds": 1.332851119339466,
      "total_wall_seconds": 2.644585859030485
    },
    {
      "update": 897,
      "algorithm": "macpo",
      "actor_loss": -0.15342923998832703,
      "reward_critic_loss": 0.00024142533948179334,
      "cost_critic_loss": 0.06919927895069122,
      "reward_critic_loss_last": 0.00021430541528388858,
      "cost_critic_loss_last": 0.06649385392665863,
      "critic_epochs": 8,
      "daily_voltage_cost": 0.0032386588864028454,
      "daily_voltage_cost_raw": 0.0032386588864028454,
      "daily_voltage_cost_normalized": 0.16193294525146484,
      "daily_economic_return_raw_yuan": -507866.625,
      "daily_economic_return_normalized": -0.1611402928829193,
      "daily_economic_cost_raw_yuan": 507866.625,
      "economic_reward_scale_yuan": 3151704.8194007874,
      "lagrange_multiplier": 0.0,
      "cost_budget": 1.0,
      "cost_budget_raw": 0.02,
      "cost_budget_normalized": 1.0,
      "algorithm_cost_mode": "separate_cost",
      "fixed_cost_penalty_coef": 0.0,
      "log_std_max": -2.3,
      "accepted": true,
      "mode": "reward",
      "reward_before": 6.328251345166791e-08,
      "reward_after": 0.15342923998832703,
      "cost_before": 0.16193661093711853,
      "cost_after": -0.16147661209106445,
      "kl_before": -2.384185791015625e-07,
      "kl_after": 0.019956206902861595,
      "cost_gap": -0.8380633890628815,
      "cost_recoverable": true,
      "cost_quadratic": 132.68678283691406,
      "reward_quadratic": 0.5155848264694214,
      "reward_cost_cross": -1.204994559288025,
      "max_linear_cost_drop": 2.3037949807820493,
      "rollout_wall_seconds": 1.2306242529302835,
      "update_wall_seconds": 1.5501375664025545,
      "total_wall_seconds": 2.7807636819779873
    },
    {
      "update": 898,
      "algorithm": "macpo",
      "actor_loss": -0.18157309293746948,
      "reward_critic_loss": 0.0003811628557741642,
      "cost_critic_loss": 0.09007646888494492,
      "reward_critic_loss_last": 0.00035112525802105665,
      "cost_critic_loss_last": 0.08564519137144089,
      "critic_epochs": 8,
      "daily_voltage_cost": 0.006064397282898426,
      "daily_voltage_cost_raw": 0.006064397282898426,
      "daily_voltage_cost_normalized": 0.30321985483169556,
      "daily_economic_return_raw_yuan": -425439.8125,
      "daily_economic_return_normalized": -0.13498720526695251,
      "daily_economic_cost_raw_yuan": 425439.8125,
      "economic_reward_scale_yuan": 3151704.8194007874,
      "lagrange_multiplier": 0.0,
      "cost_budget": 1.0,
      "cost_budget_raw": 0.02,
      "cost_budget_normalized": 1.0,
      "algorithm_cost_mode": "separate_cost",
      "fixed_cost_penalty_coef": 0.0,
      "log_std_max": -2.3,
      "accepted": true,
      "mode": "reward",
      "reward_before": 5.413482995209051e-09,
      "reward_after": 0.18157309293746948,
      "cost_before": 0.30321845412254333,
      "cost_after": -0.5658966898918152,
      "kl_before": -2.384185791015625e-07,
      "kl_after": 0.0198761448264122,
      "cost_gap": -0.6967815458774567,
      "cost_recoverable": true,
      "cost_quadratic": 184.37844848632812,
      "reward_quadratic": 0.7599151730537415,
      "reward_cost_cross": -3.1807799339294434,
      "max_linear_cost_drop": 2.715720519393173,
      "rollout_wall_seconds": 1.3067625891417265,
      "update_wall_seconds": 1.6336559150367975,
      "total_wall_seconds": 2.940420588478446
    },
    {
      "update": 899,
      "algorithm": "macpo",
      "actor_loss": -0.01604088395833969,
      "reward_critic_loss": 0.00026468976284377277,
      "cost_critic_loss": 2.3208508491516113,
      "reward_critic_loss_last": 0.0002482738345861435,
      "cost_critic_loss_last": 2.241774082183838,
      "critic_epochs": 8,
      "daily_voltage_cost": 0.02891620807349682,
      "daily_voltage_cost_raw": 0.02891620807349682,
      "daily_voltage_cost_normalized": 1.445810317993164,
      "daily_economic_return_raw_yuan": -533842.5625,
      "daily_economic_return_normalized": -0.16938216984272003,
      "daily_economic_cost_raw_yuan": 533842.5625,
      "economic_reward_scale_yuan": 3151704.8194007874,
      "lagrange_multiplier": 0.0,
      "cost_budget": 1.0,
      "cost_budget_raw": 0.02,
      "cost_budget_normalized": 1.0,
      "algorithm_cost_mode": "separate_cost",
      "fixed_cost_penalty_coef": 0.0,
      "log_std_max": -2.3,
      "accepted": true,
      "mode": "cost_recovery",
      "reward_before": -1.3649252394998257e-08,
      "reward_after": 0.01604088395833969,
      "cost_before": 1.4458178281784058,
      "cost_after": -11.075078964233398,
      "kl_before": -2.384185791015625e-07,
      "kl_after": 0.01993059739470482,
      "cost_gap": 0.44581782817840576,
      "cost_recoverable": true,
      "cost_quadratic": 6788.79541015625,
      "reward_quadratic": 0.4888516068458557,
      "reward_cost_cross": -6.366344451904297,
      "max_linear_cost_drop": 16.478829339678533,
      "rollout_wall_seconds": 1.7539019100368023,
      "update_wall_seconds": 1.5995963402092457,
      "total_wall_seconds": 3.3535008374601603
    },
    {
      "update": 900,
      "algorithm": "macpo",
      "actor_loss": -0.14256708323955536,
      "reward_critic_loss": 0.0002642730833031237,
      "cost_critic_loss": 0.16848832368850708,
      "reward_critic_loss_last": 0.0002457116497680545,
      "cost_critic_loss_last": 0.17554980516433716,
      "critic_epochs": 8,
      "daily_voltage_cost": 0.005646872334182262,
      "daily_voltage_cost_raw": 0.005646872334182262,
      "daily_voltage_cost_normalized": 0.28234362602233887,
      "daily_economic_return_raw_yuan": -583363.125,
      "daily_economic_return_normalized": -0.18509447574615479,
      "daily_economic_cost_raw_yuan": 583363.125,
      "economic_reward_scale_yuan": 3151704.8194007874,
      "lagrange_multiplier": 0.0,
      "cost_budget": 1.0,
      "cost_budget_raw": 0.02,
      "cost_budget_normalized": 1.0,
      "algorithm_cost_mode": "separate_cost",
      "fixed_cost_penalty_coef": 0.0,
      "log_std_max": -2.3,
      "accepted": true,
      "mode": "reward",
      "reward_before": -8.545053731268126e-08,
      "reward_after": 0.14256708323955536,
      "cost_before": 0.2823409140110016,
      "cost_after": 0.22056254744529724,
      "kl_before": -2.384185791015625e-07,
      "kl_after": 0.019974375143647194,
      "cost_gap": -0.7176590859889984,
      "cost_recoverable": true,
      "cost_quadratic": 305.6751403808594,
      "reward_quadratic": 0.520127534866333,
      "reward_cost_cross": 0.1703401803970337,
      "max_linear_cost_drop": 3.4967135449210556,
      "rollout_wall_seconds": 1.7748727053403854,
      "update_wall_seconds": 1.3547356706112623,
      "total_wall_seconds": 3.129610599949956
    },
    {
      "update": 901,
      "algorithm": "macpo",
      "actor_loss": -0.13597694039344788,
      "reward_critic_loss": 0.00029461909434758127,
      "cost_critic_loss": 0.06350012123584747,
      "reward_critic_loss_last": 0.00023875989427324384,
      "cost_critic_loss_last": 0.04381733387708664,
      "critic_epochs": 8,
      "daily_voltage_cost": 0.00043436067062430084,
      "daily_voltage_cost_raw": 0.00043436067062430084,
      "daily_voltage_cost_normalized": 0.021718032658100128,
      "daily_economic_return_raw_yuan": -485697.34375,
      "daily_economic_return_normalized": -0.1541062295436859,
      "daily_economic_cost_raw_yuan": 485697.34375,
      "economic_reward_scale_yuan": 3151704.8194007874,
      "lagrange_multiplier": 0.0,
      "cost_budget": 1.0,
      "cost_budget_raw": 0.02,
      "cost_budget_normalized": 1.0,
      "algorithm_cost_mode": "separate_cost",
      "fixed_cost_penalty_coef": 0.0,
      "log_std_max": -2.3,
      "accepted": true,
      "mode": "reward",
      "reward_before": 8.199101841910306e-08,
      "reward_after": 0.13597694039344788,
      "cost_before": 0.021719956770539284,
      "cost_after": -0.48259031772613525,
      "kl_before": -2.384185791015625e-07,
      "kl_after": 0.019975176081061363,
      "cost_gap": -0.9782800432294607,
      "cost_recoverable": true,
      "cost_quadratic": 126.57362365722656,
      "reward_quadratic": 0.4893991947174072,
      "reward_cost_cross": -1.5694656372070312,
      "max_linear_cost_drop": 2.2500988747806314,
      "rollout_wall_seconds": 2.28350786305964,
      "update_wall_seconds": 1.844466531649232,
      "total_wall_seconds": 4.127977328374982
    },
    {
      "update": 902,
      "algorithm": "macpo",
      "actor_loss": -0.09239045530557632,
      "reward_critic_loss": 0.0004870783013757318,
      "cost_critic_loss": 0.7707588076591492,
      "reward_critic_loss_last": 0.0004580614622682333,
      "cost_critic_loss_last": 0.7046360373497009,
      "critic_epochs": 8,
      "daily_voltage_cost": 0.01808316819369793,
      "daily_voltage_cost_raw": 0.01808316819369793,
      "daily_voltage_cost_normalized": 0.9041584730148315,
      "daily_economic_return_raw_yuan": -566132.75,
      "daily_economic_return_normalized": -0.17962747812271118,
      "daily_economic_cost_raw_yuan": 566132.75,
      "economic_reward_scale_yuan": 3151704.8194007874,
      "lagrange_multiplier": 0.0,
      "cost_budget": 1.0,
      "cost_budget_raw": 0.02,
      "cost_budget_normalized": 1.0,
      "algorithm_cost_mode": "separate_cost",
      "fixed_cost_penalty_coef": 0.0,
      "log_std_max": -2.3,
      "accepted": true,
      "mode": "constrained_reward",
      "reward_before": 7.876735708123306e-08,
      "reward_after": 0.09239045530557632,
      "cost_before": 0.9041574001312256,
      "cost_after": 0.9781943559646606,
      "kl_before": -2.384185791015625e-07,
      "kl_after": 0.005006037186831236,
      "cost_gap": -0.09584259986877441,
      "cost_recoverable": true,
      "cost_quadratic": 1535.34765625,
      "reward_quadratic": 0.8593958616256714,
      "reward_cost_cross": 1.8946658372879028,
      "max_linear_cost_drop": 7.836702511260715,
      "rollout_wall_seconds": 2.23753266595304,
      "update_wall_seconds": 1.8723367862403393,
      "total_wall_seconds": 4.1098712012171745
    },
    {
      "update": 903,
      "algorithm": "macpo",
      "actor_loss": -0.08617977797985077,
      "reward_critic_loss": 0.00033728321432136,
      "cost_critic_loss": 0.1595606505870819,
      "reward_critic_loss_last": 0.00029566659941338,
      "cost_critic_loss_last": 0.16395924985408783,
      "critic_epochs": 8,
      "daily_voltage_cost": 0.005492005962878466,
      "daily_voltage_cost_raw": 0.005492005962878466,
      "daily_voltage_cost_normalized": 0.2746002972126007,
      "daily_economic_return_raw_yuan": -499258.03125,
      "daily_economic_return_normalized": -0.15840888023376465,
      "daily_economic_cost_raw_yuan": 499258.03125,
      "economic_reward_scale_yuan": 3151704.8194007874,
      "lagrange_multiplier": 0.0,
      "cost_budget": 1.0,
      "cost_budget_raw": 0.02,
      "cost_budget_normalized": 1.0,
      "algorithm_cost_mode": "separate_cost",
      "fixed_cost_penalty_coef": 0.0,
      "log_std_max": -2.3,
      "accepted": true,
      "mode": "reward",
      "reward_before": 1.864552956476473e-08,
      "reward_after": 0.08617977797985077,
      "cost_before": 0.2746035158634186,
      "cost_after": 0.0525800883769989,
      "kl_before": -2.384185791015625e-07,
      "kl_after": 0.005034112371504307,
      "cost_gap": -0.7253964841365814,
      "cost_recoverable": true,
      "cost_quadratic": 328.5290832519531,
      "reward_quadratic": 0.7472501993179321,
      "reward_cost_cross": -1.7682757377624512,
      "max_linear_cost_drop": 3.6250742516641123,
      "rollout_wall_seconds": 2.3732848800718784,
      "update_wall_seconds": 1.8891856130212545,
      "total_wall_seconds": 4.262473836541176
    },
    {
      "update": 904,
      "algorithm": "macpo",
      "actor_loss": 0.004526171833276749,
      "reward_critic_loss": 0.00024028800544328988,
      "cost_critic_loss": 1.7520555257797241,
      "reward_critic_loss_last": 0.00022032021661289036,
      "cost_critic_loss_last": 1.7199697494506836,
      "critic_epochs": 8,
      "daily_voltage_cost": 0.020909054204821587,
      "daily_voltage_cost_raw": 0.020909054204821587,
      "daily_voltage_cost_normalized": 1.0454528331756592,
      "daily_economic_return_raw_yuan": -517442.96875,
      "daily_economic_return_normalized": -0.1641787588596344,
      "daily_economic_cost_raw_yuan": 517442.96875,
      "economic_reward_scale_yuan": 3151704.8194007874,
      "lagrange_multiplier": 0.0,
      "cost_budget": 1.0,
      "cost_budget_raw": 0.02,
      "cost_budget_normalized": 1.0,
      "algorithm_cost_mode": "separate_cost",
      "fixed_cost_penalty_coef": 0.0,
      "log_std_max": -2.3,
      "accepted": true,
      "mode": "cost_recovery",
      "reward_before": -1.07775122160092e-09,
      "reward_after": -0.004526171833276749,
      "cost_before": 1.0454461574554443,
      "cost_after": -8.828492164611816,
      "kl_before": -2.384185791015625e-07,
      "kl_after": 0.01997470110654831,
      "cost_gap": 0.045446157455444336,
      "cost_recoverable": true,
      "cost_quadratic": 3331.150390625,
      "reward_quadratic": 0.4408627152442932,
      "reward_cost_cross": 1.6150567531585693,
      "max_linear_cost_drop": 11.543223796886206,
      "rollout_wall_seconds": 2.2705590669065714,
      "update_wall_seconds": 1.8601279687136412,
      "total_wall_seconds": 4.1306893061846495
    },
    {
      "update": 905,
      "algorithm": "macpo",
      "actor_loss": -0.06961625069379807,
      "reward_critic_loss": 0.0002188370272051543,
      "cost_critic_loss": 0.1416054666042328,
      "reward_critic_loss_last": 0.00019623312982730567,
      "cost_critic_loss_last": 0.12969496846199036,
      "critic_epochs": 8,
      "daily_voltage_cost": 0.006167910061776638,
      "daily_voltage_cost_raw": 0.006167910061776638,
      "daily_voltage_cost_normalized": 0.30839550495147705,
      "daily_economic_return_raw_yuan": -458196.59375,
      "daily_economic_return_normalized": -0.14538055658340454,
      "daily_economic_cost_raw_yuan": 458196.59375,
      "economic_reward_scale_yuan": 3151704.8194007874,
      "lagrange_multiplier": 0.0,
      "cost_budget": 1.0,
      "cost_budget_raw": 0.02,
      "cost_budget_normalized": 1.0,
      "algorithm_cost_mode": "separate_cost",
      "fixed_cost_penalty_coef": 0.0,
      "log_std_max": -2.3,
      "accepted": true,
      "mode": "reward",
      "reward_before": 3.471182452585708e-08,
      "reward_after": 0.06961625069379807,
      "cost_before": 0.3083961009979248,
      "cost_after": 0.23133933544158936,
      "kl_before": -2.384185791015625e-07,
      "kl_after": 0.00502965459600091,
      "cost_gap": -0.6916038990020752,
      "cost_recoverable": true,
      "cost_quadratic": 312.8062744140625,
      "reward_quadratic": 0.4536140561103821,
      "reward_cost_cross": -0.601131796836853,
      "max_linear_cost_drop": 3.5372660313528157,
      "rollout_wall_seconds": 2.5725572668015957,
      "update_wall_seconds": 1.927265027537942,
      "total_wall_seconds": 4.499824404716492
    },
    {
      "update": 906,
      "algorithm": "macpo",
      "actor_loss": -0.0693160891532898,
      "reward_critic_loss": 0.00023687956854701042,
      "cost_critic_loss": 0.8025654554367065,
      "reward_critic_loss_last": 0.00018584371719043702,
      "cost_critic_loss_last": 0.7929055690765381,
      "critic_epochs": 8,
      "daily_voltage_cost": 0.01860082522034645,
      "daily_voltage_cost_raw": 0.01860082522034645,
      "daily_voltage_cost_normalized": 0.9300413131713867,
      "daily_economic_return_raw_yuan": -592994.25,
      "daily_economic_return_normalized": -0.1881503164768219,
      "daily_economic_cost_raw_yuan": 592994.25,
      "economic_reward_scale_yuan": 3151704.8194007874,
      "lagrange_multiplier": 0.0,
      "cost_budget": 1.0,
      "cost_budget_raw": 0.02,
      "cost_budget_normalized": 1.0,
      "algorithm_cost_mode": "separate_cost",
      "fixed_cost_penalty_coef": 0.0,
      "log_std_max": -2.3,
      "accepted": true,
      "mode": "constrained_reward",
      "reward_before": 1.3918122476752615e-07,
      "reward_after": 0.0693160891532898,
      "cost_before": 0.9300351142883301,
      "cost_after": 0.9147015810012817,
      "kl_before": -2.384185791015625e-07,
      "kl_after": 0.005057238042354584,
      "cost_gap": -0.06996488571166992,
      "cost_recoverable": true,
      "cost_quadratic": 1537.875,
      "reward_quadratic": 0.512641191482544,
      "reward_cost_cross": 2.2122960090637207,
      "max_linear_cost_drop": 7.8431498774408235,
      "rollout_wall_seconds": 1.7297166679054499,
      "update_wall_seconds": 1.5435514487326145,
      "total_wall_seconds": 3.2732701152563095
    },
    {
      "update": 907,
      "algorithm": "macpo",
      "actor_loss": -0.10330712795257568,
      "reward_critic_loss": 0.0001441278582205996,
      "cost_critic_loss": 0.19389808177947998,
      "reward_critic_loss_last": 0.0001302981108892709,
      "cost_critic_loss_last": 0.19605761766433716,
      "critic_epochs": 8,
      "daily_voltage_cost": 0.005534677300602198,
      "daily_voltage_cost_raw": 0.005534677300602198,
      "daily_voltage_cost_normalized": 0.2767338752746582,
      "daily_economic_return_raw_yuan": -525942.25,
      "daily_economic_return_normalized": -0.16687548160552979,
      "daily_economic_cost_raw_yuan": 525942.25,
      "economic_reward_scale_yuan": 3151704.8194007874,
      "lagrange_multiplier": 0.0,
      "cost_budget": 1.0,
      "cost_budget_raw": 0.02,
      "cost_budget_normalized": 1.0,
      "algorithm_cost_mode": "separate_cost",
      "fixed_cost_penalty_coef": 0.0,
      "log_std_max": -2.3,
      "accepted": true,
      "mode": "reward",
      "reward_before": 1.4007916604441562e-07,
      "reward_after": 0.10330712795257568,
      "cost_before": 0.27673131227493286,
      "cost_after": -0.4434976577758789,
      "kl_before": -2.384185791015625e-07,
      "kl_after": 0.01991841569542885,
      "cost_gap": -0.7232686877250671,
      "cost_recoverable": true,
      "cost_quadratic": 374.5174560546875,
      "reward_quadratic": 0.29504483938217163,
      "reward_cost_cross": -1.883709192276001,
      "max_linear_cost_drop": 3.8704906978556997,
      "rollout_wall_seconds": 1.9775953404605389,
      "update_wall_seconds": 1.5410139355808496,
      "total_wall_seconds": 3.5186111237853765
    },
    {
      "update": 908,
      "algorithm": "macpo",
      "actor_loss": -0.12219411134719849,
      "reward_critic_loss": 0.0001920630456879735,
      "cost_critic_loss": 0.23798297345638275,
      "reward_critic_loss_last": 0.00017866013513412327,
      "cost_critic_loss_last": 0.228106290102005,
      "critic_epochs": 8,
      "daily_voltage_cost": 0.010530591942369938,
      "daily_voltage_cost_raw": 0.010530591942369938,
      "daily_voltage_cost_normalized": 0.5265296697616577,
      "daily_economic_return_raw_yuan": -518450.625,
      "daily_economic_return_normalized": -0.1644984781742096,
      "daily_economic_cost_raw_yuan": 518450.625,
      "economic_reward_scale_yuan": 3151704.8194007874,
      "lagrange_multiplier": 0.0,
      "cost_budget": 1.0,
      "cost_budget_raw": 0.02,
      "cost_budget_normalized": 1.0,
      "algorithm_cost_mode": "separate_cost",
      "fixed_cost_penalty_coef": 0.0,
      "log_std_max": -2.3,
      "accepted": true,
      "mode": "reward",
      "reward_before": -4.709161061100531e-09,
      "reward_after": 0.12219411134719849,
      "cost_before": 0.5265241265296936,
      "cost_after": 0.6763243675231934,
      "kl_before": -2.384185791015625e-07,
      "kl_after": 0.019975321367383003,
      "cost_gap": -0.4734758734703064,
      "cost_recoverable": true,
      "cost_quadratic": 463.7821960449219,
      "reward_quadratic": 0.40956079959869385,
      "reward_cost_cross": 0.6297527551651001,
      "max_linear_cost_drop": 4.3071205975450555,
      "rollout_wall_seconds": 2.033110210672021,
      "update_wall_seconds": 1.516734641045332,
      "total_wall_seconds": 3.5498467925935984
    },
    {
      "update": 909,
      "algorithm": "macpo",
      "actor_loss": -0.029167629778385162,
      "reward_critic_loss": 0.00036871404154226184,
      "cost_critic_loss": 0.7212492227554321,
      "reward_critic_loss_last": 0.00035650888457894325,
      "cost_critic_loss_last": 0.7070340514183044,
      "critic_epochs": 8,
      "daily_voltage_cost": 0.022755436599254608,
      "daily_voltage_cost_raw": 0.022755436599254608,
      "daily_voltage_cost_normalized": 1.1377718448638916,
      "daily_economic_return_raw_yuan": -602554.625,
      "daily_economic_return_normalized": -0.19118371605873108,
      "daily_economic_cost_raw_yuan": 602554.625,
      "economic_reward_scale_yuan": 3151704.8194007874,
      "lagrange_multiplier": 0.0,
      "cost_budget": 1.0,
      "cost_budget_raw": 0.02,
      "cost_budget_normalized": 1.0,
      "algorithm_cost_mode": "separate_cost",
      "fixed_cost_penalty_coef": 0.0,
      "log_std_max": -2.3,
      "accepted": true,
      "mode": "cost_recovery",
      "reward_before": 1.2948547123414755e-07,
      "reward_after": 0.029167629778385162,
      "cost_before": 1.1377688646316528,
      "cost_after": -5.974931716918945,
      "kl_before": -2.384185791015625e-07,
      "kl_after": 0.019957739859819412,
      "cost_gap": 0.13776886463165283,
      "cost_recoverable": true,
      "cost_quadratic": 1581.96435546875,
      "reward_quadratic": 0.7792441844940186,
      "reward_cost_cross": -7.501950263977051,
      "max_linear_cost_drop": 7.954783103187038,
      "rollout_wall_seconds": 2.156586019322276,
      "update_wall_seconds": 1.666250852867961,
      "total_wall_seconds": 3.8228394370526075
    },
    {
      "update": 910,
      "algorithm": "macpo",
      "actor_loss": 0.01680072955787182,
      "reward_critic_loss": 0.00030420231632888317,
      "cost_critic_loss": 0.7670010328292847,
      "reward_critic_loss_last": 0.0002752537839114666,
      "cost_critic_loss_last": 0.7562064528465271,
      "critic_epochs": 8,
      "daily_voltage_cost": 0.023352984338998795,
      "daily_voltage_cost_raw": 0.023352984338998795,
      "daily_voltage_cost_normalized": 1.167649269104004,
      "daily_economic_return_raw_yuan": -576106.9375,
      "daily_economic_return_normalized": -0.18279215693473816,
      "daily_economic_cost_raw_yuan": 576106.9375,
      "economic_reward_scale_yuan": 3151704.8194007874,
      "lagrange_multiplier": 0.0,
      "cost_budget": 1.0,
      "cost_budget_raw": 0.02,
      "cost_budget_normalized": 1.0,
      "algorithm_cost_mode": "separate_cost",
      "fixed_cost_penalty_coef": 0.0,
      "log_std_max": -2.3,
      "accepted": true,
      "mode": "cost_recovery",
      "reward_before": 1.3982885604946205e-07,
      "reward_after": -0.01680072955787182,
      "cost_before": 1.1676489114761353,
      "cost_after": -2.473629951477051,
      "kl_before": -2.384185791015625e-07,
      "kl_after": 0.00505681149661541,
      "cost_gap": 0.16764891147613525,
      "cost_recoverable": true,
      "cost_quadratic": 1650.15283203125,
      "reward_quadratic": 0.5177921652793884,
      "reward_cost_cross": 7.604156970977783,
      "max_linear_cost_drop": 8.12441464237578,
      "rollout_wall_seconds": 1.940634472295642,
      "update_wall_seconds": 1.4456111267209053,
      "total_wall_seconds": 3.3862479012459517
    },
    {
      "update": 911,
      "algorithm": "macpo",
      "actor_loss": -0.08731269836425781,
      "reward_critic_loss": 0.0004584856505971402,
      "cost_critic_loss": 0.30216583609580994,
      "reward_critic_loss_last": 0.0004303347668610513,
      "cost_critic_loss_last": 0.2645242512226105,
      "critic_epochs": 8,
      "daily_voltage_cost": 0.007482574321329594,
      "daily_voltage_cost_raw": 0.007482574321329594,
      "daily_voltage_cost_normalized": 0.3741287291049957,
      "daily_economic_return_raw_yuan": -491718.59375,
      "daily_economic_return_normalized": -0.15601670742034912,
      "daily_economic_cost_raw_yuan": 491718.59375,
      "economic_reward_scale_yuan": 3151704.8194007874,
      "lagrange_multiplier": 0.0,
      "cost_budget": 1.0,
      "cost_budget_raw": 0.02,
      "cost_budget_normalized": 1.0,
      "algorithm_cost_mode": "separate_cost",
      "fixed_cost_penalty_coef": 0.0,
      "log_std_max": -2.3,
      "accepted": true,
      "mode": "reward",
      "reward_before": 1.8671731538688618e-07,
      "reward_after": 0.08731269836425781,
      "cost_before": 0.3741306662559509,
      "cost_after": 0.36977821588516235,
      "kl_before": -2.384185791015625e-07,
      "kl_after": 0.005012788809835911,
      "cost_gap": -0.6258693337440491,
      "cost_recoverable": true,
      "cost_quadratic": 629.3685302734375,
      "reward_quadratic": 0.7939106225967407,
      "reward_cost_cross": 0.40501922369003296,
      "max_linear_cost_drop": 5.017443692851719,
      "rollout_wall_seconds": 1.763508876785636,
      "update_wall_seconds": 1.4619953036308289,
      "total_wall_seconds": 3.2255065515637398
    },
    {
      "update": 912,
      "algorithm": "macpo",
      "actor_loss": -0.050901398062705994,
      "reward_critic_loss": 0.00013484078226611018,
      "cost_critic_loss": 0.8298366069793701,
      "reward_critic_loss_last": 0.0001352792896796018,
      "cost_critic_loss_last": 0.8025907278060913,
      "critic_epochs": 8,
      "daily_voltage_cost": 0.011871352791786194,
      "daily_voltage_cost_raw": 0.011871352791786194,
      "daily_voltage_cost_normalized": 0.5935675501823425,
      "daily_economic_return_raw_yuan": -526132.9375,
      "daily_economic_return_normalized": -0.1669359803199768,
      "daily_economic_cost_raw_yuan": 526132.9375,
      "economic_reward_scale_yuan": 3151704.8194007874,
      "lagrange_multiplier": 0.0,
      "cost_budget": 1.0,
      "cost_budget_raw": 0.02,
      "cost_budget_normalized": 1.0,
      "algorithm_cost_mode": "separate_cost",
      "fixed_cost_penalty_coef": 0.0,
      "log_std_max": -2.3,
      "accepted": true,
      "mode": "constrained_reward",
      "reward_before": 1.458933240883198e-07,
      "reward_after": 0.050901398062705994,
      "cost_before": 0.5935727953910828,
      "cost_after": 0.7844566106796265,
      "kl_before": -2.384185791015625e-07,
      "kl_after": 0.0051037888042628765,
      "cost_gap": -0.40642720460891724,
      "cost_recoverable": true,
      "cost_quadratic": 2005.5797119140625,
      "reward_quadratic": 0.2807643711566925,
      "reward_cost_cross": 5.794007301330566,
      "max_linear_cost_drop": 8.956739835261628,
      "rollout_wall_seconds": 1.3844835218042135,
      "update_wall_seconds": 1.7849812749773264,
      "total_wall_seconds": 3.1694666612893343
    },
    {
      "update": 913,
      "algorithm": "macpo",
      "actor_loss": -0.13522298634052277,
      "reward_critic_loss": 0.00023521666298620403,
      "cost_critic_loss": 0.14546360075473785,
      "reward_critic_loss_last": 0.00022688349417876452,
      "cost_critic_loss_last": 0.14862464368343353,
      "critic_epochs": 8,
      "daily_voltage_cost": 0.005183669738471508,
      "daily_voltage_cost_raw": 0.005183669738471508,
      "daily_voltage_cost_normalized": 0.25918349623680115,
      "daily_economic_return_raw_yuan": -570481.625,
      "daily_economic_return_normalized": -0.18100732564926147,
      "daily_economic_cost_raw_yuan": 570481.625,
      "economic_reward_scale_yuan": 3151704.8194007874,
      "lagrange_multiplier": 0.0,
      "cost_budget": 1.0,
      "cost_budget_raw": 0.02,
      "cost_budget_normalized": 1.0,
      "algorithm_cost_mode": "separate_cost",
      "fixed_cost_penalty_coef": 0.0,
      "log_std_max": -2.3,
      "accepted": true,
      "mode": "reward",
      "reward_before": 1.1558486079366048e-07,
      "reward_after": 0.13522298634052277,
      "cost_before": 0.2591798007488251,
      "cost_after": 0.21178051829338074,
      "kl_before": -2.384185791015625e-07,
      "kl_after": 0.019982606172561646,
      "cost_gap": -0.7408201992511749,
      "cost_recoverable": true,
      "cost_quadratic": 340.0183410644531,
      "reward_quadratic": 0.45942193269729614,
      "reward_cost_cross": -0.14385676383972168,
      "max_linear_cost_drop": 3.6879172499634705,
      "rollout_wall_seconds": 1.4556163158267736,
      "update_wall_seconds": 1.6032033488154411,
      "total_wall_seconds": 3.0588214229792356
    },
    {
      "update": 914,
      "algorithm": "macpo",
      "actor_loss": -0.143402561545372,
      "reward_critic_loss": 0.000234303530305624,
      "cost_critic_loss": 0.17314478754997253,
      "reward_critic_loss_last": 0.00020024756668135524,
      "cost_critic_loss_last": 0.10776811093091965,
      "critic_epochs": 8,
      "daily_voltage_cost": 0.004967467859387398,
      "daily_voltage_cost_raw": 0.004967467859387398,
      "daily_voltage_cost_normalized": 0.2483733892440796,
      "daily_economic_return_raw_yuan": -566443.0625,
      "daily_economic_return_normalized": -0.17972593009471893,
      "daily_economic_cost_raw_yuan": 566443.0625,
      "economic_reward_scale_yuan": 3151704.8194007874,
      "lagrange_multiplier": 0.0,
      "cost_budget": 1.0,
      "cost_budget_raw": 0.02,
      "cost_budget_normalized": 1.0,
      "algorithm_cost_mode": "separate_cost",
      "fixed_cost_penalty_coef": 0.0,
      "log_std_max": -2.3,
      "accepted": true,
      "mode": "reward",
      "reward_before": -1.1993593318493367e-07,
      "reward_after": 0.143402561545372,
      "cost_before": 0.2483779489994049,
      "cost_after": -1.492421269416809,
      "kl_before": -2.384185791015625e-07,
      "kl_after": 0.01993914507329464,
      "cost_gap": -0.7516220510005951,
      "cost_recoverable": true,
      "cost_quadratic": 483.44415283203125,
      "reward_quadratic": 0.452758252620697,
      "reward_cost_cross": -5.6195549964904785,
      "max_linear_cost_drop": 4.397472696138232,
      "rollout_wall_seconds": 1.70364448428154,
      "update_wall_seconds": 1.7014429941773415,
      "total_wall_seconds": 3.405089369043708
    },
    {
      "update": 915,
      "algorithm": "macpo",
      "actor_loss": -0.07526747137308121,
      "reward_critic_loss": 0.000279263302218169,
      "cost_critic_loss": 0.16410782933235168,
      "reward_critic_loss_last": 0.0002430146560072899,
      "cost_critic_loss_last": 0.11022457480430603,
      "critic_epochs": 8,
      "daily_voltage_cost": 0.0021016569808125496,
      "daily_voltage_cost_raw": 0.0021016569808125496,
      "daily_voltage_cost_normalized": 0.10508284717798233,
      "daily_economic_return_raw_yuan": -431774.15625,
      "daily_economic_return_normalized": -0.1369970142841339,
      "daily_economic_cost_raw_yuan": 431774.15625,
      "economic_reward_scale_yuan": 3151704.8194007874,
      "lagrange_multiplier": 0.0,
      "cost_budget": 1.0,
      "cost_budget_raw": 0.02,
      "cost_budget_normalized": 1.0,
      "algorithm_cost_mode": "separate_cost",
      "fixed_cost_penalty_coef": 0.0,
      "log_std_max": -2.3,
      "accepted": true,
      "mode": "reward",
      "reward_before": -1.5944650044730224e-07,
      "reward_after": 0.07526747137308121,
      "cost_before": 0.1050814688205719,
      "cost_after": -0.3084615170955658,
      "kl_before": -2.384185791015625e-07,
      "kl_after": 0.004996401257812977,
      "cost_gap": -0.8949185311794281,
      "cost_recoverable": true,
      "cost_quadratic": 453.30322265625,
      "reward_quadratic": 0.5727193355560303,
      "reward_cost_cross": -3.505641222000122,
      "max_linear_cost_drop": 4.258183756750054,
      "rollout_wall_seconds": 1.852993568405509,
      "update_wall_seconds": 1.9309217687696218,
      "total_wall_seconds": 3.783917885273695
    },
    {
      "update": 916,
      "algorithm": "macpo",
      "actor_loss": -0.1399056613445282,
      "reward_critic_loss": 0.00022267992608249187,
      "cost_critic_loss": 0.23566626012325287,
      "reward_critic_loss_last": 0.00015610788250342011,
      "cost_critic_loss_last": 0.23451495170593262,
      "critic_epochs": 8,
      "daily_voltage_cost": 0.011780429631471634,
      "daily_voltage_cost_raw": 0.011780429631471634,
      "daily_voltage_cost_normalized": 0.5890215635299683,
      "daily_economic_return_raw_yuan": -492225.71875,
      "daily_economic_return_normalized": -0.1561776101589203,
      "daily_economic_cost_raw_yuan": 492225.71875,
      "economic_reward_scale_yuan": 3151704.8194007874,
      "lagrange_multiplier": 0.0,
      "cost_budget": 1.0,
      "cost_budget_raw": 0.02,
      "cost_budget_normalized": 1.0,
      "algorithm_cost_mode": "separate_cost",
      "fixed_cost_penalty_coef": 0.0,
      "log_std_max": -2.3,
      "accepted": true,
      "mode": "reward",
      "reward_before": -1.8557805958607787e-07,
      "reward_after": 0.1399056613445282,
      "cost_before": 0.5890198945999146,
      "cost_after": 0.6834906339645386,
      "kl_before": -2.384185791015625e-07,
      "kl_after": 0.019971206784248352,
      "cost_gap": -0.41098010540008545,
      "cost_recoverable": true,
      "cost_quadratic": 444.53509521484375,
      "reward_quadratic": 0.4742465019226074,
      "reward_cost_cross": 0.2806652784347534,
      "max_linear_cost_drop": 4.216800185993374,
      "rollout_wall_seconds": 1.7616494130343199,
      "update_wall_seconds": 1.638261292129755,
      "total_wall_seconds": 3.399912692606449
    },
    {
      "update": 917,
      "algorithm": "macpo",
      "actor_loss": -0.0023891632445156574,
      "reward_critic_loss": 0.00038728670915588737,
      "cost_critic_loss": 2.0059549808502197,
      "reward_critic_loss_last": 0.0002900772378779948,
      "cost_critic_loss_last": 1.8753799200057983,
      "critic_epochs": 8,
      "daily_voltage_cost": 0.021604973822832108,
      "daily_voltage_cost_raw": 0.021604973822832108,
      "daily_voltage_cost_normalized": 1.0802487134933472,
      "daily_economic_return_raw_yuan": -531916.0,
      "daily_economic_return_normalized": -0.16877087950706482,
      "daily_economic_cost_raw_yuan": 531916.0,
      "economic_reward_scale_yuan": 3151704.8194007874,
      "lagrange_multiplier": 0.0,
      "cost_budget": 1.0,
      "cost_budget_raw": 0.02,
      "cost_budget_normalized": 1.0,
      "algorithm_cost_mode": "separate_cost",
      "fixed_cost_penalty_coef": 0.0,
      "log_std_max": -2.3,
      "accepted": true,
      "mode": "cost_recovery",
      "reward_before": 1.3780653773665108e-07,
      "reward_after": 0.0023891632445156574,
      "cost_before": 1.0802513360977173,
      "cost_after": -5.6186113357543945,
      "kl_before": -2.384185791015625e-07,
      "kl_after": 0.005003270693123341,
      "cost_gap": 0.08025133609771729,
      "cost_recoverable": true,
      "cost_quadratic": 5924.76318359375,
      "reward_quadratic": 0.7712674140930176,
      "reward_cost_cross": -3.0926761627197266,
      "max_linear_cost_drop": 15.394496657693944,
      "rollout_wall_seconds": 1.9576549157500267,
      "update_wall_seconds": 1.8536955956369638,
      "total_wall_seconds": 3.8113526925444603
    },
    {
      "update": 918,
      "algorithm": "macpo",
      "actor_loss": -0.135464608669281,
      "reward_critic_loss": 0.00023721593606751412,
      "cost_critic_loss": 0.8287301063537598,
      "reward_critic_loss_last": 0.00024062942247837782,
      "cost_critic_loss_last": 0.7808142900466919,
      "critic_epochs": 8,
      "daily_voltage_cost": 0.019247375428676605,
      "daily_voltage_cost_raw": 0.019247375428676605,
      "daily_voltage_cost_normalized": 0.9623688459396362,
      "daily_economic_return_raw_yuan": -548943.9375,
      "daily_economic_return_normalized": -0.17417365312576294,
      "daily_economic_cost_raw_yuan": 548943.9375,
      "economic_reward_scale_yuan": 3151704.8194007874,
      "lagrange_multiplier": 0.0,
      "cost_budget": 1.0,
      "cost_budget_raw": 0.02,
      "cost_budget_normalized": 1.0,
      "algorithm_cost_mode": "separate_cost",
      "fixed_cost_penalty_coef": 0.0,
      "log_std_max": -2.3,
      "accepted": true,
      "mode": "reward",
      "reward_before": 2.4769654771716887e-08,
      "reward_after": 0.135464608669281,
      "cost_before": 0.962371289730072,
      "cost_after": 0.1679842472076416,
      "kl_before": -2.384185791015625e-07,
      "kl_after": 0.019989974796772003,
      "cost_gap": -0.03762871026992798,
      "cost_recoverable": true,
      "cost_quadratic": 1513.25537109375,
      "reward_quadratic": 0.4731881320476532,
      "reward_cost_cross": -3.2227063179016113,
      "max_linear_cost_drop": 7.780116634328177,
      "rollout_wall_seconds": 1.9116964675486088,
      "update_wall_seconds": 1.605807526037097,
      "total_wall_seconds": 3.517505679279566
    },
    {
      "update": 919,
      "algorithm": "macpo",
      "actor_loss": -0.07017935812473297,
      "reward_critic_loss": 0.00021698247292079031,
      "cost_critic_loss": 0.3083556294441223,
      "reward_critic_loss_last": 0.0002088406472466886,
      "cost_critic_loss_last": 0.31611666083335876,
      "critic_epochs": 8,
      "daily_voltage_cost": 0.010266914032399654,
      "daily_voltage_cost_raw": 0.010266914032399654,
      "daily_voltage_cost_normalized": 0.5133457183837891,
      "daily_economic_return_raw_yuan": -502552.59375,
      "daily_economic_return_normalized": -0.15945421159267426,
      "daily_economic_cost_raw_yuan": 502552.59375,
      "economic_reward_scale_yuan": 3151704.8194007874,
      "lagrange_multiplier": 0.0,
      "cost_budget": 1.0,
      "cost_budget_raw": 0.02,
      "cost_budget_normalized": 1.0,
      "algorithm_cost_mode": "separate_cost",
      "fixed_cost_penalty_coef": 0.0,
      "log_std_max": -2.3,
      "accepted": true,
      "mode": "reward",
      "reward_before": 7.249777667084345e-08,
      "reward_after": 0.07017935812473297,
      "cost_before": 0.5133489966392517,
      "cost_after": 0.7815651297569275,
      "kl_before": -2.384185791015625e-07,
      "kl_after": 0.004995132330805063,
      "cost_gap": -0.4866510033607483,
      "cost_recoverable": true,
      "cost_quadratic": 790.810302734375,
      "reward_quadratic": 0.4861145615577698,
      "reward_cost_cross": 1.309751033782959,
      "max_linear_cost_drop": 5.624269917898233,
      "rollout_wall_seconds": 2.1137900203466415,
      "update_wall_seconds": 1.7802927866578102,
      "total_wall_seconds": 3.894084779545665
    },
    {
      "update": 920,
      "algorithm": "macpo",
      "actor_loss": -0.08443424105644226,
      "reward_critic_loss": 0.00035239485441707075,
      "cost_critic_loss": 0.2123020738363266,
      "reward_critic_loss_last": 0.0003049341030418873,
      "cost_critic_loss_last": 0.20885324478149414,
      "critic_epochs": 8,
      "daily_voltage_cost": 0.004390520043671131,
      "daily_voltage_cost_raw": 0.004390520043671131,
      "daily_voltage_cost_normalized": 0.2195260226726532,
      "daily_economic_return_raw_yuan": -560373.375,
      "daily_economic_return_normalized": -0.17780008912086487,
      "daily_economic_cost_raw_yuan": 560373.375,
      "economic_reward_scale_yuan": 3151704.8194007874,
      "lagrange_multiplier": 0.0,
      "cost_budget": 1.0,
      "cost_budget_raw": 0.02,
      "cost_budget_normalized": 1.0,
      "algorithm_cost_mode": "separate_cost",
      "fixed_cost_penalty_coef": 0.0,
      "log_std_max": -2.3,
      "accepted": true,
      "mode": "reward",
      "reward_before": 5.236956468479548e-08,
      "reward_after": 0.08443424105644226,
      "cost_before": 0.21952511370182037,
      "cost_after": -0.6970168352127075,
      "kl_before": -2.384185791015625e-07,
      "kl_after": 0.0049843741580843925,
      "cost_gap": -0.7804748862981796,
      "cost_recoverable": true,
      "cost_quadratic": 446.44512939453125,
      "reward_quadratic": 0.7128974199295044,
      "reward_cost_cross": -8.40955638885498,
      "max_linear_cost_drop": 4.2258496395140766,
      "rollout_wall_seconds": 2.228864284232259,
      "update_wall_seconds": 1.6507141552865505,
      "total_wall_seconds": 3.879580359905958
    },
    {
      "update": 921,
      "algorithm": "macpo",
      "actor_loss": -0.13621948659420013,
      "reward_critic_loss": 0.00026017666095867753,
      "cost_critic_loss": 0.3503718972206116,
      "reward_critic_loss_last": 0.0002579562715254724,
      "cost_critic_loss_last": 0.3409374952316284,
      "critic_epochs": 8,
      "daily_voltage_cost": 0.008945709094405174,
      "daily_voltage_cost_raw": 0.008945709094405174,
      "daily_voltage_cost_normalized": 0.4472854733467102,
      "daily_economic_return_raw_yuan": -556949.125,
      "daily_economic_return_normalized": -0.17671361565589905,
      "daily_economic_cost_raw_yuan": 556949.125,
      "economic_reward_scale_yuan": 3151704.8194007874,
      "lagrange_multiplier": 0.0,
      "cost_budget": 1.0,
      "cost_budget_raw": 0.02,
      "cost_budget_normalized": 1.0,
      "algorithm_cost_mode": "separate_cost",
      "fixed_cost_penalty_coef": 0.0,
      "log_std_max": -2.3,
      "accepted": true,
      "mode": "reward",
      "reward_before": -2.3651086422660228e-08,
      "reward_after": 0.13621948659420013,
      "cost_before": 0.447287380695343,
      "cost_after": 0.3723464608192444,
      "kl_before": -2.384185791015625e-07,
      "kl_after": 0.019949525594711304,
      "cost_gap": -0.552712619304657,
      "cost_recoverable": true,
      "cost_quadratic": 687.56494140625,
      "reward_quadratic": 0.5018974542617798,
      "reward_cost_cross": -0.4709099531173706,
      "max_linear_cost_drop": 5.244291911807542,
      "rollout_wall_seconds": 2.085477275773883,
      "update_wall_seconds": 1.7695790864527225,
      "total_wall_seconds": 3.8550582602620125
    },
    {
      "update": 922,
      "algorithm": "macpo",
      "actor_loss": -0.14076519012451172,
      "reward_critic_loss": 0.00022404319315683097,
      "cost_critic_loss": 0.16655448079109192,
      "reward_critic_loss_last": 0.0001505234686192125,
      "cost_critic_loss_last": 0.16142770648002625,
      "critic_epochs": 8,
      "daily_voltage_cost": 0.004623909946531057,
      "daily_voltage_cost_raw": 0.004623909946531057,
      "daily_voltage_cost_normalized": 0.23119550943374634,
      "daily_economic_return_raw_yuan": -478726.0,
      "daily_economic_return_normalized": -0.15189430117607117,
      "daily_economic_cost_raw_yuan": 478726.0,
      "economic_reward_scale_yuan": 3151704.8194007874,
      "lagrange_multiplier": 0.0,
      "cost_budget": 1.0,
      "cost_budget_raw": 0.02,
      "cost_budget_normalized": 1.0,
      "algorithm_cost_mode": "separate_cost",
      "fixed_cost_penalty_coef": 0.0,
      "log_std_max": -2.3,
      "accepted": true,
      "mode": "reward",
      "reward_before": -1.2669863735936815e-07,
      "reward_after": 0.14076519012451172,
      "cost_before": 0.23119650781154633,
      "cost_after": -0.10343995690345764,
      "kl_before": -2.384185791015625e-07,
      "kl_after": 0.019864100962877274,
      "cost_gap": -0.7688034921884537,
      "cost_recoverable": true,
      "cost_quadratic": 327.18389892578125,
      "reward_quadratic": 0.45382893085479736,
      "reward_cost_cross": -1.2268304824829102,
      "max_linear_cost_drop": 3.6176450844480654,
      "rollout_wall_seconds": 1.8900050949305296,
      "update_wall_seconds": 1.5493650864809752,
      "total_wall_seconds": 3.4393720999360085
    },
    {
      "update": 923,
      "algorithm": "macpo",
      "actor_loss": -0.12271206080913544,
      "reward_critic_loss": 0.00021537672728300095,
      "cost_critic_loss": 0.28013378381729126,
      "reward_critic_loss_last": 0.00016248626343440264,
      "cost_critic_loss_last": 0.1576574295759201,
      "critic_epochs": 8,
      "daily_voltage_cost": 0.0006943353218957782,
      "daily_voltage_cost_raw": 0.0006943353218957782,
      "daily_voltage_cost_normalized": 0.03471677005290985,
      "daily_economic_return_raw_yuan": -542834.875,
      "daily_economic_return_normalized": -0.17223531007766724,
      "daily_economic_cost_raw_yuan": 542834.875,
      "economic_reward_scale_yuan": 3151704.8194007874,
      "lagrange_multiplier": 0.0,
      "cost_budget": 1.0,
      "cost_budget_raw": 0.02,
      "cost_budget_normalized": 1.0,
      "algorithm_cost_mode": "separate_cost",
      "fixed_cost_penalty_coef": 0.0,
      "log_std_max": -2.3,
      "accepted": true,
      "mode": "reward",
      "reward_before": 4.2214427509179586e-08,
      "reward_after": 0.12271206080913544,
      "cost_before": 0.034716539084911346,
      "cost_after": 0.9086935520172119,
      "kl_before": -2.384185791015625e-07,
      "kl_after": 0.019908253103494644,
      "cost_gap": -0.9652834609150887,
      "cost_recoverable": true,
      "cost_quadratic": 519.5582885742188,
      "reward_quadratic": 0.46287280321121216,
      "reward_cost_cross": 3.77810001373291,
      "max_linear_cost_drop": 4.558764256130027,
      "rollout_wall_seconds": 1.7757312543690205,
      "update_wall_seconds": 1.494418017566204,
      "total_wall_seconds": 3.2701514549553394
    },
    {
      "update": 924,
      "algorithm": "macpo",
      "actor_loss": -0.06831829994916916,
      "reward_critic_loss": 0.00023425943800248206,
      "cost_critic_loss": 0.2086969017982483,
      "reward_critic_loss_last": 0.00023890065494924784,
      "cost_critic_loss_last": 0.22339332103729248,
      "critic_epochs": 8,
      "daily_voltage_cost": 0.011887731030583382,
      "daily_voltage_cost_raw": 0.011887731030583382,
      "daily_voltage_cost_normalized": 0.5943865776062012,
      "daily_economic_return_raw_yuan": -449006.0625,
      "daily_economic_return_normalized": -0.1424645036458969,
      "daily_economic_cost_raw_yuan": 449006.0625,
      "economic_reward_scale_yuan": 3151704.8194007874,
      "lagrange_multiplier": 0.0,
      "cost_budget": 1.0,
      "cost_budget_raw": 0.02,
      "cost_budget_normalized": 1.0,
      "algorithm_cost_mode": "separate_cost",
      "fixed_cost_penalty_coef": 0.0,
      "log_std_max": -2.3,
      "accepted": true,
      "mode": "reward",
      "reward_before": -2.422795830625546e-08,
      "reward_after": 0.06831829994916916,
      "cost_before": 0.5943875312805176,
      "cost_after": 0.7950571775436401,
      "kl_before": -2.384185791015625e-07,
      "kl_after": 0.00497474567964673,
      "cost_gap": -0.4056124687194824,
      "cost_recoverable": true,
      "cost_quadratic": 444.46612548828125,
      "reward_quadratic": 0.45090508460998535,
      "reward_cost_cross": 1.2400195598602295,
      "max_linear_cost_drop": 4.21647305452451,
      "rollout_wall_seconds": 1.8553245458751917,
      "update_wall_seconds": 1.61131102591753,
      "total_wall_seconds": 3.466637756675482
    },
    {
      "update": 925,
      "algorithm": "macpo",
      "actor_loss": -0.13613787293434143,
      "reward_critic_loss": 0.00023518204397987574,
      "cost_critic_loss": 0.05374433845281601,
      "reward_critic_loss_last": 0.0002143799065379426,
      "cost_critic_loss_last": 0.054417338222265244,
      "critic_epochs": 8,
      "daily_voltage_cost": 0.0008301602210849524,
      "daily_voltage_cost_raw": 0.0008301602210849524,
      "daily_voltage_cost_normalized": 0.041508011519908905,
      "daily_economic_return_raw_yuan": -547841.375,
      "daily_economic_return_normalized": -0.17382381856441498,
      "daily_economic_cost_raw_yuan": 547841.375,
      "economic_reward_scale_yuan": 3151704.8194007874,
      "lagrange_multiplier": 0.0,
      "cost_budget": 1.0,
      "cost_budget_raw": 0.02,
      "cost_budget_normalized": 1.0,
      "algorithm_cost_mode": "separate_cost",
      "fixed_cost_penalty_coef": 0.0,
      "log_std_max": -2.3,
      "accepted": true,
      "mode": "reward",
      "reward_before": 1.922376569041262e-08,
      "reward_after": 0.13613787293434143,
      "cost_before": 0.04150698706507683,
      "cost_after": 0.05103392153978348,
      "kl_before": -2.384185791015625e-07,
      "kl_after": 0.019924286752939224,
      "cost_gap": -0.9584930129349232,
      "cost_recoverable": true,
      "cost_quadratic": 83.92742919921875,
      "reward_quadratic": 0.4526364803314209,
      "reward_cost_cross": 0.1499572992324829,
      "max_linear_cost_drop": 1.8322382945372444,
      "rollout_wall_seconds": 1.73286572098732,
      "update_wall_seconds": 1.5600856859236956,
      "total_wall_seconds": 3.292953483760357
    },
    {
      "update": 926,
      "algorithm": "macpo",
      "actor_loss": -0.154899463057518,
      "reward_critic_loss": 0.0003393445804249495,
      "cost_critic_loss": 0.0448087714612484,
      "reward_critic_loss_last": 0.0002964706509374082,
      "cost_critic_loss_last": 0.042448900640010834,
      "critic_epochs": 8,
      "daily_voltage_cost": 0.002964974846690893,
      "daily_voltage_cost_raw": 0.002964974846690893,
      "daily_voltage_cost_normalized": 0.14824874699115753,
      "daily_economic_return_raw_yuan": -564790.25,
      "daily_economic_return_normalized": -0.17920151352882385,
      "daily_economic_cost_raw_yuan": 564790.25,
      "economic_reward_scale_yuan": 3151704.8194007874,
      "lagrange_multiplier": 0.0,
      "cost_budget": 1.0,
      "cost_budget_raw": 0.02,
      "cost_budget_normalized": 1.0,
      "algorithm_cost_mode": "separate_cost",
      "fixed_cost_penalty_coef": 0.0,
      "log_std_max": -2.3,
      "accepted": true,
      "mode": "reward",
      "reward_before": 6.626633819450944e-08,
      "reward_after": 0.154899463057518,
      "cost_before": 0.14824822545051575,
      "cost_after": 0.35416483879089355,
      "kl_before": -2.384185791015625e-07,
      "kl_after": 0.019982382655143738,
      "cost_gap": -0.8517517745494843,
      "cost_recoverable": true,
      "cost_quadratic": 105.66668701171875,
      "reward_quadratic": 0.6909691691398621,
      "reward_cost_cross": 0.8492854237556458,
      "max_linear_cost_drop": 2.0558860572679483,
      "rollout_wall_seconds": 1.8935876116156578,
      "update_wall_seconds": 1.6194082759320736,
      "total_wall_seconds": 3.512998506426811
    },
    {
      "update": 927,
      "algorithm": "macpo",
      "actor_loss": -0.13057976961135864,
      "reward_critic_loss": 0.00021555848070420325,
      "cost_critic_loss": 0.43139883875846863,
      "reward_critic_loss_last": 0.00016807256906758994,
      "cost_critic_loss_last": 0.4142090082168579,
      "critic_epochs": 8,
      "daily_voltage_cost": 0.01150181982666254,
      "daily_voltage_cost_raw": 0.01150181982666254,
      "daily_voltage_cost_normalized": 0.5750910043716431,
      "daily_economic_return_raw_yuan": -524506.9375,
      "daily_economic_return_normalized": -0.1664200723171234,
      "daily_economic_cost_raw_yuan": 524506.9375,
      "economic_reward_scale_yuan": 3151704.8194007874,
      "lagrange_multiplier": 0.0,
      "cost_budget": 1.0,
      "cost_budget_raw": 0.02,
      "cost_budget_normalized": 1.0,
      "algorithm_cost_mode": "separate_cost",
      "fixed_cost_penalty_coef": 0.0,
      "log_std_max": -2.3,
      "accepted": true,
      "mode": "reward",
      "reward_before": -8.077555690988447e-08,
      "reward_after": 0.13057976961135864,
      "cost_before": 0.5750952363014221,
      "cost_after": 0.8719083070755005,
      "kl_before": -2.384185791015625e-07,
      "kl_after": 0.019894123077392578,
      "cost_gap": -0.4249047636985779,
      "cost_recoverable": true,
      "cost_quadratic": 927.0473022460938,
      "reward_quadratic": 0.4101734161376953,
      "reward_cost_cross": 0.26962926983833313,
      "max_linear_cost_drop": 6.0894902980334695,
      "rollout_wall_seconds": 1.393869761377573,
      "update_wall_seconds": 1.517685929313302,
      "total_wall_seconds": 2.9115575589239597
    },
    {
      "update": 928,
      "algorithm": "macpo",
      "actor_loss": -0.13488277792930603,
      "reward_critic_loss": 0.000210388025152497,
      "cost_critic_loss": 0.15381848812103271,
      "reward_critic_loss_last": 0.0002059798571281135,
      "cost_critic_loss_last": 0.1535131186246872,
      "critic_epochs": 8,
      "daily_voltage_cost": 0.006899605505168438,
      "daily_voltage_cost_raw": 0.006899605505168438,
      "daily_voltage_cost_normalized": 0.34498029947280884,
      "daily_economic_return_raw_yuan": -531816.875,
      "daily_economic_return_normalized": -0.1687394380569458,
      "daily_economic_cost_raw_yuan": 531816.875,
      "economic_reward_scale_yuan": 3151704.8194007874,
      "lagrange_multiplier": 0.0,
      "cost_budget": 1.0,
      "cost_budget_raw": 0.02,
      "cost_budget_normalized": 1.0,
      "algorithm_cost_mode": "separate_cost",
      "fixed_cost_penalty_coef": 0.0,
      "log_std_max": -2.3,
      "accepted": true,
      "mode": "reward",
      "reward_before": 9.615790474981623e-08,
      "reward_after": 0.13488277792930603,
      "cost_before": 0.34498322010040283,
      "cost_after": -0.2966786026954651,
      "kl_before": -2.384185791015625e-07,
      "kl_after": 0.019890068098902702,
      "cost_gap": -0.6550167798995972,
      "cost_recoverable": true,
      "cost_quadratic": 310.30279541015625,
      "reward_quadratic": 0.4037929177284241,
      "reward_cost_cross": -1.8022348880767822,
      "max_linear_cost_drop": 3.5230827149538015,
      "rollout_wall_seconds": 1.2442857474088669,
      "update_wall_seconds": 1.445784917101264,
      "total_wall_seconds": 2.6900725699961185
    },
    {
      "update": 929,
      "algorithm": "macpo",
      "actor_loss": -0.17386099696159363,
      "reward_critic_loss": 0.00039400262176059186,
      "cost_critic_loss": 0.6565072536468506,
      "reward_critic_loss_last": 0.0003482429019641131,
      "cost_critic_loss_last": 0.6418789625167847,
      "critic_epochs": 8,
      "daily_voltage_cost": 0.015734119340777397,
      "daily_voltage_cost_raw": 0.015734119340777397,
      "daily_voltage_cost_normalized": 0.7867060899734497,
      "daily_economic_return_raw_yuan": -495039.625,
      "daily_economic_return_normalized": -0.15707042813301086,
      "daily_economic_cost_raw_yuan": 495039.625,
      "economic_reward_scale_yuan": 3151704.8194007874,
      "lagrange_multiplier": 0.0,
      "cost_budget": 1.0,
      "cost_budget_raw": 0.02,
      "cost_budget_normalized": 1.0,
      "algorithm_cost_mode": "separate_cost",
      "fixed_cost_penalty_coef": 0.0,
      "log_std_max": -2.3,
      "accepted": true,
      "mode": "constrained_reward",
      "reward_before": 1.4871272924210643e-07,
      "reward_after": 0.17386099696159363,
      "cost_before": 0.7867143750190735,
      "cost_after": 0.8404662013053894,
      "kl_before": -2.384185791015625e-07,
      "kl_after": 0.01988079771399498,
      "cost_gap": -0.2132856249809265,
      "cost_recoverable": true,
      "cost_quadratic": 1265.56103515625,
      "reward_quadratic": 0.8425060510635376,
      "reward_cost_cross": 2.290156126022339,
      "max_linear_cost_drop": 7.114944933465754,
      "rollout_wall_seconds": 1.4333923440426588,
      "update_wall_seconds": 1.505573583766818,
      "total_wall_seconds": 2.9389675240963697
    },
    {
      "update": 930,
      "algorithm": "macpo",
      "actor_loss": -0.07156605273485184,
      "reward_critic_loss": 0.00025153980823233724,
      "cost_critic_loss": 0.19163280725479126,
      "reward_critic_loss_last": 0.000229818862862885,
      "cost_critic_loss_last": 0.19304749369621277,
      "critic_epochs": 8,
      "daily_voltage_cost": 0.007776163052767515,
      "daily_voltage_cost_raw": 0.007776163052767515,
      "daily_voltage_cost_normalized": 0.38880816102027893,
      "daily_economic_return_raw_yuan": -539659.5,
      "daily_economic_return_normalized": -0.1712278127670288,
      "daily_economic_cost_raw_yuan": 539659.5,
      "economic_reward_scale_yuan": 3151704.8194007874,
      "lagrange_multiplier": 0.0,
      "cost_budget": 1.0,
      "cost_budget_raw": 0.02,
      "cost_budget_normalized": 1.0,
      "algorithm_cost_mode": "separate_cost",
      "fixed_cost_penalty_coef": 0.0,
      "log_std_max": -2.3,
      "accepted": true,
      "mode": "constrained_reward",
      "reward_before": -4.021440602741677e-08,
      "reward_after": 0.07156605273485184,
      "cost_before": 0.3888128101825714,
      "cost_after": 0.7180317640304565,
      "kl_before": -2.384185791015625e-07,
      "kl_after": 0.004976695403456688,
      "cost_gap": -0.6111871898174286,
      "cost_recoverable": true,
      "cost_quadratic": 331.90240478515625,
      "reward_quadratic": 0.5081691145896912,
      "reward_cost_cross": 3.1236143112182617,
      "max_linear_cost_drop": 3.643637768961982,
      "rollout_wall_seconds": 1.232807707041502,
      "update_wall_seconds": 1.6007476225495338,
      "total_wall_seconds": 2.833557179197669
    },
    {
      "update": 931,
      "algorithm": "macpo",
      "actor_loss": -0.14406929910182953,
      "reward_critic_loss": 0.00024003523867577314,
      "cost_critic_loss": 0.18142788112163544,
      "reward_critic_loss_last": 0.000232977035921067,
      "cost_critic_loss_last": 0.16903850436210632,
      "critic_epochs": 8,
      "daily_voltage_cost": 0.005596398375928402,
      "daily_voltage_cost_raw": 0.005596398375928402,
      "daily_voltage_cost_normalized": 0.27981990575790405,
      "daily_economic_return_raw_yuan": -502943.9375,
      "daily_economic_return_normalized": -0.1595783829689026,
      "daily_economic_cost_raw_yuan": 502943.9375,
      "economic_reward_scale_yuan": 3151704.8194007874,
      "lagrange_multiplier": 0.0,
      "cost_budget": 1.0,
      "cost_budget_raw": 0.02,
      "cost_budget_normalized": 1.0,
      "algorithm_cost_mode": "separate_cost",
      "fixed_cost_penalty_coef": 0.0,
      "log_std_max": -2.3,
      "accepted": true,
      "mode": "reward",
      "reward_before": -4.256983388017943e-08,
      "reward_after": 0.14406929910182953,
      "cost_before": 0.2798174321651459,
      "cost_after": -0.32528698444366455,
      "kl_before": -2.384185791015625e-07,
      "kl_after": 0.019871197640895844,
      "cost_gap": -0.7201825678348541,
      "cost_recoverable": true,
      "cost_quadratic": 365.42926025390625,
      "reward_quadratic": 0.5409007668495178,
      "reward_cost_cross": -2.2381484508514404,
      "max_linear_cost_drop": 3.8232408255505237,
      "rollout_wall_seconds": 1.4378174897283316,
      "update_wall_seconds": 1.5264028571546078,
      "total_wall_seconds": 2.964222252368927
    },
    {
      "update": 932,
      "algorithm": "macpo",
      "actor_loss": -0.10862673819065094,
      "reward_critic_loss": 0.00018018897389993072,
      "cost_critic_loss": 0.16711996495723724,
      "reward_critic_loss_last": 0.00014754933363292366,
      "cost_critic_loss_last": 0.1659277081489563,
      "critic_epochs": 8,
      "daily_voltage_cost": 0.00905920285731554,
      "daily_voltage_cost_raw": 0.00905920285731554,
      "daily_voltage_cost_normalized": 0.45296016335487366,
      "daily_economic_return_raw_yuan": -531234.75,
      "daily_economic_return_normalized": -0.16855472326278687,
      "daily_economic_cost_raw_yuan": 531234.75,
      "economic_reward_scale_yuan": 3151704.8194007874,
      "lagrange_multiplier": 0.0,
      "cost_budget": 1.0,
      "cost_budget_raw": 0.02,
      "cost_budget_normalized": 1.0,
      "algorithm_cost_mode": "separate_cost",
      "fixed_cost_penalty_coef": 0.0,
      "log_std_max": -2.3,
      "accepted": true,
      "mode": "reward",
      "reward_before": 1.0361267399616736e-08,
      "reward_after": 0.10862673819065094,
      "cost_before": 0.4529622197151184,
      "cost_after": 0.8177335262298584,
      "kl_before": -2.384185791015625e-07,
      "kl_after": 0.0198993943631649,
      "cost_gap": -0.5470377802848816,
      "cost_recoverable": true,
      "cost_quadratic": 285.14227294921875,
      "reward_quadratic": 0.32682663202285767,
      "reward_cost_cross": 1.1566368341445923,
      "max_linear_cost_drop": 3.377231250294944,
      "rollout_wall_seconds": 1.7907127141952515,
      "update_wall_seconds": 1.576107019558549,
      "total_wall_seconds": 3.366821728646755
    },
    {
      "update": 933,
      "algorithm": "macpo",
      "actor_loss": -0.015398260205984116,
      "reward_critic_loss": 0.0002167367929359898,
      "cost_critic_loss": 0.75482177734375,
      "reward_critic_loss_last": 0.00019389901717659086,
      "cost_critic_loss_last": 0.7282330989837646,
      "critic_epochs": 8,
      "daily_voltage_cost": 0.02243400365114212,
      "daily_voltage_cost_raw": 0.02243400365114212,
      "daily_voltage_cost_normalized": 1.1217000484466553,
      "daily_economic_return_raw_yuan": -526705.25,
      "daily_economic_return_normalized": -0.16711758077144623,
      "daily_economic_cost_raw_yuan": 526705.25,
      "economic_reward_scale_yuan": 3151704.8194007874,
      "lagrange_multiplier": 0.0,
      "cost_budget": 1.0,
      "cost_budget_raw": 0.02,
      "cost_budget_normalized": 1.0,
      "algorithm_cost_mode": "separate_cost",
      "fixed_cost_penalty_coef": 0.0,
      "log_std_max": -2.3,
      "accepted": true,
      "mode": "cost_recovery",
      "reward_before": 6.517286976759351e-08,
      "reward_after": 0.015398260205984116,
      "cost_before": 1.1217045783996582,
      "cost_after": -6.459749221801758,
      "kl_before": -2.384185791015625e-07,
      "kl_after": 0.019984615966677666,
      "cost_gap": 0.1217045783996582,
      "cost_recoverable": true,
      "cost_quadratic": 1423.26904296875,
      "reward_quadratic": 0.43687984347343445,
      "reward_cost_cross": -2.0067379474639893,
      "max_linear_cost_drop": 7.545247624746984,
      "rollout_wall_seconds": 1.6809560265392065,
      "update_wall_seconds": 1.4113540966063738,
      "total_wall_seconds": 3.0923119261860847
    },
    {
      "update": 934,
      "algorithm": "macpo",
      "actor_loss": -0.13804137706756592,
      "reward_critic_loss": 0.0002405404084129259,
      "cost_critic_loss": 1.2232102155685425,
      "reward_critic_loss_last": 0.00024026822939049453,
      "cost_critic_loss_last": 1.181300163269043,
      "critic_epochs": 8,
      "daily_voltage_cost": 0.01490689441561699,
      "daily_voltage_cost_raw": 0.01490689441561699,
      "daily_voltage_cost_normalized": 0.7453446388244629,
      "daily_economic_return_raw_yuan": -483124.46875,
      "daily_economic_return_normalized": -0.15328988432884216,
      "daily_economic_cost_raw_yuan": 483124.46875,
      "economic_reward_scale_yuan": 3151704.8194007874,
      "lagrange_multiplier": 0.0,
      "cost_budget": 1.0,
      "cost_budget_raw": 0.02,
      "cost_budget_normalized": 1.0,
      "algorithm_cost_mode": "separate_cost",
      "fixed_cost_penalty_coef": 0.0,
      "log_std_max": -2.3,
      "accepted": true,
      "mode": "constrained_reward",
      "reward_before": 2.1446524556267832e-07,
      "reward_after": 0.13804137706756592,
      "cost_before": 0.7453517317771912,
      "cost_after": 0.9275449514389038,
      "kl_before": -2.384185791015625e-07,
      "kl_after": 0.019156597554683685,
      "cost_gap": -0.25464826822280884,
      "cost_recoverable": true,
      "cost_quadratic": 2014.63134765625,
      "reward_quadratic": 0.5015840530395508,
      "reward_cost_cross": 8.885992050170898,
      "max_linear_cost_drop": 8.976928979681748,
      "rollout_wall_seconds": 1.6970660537481308,
      "update_wall_seconds": 1.5267125498503447,
      "total_wall_seconds": 3.2237803358584642
    },
    {
      "update": 935,
      "algorithm": "macpo",
      "actor_loss": -0.13542816042900085,
      "reward_critic_loss": 0.0002691598783712834,
      "cost_critic_loss": 0.16359847784042358,
      "reward_critic_loss_last": 0.0002183849283028394,
      "cost_critic_loss_last": 0.15046502649784088,
      "critic_epochs": 8,
      "daily_voltage_cost": 0.0039268056862056255,
      "daily_voltage_cost_raw": 0.0039268056862056255,
      "daily_voltage_cost_normalized": 0.19634027779102325,
      "daily_economic_return_raw_yuan": -499268.25,
      "daily_economic_return_normalized": -0.1584121286869049,
      "daily_economic_cost_raw_yuan": 499268.25,
      "economic_reward_scale_yuan": 3151704.8194007874,
      "lagrange_multiplier": 0.0,
      "cost_budget": 1.0,
      "cost_budget_raw": 0.02,
      "cost_budget_normalized": 1.0,
      "algorithm_cost_mode": "separate_cost",
      "fixed_cost_penalty_coef": 0.0,
      "log_std_max": -2.3,
      "accepted": true,
      "mode": "reward",
      "reward_before": 1.3293562517446844e-07,
      "reward_after": 0.13542816042900085,
      "cost_before": 0.19634059071540833,
      "cost_after": 0.7539247870445251,
      "kl_before": -2.384185791015625e-07,
      "kl_after": 0.019882723689079285,
      "cost_gap": -0.8036594092845917,
      "cost_recoverable": true,
      "cost_quadratic": 286.88671875,
      "reward_quadratic": 0.49365630745887756,
      "reward_cost_cross": 2.253660202026367,
      "max_linear_cost_drop": 3.3875461251472285,
      "rollout_wall_seconds": 1.6941082831472158,
      "update_wall_seconds": 1.4324457179754972,
      "total_wall_seconds": 3.1265558656305075
    },
    {
      "update": 936,
      "algorithm": "macpo",
      "actor_loss": -0.14435610175132751,
      "reward_critic_loss": 0.0002578819985501468,
      "cost_critic_loss": 0.13638627529144287,
      "reward_critic_loss_last": 0.00019447505474090576,
      "cost_critic_loss_last": 0.11616647243499756,
      "critic_epochs": 8,
      "daily_voltage_cost": 0.005376497283577919,
      "daily_voltage_cost_raw": 0.005376497283577919,
      "daily_voltage_cost_normalized": 0.26882487535476685,
      "daily_economic_return_raw_yuan": -464781.8125,
      "daily_economic_return_normalized": -0.14746996760368347,
      "daily_economic_cost_raw_yuan": 464781.8125,
      "economic_reward_scale_yuan": 3151704.8194007874,
      "lagrange_multiplier": 0.0,
      "cost_budget": 1.0,
      "cost_budget_raw": 0.02,
      "cost_budget_normalized": 1.0,
      "algorithm_cost_mode": "separate_cost",
      "fixed_cost_penalty_coef": 0.0,
      "log_std_max": -2.3,
      "accepted": true,
      "mode": "reward",
      "reward_before": 1.331979007090922e-07,
      "reward_after": 0.14435610175132751,
      "cost_before": 0.26882898807525635,
      "cost_after": -0.4974270462989807,
      "kl_before": -2.384185791015625e-07,
      "kl_after": 0.019967645406723022,
      "cost_gap": -0.7311710119247437,
      "cost_recoverable": true,
      "cost_quadratic": 293.25262451171875,
      "reward_quadratic": 0.4911767840385437,
      "reward_cost_cross": -2.0728423595428467,
      "max_linear_cost_drop": 3.4249240838986124,
      "rollout_wall_seconds": 1.7212401442229748,
      "update_wall_seconds": 1.2969778161495924,
      "total_wall_seconds": 3.0182202141731977
    },
    {
      "update": 937,
      "algorithm": "macpo",
      "actor_loss": -0.13933581113815308,
      "reward_critic_loss": 0.0002474009233992547,
      "cost_critic_loss": 0.06557062268257141,
      "reward_critic_loss_last": 0.00021759475930593908,
      "cost_critic_loss_last": 0.05542699620127678,
      "critic_epochs": 8,
      "daily_voltage_cost": 0.0019361732993274927,
      "daily_voltage_cost_raw": 0.0019361732993274927,
      "daily_voltage_cost_normalized": 0.09680867195129395,
      "daily_economic_return_raw_yuan": -550831.3125,
      "daily_economic_return_normalized": -0.1747725009918213,
      "daily_economic_cost_raw_yuan": 550831.3125,
      "economic_reward_scale_yuan": 3151704.8194007874,
      "lagrange_multiplier": 0.0,
      "cost_budget": 1.0,
      "cost_budget_raw": 0.02,
      "cost_budget_normalized": 1.0,
      "algorithm_cost_mode": "separate_cost",
      "fixed_cost_penalty_coef": 0.0,
      "log_std_max": -2.3,
      "accepted": true,
      "mode": "reward",
      "reward_before": -3.333947162786899e-08,
      "reward_after": 0.13933581113815308,
      "cost_before": 0.09681091457605362,
      "cost_after": 0.49300429224967957,
      "kl_before": -2.384185791015625e-07,
      "kl_after": 0.019926510751247406,
      "cost_gap": -0.9031890854239464,
      "cost_recoverable": true,
      "cost_quadratic": 144.68911743164062,
      "reward_quadratic": 0.5240891575813293,
      "reward_cost_cross": 1.47059166431427,
      "max_linear_cost_drop": 2.405735791242593,
      "rollout_wall_seconds": 1.5082164406776428,
      "update_wall_seconds": 1.4552093427628279,
      "total_wall_seconds": 2.9634275287389755
    },
    {
      "update": 938,
      "algorithm": "macpo",
      "actor_loss": -0.13770166039466858,
      "reward_critic_loss": 0.00023884074471425265,
      "cost_critic_loss": 0.17928552627563477,
      "reward_critic_loss_last": 0.0002120883873431012,
      "cost_critic_loss_last": 0.15024375915527344,
      "critic_epochs": 8,
      "daily_voltage_cost": 0.009170301258563995,
      "daily_voltage_cost_raw": 0.009170301258563995,
      "daily_voltage_cost_normalized": 0.4585150480270386,
      "daily_economic_return_raw_yuan": -583642.3125,
      "daily_economic_return_normalized": -0.18518304824829102,
      "daily_economic_cost_raw_yuan": 583642.3125,
      "economic_reward_scale_yuan": 3151704.8194007874,
      "lagrange_multiplier": 0.0,
      "cost_budget": 1.0,
      "cost_budget_raw": 0.02,
      "cost_budget_normalized": 1.0,
      "algorithm_cost_mode": "separate_cost",
      "fixed_cost_penalty_coef": 0.0,
      "log_std_max": -2.3,
      "accepted": true,
      "mode": "reward",
      "reward_before": -1.0300343689095826e-07,
      "reward_after": 0.13770166039466858,
      "cost_before": 0.4585151672363281,
      "cost_after": 0.6997742056846619,
      "kl_before": -2.384185791015625e-07,
      "kl_after": 0.01999710127711296,
      "cost_gap": -0.5414848327636719,
      "cost_recoverable": true,
      "cost_quadratic": 339.332763671875,
      "reward_quadratic": 0.5366544723510742,
      "reward_cost_cross": 0.8804793357849121,
      "max_linear_cost_drop": 3.6841974087818636,
      "rollout_wall_seconds": 1.675890875980258,
      "update_wall_seconds": 1.468426888808608,
      "total_wall_seconds": 3.144319536164403
    },
    {
      "update": 939,
      "algorithm": "macpo",
      "actor_loss": -0.15268702805042267,
      "reward_critic_loss": 0.00031860126182436943,
      "cost_critic_loss": 0.11988547444343567,
      "reward_critic_loss_last": 0.0002848846488632262,
      "cost_critic_loss_last": 0.12137186527252197,
      "critic_epochs": 8,
      "daily_voltage_cost": 0.0031091542914509773,
      "daily_voltage_cost_raw": 0.0031091542914509773,
      "daily_voltage_cost_normalized": 0.15545772016048431,
      "daily_economic_return_raw_yuan": -499933.875,
      "daily_economic_return_normalized": -0.1586233228445053,
      "daily_economic_cost_raw_yuan": 499933.875,
      "economic_reward_scale_yuan": 3151704.8194007874,
      "lagrange_multiplier": 0.0,
      "cost_budget": 1.0,
      "cost_budget_raw": 0.02,
      "cost_budget_normalized": 1.0,
      "algorithm_cost_mode": "separate_cost",
      "fixed_cost_penalty_coef": 0.0,
      "log_std_max": -2.3,
      "accepted": true,
      "mode": "reward",
      "reward_before": 2.159411849333992e-08,
      "reward_after": 0.15268702805042267,
      "cost_before": 0.1554579883813858,
      "cost_after": -0.27664023637771606,
      "kl_before": -2.384185791015625e-07,
      "kl_after": 0.01996200531721115,
      "cost_gap": -0.8445420116186142,
      "cost_recoverable": true,
      "cost_quadratic": 281.66656494140625,
      "reward_quadratic": 0.6319451332092285,
      "reward_cost_cross": -1.2116098403930664,
      "max_linear_cost_drop": 3.3565849605895948,
      "rollout_wall_seconds": 1.6320591364055872,
      "update_wall_seconds": 1.690468879416585,
      "total_wall_seconds": 3.322530245408416
    },
    {
      "update": 940,
      "algorithm": "macpo",
      "actor_loss": -0.11344700306653976,
      "reward_critic_loss": 0.0001592400367371738,
      "cost_critic_loss": 0.929182231426239,
      "reward_critic_loss_last": 0.0001423067005816847,
      "cost_critic_loss_last": 0.9197086691856384,
      "critic_epochs": 8,
      "daily_voltage_cost": 0.016281018033623695,
      "daily_voltage_cost_raw": 0.016281018033623695,
      "daily_voltage_cost_normalized": 0.8140509128570557,
      "daily_economic_return_raw_yuan": -486952.875,
      "daily_economic_return_normalized": -0.15450459718704224,
      "daily_economic_cost_raw_yuan": 486952.875,
      "economic_reward_scale_yuan": 3151704.8194007874,
      "lagrange_multiplier": 0.0,
      "cost_budget": 1.0,
      "cost_budget_raw": 0.02,
      "cost_budget_normalized": 1.0,
      "algorithm_cost_mode": "separate_cost",
      "fixed_cost_penalty_coef": 0.0,
      "log_std_max": -2.3,
      "accepted": true,
      "mode": "reward",
      "reward_before": -1.3096155271341559e-07,
      "reward_after": 0.11344700306653976,
      "cost_before": 0.8140567541122437,
      "cost_after": -0.18960309028625488,
      "kl_before": -2.384185791015625e-07,
      "kl_after": 0.019945316016674042,
      "cost_gap": -0.18594324588775635,
      "cost_recoverable": true,
      "cost_quadratic": 2699.3486328125,
      "reward_quadratic": 0.3166365325450897,
      "reward_cost_cross": -2.7740678787231445,
      "max_linear_cost_drop": 10.391051213063095,
      "rollout_wall_seconds": 1.7339048068970442,
      "update_wall_seconds": 1.5762979872524738,
      "total_wall_seconds": 3.3102049194276333
    },
    {
      "update": 941,
      "algorithm": "macpo",
      "actor_loss": -0.1243053749203682,
      "reward_critic_loss": 0.0002100415586028248,
      "cost_critic_loss": 0.03666871786117554,
      "reward_critic_loss_last": 0.00021268881391733885,
      "cost_critic_loss_last": 0.03917564079165459,
      "critic_epochs": 8,
      "daily_voltage_cost": 0.0015513014513999224,
      "daily_voltage_cost_raw": 0.0015513014513999224,
      "daily_voltage_cost_normalized": 0.07756506651639938,
      "daily_economic_return_raw_yuan": -554664.125,
      "daily_economic_return_normalized": -0.1759885996580124,
      "daily_economic_cost_raw_yuan": 554664.125,
      "economic_reward_scale_yuan": 3151704.8194007874,
      "lagrange_multiplier": 0.0,
      "cost_budget": 1.0,
      "cost_budget_raw": 0.02,
      "cost_budget_normalized": 1.0,
      "algorithm_cost_mode": "separate_cost",
      "fixed_cost_penalty_coef": 0.0,
      "log_std_max": -2.3,
      "accepted": true,
      "mode": "reward",
      "reward_before": -1.2103083690817584e-07,
      "reward_after": 0.1243053749203682,
      "cost_before": 0.0775657519698143,
      "cost_after": -0.06716542690992355,
      "kl_before": -2.384185791015625e-07,
      "kl_after": 0.01999513804912567,
      "cost_gap": -0.9224342480301857,
      "cost_recoverable": true,
      "cost_quadratic": 74.46607971191406,
      "reward_quadratic": 0.40640243887901306,
      "reward_cost_cross": -0.33513343334198,
      "max_linear_cost_drop": 1.7258746155142797,
      "rollout_wall_seconds": 1.6082560382783413,
      "update_wall_seconds": 1.7319100368767977,
      "total_wall_seconds": 3.3401684295386076
    },
    {
      "update": 942,
      "algorithm": "macpo",
      "actor_loss": -0.16094174981117249,
      "reward_critic_loss": 0.000278888619504869,
      "cost_critic_loss": 0.25311756134033203,
      "reward_critic_loss_last": 0.0002480521216057241,
      "cost_critic_loss_last": 0.22356556355953217,
      "critic_epochs": 8,
      "daily_voltage_cost": 0.011501595377922058,
      "daily_voltage_cost_raw": 0.011501595377922058,
      "daily_voltage_cost_normalized": 0.5750797986984253,
      "daily_economic_return_raw_yuan": -552085.9375,
      "daily_economic_return_normalized": -0.17517057061195374,
      "daily_economic_cost_raw_yuan": 552085.9375,
      "economic_reward_scale_yuan": 3151704.8194007874,
      "lagrange_multiplier": 0.0,
      "cost_budget": 1.0,
      "cost_budget_raw": 0.02,
      "cost_budget_normalized": 1.0,
      "algorithm_cost_mode": "separate_cost",
      "fixed_cost_penalty_coef": 0.0,
      "log_std_max": -2.3,
      "accepted": true,
      "mode": "reward",
      "reward_before": 6.584226497352574e-10,
      "reward_after": 0.16094174981117249,
      "cost_before": 0.5750792026519775,
      "cost_after": 0.4993561804294586,
      "kl_before": -2.384185791015625e-07,
      "kl_after": 0.019985949620604515,
      "cost_gap": -0.42492079734802246,
      "cost_recoverable": true,
      "cost_quadratic": 502.86871337890625,
      "reward_quadratic": 0.594393789768219,
      "reward_cost_cross": 0.3084619641304016,
      "max_linear_cost_drop": 4.484946882088599,
      "rollout_wall_seconds": 1.5769818555563688,
      "update_wall_seconds": 1.5604323670268059,
      "total_wall_seconds": 3.13741641305387
    },
    {
      "update": 943,
      "algorithm": "macpo",
      "actor_loss": -0.1501854658126831,
      "reward_critic_loss": 0.00023091268667485565,
      "cost_critic_loss": 0.7839868068695068,
      "reward_critic_loss_last": 0.00022530535352416337,
      "cost_critic_loss_last": 0.5662918090820312,
      "critic_epochs": 8,
      "daily_voltage_cost": 0.010161509737372398,
      "daily_voltage_cost_raw": 0.010161509737372398,
      "daily_voltage_cost_normalized": 0.5080755352973938,
      "daily_economic_return_raw_yuan": -465173.46875,
      "daily_economic_return_normalized": -0.14759424328804016,
      "daily_economic_cost_raw_yuan": 465173.46875,
      "economic_reward_scale_yuan": 3151704.8194007874,
      "lagrange_multiplier": 0.0,
      "cost_budget": 1.0,
      "cost_budget_raw": 0.02,
      "cost_budget_normalized": 1.0,
      "algorithm_cost_mode": "separate_cost",
      "fixed_cost_penalty_coef": 0.0,
      "log_std_max": -2.3,
      "accepted": true,
      "mode": "constrained_reward",
      "reward_before": 7.647926736353838e-10,
      "reward_after": 0.1501854658126831,
      "cost_before": 0.5080682039260864,
      "cost_after": 0.481148362159729,
      "kl_before": -2.384185791015625e-07,
      "kl_after": 0.019893473014235497,
      "cost_gap": -0.4919317960739136,
      "cost_recoverable": true,
      "cost_quadratic": 1723.20849609375,
      "reward_quadratic": 0.5725708603858948,
      "reward_cost_cross": 3.3186373710632324,
      "max_linear_cost_drop": 8.302309307882355,
      "rollout_wall_seconds": 1.3946606330573559,
      "update_wall_seconds": 1.5108077488839626,
      "total_wall_seconds": 2.9054703805595636
    },
    {
      "update": 944,
      "algorithm": "macpo",
      "actor_loss": -0.13468652963638306,
      "reward_critic_loss": 0.00020437067723833025,
      "cost_critic_loss": 0.03694125637412071,
      "reward_critic_loss_last": 0.00018292167806066573,
      "cost_critic_loss_last": 0.04260848090052605,
      "critic_epochs": 8,
      "daily_voltage_cost": 0.0001436344173271209,
      "daily_voltage_cost_raw": 0.0001436344173271209,
      "daily_voltage_cost_normalized": 0.007181721273809671,
      "daily_economic_return_raw_yuan": -352138.25,
      "daily_economic_return_normalized": -0.1117294505238533,
      "daily_economic_cost_raw_yuan": 352138.25,
      "economic_reward_scale_yuan": 3151704.8194007874,
      "lagrange_multiplier": 0.0,
      "cost_budget": 1.0,
      "cost_budget_raw": 0.02,
      "cost_budget_normalized": 1.0,
      "algorithm_cost_mode": "separate_cost",
      "fixed_cost_penalty_coef": 0.0,
      "log_std_max": -2.3,
      "accepted": true,
      "mode": "reward",
      "reward_before": -3.833199002656329e-08,
      "reward_after": 0.13468652963638306,
      "cost_before": 0.0071806455962359905,
      "cost_after": -0.5397073030471802,
      "kl_before": -2.384185791015625e-07,
      "kl_after": 0.019974814727902412,
      "cost_gap": -0.992819354403764,
      "cost_recoverable": true,
      "cost_quadratic": 62.736324310302734,
      "reward_quadratic": 0.3931676745414734,
      "reward_cost_cross": -1.2894413471221924,
      "max_linear_cost_drop": 1.5841253019922727,
      "rollout_wall_seconds": 1.6673981454223394,
      "update_wall_seconds": 1.390214029699564,
      "total_wall_seconds": 3.057614106684923
    },
    {
      "update": 945,
      "algorithm": "macpo",
      "actor_loss": -0.17507633566856384,
      "reward_critic_loss": 0.0003092983679380268,
      "cost_critic_loss": 0.05868125706911087,
      "reward_critic_loss_last": 0.0003040730662178248,
      "cost_critic_loss_last": 0.05308987945318222,
      "critic_epochs": 8,
      "daily_voltage_cost": 0.0014743565116077662,
      "daily_voltage_cost_raw": 0.0014743565116077662,
      "daily_voltage_cost_normalized": 0.07371781766414642,
      "daily_economic_return_raw_yuan": -435238.875,
      "daily_economic_return_normalized": -0.13809633255004883,
      "daily_economic_cost_raw_yuan": 435238.875,
      "economic_reward_scale_yuan": 3151704.8194007874,
      "lagrange_multiplier": 0.0,
      "cost_budget": 1.0,
      "cost_budget_raw": 0.02,
      "cost_budget_normalized": 1.0,
      "algorithm_cost_mode": "separate_cost",
      "fixed_cost_penalty_coef": 0.0,
      "log_std_max": -2.3,
      "accepted": true,
      "mode": "reward",
      "reward_before": 9.532337230666599e-08,
      "reward_after": 0.17507633566856384,
      "cost_before": 0.07372055947780609,
      "cost_after": -0.32600921392440796,
      "kl_before": -2.384185791015625e-07,
      "kl_after": 0.019951604306697845,
      "cost_gap": -0.9262794405221939,
      "cost_recoverable": true,
      "cost_quadratic": 114.03958892822266,
      "reward_quadratic": 0.7262113690376282,
      "reward_cost_cross": -1.0362286567687988,
      "max_linear_cost_drop": 2.135786402505856,
      "rollout_wall_seconds": 1.5249473862349987,
      "update_wall_seconds": 1.724147506058216,
      "total_wall_seconds": 3.2490967828780413
    },
    {
      "update": 946,
      "algorithm": "macpo",
      "actor_loss": -0.1462537944316864,
      "reward_critic_loss": 0.0002954630763269961,
      "cost_critic_loss": 0.5348867774009705,
      "reward_critic_loss_last": 0.00024383972049690783,
      "cost_critic_loss_last": 0.5363319516181946,
      "critic_epochs": 8,
      "daily_voltage_cost": 0.012981696054339409,
      "daily_voltage_cost_raw": 0.012981696054339409,
      "daily_voltage_cost_normalized": 0.6490848660469055,
      "daily_economic_return_raw_yuan": -501059.375,
      "daily_economic_return_normalized": -0.15898042917251587,
      "daily_economic_cost_raw_yuan": 501059.375,
      "economic_reward_scale_yuan": 3151704.8194007874,
      "lagrange_multiplier": 0.0,
      "cost_budget": 1.0,
      "cost_budget_raw": 0.02,
      "cost_budget_normalized": 1.0,
      "algorithm_cost_mode": "separate_cost",
      "fixed_cost_penalty_coef": 0.0,
      "log_std_max": -2.3,
      "accepted": true,
      "mode": "reward",
      "reward_before": 4.310449952527051e-08,
      "reward_after": 0.1462537944316864,
      "cost_before": 0.6490820646286011,
      "cost_after": -0.022299230098724365,
      "kl_before": -2.384185791015625e-07,
      "kl_after": 0.019965261220932007,
      "cost_gap": -0.3509179353713989,
      "cost_recoverable": true,
      "cost_quadratic": 1003.232177734375,
      "reward_quadratic": 0.6346401572227478,
      "reward_cost_cross": -3.354401111602783,
      "max_linear_cost_drop": 6.334768118043074,
      "rollout_wall_seconds": 1.4052306450903416,
      "update_wall_seconds": 1.6608529221266508,
      "total_wall_seconds": 3.0660862661898136
    },
    {
      "update": 947,
      "algorithm": "macpo",
      "actor_loss": -0.14194974303245544,
      "reward_critic_loss": 0.0002402755053481087,
      "cost_critic_loss": 0.5896615386009216,
      "reward_critic_loss_last": 0.0002314909070264548,
      "cost_critic_loss_last": 0.5430368781089783,
      "critic_epochs": 8,
      "daily_voltage_cost": 0.01413131132721901,
      "daily_voltage_cost_raw": 0.01413131132721901,
      "daily_voltage_cost_normalized": 0.7065654993057251,
      "daily_economic_return_raw_yuan": -487949.21875,
      "daily_economic_return_normalized": -0.15482072532176971,
      "daily_economic_cost_raw_yuan": 487949.21875,
      "economic_reward_scale_yuan": 3151704.8194007874,
      "lagrange_multiplier": 0.0,
      "cost_budget": 1.0,
      "cost_budget_raw": 0.02,
      "cost_budget_normalized": 1.0,
      "algorithm_cost_mode": "separate_cost",
      "fixed_cost_penalty_coef": 0.0,
      "log_std_max": -2.3,
      "accepted": true,
      "mode": "reward",
      "reward_before": -1.0531427108162461e-07,
      "reward_after": 0.14194974303245544,
      "cost_before": 0.7065759897232056,
      "cost_after": -1.2190463542938232,
      "kl_before": -2.384185791015625e-07,
      "kl_after": 0.019953973591327667,
      "cost_gap": -0.29342401027679443,
      "cost_recoverable": true,
      "cost_quadratic": 1112.26513671875,
      "reward_quadratic": 0.5072492361068726,
      "reward_cost_cross": -7.864343166351318,
      "max_linear_cost_drop": 6.6701278450079196,
      "rollout_wall_seconds": 1.5731794834136963,
      "update_wall_seconds": 1.5570812486112118,
      "total_wall_seconds": 3.1302629429847
    },
    {
      "update": 948,
      "algorithm": "macpo",
      "actor_loss": -0.0694594606757164,
      "reward_critic_loss": 0.00026509500457905233,
      "cost_critic_loss": 0.6694793105125427,
      "reward_critic_loss_last": 0.00026317808078601956,
      "cost_critic_loss_last": 0.6739970445632935,
      "critic_epochs": 8,
      "daily_voltage_cost": 0.012762526050209999,
      "daily_voltage_cost_raw": 0.012762526050209999,
      "daily_voltage_cost_normalized": 0.6381261944770813,
      "daily_economic_return_raw_yuan": -563379.75,
      "daily_economic_return_normalized": -0.17875397205352783,
      "daily_economic_cost_raw_yuan": 563379.75,
      "economic_reward_scale_yuan": 3151704.8194007874,
      "lagrange_multiplier": 0.0,
      "cost_budget": 1.0,
      "cost_budget_raw": 0.02,
      "cost_budget_normalized": 1.0,
      "algorithm_cost_mode": "separate_cost",
      "fixed_cost_penalty_coef": 0.0,
      "log_std_max": -2.3,
      "accepted": true,
      "mode": "constrained_reward",
      "reward_before": 1.7149238829006208e-07,
      "reward_after": 0.0694594606757164,
      "cost_before": 0.6381247639656067,
      "cost_after": 0.8897601366043091,
      "kl_before": -2.384185791015625e-07,
      "kl_after": 0.0048536937683820724,
      "cost_gap": -0.3618752360343933,
      "cost_recoverable": true,
      "cost_quadratic": 1611.504638671875,
      "reward_quadratic": 0.526358962059021,
      "reward_cost_cross": 10.7413911819458,
      "max_linear_cost_drop": 8.028710079886743,
      "rollout_wall_seconds": 1.8236069660633802,
      "update_wall_seconds": 1.7123951315879822,
      "total_wall_seconds": 3.536004025489092
    },
    {
      "update": 949,
      "algorithm": "macpo",
      "actor_loss": 0.009764911606907845,
      "reward_critic_loss": 0.0003334388602524996,
      "cost_critic_loss": 3.876676082611084,
      "reward_critic_loss_last": 0.00024855020456016064,
      "cost_critic_loss_last": 3.851102352142334,
      "critic_epochs": 8,
      "daily_voltage_cost": 0.03173192963004112,
      "daily_voltage_cost_raw": 0.03173192963004112,
      "daily_voltage_cost_normalized": 1.5865964889526367,
      "daily_economic_return_raw_yuan": -472457.03125,
      "daily_economic_return_normalized": -0.1499052345752716,
      "daily_economic_cost_raw_yuan": 472457.03125,
      "economic_reward_scale_yuan": 3151704.8194007874,
      "lagrange_multiplier": 0.0,
      "cost_budget": 1.0,
      "cost_budget_raw": 0.02,
      "cost_budget_normalized": 1.0,
      "algorithm_cost_mode": "separate_cost",
      "fixed_cost_penalty_coef": 0.0,
      "log_std_max": -2.3,
      "accepted": true,
      "mode": "cost_recovery",
      "reward_before": -1.4396086100987304e-07,
      "reward_after": -0.009764911606907845,
      "cost_before": 1.5866073369979858,
      "cost_after": -12.171592712402344,
      "kl_before": -2.384185791015625e-07,
      "kl_after": 0.01992536336183548,
      "cost_gap": 0.5866073369979858,
      "cost_recoverable": true,
      "cost_quadratic": 8500.533203125,
      "reward_quadratic": 0.6440404653549194,
      "reward_cost_cross": 5.379237651824951,
      "max_linear_cost_drop": 18.439667245506357,
      "rollout_wall_seconds": 2.0045995991677046,
      "update_wall_seconds": 1.8812977895140648,
      "total_wall_seconds": 3.8858994897454977
    },
    {
      "update": 950,
      "algorithm": "macpo",
      "actor_loss": -0.14781776070594788,
      "reward_critic_loss": 0.0003296230861451477,
      "cost_critic_loss": 0.061677899211645126,
      "reward_critic_loss_last": 0.0003080836613662541,
      "cost_critic_loss_last": 0.06631734222173691,
      "critic_epochs": 8,
      "daily_voltage_cost": 0.002707878826186061,
      "daily_voltage_cost_raw": 0.002707878826186061,
      "daily_voltage_cost_normalized": 0.1353939324617386,
      "daily_economic_return_raw_yuan": -466494.1875,
      "daily_economic_return_normalized": -0.14801329374313354,
      "daily_economic_cost_raw_yuan": 466494.1875,
      "economic_reward_scale_yuan": 3151704.8194007874,
      "lagrange_multiplier": 0.0,
      "cost_budget": 1.0,
      "cost_budget_raw": 0.02,
      "cost_budget_normalized": 1.0,
      "algorithm_cost_mode": "separate_cost",
      "fixed_cost_penalty_coef": 0.0,
      "log_std_max": -2.3,
      "accepted": true,
      "mode": "reward",
      "reward_before": -2.7782647293861373e-09,
      "reward_after": 0.14781776070594788,
      "cost_before": 0.13539431989192963,
      "cost_after": 0.23187977075576782,
      "kl_before": -2.384185791015625e-07,
      "kl_after": 0.019987555220723152,
      "cost_gap": -0.8646056801080704,
      "cost_recoverable": true,
      "cost_quadratic": 127.9001235961914,
      "reward_quadratic": 0.6296026110649109,
      "reward_cost_cross": 0.49555593729019165,
      "max_linear_cost_drop": 2.2618587364925458,
      "rollout_wall_seconds": 1.808397613465786,
      "update_wall_seconds": 1.8298451155424118,
      "total_wall_seconds": 3.6382448747754097
    },
    {
      "update": 951,
      "algorithm": "macpo",
      "actor_loss": 0.012998228892683983,
      "reward_critic_loss": 0.0002832874597515911,
      "cost_critic_loss": 0.7707580924034119,
      "reward_critic_loss_last": 0.0002633387630339712,
      "cost_critic_loss_last": 0.7613279223442078,
      "critic_epochs": 8,
      "daily_voltage_cost": 0.021845806390047073,
      "daily_voltage_cost_raw": 0.021845806390047073,
      "daily_voltage_cost_normalized": 1.0922904014587402,
      "daily_economic_return_raw_yuan": -504147.15625,
      "daily_economic_return_normalized": -0.15996015071868896,
      "daily_economic_cost_raw_yuan": 504147.15625,
      "economic_reward_scale_yuan": 3151704.8194007874,
      "lagrange_multiplier": 0.0,
      "cost_budget": 1.0,
      "cost_budget_raw": 0.02,
      "cost_budget_normalized": 1.0,
      "algorithm_cost_mode": "separate_cost",
      "fixed_cost_penalty_coef": 0.0,
      "log_std_max": -2.3,
      "accepted": true,
      "mode": "cost_recovery",
      "reward_before": -3.8519431200256804e-08,
      "reward_after": -0.012998228892683983,
      "cost_before": 1.092287302017212,
      "cost_after": -5.910329341888428,
      "kl_before": -2.384185791015625e-07,
      "kl_after": 0.019955050200223923,
      "cost_gap": 0.09228730201721191,
      "cost_recoverable": true,
      "cost_quadratic": 1704.054443359375,
      "reward_quadratic": 0.4988255798816681,
      "reward_cost_cross": 3.2724721431732178,
      "max_linear_cost_drop": 8.256038864635691,
      "rollout_wall_seconds": 2.072194142267108,
      "update_wall_seconds": 1.805347591638565,
      "total_wall_seconds": 3.877544501796365
    },
    {
      "update": 952,
      "algorithm": "macpo",
      "actor_loss": -0.14646247029304504,
      "reward_critic_loss": 0.00027865066658705473,
      "cost_critic_loss": 0.38675206899642944,
      "reward_critic_loss_last": 0.00026939576491713524,
      "cost_critic_loss_last": 0.32589665055274963,
      "critic_epochs": 8,
      "daily_voltage_cost": 0.0003609741397667676,
      "daily_voltage_cost_raw": 0.0003609741397667676,
      "daily_voltage_cost_normalized": 0.018048707395792007,
      "daily_economic_return_raw_yuan": -508209.84375,
      "daily_economic_return_normalized": -0.16124919056892395,
      "daily_economic_cost_raw_yuan": 508209.84375,
      "economic_reward_scale_yuan": 3151704.8194007874,
      "lagrange_multiplier": 0.0,
      "cost_budget": 1.0,
      "cost_budget_raw": 0.02,
      "cost_budget_normalized": 1.0,
      "algorithm_cost_mode": "separate_cost",
      "fixed_cost_penalty_coef": 0.0,
      "log_std_max": -2.3,
      "accepted": true,
      "mode": "reward",
      "reward_before": -2.9240254661999643e-10,
      "reward_after": 0.14646247029304504,
      "cost_before": 0.01804717257618904,
      "cost_after": -0.411172091960907,
      "kl_before": -2.384185791015625e-07,
      "kl_after": 0.019961833953857422,
      "cost_gap": -0.981952827423811,
      "cost_recoverable": true,
      "cost_quadratic": 1119.190185546875,
      "reward_quadratic": 0.6278201341629028,
      "reward_cost_cross": -1.466192364692688,
      "max_linear_cost_drop": 6.690859991202551,
      "rollout_wall_seconds": 1.8404197245836258,
      "update_wall_seconds": 1.491190491244197,
      "total_wall_seconds": 3.331613168120384
    },
    {
      "update": 953,
      "algorithm": "macpo",
      "actor_loss": -0.1404852271080017,
      "reward_critic_loss": 0.0002678298042155802,
      "cost_critic_loss": 0.11448138952255249,
      "reward_critic_loss_last": 0.00021254322200547904,
      "cost_critic_loss_last": 0.09821861237287521,
      "critic_epochs": 8,
      "daily_voltage_cost": 0.0037807917688041925,
      "daily_voltage_cost_raw": 0.0037807917688041925,
      "daily_voltage_cost_normalized": 0.18903958797454834,
      "daily_economic_return_raw_yuan": -484142.8125,
      "daily_economic_return_normalized": -0.15361300110816956,
      "daily_economic_cost_raw_yuan": 484142.8125,
      "economic_reward_scale_yuan": 3151704.8194007874,
      "lagrange_multiplier": 0.0,
      "cost_budget": 1.0,
      "cost_budget_raw": 0.02,
      "cost_budget_normalized": 1.0,
      "algorithm_cost_mode": "separate_cost",
      "fixed_cost_penalty_coef": 0.0,
      "log_std_max": -2.3,
      "accepted": true,
      "mode": "reward",
      "reward_before": -2.8428081222386936e-08,
      "reward_after": 0.1404852271080017,
      "cost_before": 0.18904046714305878,
      "cost_after": -0.657132089138031,
      "kl_before": -2.384185791015625e-07,
      "kl_after": 0.019978053867816925,
      "cost_gap": -0.8109595328569412,
      "cost_recoverable": true,
      "cost_quadratic": 197.13092041015625,
      "reward_quadratic": 0.4421674311161041,
      "reward_cost_cross": -2.1889455318450928,
      "max_linear_cost_drop": 2.8080663839030318,
      "rollout_wall_seconds": 1.83763506449759,
      "update_wall_seconds": 1.7672829814255238,
      "total_wall_seconds": 3.604920320212841
    },
    {
      "update": 954,
      "algorithm": "macpo",
      "actor_loss": -0.1453135758638382,
      "reward_critic_loss": 0.0003035931440535933,
      "cost_critic_loss": 0.07526490092277527,
      "reward_critic_loss_last": 0.0002686417137738317,
      "cost_critic_loss_last": 0.0636950358748436,
      "critic_epochs": 8,
      "daily_voltage_cost": 0.0022830208763480186,
      "daily_voltage_cost_raw": 0.0022830208763480186,
      "daily_voltage_cost_normalized": 0.11415105313062668,
      "daily_economic_return_raw_yuan": -533906.0,
      "daily_economic_return_normalized": -0.16940228641033173,
      "daily_economic_cost_raw_yuan": 533906.0,
      "economic_reward_scale_yuan": 3151704.8194007874,
      "lagrange_multiplier": 0.0,
      "cost_budget": 1.0,
      "cost_budget_raw": 0.02,
      "cost_budget_normalized": 1.0,
      "algorithm_cost_mode": "separate_cost",
      "fixed_cost_penalty_coef": 0.0,
      "log_std_max": -2.3,
      "accepted": true,
      "mode": "reward",
      "reward_before": 6.059950408143777e-08,
      "reward_after": 0.1453135758638382,
      "cost_before": 0.11415079236030579,
      "cost_after": 0.1940792202949524,
      "kl_before": -2.384185791015625e-07,
      "kl_after": 0.01997414603829384,
      "cost_gap": -0.8858492076396942,
      "cost_recoverable": true,
      "cost_quadratic": 119.6065673828125,
      "reward_quadratic": 0.5712661147117615,
      "reward_cost_cross": 0.5259655117988586,
      "max_linear_cost_drop": 2.1872957493929577,
      "rollout_wall_seconds": 1.487956166267395,
      "update_wall_seconds": 1.797651892527938,
      "total_wall_seconds": 3.2856096662580967
    },
    {
      "update": 955,
      "algorithm": "macpo",
      "actor_loss": -0.060561999678611755,
      "reward_critic_loss": 0.00018987063958775252,
      "cost_critic_loss": 0.17667332291603088,
      "reward_critic_loss_last": 0.00019279131083749235,
      "cost_critic_loss_last": 0.16569189727306366,
      "critic_epochs": 8,
      "daily_voltage_cost": 0.006637401878833771,
      "daily_voltage_cost_raw": 0.006637401878833771,
      "daily_voltage_cost_normalized": 0.33187010884284973,
      "daily_economic_return_raw_yuan": -571778.8125,
      "daily_economic_return_normalized": -0.18141889572143555,
      "daily_economic_cost_raw_yuan": 571778.8125,
      "economic_reward_scale_yuan": 3151704.8194007874,
      "lagrange_multiplier": 0.0,
      "cost_budget": 1.0,
      "cost_budget_raw": 0.02,
      "cost_budget_normalized": 1.0,
      "algorithm_cost_mode": "separate_cost",
      "fixed_cost_penalty_coef": 0.0,
      "log_std_max": -2.3,
      "accepted": true,
      "mode": "reward",
      "reward_before": 4.715561630064258e-08,
      "reward_after": 0.060561999678611755,
      "cost_before": 0.33187100291252136,
      "cost_after": 0.12033802270889282,
      "kl_before": -2.384185791015625e-07,
      "kl_after": 0.004997122101485729,
      "cost_gap": -0.6681289970874786,
      "cost_recoverable": true,
      "cost_quadratic": 356.7790222167969,
      "reward_quadratic": 0.35733336210250854,
      "reward_cost_cross": -1.233317255973816,
      "max_linear_cost_drop": 3.777719006050063,
      "rollout_wall_seconds": 2.2566964738070965,
      "update_wall_seconds": 1.761197542771697,
      "total_wall_seconds": 4.017895944416523
    },
    {
      "update": 956,
      "algorithm": "macpo",
      "actor_loss": -0.1503482460975647,
      "reward_critic_loss": 0.0003038917202502489,
      "cost_critic_loss": 0.04268577694892883,
      "reward_critic_loss_last": 0.0002578738785814494,
      "cost_critic_loss_last": 0.04037242755293846,
      "critic_epochs": 8,
      "daily_voltage_cost": 0.0017139501869678497,
      "daily_voltage_cost_raw": 0.0017139501869678497,
      "daily_voltage_cost_normalized": 0.08569750934839249,
      "daily_economic_return_raw_yuan": -505057.53125,
      "daily_economic_return_normalized": -0.1602489948272705,
      "daily_economic_cost_raw_yuan": 505057.53125,
      "economic_reward_scale_yuan": 3151704.8194007874,
      "lagrange_multiplier": 0.0,
      "cost_budget": 1.0,
      "cost_budget_raw": 0.02,
      "cost_budget_normalized": 1.0,
      "algorithm_cost_mode": "separate_cost",
      "fixed_cost_penalty_coef": 0.0,
      "log_std_max": -2.3,
      "accepted": true,
      "mode": "reward",
      "reward_before": 1.522851249546875e-07,
      "reward_after": 0.1503482460975647,
      "cost_before": 0.08570072799921036,
      "cost_after": 0.3253752291202545,
      "kl_before": -2.384185791015625e-07,
      "kl_after": 0.019961845129728317,
      "cost_gap": -0.9142992720007896,
      "cost_recoverable": true,
      "cost_quadratic": 70.61407470703125,
      "reward_quadratic": 0.6373672485351562,
      "reward_cost_cross": 1.2328062057495117,
      "max_linear_cost_drop": 1.6806436232233322,
      "rollout_wall_seconds": 1.552389420568943,
      "update_wall_seconds": 1.7045138739049435,
      "total_wall_seconds": 3.2569051384925842
    },
    {
      "update": 957,
      "algorithm": "macpo",
      "actor_loss": -0.09678993374109268,
      "reward_critic_loss": 0.000528358097653836,
      "cost_critic_loss": 0.7958807349205017,
      "reward_critic_loss_last": 0.0005065810400992632,
      "cost_critic_loss_last": 0.7901153564453125,
      "critic_epochs": 8,
      "daily_voltage_cost": 0.015048818662762642,
      "daily_voltage_cost_raw": 0.015048818662762642,
      "daily_voltage_cost_normalized": 0.7524409890174866,
      "daily_economic_return_raw_yuan": -530914.3125,
      "daily_economic_return_normalized": -0.16845305263996124,
      "daily_economic_cost_raw_yuan": 530914.3125,
      "economic_reward_scale_yuan": 3151704.8194007874,
      "lagrange_multiplier": 0.0,
      "cost_budget": 1.0,
      "cost_budget_raw": 0.02,
      "cost_budget_normalized": 1.0,
      "algorithm_cost_mode": "separate_cost",
      "fixed_cost_penalty_coef": 0.0,
      "log_std_max": -2.3,
      "accepted": true,
      "mode": "constrained_reward",
      "reward_before": -1.9595583466980315e-07,
      "reward_after": 0.09678993374109268,
      "cost_before": 0.7524378895759583,
      "cost_after": 0.70872962474823,
      "kl_before": -2.384185791015625e-07,
      "kl_after": 0.005065481644123793,
      "cost_gap": -0.24756211042404175,
      "cost_recoverable": true,
      "cost_quadratic": 1790.302001953125,
      "reward_quadratic": 0.9524820446968079,
      "reward_cost_cross": 8.409489631652832,
      "max_linear_cost_drop": 8.462392101417011,
      "rollout_wall_seconds": 1.6556741073727608,
      "update_wall_seconds": 1.6161594241857529,
      "total_wall_seconds": 3.271835358813405
    },
    {
      "update": 958,
      "algorithm": "macpo",
      "actor_loss": -0.036131974309682846,
      "reward_critic_loss": 0.00032680429285392165,
      "cost_critic_loss": 0.7842650413513184,
      "reward_critic_loss_last": 0.00021928182104602456,
      "cost_critic_loss_last": 0.7520232200622559,
      "critic_epochs": 8,
      "daily_voltage_cost": 0.016608698293566704,
      "daily_voltage_cost_raw": 0.016608698293566704,
      "daily_voltage_cost_normalized": 0.8304349184036255,
      "daily_economic_return_raw_yuan": -461076.25,
      "daily_economic_return_normalized": -0.1462942361831665,
      "daily_economic_cost_raw_yuan": 461076.25,
      "economic_reward_scale_yuan": 3151704.8194007874,
      "lagrange_multiplier": 0.0,
      "cost_budget": 1.0,
      "cost_budget_raw": 0.02,
      "cost_budget_normalized": 1.0,
      "algorithm_cost_mode": "separate_cost",
      "fixed_cost_penalty_coef": 0.0,
      "log_std_max": -2.3,
      "accepted": true,
      "mode": "constrained_reward",
      "reward_before": -4.706959799705146e-08,
      "reward_after": 0.036131974309682846,
      "cost_before": 0.8304382562637329,
      "cost_after": 0.9214680194854736,
      "kl_before": -2.384185791015625e-07,
      "kl_after": 0.0012133923592045903,
      "cost_gap": -0.1695617437362671,
      "cost_recoverable": true,
      "cost_quadratic": 1254.46875,
      "reward_quadratic": 0.5865359306335449,
      "reward_cost_cross": 10.535826683044434,
      "max_linear_cost_drop": 7.083696069143565,
      "rollout_wall_seconds": 1.6501658502966166,
      "update_wall_seconds": 1.4851673878729343,
      "total_wall_seconds": 3.1353354323655367
    },
    {
      "update": 959,
      "algorithm": "macpo",
      "actor_loss": -0.1325046569108963,
      "reward_critic_loss": 0.0003065410419367254,
      "cost_critic_loss": 0.10601368546485901,
      "reward_critic_loss_last": 0.0002986342879012227,
      "cost_critic_loss_last": 0.10347875952720642,
      "critic_epochs": 8,
      "daily_voltage_cost": 0.006478781811892986,
      "daily_voltage_cost_raw": 0.006478781811892986,
      "daily_voltage_cost_normalized": 0.32393908500671387,
      "daily_economic_return_raw_yuan": -515567.125,
      "daily_economic_return_normalized": -0.16358357667922974,
      "daily_economic_cost_raw_yuan": 515567.125,
      "economic_reward_scale_yuan": 3151704.8194007874,
      "lagrange_multiplier": 0.0,
      "cost_budget": 1.0,
      "cost_budget_raw": 0.02,
      "cost_budget_normalized": 1.0,
      "algorithm_cost_mode": "separate_cost",
      "fixed_cost_penalty_coef": 0.0,
      "log_std_max": -2.3,
      "accepted": true,
      "mode": "reward",
      "reward_before": 1.462694498854944e-08,
      "reward_after": 0.1325046569108963,
      "cost_before": 0.3239371180534363,
      "cost_after": -0.42623376846313477,
      "kl_before": -2.384185791015625e-07,
      "kl_after": 0.019934915006160736,
      "cost_gap": -0.6760628819465637,
      "cost_recoverable": true,
      "cost_quadratic": 247.84344482421875,
      "reward_quadratic": 0.5287482738494873,
      "reward_cost_cross": -3.160223960876465,
      "max_linear_cost_drop": 3.1486088663040936,
      "rollout_wall_seconds": 1.3330950886011124,
      "update_wall_seconds": 1.5016734804958105,
      "total_wall_seconds": 2.834770491346717
    },
    {
      "update": 960,
      "algorithm": "macpo",
      "actor_loss": -0.034513894468545914,
      "reward_critic_loss": 0.00023010512813925743,
      "cost_critic_loss": 1.8424333333969116,
      "reward_critic_loss_last": 0.00021809351164847612,
      "cost_critic_loss_last": 1.7990052700042725,
      "critic_epochs": 8,
      "daily_voltage_cost": 0.0326768197119236,
      "daily_voltage_cost_raw": 0.0326768197119236,
      "daily_voltage_cost_normalized": 1.6338410377502441,
      "daily_economic_return_raw_yuan": -527349.125,
      "daily_economic_return_normalized": -0.16732186079025269,
      "daily_economic_cost_raw_yuan": 527349.125,
      "economic_reward_scale_yuan": 3151704.8194007874,
      "lagrange_multiplier": 0.0,
      "cost_budget": 1.0,
      "cost_budget_raw": 0.02,
      "cost_budget_normalized": 1.0,
      "algorithm_cost_mode": "separate_cost",
      "fixed_cost_penalty_coef": 0.0,
      "log_std_max": -2.3,
      "accepted": true,
      "mode": "cost_recovery",
      "reward_before": 1.4196814390743384e-07,
      "reward_after": 0.034513894468545914,
      "cost_before": 1.6338328123092651,
      "cost_after": -8.912591934204102,
      "kl_before": -2.384185791015625e-07,
      "kl_after": 0.019961681216955185,
      "cost_gap": 0.6338328123092651,
      "cost_recoverable": true,
      "cost_quadratic": 3627.39697265625,
      "reward_quadratic": 0.40745800733566284,
      "reward_cost_cross": -12.152082443237305,
      "max_linear_cost_drop": 12.045575075779903,
      "rollout_wall_seconds": 1.0173704326152802,
      "update_wall_seconds": 1.7693886160850525,
      "total_wall_seconds": 2.7867610044777393
    },
    {
      "update": 961,
      "algorithm": "macpo",
      "actor_loss": -0.15594080090522766,
      "reward_critic_loss": 0.0003098075685556978,
      "cost_critic_loss": 0.38333532214164734,
      "reward_critic_loss_last": 0.00029534933855757117,
      "cost_critic_loss_last": 0.38077113032341003,
      "critic_epochs": 8,
      "daily_voltage_cost": 0.013358419761061668,
      "daily_voltage_cost_raw": 0.013358419761061668,
      "daily_voltage_cost_normalized": 0.6679210066795349,
      "daily_economic_return_raw_yuan": -503249.3125,
      "daily_economic_return_normalized": -0.15967527031898499,
      "daily_economic_cost_raw_yuan": 503249.3125,
      "economic_reward_scale_yuan": 3151704.8194007874,
      "lagrange_multiplier": 0.0,
      "cost_budget": 1.0,
      "cost_budget_raw": 0.02,
      "cost_budget_normalized": 1.0,
      "algorithm_cost_mode": "separate_cost",
      "fixed_cost_penalty_coef": 0.0,
      "log_std_max": -2.3,
      "accepted": true,
      "mode": "reward",
      "reward_before": -1.143373893341959e-07,
      "reward_after": 0.15594080090522766,
      "cost_before": 0.6679284572601318,
      "cost_after": 0.02079606056213379,
      "kl_before": -2.384185791015625e-07,
      "kl_after": 0.01991935819387436,
      "cost_gap": -0.33207154273986816,
      "cost_recoverable": true,
      "cost_quadratic": 729.4697265625,
      "reward_quadratic": 0.6046886444091797,
      "reward_cost_cross": -2.0689587593078613,
      "max_linear_cost_drop": 5.401739447853812,
      "rollout_wall_seconds": 1.4281036276370287,
      "update_wall_seconds": 1.8290128000080585,
      "total_wall_seconds": 3.25711946003139
    },
    {
      "update": 962,
      "algorithm": "macpo",
      "actor_loss": -0.14381557703018188,
      "reward_critic_loss": 0.0002716479357331991,
      "cost_critic_loss": 0.19469492137432098,
      "reward_critic_loss_last": 0.0002479735412634909,
      "cost_critic_loss_last": 0.19412431120872498,
      "critic_epochs": 8,
      "daily_voltage_cost": 0.006825661286711693,
      "daily_voltage_cost_raw": 0.006825661286711693,
      "daily_voltage_cost_normalized": 0.3412831127643585,
      "daily_economic_return_raw_yuan": -461201.21875,
      "daily_economic_return_normalized": -0.14633388817310333,
      "daily_economic_cost_raw_yuan": 461201.21875,
      "economic_reward_scale_yuan": 3151704.8194007874,
      "lagrange_multiplier": 0.0,
      "cost_budget": 1.0,
      "cost_budget_raw": 0.02,
      "cost_budget_normalized": 1.0,
      "algorithm_cost_mode": "separate_cost",
      "fixed_cost_penalty_coef": 0.0,
      "log_std_max": -2.3,
      "accepted": true,
      "mode": "reward",
      "reward_before": 1.4623694255533337e-08,
      "reward_after": 0.14381557703018188,
      "cost_before": 0.34128105640411377,
      "cost_after": 0.8952834606170654,
      "kl_before": -2.384185791015625e-07,
      "kl_after": 0.019954822957515717,
      "cost_gap": -0.6587189435958862,
      "cost_recoverable": true,
      "cost_quadratic": 319.6114807128906,
      "reward_quadratic": 0.4877502918243408,
      "reward_cost_cross": 1.912469506263733,
      "max_linear_cost_drop": 3.5755362155228725,
      "rollout_wall_seconds": 1.8495760541409254,
      "update_wall_seconds": 1.7522532604634762,
      "total_wall_seconds": 3.601831356063485
    },
    {
      "update": 963,
      "algorithm": "macpo",
      "actor_loss": -0.07804933190345764,
      "reward_critic_loss": 0.00030902563594281673,
      "cost_critic_loss": 0.05575146526098251,
      "reward_critic_loss_last": 0.0002824593393597752,
      "cost_critic_loss_last": 0.051934849470853806,
      "critic_epochs": 8,
      "daily_voltage_cost": 0.0,
      "daily_voltage_cost_raw": 0.0,
      "daily_voltage_cost_normalized": 0.0,
      "daily_economic_return_raw_yuan": -430103.6875,
      "daily_economic_return_normalized": -0.13646699488162994,
      "daily_economic_cost_raw_yuan": 430103.6875,
      "economic_reward_scale_yuan": 3151704.8194007874,
      "lagrange_multiplier": 0.0,
      "cost_budget": 1.0,
      "cost_budget_raw": 0.02,
      "cost_budget_normalized": 1.0,
      "algorithm_cost_mode": "separate_cost",
      "fixed_cost_penalty_coef": 0.0,
      "log_std_max": -2.3,
      "accepted": true,
      "mode": "reward",
      "reward_before": 1.3174089019685198e-07,
      "reward_after": 0.07804933190345764,
      "cost_before": 4.2302308429498225e-06,
      "cost_after": 0.08288104832172394,
      "kl_before": -2.384185791015625e-07,
      "kl_after": 0.0050057340413331985,
      "cost_gap": -0.999995769769157,
      "cost_recoverable": true,
      "cost_quadratic": 92.0252914428711,
      "reward_quadratic": 0.6768671274185181,
      "reward_cost_cross": 0.666032075881958,
      "max_linear_cost_drop": 1.9185962727251515,
      "rollout_wall_seconds": 1.7097061574459076,
      "update_wall_seconds": 1.3129842709749937,
      "total_wall_seconds": 3.0226921159774065
    },
    {
      "update": 964,
      "algorithm": "macpo",
      "actor_loss": -0.21414794027805328,
      "reward_critic_loss": 0.000557631254196167,
      "cost_critic_loss": 0.20075449347496033,
      "reward_critic_loss_last": 0.0004858231113757938,
      "cost_critic_loss_last": 0.1990865170955658,
      "critic_epochs": 8,
      "daily_voltage_cost": 0.010722974315285683,
      "daily_voltage_cost_raw": 0.010722974315285683,
      "daily_voltage_cost_normalized": 0.5361487865447998,
      "daily_economic_return_raw_yuan": -556160.75,
      "daily_economic_return_normalized": -0.17646346986293793,
      "daily_economic_cost_raw_yuan": 556160.75,
      "economic_reward_scale_yuan": 3151704.8194007874,
      "lagrange_multiplier": 0.0,
      "cost_budget": 1.0,
      "cost_budget_raw": 0.02,
      "cost_budget_normalized": 1.0,
      "algorithm_cost_mode": "separate_cost",
      "fixed_cost_penalty_coef": 0.0,
      "log_std_max": -2.3,
      "accepted": true,
      "mode": "reward",
      "reward_before": 3.018466543380782e-08,
      "reward_after": 0.21414794027805328,
      "cost_before": 0.5361524224281311,
      "cost_after": -0.07559341192245483,
      "kl_before": -2.384185791015625e-07,
      "kl_after": 0.019917232915759087,
      "cost_gap": -0.4638475775718689,
      "cost_recoverable": true,
      "cost_quadratic": 441.56671142578125,
      "reward_quadratic": 1.4061721563339233,
      "reward_cost_cross": -3.8338043689727783,
      "max_linear_cost_drop": 4.202697759419686,
      "rollout_wall_seconds": 1.1534980908036232,
      "update_wall_seconds": 1.2742212396115065,
      "total_wall_seconds": 2.4277209285646677
    },
    {
      "update": 965,
      "algorithm": "macpo",
      "actor_loss": 0.008237499743700027,
      "reward_critic_loss": 0.0004140025412198156,
      "cost_critic_loss": 1.1292147636413574,
      "reward_critic_loss_last": 0.0003643543168436736,
      "cost_critic_loss_last": 1.1178091764450073,
      "critic_epochs": 8,
      "daily_voltage_cost": 0.021798722445964813,
      "daily_voltage_cost_raw": 0.021798722445964813,
      "daily_voltage_cost_normalized": 1.0899361371994019,
      "daily_economic_return_raw_yuan": -500209.875,
      "daily_economic_return_normalized": -0.15871089696884155,
      "daily_economic_cost_raw_yuan": 500209.875,
      "economic_reward_scale_yuan": 3151704.8194007874,
      "lagrange_multiplier": 0.0,
      "cost_budget": 1.0,
      "cost_budget_raw": 0.02,
      "cost_budget_normalized": 1.0,
      "algorithm_cost_mode": "separate_cost",
      "fixed_cost_penalty_coef": 0.0,
      "log_std_max": -2.3,
      "accepted": true,
      "mode": "cost_recovery",
      "reward_before": 1.357419563419171e-07,
      "reward_after": -0.008237499743700027,
      "cost_before": 1.0899370908737183,
      "cost_after": -6.416518211364746,
      "kl_before": -2.384185791015625e-07,
      "kl_after": 0.019960833713412285,
      "cost_gap": 0.08993709087371826,
      "cost_recoverable": true,
      "cost_quadratic": 1937.520263671875,
      "reward_quadratic": 0.7644897103309631,
      "reward_cost_cross": 3.841684341430664,
      "max_linear_cost_drop": 8.803454466678124,
      "rollout_wall_seconds": 1.1035177614539862,
      "update_wall_seconds": 1.467149617150426,
      "total_wall_seconds": 2.570669025182724
    },
    {
      "update": 966,
      "algorithm": "macpo",
      "actor_loss": -0.13201001286506653,
      "reward_critic_loss": 0.00022082659415900707,
      "cost_critic_loss": 0.19832280278205872,
      "reward_critic_loss_last": 0.00014080500113777816,
      "cost_critic_loss_last": 0.19399496912956238,
      "critic_epochs": 8,
      "daily_voltage_cost": 0.008276362903416157,
      "daily_voltage_cost_raw": 0.008276362903416157,
      "daily_voltage_cost_normalized": 0.4138181209564209,
      "daily_economic_return_raw_yuan": -458701.375,
      "daily_economic_return_normalized": -0.14554071426391602,
      "daily_economic_cost_raw_yuan": 458701.375,
      "economic_reward_scale_yuan": 3151704.8194007874,
      "lagrange_multiplier": 0.0,
      "cost_budget": 1.0,
      "cost_budget_raw": 0.02,
      "cost_budget_normalized": 1.0,
      "algorithm_cost_mode": "separate_cost",
      "fixed_cost_penalty_coef": 0.0,
      "log_std_max": -2.3,
      "accepted": true,
      "mode": "reward",
      "reward_before": 1.782498060265425e-08,
      "reward_after": 0.13201001286506653,
      "cost_before": 0.4138208329677582,
      "cost_after": -0.6102330684661865,
      "kl_before": -2.384185791015625e-07,
      "kl_after": 0.019941844046115875,
      "cost_gap": -0.5861791670322418,
      "cost_recoverable": true,
      "cost_quadratic": 346.6864929199219,
      "reward_quadratic": 0.4258849620819092,
      "reward_cost_cross": -2.4649739265441895,
      "max_linear_cost_drop": 3.723903827544003,
      "rollout_wall_seconds": 1.4663459435105324,
      "update_wall_seconds": 1.6570216044783592,
      "total_wall_seconds": 3.123369200155139
    },
    {
      "update": 967,
      "algorithm": "macpo",
      "actor_loss": -0.14458276331424713,
      "reward_critic_loss": 0.0002706873638089746,
      "cost_critic_loss": 0.5771420001983643,
      "reward_critic_loss_last": 0.0002785217366181314,
      "cost_critic_loss_last": 0.5689237117767334,
      "critic_epochs": 8,
      "daily_voltage_cost": 0.018158145248889923,
      "daily_voltage_cost_raw": 0.018158145248889923,
      "daily_voltage_cost_normalized": 0.907907247543335,
      "daily_economic_return_raw_yuan": -488291.96875,
      "daily_economic_return_normalized": -0.15492947399616241,
      "daily_economic_cost_raw_yuan": 488291.96875,
      "economic_reward_scale_yuan": 3151704.8194007874,
      "lagrange_multiplier": 0.0,
      "cost_budget": 1.0,
      "cost_budget_raw": 0.02,
      "cost_budget_normalized": 1.0,
      "algorithm_cost_mode": "separate_cost",
      "fixed_cost_penalty_coef": 0.0,
      "log_std_max": -2.3,
      "accepted": true,
      "mode": "reward",
      "reward_before": 4.4282860045541383e-08,
      "reward_after": 0.14458276331424713,
      "cost_before": 0.907918393611908,
      "cost_after": 0.23429781198501587,
      "kl_before": -2.384185791015625e-07,
      "kl_after": 0.01988966576755047,
      "cost_gap": -0.09208160638809204,
      "cost_recoverable": true,
      "cost_quadratic": 1131.375244140625,
      "reward_quadratic": 0.5061001181602478,
      "reward_cost_cross": -2.569425582885742,
      "max_linear_cost_drop": 6.727184386177102,
      "rollout_wall_seconds": 1.7444179486483335,
      "update_wall_seconds": 1.6089276038110256,
      "total_wall_seconds": 3.3533479683101177
    },
    {
      "update": 968,
      "algorithm": "macpo",
      "actor_loss": -0.12239812314510345,
      "reward_critic_loss": 0.000198331123101525,
      "cost_critic_loss": 0.5493414402008057,
      "reward_critic_loss_last": 0.0001943418028531596,
      "cost_critic_loss_last": 0.4863501489162445,
      "critic_epochs": 8,
      "daily_voltage_cost": 0.006893605925142765,
      "daily_voltage_cost_raw": 0.006893605925142765,
      "daily_voltage_cost_normalized": 0.3446803092956543,
      "daily_economic_return_raw_yuan": -460777.84375,
      "daily_economic_return_normalized": -0.1461995542049408,
      "daily_economic_cost_raw_yuan": 460777.84375,
      "economic_reward_scale_yuan": 3151704.8194007874,
      "lagrange_multiplier": 0.0,
      "cost_budget": 1.0,
      "cost_budget_raw": 0.02,
      "cost_budget_normalized": 1.0,
      "algorithm_cost_mode": "separate_cost",
      "fixed_cost_penalty_coef": 0.0,
      "log_std_max": -2.3,
      "accepted": true,
      "mode": "reward",
      "reward_before": -1.4305003048775689e-07,
      "reward_after": 0.12239812314510345,
      "cost_before": 0.3446829915046692,
      "cost_after": -0.4752326011657715,
      "kl_before": -2.384185791015625e-07,
      "kl_after": 0.019955143332481384,
      "cost_gap": -0.6553170084953308,
      "cost_recoverable": true,
      "cost_quadratic": 1113.4427490234375,
      "reward_quadratic": 0.38399142026901245,
      "reward_cost_cross": -2.015897750854492,
      "max_linear_cost_drop": 6.673657914587584,
      "rollout_wall_seconds": 1.915874544531107,
      "update_wall_seconds": 1.592870805412531,
      "total_wall_seconds": 3.5087471678853035
    },
    {
      "update": 969,
      "algorithm": "macpo",
      "actor_loss": -0.16475695371627808,
      "reward_critic_loss": 0.000330732756992802,
      "cost_critic_loss": 0.053640350699424744,
      "reward_critic_loss_last": 0.0003028629580512643,
      "cost_critic_loss_last": 0.05371104180812836,
      "critic_epochs": 8,
      "daily_voltage_cost": 0.004546813666820526,
      "daily_voltage_cost_raw": 0.004546813666820526,
      "daily_voltage_cost_normalized": 0.2273406833410263,
      "daily_economic_return_raw_yuan": -410123.1875,
      "daily_economic_return_normalized": -0.130127415060997,
      "daily_economic_cost_raw_yuan": 410123.1875,
      "economic_reward_scale_yuan": 3151704.8194007874,
      "lagrange_multiplier": 0.0,
      "cost_budget": 1.0,
      "cost_budget_raw": 0.02,
      "cost_budget_normalized": 1.0,
      "algorithm_cost_mode": "separate_cost",
      "fixed_cost_penalty_coef": 0.0,
      "log_std_max": -2.3,
      "accepted": true,
      "mode": "reward",
      "reward_before": 2.7291505944049277e-08,
      "reward_after": 0.16475695371627808,
      "cost_before": 0.22734366357326508,
      "cost_after": 0.386555552482605,
      "kl_before": -2.384185791015625e-07,
      "kl_after": 0.0199742428958416,
      "cost_gap": -0.7726563364267349,
      "cost_recoverable": true,
      "cost_quadratic": 134.8526611328125,
      "reward_quadratic": 0.6426794528961182,
      "reward_cost_cross": 0.9287723898887634,
      "max_linear_cost_drop": 2.322521570473028,
      "rollout_wall_seconds": 1.799581715837121,
      "update_wall_seconds": 1.6129230540245771,
      "total_wall_seconds": 3.4125068709254265
    },
    {
      "update": 970,
      "algorithm": "macpo",
      "actor_loss": -0.14003443717956543,
      "reward_critic_loss": 0.00024540687445551157,
      "cost_critic_loss": 0.20122037827968597,
      "reward_critic_loss_last": 0.00023718641023151577,
      "cost_critic_loss_last": 0.19851863384246826,
      "critic_epochs": 8,
      "daily_voltage_cost": 0.011437845416367054,
      "daily_voltage_cost_raw": 0.011437845416367054,
      "daily_voltage_cost_normalized": 0.571892261505127,
      "daily_economic_return_raw_yuan": -479796.90625,
      "daily_economic_return_normalized": -0.15223409235477448,
      "daily_economic_cost_raw_yuan": 479796.90625,
      "economic_reward_scale_yuan": 3151704.8194007874,
      "lagrange_multiplier": 0.0,
      "cost_budget": 1.0,
      "cost_budget_raw": 0.02,
      "cost_budget_normalized": 1.0,
      "algorithm_cost_mode": "separate_cost",
      "fixed_cost_penalty_coef": 0.0,
      "log_std_max": -2.3,
      "accepted": true,
      "mode": "reward",
      "reward_before": 7.27673779010729e-08,
      "reward_after": 0.14003443717956543,
      "cost_before": 0.5718931555747986,
      "cost_after": -1.0917385816574097,
      "kl_before": -2.384185791015625e-07,
      "kl_after": 0.019990667700767517,
      "cost_gap": -0.4281068444252014,
      "cost_recoverable": true,
      "cost_quadratic": 559.3040771484375,
      "reward_quadratic": 0.5261907577514648,
      "reward_cost_cross": -6.167331695556641,
      "max_linear_cost_drop": 4.7299221014661015,
      "rollout_wall_seconds": 2.3285739310085773,
      "update_wall_seconds": 1.8035045210272074,
      "total_wall_seconds": 4.132080534473062
    },
    {
      "update": 971,
      "algorithm": "macpo",
      "actor_loss": -0.0713760182261467,
      "reward_critic_loss": 0.0002270532859256491,
      "cost_critic_loss": 0.09586459398269653,
      "reward_critic_loss_last": 0.00021970074158161879,
      "cost_critic_loss_last": 0.0958658754825592,
      "critic_epochs": 8,
      "daily_voltage_cost": 0.005195449106395245,
      "daily_voltage_cost_raw": 0.005195449106395245,
      "daily_voltage_cost_normalized": 0.2597724497318268,
      "daily_economic_return_raw_yuan": -435728.375,
      "daily_economic_return_normalized": -0.1382516473531723,
      "daily_economic_cost_raw_yuan": 435728.375,
      "economic_reward_scale_yuan": 3151704.8194007874,
      "lagrange_multiplier": 0.0,
      "cost_budget": 1.0,
      "cost_budget_raw": 0.02,
      "cost_budget_normalized": 1.0,
      "algorithm_cost_mode": "separate_cost",
      "fixed_cost_penalty_coef": 0.0,
      "log_std_max": -2.3,
      "accepted": true,
      "mode": "reward",
      "reward_before": 3.515172863899352e-08,
      "reward_after": 0.0713760182261467,
      "cost_before": 0.2597718834877014,
      "cost_after": -0.059148162603378296,
      "kl_before": -2.384185791015625e-07,
      "kl_after": 0.004945416934788227,
      "cost_gap": -0.7402281165122986,
      "cost_recoverable": true,
      "cost_quadratic": 204.9439697265625,
      "reward_quadratic": 0.5209506750106812,
      "reward_cost_cross": -2.734696388244629,
      "max_linear_cost_drop": 2.8631728535075385,
      "rollout_wall_seconds": 2.321795117110014,
      "update_wall_seconds": 1.926674995571375,
      "total_wall_seconds": 4.248472079634666
    },
    {
      "update": 972,
      "algorithm": "macpo",
      "actor_loss": -0.05965046584606171,
      "reward_critic_loss": 0.0001960141526069492,
      "cost_critic_loss": 1.4752557277679443,
      "reward_critic_loss_last": 0.0001941960072144866,
      "cost_critic_loss_last": 1.4605615139007568,
      "critic_epochs": 8,
      "daily_voltage_cost": 0.01974487490952015,
      "daily_voltage_cost_raw": 0.01974487490952015,
      "daily_voltage_cost_normalized": 0.9872437715530396,
      "daily_economic_return_raw_yuan": -466413.28125,
      "daily_economic_return_normalized": -0.14798761904239655,
      "daily_economic_cost_raw_yuan": 466413.28125,
      "economic_reward_scale_yuan": 3151704.8194007874,
      "lagrange_multiplier": 0.0,
      "cost_budget": 1.0,
      "cost_budget_raw": 0.02,
      "cost_budget_normalized": 1.0,
      "algorithm_cost_mode": "separate_cost",
      "fixed_cost_penalty_coef": 0.0,
      "log_std_max": -2.3,
      "accepted": true,
      "mode": "constrained_reward",
      "reward_before": 1.4691696037516522e-07,
      "reward_after": 0.05965046584606171,
      "cost_before": 0.9872355461120605,
      "cost_after": 0.978613018989563,
      "kl_before": -2.384185791015625e-07,
      "kl_after": 0.005045878700911999,
      "cost_gap": -0.012764453887939453,
      "cost_recoverable": true,
      "cost_quadratic": 3655.176513671875,
      "reward_quadratic": 0.3735966682434082,
      "reward_cost_cross": 3.3634629249572754,
      "max_linear_cost_drop": 12.091611164227661,
      "rollout_wall_seconds": 2.2984888907521963,
      "update_wall_seconds": 1.9700092636048794,
      "total_wall_seconds": 4.268500953912735
    },
    {
      "update": 973,
      "algorithm": "macpo",
      "actor_loss": -0.052546724677085876,
      "reward_critic_loss": 0.00014084366557653993,
      "cost_critic_loss": 1.1224126815795898,
      "reward_critic_loss_last": 0.00013739433779846877,
      "cost_critic_loss_last": 1.1093517541885376,
      "critic_epochs": 8,
      "daily_voltage_cost": 0.01813940331339836,
      "daily_voltage_cost_raw": 0.01813940331339836,
      "daily_voltage_cost_normalized": 0.9069702625274658,
      "daily_economic_return_raw_yuan": -568574.25,
      "daily_economic_return_normalized": -0.18040212988853455,
      "daily_economic_cost_raw_yuan": 568574.25,
      "economic_reward_scale_yuan": 3151704.8194007874,
      "lagrange_multiplier": 0.0,
      "cost_budget": 1.0,
      "cost_budget_raw": 0.02,
      "cost_budget_normalized": 1.0,
      "algorithm_cost_mode": "separate_cost",
      "fixed_cost_penalty_coef": 0.0,
      "log_std_max": -2.3,
      "accepted": true,
      "mode": "reward",
      "reward_before": -8.482736291171022e-08,
      "reward_after": 0.052546724677085876,
      "cost_before": 0.9069715142250061,
      "cost_after": 0.8683417439460754,
      "kl_before": -2.384185791015625e-07,
      "kl_after": 0.00502772256731987,
      "cost_gap": -0.0930284857749939,
      "cost_recoverable": true,
      "cost_quadratic": 1855.658447265625,
      "reward_quadratic": 0.27808085083961487,
      "reward_cost_cross": -0.14735162258148193,
      "max_linear_cost_drop": 8.615470845555976,
      "rollout_wall_seconds": 2.5776093676686287,
      "update_wall_seconds": 1.8428296819329262,
      "total_wall_seconds": 4.420440839603543
    },
    {
      "update": 974,
      "algorithm": "macpo",
      "actor_loss": -0.143711119890213,
      "reward_critic_loss": 0.00028131541330367327,
      "cost_critic_loss": 0.04683268070220947,
      "reward_critic_loss_last": 0.00027841268456541,
      "cost_critic_loss_last": 0.049136340618133545,
      "critic_epochs": 8,
      "daily_voltage_cost": 0.0,
      "daily_voltage_cost_raw": 0.0,
      "daily_voltage_cost_normalized": 0.0,
      "daily_economic_return_raw_yuan": -414145.15625,
      "daily_economic_return_normalized": -0.13140353560447693,
      "daily_economic_cost_raw_yuan": 414145.15625,
      "economic_reward_scale_yuan": 3151704.8194007874,
      "lagrange_multiplier": 0.0,
      "cost_budget": 1.0,
      "cost_budget_raw": 0.02,
      "cost_budget_normalized": 1.0,
      "algorithm_cost_mode": "separate_cost",
      "fixed_cost_penalty_coef": 0.0,
      "log_std_max": -2.3,
      "accepted": true,
      "mode": "reward",
      "reward_before": 6.908327065957565e-08,
      "reward_after": 0.143711119890213,
      "cost_before": 1.5288012491510017e-06,
      "cost_after": -0.03709253668785095,
      "kl_before": -2.384185791015625e-07,
      "kl_after": 0.019969377666711807,
      "cost_gap": -0.9999984711987508,
      "cost_recoverable": true,
      "cost_quadratic": 96.95551300048828,
      "reward_quadratic": 0.5181220769882202,
      "reward_cost_cross": 0.15156283974647522,
      "max_linear_cost_drop": 1.969319811513491,
      "rollout_wall_seconds": 2.2187200523912907,
      "update_wall_seconds": 1.626413844525814,
      "total_wall_seconds": 3.8451358526945114
    },
    {
      "update": 975,
      "algorithm": "macpo",
      "actor_loss": -0.008395183831453323,
      "reward_critic_loss": 0.00017535043298266828,
      "cost_critic_loss": 1.1988122463226318,
      "reward_critic_loss_last": 0.00016334361862391233,
      "cost_critic_loss_last": 1.182457447052002,
      "critic_epochs": 8,
      "daily_voltage_cost": 0.02702142670750618,
      "daily_voltage_cost_raw": 0.02702142670750618,
      "daily_voltage_cost_normalized": 1.3510713577270508,
      "daily_economic_return_raw_yuan": -547519.3125,
      "daily_economic_return_normalized": -0.17372164130210876,
      "daily_economic_cost_raw_yuan": 547519.3125,
      "economic_reward_scale_yuan": 3151704.8194007874,
      "lagrange_multiplier": 0.0,
      "cost_budget": 1.0,
      "cost_budget_raw": 0.02,
      "cost_budget_normalized": 1.0,
      "algorithm_cost_mode": "separate_cost",
      "fixed_cost_penalty_coef": 0.0,
      "log_std_max": -2.3,
      "accepted": true,
      "mode": "cost_recovery",
      "reward_before": 8.72325429668308e-08,
      "reward_after": 0.008395183831453323,
      "cost_before": 1.3510730266571045,
      "cost_after": -6.133298873901367,
      "kl_before": -2.384185791015625e-07,
      "kl_after": 0.019928093999624252,
      "cost_gap": 0.3510730266571045,
      "cost_recoverable": true,
      "cost_quadratic": 2503.7587890625,
      "reward_quadratic": 0.39643368124961853,
      "reward_cost_cross": -2.348942995071411,
      "max_linear_cost_drop": 10.007514754548204,
      "rollout_wall_seconds": 1.768578514456749,
      "update_wall_seconds": 1.6354456525295973,
      "total_wall_seconds": 3.4040263798087835
    },
    {
      "update": 976,
      "algorithm": "macpo",
      "actor_loss": -0.14968080818653107,
      "reward_critic_loss": 0.00026050463202409446,
      "cost_critic_loss": 0.3084225356578827,
      "reward_critic_loss_last": 0.00024921679869294167,
      "cost_critic_loss_last": 0.30959033966064453,
      "critic_epochs": 8,
      "daily_voltage_cost": 0.012098596431314945,
      "daily_voltage_cost_raw": 0.012098596431314945,
      "daily_voltage_cost_normalized": 0.6049298048019409,
      "daily_economic_return_raw_yuan": -498949.75,
      "daily_economic_return_normalized": -0.15831106901168823,
      "daily_economic_cost_raw_yuan": 498949.75,
      "economic_reward_scale_yuan": 3151704.8194007874,
      "lagrange_multiplier": 0.0,
      "cost_budget": 1.0,
      "cost_budget_raw": 0.02,
      "cost_budget_normalized": 1.0,
      "algorithm_cost_mode": "separate_cost",
      "fixed_cost_penalty_coef": 0.0,
      "log_std_max": -2.3,
      "accepted": true,
      "mode": "reward",
      "reward_before": 1.753084575284447e-07,
      "reward_after": 0.14968080818653107,
      "cost_before": 0.6049229502677917,
      "cost_after": 0.16652840375900269,
      "kl_before": -2.384185791015625e-07,
      "kl_after": 0.01994537189602852,
      "cost_gap": -0.39507704973220825,
      "cost_recoverable": true,
      "cost_quadratic": 601.2926025390625,
      "reward_quadratic": 0.5831360816955566,
      "reward_cost_cross": -1.2386833429336548,
      "max_linear_cost_drop": 4.904253674267115,
      "rollout_wall_seconds": 2.079022452235222,
      "update_wall_seconds": 1.8428143113851547,
      "total_wall_seconds": 3.9218389615416527
    },
    {
      "update": 977,
      "algorithm": "macpo",
      "actor_loss": -0.13641998171806335,
      "reward_critic_loss": 0.00022047755192033947,
      "cost_critic_loss": 0.19945602118968964,
      "reward_critic_loss_last": 0.00022142566740512848,
      "cost_critic_loss_last": 0.19747629761695862,
      "critic_epochs": 8,
      "daily_voltage_cost": 0.006775545887649059,
      "daily_voltage_cost_raw": 0.006775545887649059,
      "daily_voltage_cost_normalized": 0.3387773036956787,
      "daily_economic_return_raw_yuan": -473033.625,
      "daily_economic_return_normalized": -0.15008817613124847,
      "daily_economic_cost_raw_yuan": 473033.625,
      "economic_reward_scale_yuan": 3151704.8194007874,
      "lagrange_multiplier": 0.0,
      "cost_budget": 1.0,
      "cost_budget_raw": 0.02,
      "cost_budget_normalized": 1.0,
      "algorithm_cost_mode": "separate_cost",
      "fixed_cost_penalty_coef": 0.0,
      "log_std_max": -2.3,
      "accepted": true,
      "mode": "reward",
      "reward_before": 4.438250655880438e-08,
      "reward_after": 0.13641998171806335,
      "cost_before": 0.33877691626548767,
      "cost_after": 0.034647852182388306,
      "kl_before": -2.384185791015625e-07,
      "kl_after": 0.019968636333942413,
      "cost_gap": -0.6612230837345123,
      "cost_recoverable": true,
      "cost_quadratic": 348.835693359375,
      "reward_quadratic": 0.4954661726951599,
      "reward_cost_cross": -0.3576543927192688,
      "max_linear_cost_drop": 3.735428721629553,
      "rollout_wall_seconds": 2.1382629238069057,
      "update_wall_seconds": 1.742177341133356,
      "total_wall_seconds": 3.880442624911666
    },
    {
      "update": 978,
      "algorithm": "macpo",
      "actor_loss": -0.11917151510715485,
      "reward_critic_loss": 0.00019568575953599066,
      "cost_critic_loss": 0.40113353729248047,
      "reward_critic_loss_last": 0.00018948210345115513,
      "cost_critic_loss_last": 0.3905596435070038,
      "critic_epochs": 8,
      "daily_voltage_cost": 0.014756632968783379,
      "daily_voltage_cost_raw": 0.014756632968783379,
      "daily_voltage_cost_normalized": 0.7378315925598145,
      "daily_economic_return_raw_yuan": -432318.03125,
      "daily_economic_return_normalized": -0.13716958463191986,
      "daily_economic_cost_raw_yuan": 432318.03125,
      "economic_reward_scale_yuan": 3151704.8194007874,
      "lagrange_multiplier": 0.0,
      "cost_budget": 1.0,
      "cost_budget_raw": 0.02,
      "cost_budget_normalized": 1.0,
      "algorithm_cost_mode": "separate_cost",
      "fixed_cost_penalty_coef": 0.0,
      "log_std_max": -2.3,
      "accepted": true,
      "mode": "constrained_reward",
      "reward_before": 7.357682818565081e-08,
      "reward_after": 0.11917151510715485,
      "cost_before": 0.7378337383270264,
      "cost_after": 0.9374486207962036,
      "kl_before": -2.384185791015625e-07,
      "kl_after": 0.019882073625922203,
      "cost_gap": -0.26216626167297363,
      "cost_recoverable": true,
      "cost_quadratic": 841.2069702148438,
      "reward_quadratic": 0.3829176425933838,
      "reward_cost_cross": 5.019160270690918,
      "max_linear_cost_drop": 5.800713646491589,
      "rollout_wall_seconds": 2.418970560654998,
      "update_wall_seconds": 1.8860884793102741,
      "total_wall_seconds": 4.305061034858227
    },
    {
      "update": 979,
      "algorithm": "macpo",
      "actor_loss": -0.12428455054759979,
      "reward_critic_loss": 0.00018778319645207375,
      "cost_critic_loss": 0.2570759057998657,
      "reward_critic_loss_last": 0.00018653726147022098,
      "cost_critic_loss_last": 0.2543627619743347,
      "critic_epochs": 8,
      "daily_voltage_cost": 0.010393351316452026,
      "daily_voltage_cost_raw": 0.010393351316452026,
      "daily_voltage_cost_normalized": 0.5196675062179565,
      "daily_economic_return_raw_yuan": -530714.0,
      "daily_economic_return_normalized": -0.16838949918746948,
      "daily_economic_cost_raw_yuan": 530714.0,
      "economic_reward_scale_yuan": 3151704.8194007874,
      "lagrange_multiplier": 0.0,
      "cost_budget": 1.0,
      "cost_budget_raw": 0.02,
      "cost_budget_normalized": 1.0,
      "algorithm_cost_mode": "separate_cost",
      "fixed_cost_penalty_coef": 0.0,
      "log_std_max": -2.3,
      "accepted": true,
      "mode": "reward",
      "reward_before": 8.177471499948297e-08,
      "reward_after": 0.12428455054759979,
      "cost_before": 0.5196638703346252,
      "cost_after": 0.06950220465660095,
      "kl_before": -2.384185791015625e-07,
      "kl_after": 0.01998497173190117,
      "cost_gap": -0.48033612966537476,
      "cost_recoverable": true,
      "cost_quadratic": 496.58856201171875,
      "reward_quadratic": 0.4299582540988922,
      "reward_cost_cross": -1.2253798246383667,
      "max_linear_cost_drop": 4.456853428201196,
      "rollout_wall_seconds": 2.320861840620637,
      "update_wall_seconds": 1.6476755160838366,
      "total_wall_seconds": 3.968539085239172
    },
    {
      "update": 980,
      "algorithm": "macpo",
      "actor_loss": -0.12562067806720734,
      "reward_critic_loss": 0.00017530244076624513,
      "cost_critic_loss": 0.08887308835983276,
      "reward_critic_loss_last": 0.00017118493269663304,
      "cost_critic_loss_last": 0.08016052097082138,
      "critic_epochs": 8,
      "daily_voltage_cost": 0.0006990364054217935,
      "daily_voltage_cost_raw": 0.0006990364054217935,
      "daily_voltage_cost_normalized": 0.034951820969581604,
      "daily_economic_return_raw_yuan": -428430.21875,
      "daily_economic_return_normalized": -0.13593602180480957,
      "daily_economic_cost_raw_yuan": 428430.21875,
      "economic_reward_scale_yuan": 3151704.8194007874,
      "lagrange_multiplier": 0.0,
      "cost_budget": 1.0,
      "cost_budget_raw": 0.02,
      "cost_budget_normalized": 1.0,
      "algorithm_cost_mode": "separate_cost",
      "fixed_cost_penalty_coef": 0.0,
      "log_std_max": -2.3,
      "accepted": true,
      "mode": "reward",
      "reward_before": -2.4133424147976257e-08,
      "reward_after": 0.12562067806720734,
      "cost_before": 0.03495236113667488,
      "cost_after": -0.03859888017177582,
      "kl_before": -2.384185791015625e-07,
      "kl_after": 0.019838470965623856,
      "cost_gap": -0.9650476388633251,
      "cost_recoverable": true,
      "cost_quadratic": 180.02874755859375,
      "reward_quadratic": 0.40261566638946533,
      "reward_cost_cross": 0.006247207522392273,
      "max_linear_cost_drop": 2.6834958360958474,
      "rollout_wall_seconds": 1.828782705590129,
      "update_wall_seconds": 1.4400551747530699,
      "total_wall_seconds": 3.268839931115508
    },
    {
      "update": 981,
      "algorithm": "macpo",
      "actor_loss": -0.1263791173696518,
      "reward_critic_loss": 0.00019168952712789178,
      "cost_critic_loss": 0.26199549436569214,
      "reward_critic_loss_last": 0.0001888320839498192,
      "cost_critic_loss_last": 0.26285919547080994,
      "critic_epochs": 8,
      "daily_voltage_cost": 0.012838686816394329,
      "daily_voltage_cost_raw": 0.012838686816394329,
      "daily_voltage_cost_normalized": 0.6419343948364258,
      "daily_economic_return_raw_yuan": -432585.8125,
      "daily_economic_return_normalized": -0.13725455105304718,
      "daily_economic_cost_raw_yuan": 432585.8125,
      "economic_reward_scale_yuan": 3151704.8194007874,
      "lagrange_multiplier": 0.0,
      "cost_budget": 1.0,
      "cost_budget_raw": 0.02,
      "cost_budget_normalized": 1.0,
      "algorithm_cost_mode": "separate_cost",
      "fixed_cost_penalty_coef": 0.0,
      "log_std_max": -2.3,
      "accepted": true,
      "mode": "reward",
      "reward_before": -1.1652112874571685e-07,
      "reward_after": 0.1263791173696518,
      "cost_before": 0.6419330835342407,
      "cost_after": 0.6782194375991821,
      "kl_before": -2.384185791015625e-07,
      "kl_after": 0.019992800429463387,
      "cost_gap": -0.3580669164657593,
      "cost_recoverable": true,
      "cost_quadratic": 472.8429260253906,
      "reward_quadratic": 0.41548025608062744,
      "reward_cost_cross": 0.43608927726745605,
      "max_linear_cost_drop": 4.3489903473123075,
      "rollout_wall_seconds": 1.659156171604991,
      "update_wall_seconds": 1.358591141179204,
      "total_wall_seconds": 3.017749320715666
    },
    {
      "update": 982,
      "algorithm": "macpo",
      "actor_loss": -0.15907022356987,
      "reward_critic_loss": 0.00033708271803334355,
      "cost_critic_loss": 0.12490175664424896,
      "reward_critic_loss_last": 0.0003338933165650815,
      "cost_critic_loss_last": 0.11947130411863327,
      "critic_epochs": 8,
      "daily_voltage_cost": 0.0019203454721719027,
      "daily_voltage_cost_raw": 0.0019203454721719027,
      "daily_voltage_cost_normalized": 0.0960172712802887,
      "daily_economic_return_raw_yuan": -445234.78125,
      "daily_economic_return_normalized": -0.14126792550086975,
      "daily_economic_cost_raw_yuan": 445234.78125,
      "economic_reward_scale_yuan": 3151704.8194007874,
      "lagrange_multiplier": 0.0,
      "cost_budget": 1.0,
      "cost_budget_raw": 0.02,
      "cost_budget_normalized": 1.0,
      "algorithm_cost_mode": "separate_cost",
      "fixed_cost_penalty_coef": 0.0,
      "log_std_max": -2.3,
      "accepted": true,
      "mode": "reward",
      "reward_before": -4.5156919981081955e-08,
      "reward_after": 0.15907022356987,
      "cost_before": 0.09602168947458267,
      "cost_after": 0.555105447769165,
      "kl_before": -2.384185791015625e-07,
      "kl_after": 0.019958777353167534,
      "cost_gap": -0.9039783105254173,
      "cost_recoverable": true,
      "cost_quadratic": 235.9176025390625,
      "reward_quadratic": 0.6013579368591309,
      "reward_cost_cross": 2.914724826812744,
      "max_linear_cost_drop": 3.071921890537339,
      "rollout_wall_seconds": 1.7735112383961678,
      "update_wall_seconds": 1.3856440037488937,
      "total_wall_seconds": 3.1591616459190845
    },
    {
      "update": 983,
      "algorithm": "macpo",
      "actor_loss": -0.11766012012958527,
      "reward_critic_loss": 0.00014933088095858693,
      "cost_critic_loss": 0.05493932589888573,
      "reward_critic_loss_last": 0.0001495894102845341,
      "cost_critic_loss_last": 0.05068529397249222,
      "critic_epochs": 8,
      "daily_voltage_cost": 0.001325806137174368,
      "daily_voltage_cost_raw": 0.001325806137174368,
      "daily_voltage_cost_normalized": 0.06629030406475067,
      "daily_economic_return_raw_yuan": -453360.125,
      "daily_economic_return_normalized": -0.14384600520133972,
      "daily_economic_cost_raw_yuan": 453360.125,
      "economic_reward_scale_yuan": 3151704.8194007874,
      "lagrange_multiplier": 0.0,
      "cost_budget": 1.0,
      "cost_budget_raw": 0.02,
      "cost_budget_normalized": 1.0,
      "algorithm_cost_mode": "separate_cost",
      "fixed_cost_penalty_coef": 0.0,
      "log_std_max": -2.3,
      "accepted": true,
      "mode": "reward",
      "reward_before": 7.95188341840003e-08,
      "reward_after": 0.11766012012958527,
      "cost_before": 0.06629207730293274,
      "cost_after": -0.22800429165363312,
      "kl_before": -2.384185791015625e-07,
      "kl_after": 0.01995774172246456,
      "cost_gap": -0.9337079226970673,
      "cost_recoverable": true,
      "cost_quadratic": 112.70082092285156,
      "reward_quadratic": 0.36559563875198364,
      "reward_cost_cross": -0.6022238731384277,
      "max_linear_cost_drop": 2.1232128571846163,
      "rollout_wall_seconds": 1.6267049387097359,
      "update_wall_seconds": 1.2646582666784525,
      "total_wall_seconds": 2.8913650289177895
    },
    {
      "update": 984,
      "algorithm": "macpo",
      "actor_loss": -0.15021111071109772,
      "reward_critic_loss": 0.00022896690643392503,
      "cost_critic_loss": 0.31625327467918396,
      "reward_critic_loss_last": 0.00021128093067090958,
      "cost_critic_loss_last": 0.31582385301589966,
      "critic_epochs": 8,
      "daily_voltage_cost": 0.010426066815853119,
      "daily_voltage_cost_raw": 0.010426066815853119,
      "daily_voltage_cost_normalized": 0.5213033556938171,
      "daily_economic_return_raw_yuan": -456921.1875,
      "daily_economic_return_normalized": -0.14497588574886322,
      "daily_economic_cost_raw_yuan": 456921.1875,
      "economic_reward_scale_yuan": 3151704.8194007874,
      "lagrange_multiplier": 0.0,
      "cost_budget": 1.0,
      "cost_budget_raw": 0.02,
      "cost_budget_normalized": 1.0,
      "algorithm_cost_mode": "separate_cost",
      "fixed_cost_penalty_coef": 0.0,
      "log_std_max": -2.3,
      "accepted": true,
      "mode": "reward",
      "reward_before": -1.5363710303972766e-07,
      "reward_after": 0.15021111071109772,
      "cost_before": 0.5213044285774231,
      "cost_after": -0.42971211671829224,
      "kl_before": -2.384185791015625e-07,
      "kl_after": 0.019952934235334396,
      "cost_gap": -0.4786955714225769,
      "cost_recoverable": true,
      "cost_quadratic": 643.78466796875,
      "reward_quadratic": 0.5110172033309937,
      "reward_cost_cross": -3.310206890106201,
      "max_linear_cost_drop": 5.074582418165066,
      "rollout_wall_seconds": 1.9009036477655172,
      "update_wall_seconds": 1.4649426471441984,
      "total_wall_seconds": 3.3658484388142824
    },
    {
      "update": 985,
      "algorithm": "macpo",
      "actor_loss": -0.13006432354450226,
      "reward_critic_loss": 0.00022056022135075182,
      "cost_critic_loss": 0.13815774023532867,
      "reward_critic_loss_last": 0.00021744197874795645,
      "cost_critic_loss_last": 0.13775892555713654,
      "critic_epochs": 8,
      "daily_voltage_cost": 0.006719376891851425,
      "daily_voltage_cost_raw": 0.006719376891851425,
      "daily_voltage_cost_normalized": 0.33596885204315186,
      "daily_economic_return_raw_yuan": -437724.125,
      "daily_economic_return_normalized": -0.13888487219810486,
      "daily_economic_cost_raw_yuan": 437724.125,
      "economic_reward_scale_yuan": 3151704.8194007874,
      "lagrange_multiplier": 0.0,
      "cost_budget": 1.0,
      "cost_budget_raw": 0.02,
      "cost_budget_normalized": 1.0,
      "algorithm_cost_mode": "separate_cost",
      "fixed_cost_penalty_coef": 0.0,
      "log_std_max": -2.3,
      "accepted": true,
      "mode": "reward",
      "reward_before": -3.0226779301756324e-08,
      "reward_after": 0.13006432354450226,
      "cost_before": 0.3359690308570862,
      "cost_after": 0.4332067370414734,
      "kl_before": -2.384185791015625e-07,
      "kl_after": 0.0199609212577343,
      "cost_gap": -0.6640309691429138,
      "cost_recoverable": true,
      "cost_quadratic": 320.989501953125,
      "reward_quadratic": 0.4258231818675995,
      "reward_cost_cross": 0.512331485748291,
      "max_linear_cost_drop": 3.5832359785709063,
      "rollout_wall_seconds": 1.5627055764198303,
      "update_wall_seconds": 1.4431492146104574,
      "total_wall_seconds": 3.005856605246663
    },
    {
      "update": 986,
      "algorithm": "macpo",
      "actor_loss": -0.13298194110393524,
      "reward_critic_loss": 0.00019561126828193665,
      "cost_critic_loss": 0.150132954120636,
      "reward_critic_loss_last": 0.00018793878552969545,
      "cost_critic_loss_last": 0.1478193998336792,
      "critic_epochs": 8,
      "daily_voltage_cost": 0.010750977322459221,
      "daily_voltage_cost_raw": 0.010750977322459221,
      "daily_voltage_cost_normalized": 0.5375488996505737,
      "daily_economic_return_raw_yuan": -489082.75,
      "daily_economic_return_normalized": -0.15518037974834442,
      "daily_economic_cost_raw_yuan": 489082.75,
      "economic_reward_scale_yuan": 3151704.8194007874,
      "lagrange_multiplier": 0.0,
      "cost_budget": 1.0,
      "cost_budget_raw": 0.02,
      "cost_budget_normalized": 1.0,
      "algorithm_cost_mode": "separate_cost",
      "fixed_cost_penalty_coef": 0.0,
      "log_std_max": -2.3,
      "accepted": true,
      "mode": "reward",
      "reward_before": 1.3784950070316881e-08,
      "reward_after": 0.13298194110393524,
      "cost_before": 0.5375480055809021,
      "cost_after": -0.5472227334976196,
      "kl_before": -2.384185791015625e-07,
      "kl_after": 0.019982285797595978,
      "cost_gap": -0.4624519944190979,
      "cost_recoverable": true,
      "cost_quadratic": 268.5299072265625,
      "reward_quadratic": 0.40610045194625854,
      "reward_cost_cross": -3.0954437255859375,
      "max_linear_cost_drop": 3.277376433835836,
      "rollout_wall_seconds": 1.86106445081532,
      "update_wall_seconds": 1.3853532988578081,
      "total_wall_seconds": 3.246419755741954
    },
    {
      "update": 987,
      "algorithm": "macpo",
      "actor_loss": -0.021940695121884346,
      "reward_critic_loss": 0.00036453985376283526,
      "cost_critic_loss": 0.6668571829795837,
      "reward_critic_loss_last": 0.00029105989960953593,
      "cost_critic_loss_last": 0.6650710105895996,
      "critic_epochs": 8,
      "daily_voltage_cost": 0.020104916766285896,
      "daily_voltage_cost_raw": 0.020104916766285896,
      "daily_voltage_cost_normalized": 1.0052458047866821,
      "daily_economic_return_raw_yuan": -559409.3125,
      "daily_economic_return_normalized": -0.17749419808387756,
      "daily_economic_cost_raw_yuan": 559409.3125,
      "economic_reward_scale_yuan": 3151704.8194007874,
      "lagrange_multiplier": 0.0,
      "cost_budget": 1.0,
      "cost_budget_raw": 0.02,
      "cost_budget_normalized": 1.0,
      "algorithm_cost_mode": "separate_cost",
      "fixed_cost_penalty_coef": 0.0,
      "log_std_max": -2.3,
      "accepted": true,
      "mode": "cost_recovery",
      "reward_before": 1.0208837863956433e-07,
      "reward_after": 0.021940695121884346,
      "cost_before": 1.0052402019500732,
      "cost_after": -2.186408519744873,
      "kl_before": -2.384185791015625e-07,
      "kl_after": 0.005020972341299057,
      "cost_gap": 0.005240201950073242,
      "cost_recoverable": true,
      "cost_quadratic": 1242.037841796875,
      "reward_quadratic": 0.6700782775878906,
      "reward_cost_cross": -9.003244400024414,
      "max_linear_cost_drop": 7.048511450786967,
      "rollout_wall_seconds": 1.7203417420387268,
      "update_wall_seconds": 1.4397713504731655,
      "total_wall_seconds": 3.1601150687783957
    },
    {
      "update": 988,
      "algorithm": "macpo",
      "actor_loss": -0.15079617500305176,
      "reward_critic_loss": 0.00026431630249135196,
      "cost_critic_loss": 0.14746801555156708,
      "reward_critic_loss_last": 0.00026060244999825954,
      "cost_critic_loss_last": 0.14012442529201508,
      "critic_epochs": 8,
      "daily_voltage_cost": 0.0042162733152508736,
      "daily_voltage_cost_raw": 0.0042162733152508736,
      "daily_voltage_cost_normalized": 0.21081364154815674,
      "daily_economic_return_raw_yuan": -433298.9375,
      "daily_economic_return_normalized": -0.13748081028461456,
      "daily_economic_cost_raw_yuan": 433298.9375,
      "economic_reward_scale_yuan": 3151704.8194007874,
      "lagrange_multiplier": 0.0,
      "cost_budget": 1.0,
      "cost_budget_raw": 0.02,
      "cost_budget_normalized": 1.0,
      "algorithm_cost_mode": "separate_cost",
      "fixed_cost_penalty_coef": 0.0,
      "log_std_max": -2.3,
      "accepted": true,
      "mode": "reward",
      "reward_before": -3.509064328000022e-08,
      "reward_after": 0.15079617500305176,
      "cost_before": 0.21081258356571198,
      "cost_after": -0.06786683201789856,
      "kl_before": -2.384185791015625e-07,
      "kl_after": 0.01993662491440773,
      "cost_gap": -0.789187416434288,
      "cost_recoverable": true,
      "cost_quadratic": 329.5956115722656,
      "reward_quadratic": 0.5427027344703674,
      "reward_cost_cross": -0.3960513472557068,
      "max_linear_cost_drop": 3.63095365749697,
      "rollout_wall_seconds": 1.4309761747717857,
      "update_wall_seconds": 1.4112382158637047,
      "total_wall_seconds": 2.842216268181801
    },
    {
      "update": 989,
      "algorithm": "macpo",
      "actor_loss": -0.14765647053718567,
      "reward_critic_loss": 0.0002810675650835037,
      "cost_critic_loss": 0.07697495073080063,
      "reward_critic_loss_last": 0.0002789984573610127,
      "cost_critic_loss_last": 0.07322253286838531,
      "critic_epochs": 8,
      "daily_voltage_cost": 0.0004571407043840736,
      "daily_voltage_cost_raw": 0.0004571407043840736,
      "daily_voltage_cost_normalized": 0.02285703457891941,
      "daily_economic_return_raw_yuan": -469589.5,
      "daily_economic_return_normalized": -0.14899539947509766,
      "daily_economic_cost_raw_yuan": 469589.5,
      "economic_reward_scale_yuan": 3151704.8194007874,
      "lagrange_multiplier": 0.0,
      "cost_budget": 1.0,
      "cost_budget_raw": 0.02,
      "cost_budget_normalized": 1.0,
      "algorithm_cost_mode": "separate_cost",
      "fixed_cost_penalty_coef": 0.0,
      "log_std_max": -2.3,
      "accepted": true,
      "mode": "reward",
      "reward_before": 7.564435122731084e-08,
      "reward_after": 0.14765647053718567,
      "cost_before": 0.022858180105686188,
      "cost_after": 0.019576260820031166,
      "kl_before": -2.384185791015625e-07,
      "kl_after": 0.019918514415621758,
      "cost_gap": -0.9771418198943138,
      "cost_recoverable": true,
      "cost_quadratic": 184.91537475585938,
      "reward_quadratic": 0.5812348127365112,
      "reward_cost_cross": 0.29387137293815613,
      "max_linear_cost_drop": 2.7196718534106967,
      "rollout_wall_seconds": 1.7574809063225985,
      "update_wall_seconds": 1.8287835754454136,
      "total_wall_seconds": 3.586267536506057
    },
    {
      "update": 990,
      "algorithm": "macpo",
      "actor_loss": -0.1403941810131073,
      "reward_critic_loss": 0.0002666140499059111,
      "cost_critic_loss": 0.2955588102340698,
      "reward_critic_loss_last": 0.0002539504203014076,
      "cost_critic_loss_last": 0.294833242893219,
      "critic_epochs": 8,
      "daily_voltage_cost": 0.011991338804364204,
      "daily_voltage_cost_raw": 0.011991338804364204,
      "daily_voltage_cost_normalized": 0.5995669364929199,
      "daily_economic_return_raw_yuan": -535142.25,
      "daily_economic_return_normalized": -0.16979454457759857,
      "daily_economic_cost_raw_yuan": 535142.25,
      "economic_reward_scale_yuan": 3151704.8194007874,
      "lagrange_multiplier": 0.0,
      "cost_budget": 1.0,
      "cost_budget_raw": 0.02,
      "cost_budget_normalized": 1.0,
      "algorithm_cost_mode": "separate_cost",
      "fixed_cost_penalty_coef": 0.0,
      "log_std_max": -2.3,
      "accepted": true,
      "mode": "reward",
      "reward_before": 1.6062011809481191e-07,
      "reward_after": 0.1403941810131073,
      "cost_before": 0.5995624661445618,
      "cost_after": 0.9127671718597412,
      "kl_before": -2.384185791015625e-07,
      "kl_after": 0.01990530639886856,
      "cost_gap": -0.40043753385543823,
      "cost_recoverable": true,
      "cost_quadratic": 547.5372924804688,
      "reward_quadratic": 0.5414817333221436,
      "reward_cost_cross": 1.0761407613754272,
      "max_linear_cost_drop": 4.679902958312143,
      "rollout_wall_seconds": 1.977119131013751,
      "update_wall_seconds": 1.7501203790307045,
      "total_wall_seconds": 3.727241488173604
    },
    {
      "update": 991,
      "algorithm": "macpo",
      "actor_loss": -0.14711782336235046,
      "reward_critic_loss": 0.00024344827397726476,
      "cost_critic_loss": 0.2793527841567993,
      "reward_critic_loss_last": 0.00023691971728112549,
      "cost_critic_loss_last": 0.2738500237464905,
      "critic_epochs": 8,
      "daily_voltage_cost": 0.00908393319696188,
      "daily_voltage_cost_raw": 0.00908393319696188,
      "daily_voltage_cost_normalized": 0.45419663190841675,
      "daily_economic_return_raw_yuan": -461382.4375,
      "daily_economic_return_normalized": -0.1463913917541504,
      "daily_economic_cost_raw_yuan": 461382.4375,
      "economic_reward_scale_yuan": 3151704.8194007874,
      "lagrange_multiplier": 0.0,
      "cost_budget": 1.0,
      "cost_budget_raw": 0.02,
      "cost_budget_normalized": 1.0,
      "algorithm_cost_mode": "separate_cost",
      "fixed_cost_penalty_coef": 0.0,
      "log_std_max": -2.3,
      "accepted": true,
      "mode": "reward",
      "reward_before": 1.1494404361656052e-07,
      "reward_after": 0.14711782336235046,
      "cost_before": 0.4541945457458496,
      "cost_after": 0.5354213714599609,
      "kl_before": -2.384185791015625e-07,
      "kl_after": 0.019943706691265106,
      "cost_gap": -0.5458054542541504,
      "cost_recoverable": true,
      "cost_quadratic": 547.2431640625,
      "reward_quadratic": 0.5152937173843384,
      "reward_cost_cross": 0.6085760593414307,
      "max_linear_cost_drop": 4.67864580434339,
      "rollout_wall_seconds": 1.9932877328246832,
      "update_wall_seconds": 1.6081559155136347,
      "total_wall_seconds": 3.601445583626628
    },
    {
      "update": 992,
      "algorithm": "macpo",
      "actor_loss": -0.1284644603729248,
      "reward_critic_loss": 0.00021485780598595738,
      "cost_critic_loss": 0.06409797817468643,
      "reward_critic_loss_last": 0.00020816075266338885,
      "cost_critic_loss_last": 0.06272511184215546,
      "critic_epochs": 8,
      "daily_voltage_cost": 0.0048684654757380486,
      "daily_voltage_cost_raw": 0.0048684654757380486,
      "daily_voltage_cost_normalized": 0.24342328310012817,
      "daily_economic_return_raw_yuan": -494482.5625,
      "daily_economic_return_normalized": -0.15689368546009064,
      "daily_economic_cost_raw_yuan": 494482.5625,
      "economic_reward_scale_yuan": 3151704.8194007874,
      "lagrange_multiplier": 0.0,
      "cost_budget": 1.0,
      "cost_budget_raw": 0.02,
      "cost_budget_normalized": 1.0,
      "algorithm_cost_mode": "separate_cost",
      "fixed_cost_penalty_coef": 0.0,
      "log_std_max": -2.3,
      "accepted": true,
      "mode": "reward",
      "reward_before": 1.4609108234253654e-07,
      "reward_after": 0.1284644603729248,
      "cost_before": 0.24342569708824158,
      "cost_after": 0.7543182969093323,
      "kl_before": -2.384185791015625e-07,
      "kl_after": 0.019983522593975067,
      "cost_gap": -0.7565743029117584,
      "cost_recoverable": true,
      "cost_quadratic": 140.47866821289062,
      "reward_quadratic": 0.4764271080493927,
      "reward_cost_cross": 1.9167380332946777,
      "max_linear_cost_drop": 2.3704739459685324,
      "rollout_wall_seconds": 2.1184298917651176,
      "update_wall_seconds": 1.8598078321665525,
      "total_wall_seconds": 3.978239981457591
    },
    {
      "update": 993,
      "algorithm": "macpo",
      "actor_loss": -0.1741197407245636,
      "reward_critic_loss": 0.0004358193837106228,
      "cost_critic_loss": 0.1287197470664978,
      "reward_critic_loss_last": 0.0004344489425420761,
      "cost_critic_loss_last": 0.1284085363149643,
      "critic_epochs": 8,
      "daily_voltage_cost": 0.007724299095571041,
      "daily_voltage_cost_raw": 0.007724299095571041,
      "daily_voltage_cost_normalized": 0.386214941740036,
      "daily_economic_return_raw_yuan": -438272.96875,
      "daily_economic_return_normalized": -0.13905902206897736,
      "daily_economic_cost_raw_yuan": 438272.96875,
      "economic_reward_scale_yuan": 3151704.8194007874,
      "lagrange_multiplier": 0.0,
      "cost_budget": 1.0,
      "cost_budget_raw": 0.02,
      "cost_budget_normalized": 1.0,
      "algorithm_cost_mode": "separate_cost",
      "fixed_cost_penalty_coef": 0.0,
      "log_std_max": -2.3,
      "accepted": true,
      "mode": "reward",
      "reward_before": 1.8097124154792255e-07,
      "reward_after": 0.1741197407245636,
      "cost_before": 0.38621291518211365,
      "cost_after": -0.15482881665229797,
      "kl_before": -2.384185791015625e-07,
      "kl_after": 0.019964253529906273,
      "cost_gap": -0.6137870848178864,
      "cost_recoverable": true,
      "cost_quadratic": 220.4766387939453,
      "reward_quadratic": 0.8317382335662842,
      "reward_cost_cross": -2.2663650512695312,
      "max_linear_cost_drop": 2.969691154271402,
      "rollout_wall_seconds": 2.3932617250829935,
      "update_wall_seconds": 1.9195103142410517,
      "total_wall_seconds": 4.312774397432804
    },
    {
      "update": 994,
      "algorithm": "macpo",
      "actor_loss": -0.14663417637348175,
      "reward_critic_loss": 0.0002807233831845224,
      "cost_critic_loss": 0.24373328685760498,
      "reward_critic_loss_last": 0.00027687562396749854,
      "cost_critic_loss_last": 0.24079559743404388,
      "critic_epochs": 8,
      "daily_voltage_cost": 0.008825873956084251,
      "daily_voltage_cost_raw": 0.008825873956084251,
      "daily_voltage_cost_normalized": 0.44129371643066406,
      "daily_economic_return_raw_yuan": -531139.1875,
      "daily_economic_return_normalized": -0.16852441430091858,
      "daily_economic_cost_raw_yuan": 531139.1875,
      "economic_reward_scale_yuan": 3151704.8194007874,
      "lagrange_multiplier": 0.0,
      "cost_budget": 1.0,
      "cost_budget_raw": 0.02,
      "cost_budget_normalized": 1.0,
      "algorithm_cost_mode": "separate_cost",
      "fixed_cost_penalty_coef": 0.0,
      "log_std_max": -2.3,
      "accepted": true,
      "mode": "reward",
      "reward_before": -1.0064449895708094e-07,
      "reward_after": 0.14663417637348175,
      "cost_before": 0.4412936866283417,
      "cost_after": 0.7504451274871826,
      "kl_before": -2.384185791015625e-07,
      "kl_after": 0.019984830170869827,
      "cost_gap": -0.5587063133716583,
      "cost_recoverable": true,
      "cost_quadratic": 442.3272399902344,
      "reward_quadratic": 0.5320766568183899,
      "reward_cost_cross": 1.3313226699829102,
      "max_linear_cost_drop": 4.206315442237942,
      "rollout_wall_seconds": 1.9165593534708023,
      "update_wall_seconds": 1.7032455131411552,
      "total_wall_seconds": 3.6198070123791695
    },
    {
      "update": 995,
      "algorithm": "macpo",
      "actor_loss": -0.1254829466342926,
      "reward_critic_loss": 0.0001947173586813733,
      "cost_critic_loss": 0.05819794535636902,
      "reward_critic_loss_last": 0.00018471688963472843,
      "cost_critic_loss_last": 0.057620637118816376,
      "critic_epochs": 8,
      "daily_voltage_cost": 0.0011949411127716303,
      "daily_voltage_cost_raw": 0.0011949411127716303,
      "daily_voltage_cost_normalized": 0.059747058898210526,
      "daily_economic_return_raw_yuan": -543358.3125,
      "daily_economic_return_normalized": -0.17240139842033386,
      "daily_economic_cost_raw_yuan": 543358.3125,
      "economic_reward_scale_yuan": 3151704.8194007874,
      "lagrange_multiplier": 0.0,
      "cost_budget": 1.0,
      "cost_budget_raw": 0.02,
      "cost_budget_normalized": 1.0,
      "algorithm_cost_mode": "separate_cost",
      "fixed_cost_penalty_coef": 0.0,
      "log_std_max": -2.3,
      "accepted": true,
      "mode": "reward",
      "reward_before": 1.0817741724622465e-07,
      "reward_after": 0.1254829466342926,
      "cost_before": 0.05974835529923439,
      "cost_after": 0.30950263142585754,
      "kl_before": -2.384185791015625e-07,
      "kl_after": 0.019941814243793488,
      "cost_gap": -0.9402516447007656,
      "cost_recoverable": true,
      "cost_quadratic": 133.75405883789062,
      "reward_quadratic": 0.3968355655670166,
      "reward_cost_cross": 0.9886585474014282,
      "max_linear_cost_drop": 2.3130417967506824,
      "rollout_wall_seconds": 1.7097084987908602,
      "update_wall_seconds": 1.5453383084386587,
      "total_wall_seconds": 3.2550487276166677
    },
    {
      "update": 996,
      "algorithm": "macpo",
      "actor_loss": -0.13133785128593445,
      "reward_critic_loss": 0.0001928654091898352,
      "cost_critic_loss": 0.043335914611816406,
      "reward_critic_loss_last": 0.00019243125279899687,
      "cost_critic_loss_last": 0.042905475944280624,
      "critic_epochs": 8,
      "daily_voltage_cost": 0.0012293967884033918,
      "daily_voltage_cost_raw": 0.0012293967884033918,
      "daily_voltage_cost_normalized": 0.06146984547376633,
      "daily_economic_return_raw_yuan": -439409.1875,
      "daily_economic_return_normalized": -0.1394195258617401,
      "daily_economic_cost_raw_yuan": 439409.1875,
      "economic_reward_scale_yuan": 3151704.8194007874,
      "lagrange_multiplier": 0.0,
      "cost_budget": 1.0,
      "cost_budget_raw": 0.02,
      "cost_budget_normalized": 1.0,
      "algorithm_cost_mode": "separate_cost",
      "fixed_cost_penalty_coef": 0.0,
      "log_std_max": -2.3,
      "accepted": true,
      "mode": "reward",
      "reward_before": -3.242458745944532e-09,
      "reward_after": 0.13133785128593445,
      "cost_before": 0.06147138774394989,
      "cost_after": -0.6564669013023376,
      "kl_before": -2.384185791015625e-07,
      "kl_after": 0.01987796649336815,
      "cost_gap": -0.9385286122560501,
      "cost_recoverable": true,
      "cost_quadratic": 92.34571838378906,
      "reward_quadratic": 0.36350497603416443,
      "reward_cost_cross": -1.8024078607559204,
      "max_linear_cost_drop": 1.92193359285683,
      "rollout_wall_seconds": 1.7079940531402826,
      "update_wall_seconds": 1.5887311156839132,
      "total_wall_seconds": 3.2967271115630865
    },
    {
      "update": 997,
      "algorithm": "macpo",
      "actor_loss": -0.13641951978206635,
      "reward_critic_loss": 0.0002881285035982728,
      "cost_critic_loss": 0.5686517357826233,
      "reward_critic_loss_last": 0.0002885242865886539,
      "cost_critic_loss_last": 0.5649696588516235,
      "critic_epochs": 8,
      "daily_voltage_cost": 0.007995001040399075,
      "daily_voltage_cost_raw": 0.007995001040399075,
      "daily_voltage_cost_normalized": 0.39975008368492126,
      "daily_economic_return_raw_yuan": -490671.8125,
      "daily_economic_return_normalized": -0.15568457543849945,
      "daily_economic_cost_raw_yuan": 490671.8125,
      "economic_reward_scale_yuan": 3151704.8194007874,
      "lagrange_multiplier": 0.0,
      "cost_budget": 1.0,
      "cost_budget_raw": 0.02,
      "cost_budget_normalized": 1.0,
      "algorithm_cost_mode": "separate_cost",
      "fixed_cost_penalty_coef": 0.0,
      "log_std_max": -2.3,
      "accepted": true,
      "mode": "constrained_reward",
      "reward_before": -4.5759264821754186e-08,
      "reward_after": 0.13641951978206635,
      "cost_before": 0.39974722266197205,
      "cost_after": 0.9576239585876465,
      "kl_before": -2.384185791015625e-07,
      "kl_after": 0.0196999479085207,
      "cost_gap": -0.600252777338028,
      "cost_recoverable": true,
      "cost_quadratic": 1170.14306640625,
      "reward_quadratic": 0.5504668354988098,
      "reward_cost_cross": 9.142194747924805,
      "max_linear_cost_drop": 6.841470796272538,
      "rollout_wall_seconds": 1.9493341408669949,
      "update_wall_seconds": 1.5291589740663767,
      "total_wall_seconds": 3.478495042771101
    },
    {
      "update": 998,
      "algorithm": "macpo",
      "actor_loss": -0.13217368721961975,
      "reward_critic_loss": 0.0002067707246169448,
      "cost_critic_loss": 0.35105758905410767,
      "reward_critic_loss_last": 0.00020644102187361568,
      "cost_critic_loss_last": 0.3512002229690552,
      "critic_epochs": 8,
      "daily_voltage_cost": 0.00685855420306325,
      "daily_voltage_cost_raw": 0.00685855420306325,
      "daily_voltage_cost_normalized": 0.3429276943206787,
      "daily_economic_return_raw_yuan": -423015.71875,
      "daily_economic_return_normalized": -0.13421806693077087,
      "daily_economic_cost_raw_yuan": 423015.71875,
      "economic_reward_scale_yuan": 3151704.8194007874,
      "lagrange_multiplier": 0.0,
      "cost_budget": 1.0,
      "cost_budget_raw": 0.02,
      "cost_budget_normalized": 1.0,
      "algorithm_cost_mode": "separate_cost",
      "fixed_cost_penalty_coef": 0.0,
      "log_std_max": -2.3,
      "accepted": true,
      "mode": "reward",
      "reward_before": 1.2618001221653685e-07,
      "reward_after": 0.13217368721961975,
      "cost_before": 0.34293249249458313,
      "cost_after": -0.10302752256393433,
      "kl_before": -2.384185791015625e-07,
      "kl_after": 0.019929517060518265,
      "cost_gap": -0.6570675075054169,
      "cost_recoverable": true,
      "cost_quadratic": 882.4046630859375,
      "reward_quadratic": 0.46191415190696716,
      "reward_cost_cross": -1.1864984035491943,
      "max_linear_cost_drop": 5.941059377201805,
      "rollout_wall_seconds": 2.062228975817561,
      "update_wall_seconds": 1.7678332049399614,
      "total_wall_seconds": 3.830064056441188
    },
    {
      "update": 999,
      "algorithm": "macpo",
      "actor_loss": -0.14917609095573425,
      "reward_critic_loss": 0.0002677181037142873,
      "cost_critic_loss": 0.12003493309020996,
      "reward_critic_loss_last": 0.00026669446378946304,
      "cost_critic_loss_last": 0.11948855966329575,
      "critic_epochs": 8,
      "daily_voltage_cost": 0.006409686990082264,
      "daily_voltage_cost_raw": 0.006409686990082264,
      "daily_voltage_cost_normalized": 0.32048436999320984,
      "daily_economic_return_raw_yuan": -423666.9375,
      "daily_economic_return_normalized": -0.13442468643188477,
      "daily_economic_cost_raw_yuan": 423666.9375,
      "economic_reward_scale_yuan": 3151704.8194007874,
      "lagrange_multiplier": 0.0,
      "cost_budget": 1.0,
      "cost_budget_raw": 0.02,
      "cost_budget_normalized": 1.0,
      "algorithm_cost_mode": "separate_cost",
      "fixed_cost_penalty_coef": 0.0,
      "log_std_max": -2.3,
      "accepted": true,
      "mode": "reward",
      "reward_before": -1.449001985065479e-08,
      "reward_after": 0.14917609095573425,
      "cost_before": 0.3204805254936218,
      "cost_after": -0.24878564476966858,
      "kl_before": -2.384185791015625e-07,
      "kl_after": 0.019861306995153427,
      "cost_gap": -0.6795194745063782,
      "cost_recoverable": true,
      "cost_quadratic": 229.7552490234375,
      "reward_quadratic": 0.5598074197769165,
      "reward_cost_cross": -2.3652091026306152,
      "max_linear_cost_drop": 3.0315359079083164,
      "rollout_wall_seconds": 2.329410633072257,
      "update_wall_seconds": 1.9156850185245275,
      "total_wall_seconds": 4.245097676292062
    },
    {
      "update": 1000,
      "algorithm": "macpo",
      "actor_loss": -0.15551680326461792,
      "reward_critic_loss": 0.0003037789720110595,
      "cost_critic_loss": 0.3000519573688507,
      "reward_critic_loss_last": 0.00030288792913779616,
      "cost_critic_loss_last": 0.30004775524139404,
      "critic_epochs": 8,
      "daily_voltage_cost": 0.009267792105674744,
      "daily_voltage_cost_raw": 0.009267792105674744,
      "daily_voltage_cost_normalized": 0.46338963508605957,
      "daily_economic_return_raw_yuan": -440297.1875,
      "daily_economic_return_normalized": -0.13970127701759338,
      "daily_economic_cost_raw_yuan": 440297.1875,
      "economic_reward_scale_yuan": 3151704.8194007874,
      "lagrange_multiplier": 0.0,
      "cost_budget": 1.0,
      "cost_budget_raw": 0.02,
      "cost_budget_normalized": 1.0,
      "algorithm_cost_mode": "separate_cost",
      "fixed_cost_penalty_coef": 0.0,
      "log_std_max": -2.3,
      "accepted": true,
      "mode": "reward",
      "reward_before": 1.1493618501390301e-07,
      "reward_after": 0.15551680326461792,
      "cost_before": 0.4633888304233551,
      "cost_after": -1.2380199432373047,
      "kl_before": -2.384185791015625e-07,
      "kl_after": 0.019902197644114494,
      "cost_gap": -0.5366111695766449,
      "cost_recoverable": true,
      "cost_quadratic": 615.6683959960938,
      "reward_quadratic": 0.5705945491790771,
      "reward_cost_cross": -7.150063514709473,
      "max_linear_cost_drop": 4.962533207933601,
      "rollout_wall_seconds": 2.4183699432760477,
      "update_wall_seconds": 1.9899609312415123,
      "total_wall_seconds": 4.408332794904709
    }
  ],
  "deterministic_rollout": {
    "summary": {
      "seed": 30,
      "steps": 24,
      "economic_cost": 726902.7064456177,
      "total_cost": 147182.04859542998,
      "terminal_settlement_cost": -579720.6578501877,
      "terminal_battery_asset_value": 1399.6422919449105,
      "terminal_h2_asset_value": 1139945.0390625,
      "terminal_undelivered_h2_energy": 2578.455616699219,
      "daily_voltage_cost": 0.0,
      "voltage_violation_area": 0.0,
      "voltage_min_pu": 0.97399846172258,
      "voltage_max_pu": 1.0125955671931592,
      "pf_failure_rate": 0.0,
      "safe_step_rate": 1.0,
      "emergency_h2_buy": 863.2572479248047,
      "planned_h2_order": 23340.605255126953,
      "late_h2_order": 10638.059478759766,
      "pending_h2_energy": 2578.45556640625,
      "history_off": false,
      "gru_hidden_off": false,
      "previous_action_off": false,
      "cross_agent_off": false,
      "eta_delay_hours": 0,
      "intent_action_mae": null,
      "intent_action_correlation": null,
      "intent_residual_max": null,
      "intent_residual_utilization_mean": null
    },
    "steps": [
      {
        "step": 0,
        "actions": [
          [
            0.27979516983032227,
            -0.8832136392593384,
            0.43160325288772583,
            0.2897464632987976,
            0.27310311794281006,
            0.15638521313667297,
            -0.7474952340126038,
            0.5101044178009033
          ],
          [
            0.5350680947303772,
            0.33279556035995483,
            0.13599325716495514,
            0.2559288740158081,
            -0.012397650629281998,
            -0.18945544958114624,
            0.22344252467155457,
            0.23679900169372559
          ],
          [
            -0.03136064112186432,
            -0.35334691405296326,
            0.007789283525198698,
            0.5113466382026672,
            -0.3400183320045471,
            -0.1897880733013153,
            0.12447655200958252,
            -0.21170775592327118
          ],
          [
            -0.2311672419309616,
            0.7189562916755676,
            -0.42795640230178833,
            0.28577157855033875,
            -0.7241173386573792,
            -0.8007463812828064,
            -0.44595250487327576,
            0.4441436529159546
          ]
        ],
        "intents": [
          [
            0.0,
            0.0,
            0.0
          ],
          [
            0.0,
            0.0,
            0.0
          ],
          [
            0.0,
            0.0,
            0.0
          ],
          [
            0.0,
            0.0,
            0.0
          ]
        ],
        "economic_cost": -3904.356536102295,
        "step_total_cost": -3904.356536102295,
        "terminal_settlement_cost": 0.0,
        "terminal_battery_asset_value": 1382.477398684714,
        "terminal_h2_asset_value": 520470.5859375,
        "terminal_undelivered_h2_energy": 0.0,
        "voltage_cost": 0.0,
        "voltage_violation_area": 0.0,
        "voltage_min_pu": 0.9918438499374472,
        "voltage_max_pu": 1.0,
        "pf_converged": true,
        "pcc_p_kw": [
          -4.57763671875e-05,
          -728.301513671875,
          0.0,
          1151.935302734375
        ],
        "pcc_q_kvar": [
          -2141.6165538882638,
          -1031.9315800172421,
          1186.6602309694642,
          -1951.7904291536915
        ],
        "p_el": [
          1279.795166015625,
          2302.60205078125,
          242.1598358154297,
          307.5331115722656
        ],
        "p_bat": [
          -1592.591552734375,
          399.35467529296875,
          -229.06744384765625,
          575.1650390625
        ],
        "soc": [
          0.16471756994724274,
          0.6264623403549194,
          0.4397190809249878,
          0.7732033729553223
        ],
        "p_ht": [
          546.2062377929688,
          -0.0,
          -780.1018676757812,
          -1081.8856201171875
        ],
        "h2_emergency_buy_energy": [
          0.0,
          0.0,
          0.0,
          0.0
        ],
        "h2_planned_external_order_energy": [
          0.0,
          0.0,
          0.0,
          0.0
        ],
        "h2_late_order_energy": [
          0.0,
          0.0,
          0.0,
          0.0
        ],
        "h2_level": [
          216.38783264160156,
          200.0,
          96.5946044921875,
          87.5401840209961
        ],
        "e_h2_load": [
          271.5590515136719,
          194.55198669433594,
          925.3977661132812,
          1281.7821044921875
        ],
        "pending_h2_energy_total": 0.0,
        "pending_h2_energy_agent": [
          0.0,
          0.0,
          0.0,
          0.0
        ],
        "external_min_eta": [
          0.0,
          0.0,
          0.0,
          0.0
        ]
      },
      {
        "step": 1,
        "actions": [
          [
            0.6404298543930054,
            -0.7700708508491516,
            0.34556522965431213,
            0.44070515036582947,
            0.4147910177707672,
            0.034881364554166794,
            -0.8410899043083191,
            0.7535988092422485
          ],
          [
            0.7489131093025208,
            0.3576287031173706,
            0.31263723969459534,
            0.3779597878456116,
            -0.024906039237976074,
            -0.13185559213161469,
            0.2698633670806885,
            -0.07695961743593216
          ],
          [
            -0.01803198829293251,
            -0.5777525901794434,
            0.1356947124004364,
            0.5365435481071472,
            -0.5124974846839905,
            -0.2789473235607147,
            0.21455369889736176,
            -0.3511066138744354
          ],
          [
            -0.073747418820858,
            0.7765740156173706,
            -0.4598965048789978,
            0.6048345565795898,
            -0.5538875460624695,
            -0.5480490326881409,
            -0.5915114879608154,
            0.5320553183555603
          ]
        ],
        "intents": [
          [
            0.0,
            0.0,
            0.0
          ],
          [
            0.0,
            0.0,
            0.0
          ],
          [
            0.0,
            0.0,
            0.0
          ],
          [
            0.0,
            0.0,
            0.0
          ]
        ],
        "economic_cost": 75902.20970153809,
        "step_total_cost": 75902.20970153809,
        "terminal_settlement_cost": 0.0,
        "terminal_battery_asset_value": 1442.168319025368,
        "terminal_h2_asset_value": 507116.19140625,
        "terminal_undelivered_h2_energy": 4026.9814531249995,
        "voltage_cost": 0.0,
        "voltage_violation_area": 0.0,
        "voltage_min_pu": 0.9807183298687666,
        "voltage_max_pu": 1.0,
        "pf_converged": true,
        "pcc_p_kw": [
          1555.3662109375,
          -294.97265625,
          0.0,
          794.9334716796875
        ],
        "pcc_q_kvar": [
          -3475.085137109161,
          448.1817479874579,
          1814.3599617424536,
          -2414.3401685777962
        ],
        "p_el": [
          1640.4298095703125,
          2623.36962890625,
          245.49200439453125,
          370.50103759765625
        ],
        "p_bat": [
          -307.408447265625,
          429.1544494628906,
          -131.7958984375,
          266.9402770996094
        ],
        "soc": [
          0.10000000149011612,
          0.7623612284660339,
          0.40503594279289246,
          0.8999999761581421
        ],
        "p_ht": [
          829.58203125,
          -0.0,
          -526.6641845703125,
          -748.0652465820312
        ],
        "h2_emergency_buy_energy": [
          0.0,
          0.0,
          1.52587890625e-05,
          1.52587890625e-05
        ],
        "h2_planned_external_order_energy": [
          0.0,
          0.0,
          673.4695434570312,
          1836.05078125
        ],
        "h2_late_order_energy": [
          0.0,
          0.0,
          0.0,
          0.0
        ],
        "h2_level": [
          241.2777862548828,
          200.0,
          80.79309844970703,
          65.09598541259766
        ],
        "e_h2_load": [
          204.53912353515625,
          149.4183349609375,
          673.9594116210938,
          988.8909301757812
        ],
        "pending_h2_energy_total": 4026.9814453125,
        "pending_h2_energy_agent": [
          0.0,
          0.0,
          2249.684326171875,
          1777.297119140625
        ],
        "external_min_eta": [
          0.0,
          0.0,
          0.0,
          0.0
        ]
      },
      {
        "step": 2,
        "actions": [
          [
            0.742506742477417,
            -0.5341046452522278,
            0.24549716711044312,
            0.38067930936813354,
            0.4650770127773285,
            -0.05096655711531639,
            -0.8064076900482178,
            0.7838726043701172
          ],
          [
            0.819352388381958,
            0.2936161160469055,
            0.34558403491973877,
            0.4106564521789551,
            -0.10057146847248077,
            -0.15619045495986938,
            0.20945703983306885,
            -0.5189295411109924
          ],
          [
            0.03784338757395744,
            -0.6603987812995911,
            0.33779460191726685,
            0.49789902567863464,
            -0.6019469499588013,
            -0.3677577078342438,
            0.18548421561717987,
            -0.3315834403038025
          ],
          [
            0.18543244898319244,
            0.7044809460639954,
            -0.3993719816207886,
            0.6368129849433899,
            -0.3267788589000702,
            -0.3338760435581207,
            -0.5086706876754761,
            0.5509310960769653
          ]
        ],
        "intents": [
          [
            0.0,
            0.0,
            0.0
          ],
          [
            0.0,
            0.0,
            0.0
          ],
          [
            0.0,
            0.0,
            0.0
          ],
          [
            0.0,
            0.0,
            0.0
          ]
        ],
        "economic_cost": 90545.04741287231,
        "step_total_cost": 90545.04741287231,
        "terminal_settlement_cost": 0.0,
        "terminal_battery_asset_value": 1511.136974109686,
        "terminal_h2_asset_value": 508972.79296875,
        "terminal_undelivered_h2_energy": 8619.110091796874,
        "voltage_cost": 0.0,
        "voltage_violation_area": 0.0,
        "voltage_min_pu": 0.9741589126464126,
        "voltage_max_pu": 1.0,
        "pf_converged": true,
        "pcc_p_kw": [
          1903.3153076171875,
          -232.984375,
          0.0,
          573.8628540039062
        ],
        "pcc_q_kvar": [
          -3648.2229766845703,
          2555.57493349319,
          1702.8090919291092,
          -2531.164970397949
        ],
        "p_el": [
          1742.5067138671875,
          2729.028564453125,
          259.4608459472656,
          474.1729736328125
        ],
        "p_bat": [
          -7.078051567077637e-06,
          352.3393249511719,
          -99.58517456054688,
          5.019338641432114e-05
        ],
        "soc": [
          0.10000000149011612,
          0.873935341835022,
          0.37882933020591736,
          0.8999999761581421
        ],
        "p_ht": [
          930.154052734375,
          -0.0,
          -400.58251953125,
          -467.6846008300781
        ],
        "h2_emergency_buy_energy": [
          0.0,
          0.0,
          0.0,
          0.0
        ],
        "h2_planned_external_order_energy": [
          0.0,
          0.0,
          288.4327392578125,
          2706.128662109375
        ],
        "h2_late_order_energy": [
          0.0,
          0.0,
          0.0,
          0.0
        ],
        "h2_level": [
          269.1852111816406,
          200.0,
          68.77442169189453,
          51.06404495239258
        ],
        "e_h2_load": [
          169.27647399902344,
          127.83780670166016,
          556.259033203125,
          775.8970336914062
        ],
        "pending_h2_energy_total": 8619.109375,
        "pending_h2_energy_agent": [
          0.0,
          0.0,
          4222.2802734375,
          4396.82958984375
        ],
        "external_min_eta": [
          0.0,
          0.0,
          0.0,
          0.0
        ]
      },
      {
        "step": 3,
        "actions": [
          [
            0.7793251276016235,
            -0.3544611930847168,
            0.17454108595848083,
            0.2463512122631073,
            0.4638460576534271,
            -0.10364830493927002,
            -0.7832856178283691,
            0.7730534076690674
          ],
          [
            0.8144809603691101,
            0.14461907744407654,
            0.2847374975681305,
            0.3219718337059021,
            -0.10085936635732651,
            -0.2393772304058075,
            0.13248397409915924,
            -0.687166690826416
          ],
          [
            0.08460783213376999,
            -0.667134702205658,
            0.48603400588035583,
            0.4571506679058075,
            -0.6724663972854614,
            -0.4331481456756592,
            0.1773972064256668,
            -0.24943050742149353
          ],
          [
            0.29064276814460754,
            0.6491757035255432,
            -0.3515191674232483,
            0.5535101890563965,
            -0.23040670156478882,
            -0.34869882464408875,
            -0.3005296587944031,
            0.5503469109535217
          ]
        ],
        "intents": [
          [
            0.0,
            0.0,
            0.0
          ],
          [
            0.0,
            0.0,
            0.0
          ],
          [
            0.0,
            0.0,
            0.0
          ],
          [
            0.0,
            0.0,
            0.0
          ]
        ],
        "economic_cost": 25417.34043121338,
        "step_total_cost": 25417.34043121338,
        "terminal_settlement_cost": 0.0,
        "terminal_battery_asset_value": 1506.6138293987024,
        "terminal_h2_asset_value": 518006.015625,
        "terminal_undelivered_h2_energy": 11139.343200195313,
        "voltage_cost": 0.0,
        "voltage_violation_area": 0.0,
        "voltage_min_pu": 0.9754017084881109,
        "voltage_max_pu": 1.0,
        "pf_converged": true,
        "pcc_p_kw": [
          1911.09716796875,
          -667.77099609375,
          0.0,
          594.3526611328125
        ],
        "pcc_q_kvar": [
          -3607.723876953125,
          3363.422759577186,
          1299.6835560226566,
          -2544.4528312683105
        ],
        "p_el": [
          1779.3250732421875,
          2721.721435546875,
          271.1519470214844,
          516.257080078125
        ],
        "p_bat": [
          -7.078051567077637e-06,
          82.3094482421875,
          -88.60733032226562,
          5.019338641432114e-05
        ],
        "soc": [
          0.10000000149011612,
          0.8999999761581421,
          0.3555116057395935,
          0.8999999761581421
        ],
        "p_ht": [
          927.692138671875,
          -0.0,
          -330.92578125,
          -295.66033935546875
        ],
        "h2_emergency_buy_energy": [
          0.0,
          0.0,
          0.0,
          0.0
        ],
        "h2_planned_external_order_energy": [
          0.0,
          0.0,
          0.0,
          825.529052734375
        ],
        "h2_late_order_energy": [
          0.0,
          0.0,
          0.0,
          0.0
        ],
        "h2_level": [
          297.0187683105469,
          200.0,
          58.84565353393555,
          42.1933479309082
        ],
        "e_h2_load": [
          152.0926513671875,
          114.47989654541016,
          493.616943359375,
          631.2274169921875
        ],
        "pending_h2_energy_total": 11139.34375,
        "pending_h2_energy_agent": [
          0.0,
          0.0,
          4222.2802734375,
          6917.06298828125
        ],
        "external_min_eta": [
          0.0,
          0.0,
          0.0,
          0.0
        ]
      },
      {
        "step": 4,
        "actions": [
          [
            0.7938660383224487,
            -0.24693486094474792,
            0.10008443892002106,
            0.10296444594860077,
            0.43823620676994324,
            -0.1322241574525833,
            -0.7665997743606567,
            0.7618246674537659
          ],
          [
            0.7742761373519897,
            0.012830773368477821,
            0.1877707988023758,
            0.2048679143190384,
            -0.09144309908151627,
            -0.30606433749198914,
            0.06063456833362579,
            -0.7370800375938416
          ],
          [
            0.05640966817736626,
            -0.6534290909767151,
            0.5418273210525513,
            0.42002636194229126,
            -0.6965302228927612,
            -0.4370613694190979,
            0.20722170174121857,
            -0.20738516747951508
          ],
          [
            0.23258671164512634,
            0.6353052854537964,
            -0.29477906227111816,
            0.44544729590415955,
            -0.2406262457370758,
            -0.4454745352268219,
            -0.055286213755607605,
            0.5817790031433105
          ]
        ],
        "intents": [
          [
            0.0,
            0.0,
            0.0
          ],
          [
            0.0,
            0.0,
            0.0
          ],
          [
            0.0,
            0.0,
            0.0
          ],
          [
            0.0,
            0.0,
            0.0
          ]
        ],
        "economic_cost": 67133.3408164978,
        "step_total_cost": 67133.3408164978,
        "terminal_settlement_cost": 0.0,
        "terminal_battery_asset_value": 1460.9171478953795,
        "terminal_h2_asset_value": 575038.88671875,
        "terminal_undelivered_h2_energy": 13245.019778320311,
        "voltage_cost": 0.0,
        "voltage_violation_area": 0.0,
        "voltage_min_pu": 0.97399846172258,
        "voltage_max_pu": 1.0,
        "pf_converged": true,
        "pcc_p_kw": [
          1923.891357421875,
          -407.3408203125,
          0.0,
          607.522216796875
        ],
        "pcc_q_kvar": [
          -3559.066577911377,
          3598.870079040527,
          1093.2414295829196,
          -2689.0883712768555
        ],
        "p_el": [
          1793.8660888671875,
          2661.414306640625,
          264.1024169921875,
          493.0346984863281
        ],
        "p_bat": [
          -7.078051567077637e-06,
          7.52900741645135e-05,
          -144.70648193359375,
          5.019338641432114e-05
        ],
        "soc": [
          0.10000000149011612,
          0.8999999761581421,
          0.31743094325065613,
          0.8999999761581421
        ],
        "p_ht": [
          876.472412109375,
          -0.0,
          -330.0720520019531,
          -422.60162353515625
        ],
        "h2_emergency_buy_energy": [
          0.0,
          0.0,
          0.0,
          0.0
        ],
        "h2_planned_external_order_energy": [
          0.0,
          0.0,
          0.0,
          2214.50048828125
        ],
        "h2_late_order_energy": [
          0.0,
          0.0,
          0.0,
          0.0
        ],
        "h2_level": [
          323.3155822753906,
          200.0,
          48.942501068115234,
          82.8382797241211
        ],
        "e_h2_load": [
          139.80723571777344,
          101.53614807128906,
          488.53350830078125,
          743.0741577148438
        ],
        "pending_h2_energy_total": 13245.01953125,
        "pending_h2_energy_agent": [
          0.0,
          0.0,
          5978.64892578125,
          7266.37109375
        ],
        "external_min_eta": [
          0.0,
          0.0,
          0.16666666666666666,
          0.0
        ]
      },
      {
        "step": 5,
        "actions": [
          [
            0.7968356013298035,
            -0.17406073212623596,
            0.0012131661642342806,
            -0.02840118296444416,
            0.39429470896720886,
            -0.13235896825790405,
            -0.7498058676719666,
            0.7462071180343628
          ],
          [
            0.70619136095047,
            -0.09446690231561661,
            0.08344285935163498,
            0.07893833518028259,
            -0.05778053402900696,
            -0.33601847290992737,
            0.011164277791976929,
            -0.711676836013794
          ],
          [
            0.08023877441883087,
            -0.6242858171463013,
            0.57024085521698,
            0.3869081437587738,
            -0.6768578290939331,
            -0.4682573080062866,
            0.18167860805988312,
            -0.13167354464530945
          ],
          [
            0.24862107634544373,
            0.6397485733032227,
            -0.2887515723705292,
            0.32407835125923157,
            -0.29065462946891785,
            -0.5246788859367371,
            0.0744740292429924,
            0.6332561373710632
          ]
        ],
        "intents": [
          [
            0.0,
            0.0,
            0.0
          ],
          [
            0.0,
            0.0,
            0.0
          ],
          [
            0.0,
            0.0,
            0.0
          ],
          [
            0.0,
            0.0,
            0.0
          ]
        ],
        "economic_cost": 54010.92925643921,
        "step_total_cost": 54010.92925643921,
        "terminal_settlement_cost": 0.0,
        "terminal_battery_asset_value": 1388.1315493000147,
        "terminal_h2_asset_value": 720738.515625,
        "terminal_undelivered_h2_energy": 11842.248658203125,
        "voltage_cost": 0.0,
        "voltage_violation_area": 0.0,
        "voltage_min_pu": 0.9749323523675364,
        "voltage_max_pu": 1.0,
        "pf_converged": true,
        "pcc_p_kw": [
          1951.278564453125,
          -223.77391052246094,
          0.0,
          634.0294799804688
        ],
        "pcc_q_kvar": [
          -3482.2874450683594,
          3477.2512150848165,
          733.6077869658292,
          -2932.9386590499644
        ],
        "p_el": [
          1796.8355712890625,
          2559.287109375,
          270.0596923828125,
          499.44842529296875
        ],
        "p_bat": [
          -7.078051567077637e-06,
          -0.0,
          -230.48748779296875,
          5.019338641432114e-05
        ],
        "soc": [
          0.10000000149011612,
          0.8999999761581421,
          0.2567763328552246,
          0.8999999761581421
        ],
        "p_ht": [
          788.5894165039062,
          -0.0,
          -372.8084716796875,
          -428.34393310546875
        ],
        "h2_emergency_buy_energy": [
          0.0,
          0.0,
          0.0,
          0.0
        ],
        "h2_planned_external_order_energy": [
          0.0,
          0.0,
          0.0,
          1775.630126953125
        ],
        "h2_late_order_energy": [
          0.0,
          0.0,
          0.0,
          0.0
        ],
        "h2_level": [
          346.9756164550781,
          200.0,
          105.25440979003906,
          148.5805206298828
        ],
        "e_h2_load": [
          148.28335571289062,
          100.92308044433594,
          534.8442993164062,
          752.9854125976562
        ],
        "pending_h2_energy_total": 11842.2490234375,
        "pending_h2_energy_agent": [
          0.0,
          0.0,
          5388.001953125,
          6454.2470703125
        ],
        "external_min_eta": [
          0.0,
          0.0,
          0.16666666666666666,
          0.0
        ]
      },
      {
        "step": 6,
        "actions": [
          [
            0.7902610898017883,
            -0.13033267855644226,
            -0.11225146055221558,
            -0.1311647742986679,
            0.3546440005302429,
            -0.09997288882732391,
            -0.7316927909851074,
            0.7199422717094421
          ],
          [
            0.6355355381965637,
            -0.15296927094459534,
            0.008623798377811909,
            -0.019066890701651573,
            -0.021283980458974838,
            -0.3293028771877289,
            -0.015338714234530926,
            -0.6548871994018555
          ],
          [
            0.12275806069374084,
            -0.5623379945755005,
            0.5806386470794678,
            0.3765145540237427,
            -0.6665936708450317,
            -0.4418356716632843,
            0.17498481273651123,
            -0.1043114885687828
          ],
          [
            0.21253490447998047,
            0.5640067458152771,
            -0.22898085415363312,
            0.21331632137298584,
            -0.3095480799674988,
            -0.4685109257698059,
            0.14315038919448853,
            0.5080003142356873
          ]
        ],
        "intents": [
          [
            0.0,
            0.0,
            0.0
          ],
          [
            0.0,
            0.0,
            0.0
          ],
          [
            0.0,
            0.0,
            0.0
          ],
          [
            0.0,
            0.0,
            0.0
          ]
        ],
        "economic_cost": 8004.030403137207,
        "step_total_cost": 8004.030403137207,
        "terminal_settlement_cost": 0.0,
        "terminal_battery_asset_value": 1346.9266648501798,
        "terminal_h2_asset_value": 781212.5390625,
        "terminal_undelivered_h2_energy": 11902.688770019531,
        "voltage_cost": 0.0,
        "voltage_violation_area": 0.0,
        "voltage_min_pu": 0.9770542161225343,
        "voltage_max_pu": 1.0,
        "pf_converged": true,
        "pcc_p_kw": [
          1814.4149169921875,
          -400.1315002441406,
          2.956390380859375e-05,
          464.81524658203125
        ],
        "pcc_q_kvar": [
          -3368.2570130760073,
          3204.702854979267,
          606.0242297523955,
          -2345.7520635783917
        ],
        "p_el": [
          1790.2611083984375,
          2453.30322265625,
          280.68951416015625,
          485.01397705078125
        ],
        "p_bat": [
          -7.078051567077637e-06,
          -0.0,
          -130.48236083984375,
          5.019338641432114e-05
        ],
        "soc": [
          0.10000000149011612,
          0.8999999761581421,
          0.22243887186050415,
          0.8999999761581421
        ],
        "p_ht": [
          709.2880249023438,
          -0.0,
          -387.538818359375,
          -278.5436706542969
        ],
        "h2_emergency_buy_energy": [
          0.0,
          0.0,
          0.0,
          0.0
        ],
        "h2_planned_external_order_energy": [
          0.0,
          0.0,
          0.0,
          246.00936889648438
        ],
        "h2_late_order_energy": [
          0.0,
          0.0,
          0.0,
          0.0
        ],
        "h2_level": [
          368.2563781738281,
          200.0,
          152.81088256835938,
          140.22337341308594
        ],
        "e_h2_load": [
          123.8542709350586,
          101.52264404296875,
          555.9525146484375,
          593.802734375
        ],
        "pending_h2_energy_total": 11902.6884765625,
        "pending_h2_energy_agent": [
          0.0,
          0.0,
          3415.405517578125,
          8487.283203125
        ],
        "external_min_eta": [
          0.0,
          0.0,
          0.16666666666666666,
          0.0
        ]
      },
      {
        "step": 7,
        "actions": [
          [
            0.7855416536331177,
            -0.1641482561826706,
            -0.16485579311847687,
            -0.21158680319786072,
            0.3148881196975708,
            -0.05506673827767372,
            -0.6993325352668762,
            0.6802935600280762
          ],
          [
            0.5963660478591919,
            -0.1293950378894806,
            -0.003272030036896467,
            -0.08061471581459045,
            -0.011286534368991852,
            -0.31459587812423706,
            0.021039560437202454,
            -0.5743511915206909
          ],
          [
            0.13152152299880981,
            -0.543213963508606,
            0.5588608384132385,
            0.37929680943489075,
            -0.618272602558136,
            -0.3730400502681732,
            0.22698543965816498,
            -0.1359822005033493
          ],
          [
            0.18665993213653564,
            0.5642779469490051,
            -0.19936934113502502,
            0.15533816814422607,
            -0.3736256957054138,
            -0.5230109691619873,
            0.23352265357971191,
            0.5065916180610657
          ]
        ],
        "intents": [
          [
            0.0,
            0.0,
            0.0
          ],
          [
            0.0,
            0.0,
            0.0
          ],
          [
            0.0,
            0.0,
            0.0
          ],
          [
            0.0,
            0.0,
            0.0
          ]
        ],
        "economic_cost": 62214.27177429199,
        "step_total_cost": 62214.27177429199,
        "terminal_settlement_cost": 0.0,
        "terminal_battery_asset_value": 1329.5594766600698,
        "terminal_h2_asset_value": 777662.6953125,
        "terminal_undelivered_h2_energy": 15507.698640625002,
        "voltage_cost": 0.0,
        "voltage_violation_area": 0.0,
        "voltage_min_pu": 0.9821678089582385,
        "voltage_max_pu": 1.0,
        "pf_converged": true,
        "pcc_p_kw": [
          1204.8092041015625,
          -284.1641845703125,
          1.52587890625e-05,
          172.22216796875
        ],
        "pcc_q_kvar": [
          -3121.188659257345,
          2811.630627975333,
          750.0700913557799,
          -2296.244878840555
        ],
        "p_el": [
          1785.5416259765625,
          2394.549072265625,
          282.88037109375,
          474.6639709472656
        ],
        "p_bat": [
          -7.078051567077637e-06,
          -0.0,
          -54.995880126953125,
          5.019338641432114e-05
        ],
        "soc": [
          0.10000000149011612,
          0.8999999761581421,
          0.20796626806259155,
          0.8999999761581421
        ],
        "p_ht": [
          629.7762451171875,
          -0.0,
          -306.53436279296875,
          -600.6834106445312
        ],
        "h2_emergency_buy_energy": [
          0.0,
          0.0,
          1.52587890625e-05,
          0.0
        ],
        "h2_planned_external_order_energy": [
          0.0,
          0.0,
          111.81570434570312,
          1937.7679443359375
        ],
        "h2_late_order_energy": [
          0.0,
          0.0,
          0.0,
          0.0
        ],
        "h2_level": [
          387.15155029296875,
          200.0,
          143.6139373779297,
          126.97493743896484
        ],
        "e_h2_load": [
          150.88369750976562,
          99.87191009521484,
          476.2626037597656,
          909.2149658203125
        ],
        "pending_h2_energy_total": 15507.6982421875,
        "pending_h2_energy_agent": [
          0.0,
          0.0,
          5334.7734375,
          10172.9248046875
        ],
        "external_min_eta": [
          0.0,
          0.16666666666666666,
          0.16666666666666666,
          0.0
        ]
      },
      {
        "step": 8,
        "actions": [
          [
            0.7996378540992737,
            -0.22413645684719086,
            -0.2169685661792755,
            -0.27614909410476685,
            0.28175437450408936,
            -0.03384275361895561,
            -0.7014777660369873,
            0.6181635856628418
          ],
          [
            0.5748308300971985,
            -0.06814050674438477,
            -0.01257279608398676,
            -0.12250646203756332,
            0.008292428217828274,
            -0.27066275477409363,
            0.09407631307840347,
            -0.49555662274360657
          ],
          [
            0.13424618542194366,
            -0.4585418999195099,
            0.6009315848350525,
            0.37341049313545227,
            -0.5631041526794434,
            -0.3364035189151764,
            0.29303380846977234,
            -0.12192793190479279
          ],
          [
            0.16603364050388336,
            0.5863264203071594,
            -0.22636711597442627,
            0.1877497136592865,
            -0.39106485247612,
            -0.4566227197647095,
            0.30875808000564575,
            0.345712274312973
          ]
        ],
        "intents": [
          [
            0.0,
            0.0,
            0.0
          ],
          [
            0.0,
            0.0,
            0.0
          ],
          [
            0.0,
            0.0,
            0.0
          ],
          [
            0.0,
            0.0,
            0.0
          ]
        ],
        "economic_cost": -5632.311592102051,
        "step_total_cost": -5632.311592102051,
        "terminal_settlement_cost": 0.0,
        "terminal_battery_asset_value": 1319.5666051692388,
        "terminal_h2_asset_value": 871109.1796875,
        "terminal_undelivered_h2_energy": 11390.210102539062,
        "voltage_cost": 0.0,
        "voltage_violation_area": 0.0,
        "voltage_min_pu": 0.9872763508281633,
        "voltage_max_pu": 1.0,
        "pf_converged": true,
        "pcc_p_kw": [
          332.2349853515625,
          -366.47894287109375,
          3.0517578125e-05,
          -171.5294647216797
        ],
        "pcc_q_kvar": [
          -2621.8091190502437,
          2431.7415856833204,
          721.0241917971548,
          -1443.8074250311206
        ],
        "p_el": [
          1799.6378173828125,
          2362.246337890625,
          283.5615539550781,
          466.4134521484375
        ],
        "p_bat": [
          -7.078051567077637e-06,
          -0.0,
          -31.64404296875,
          5.019338641432114e-05
        ],
        "soc": [
          0.10000000149011612,
          0.8999999761581421,
          0.19963888823986053,
          0.8999999761581421
        ],
        "p_ht": [
          563.5087280273438,
          16.584856033325195,
          -534.3114013671875,
          -1048.386474609375
        ],
        "h2_emergency_buy_energy": [
          0.0,
          0.0,
          0.0,
          0.0
        ],
        "h2_planned_external_order_energy": [
          0.0,
          0.0,
          0.0,
          0.0
        ],
        "h2_late_order_energy": [
          0.0,
          0.0,
          0.0,
          0.0
        ],
        "h2_level": [
          404.0585021972656,
          200.49758911132812,
          180.27931213378906,
          166.3608856201172
        ],
        "e_h2_load": [
          210.1659698486328,
          138.1246337890625,
          704.4483032226562,
          1351.55517578125
        ],
        "pending_h2_energy_total": 11390.2099609375,
        "pending_h2_energy_agent": [
          0.0,
          0.0,
          3578.405029296875,
          7811.8046875
        ],
        "external_min_eta": [
          0.0,
          0.16666666666666666,
          0.0,
          0.0
        ]
      },
      {
        "step": 9,
        "actions": [
          [
            0.8056211471557617,
            -0.25818130373954773,
            -0.2863537669181824,
            -0.34719976782798767,
            0.2683899700641632,
            0.010728460736572742,
            -0.6698616743087769,
            0.5074464678764343
          ],
          [
            0.5464309453964233,
            -0.005658371839672327,
            -0.021301530301570892,
            -0.11191871762275696,
            0.0035431417636573315,
            -0.22574105858802795,
            0.11317799240350723,
            -0.44854050874710083
          ],
          [
            0.09861470758914948,
            -0.3333022892475128,
            0.6108074188232422,
            0.4082079231739044,
            -0.5237549543380737,
            -0.22344551980495453,
            0.38010767102241516,
            -0.13290204107761383
          ],
          [
            0.1565767377614975,
            0.5168233513832092,
            -0.1739548146724701,
            0.15989013016223907,
            -0.3669755160808563,
            -0.4187292456626892,
            0.33071428537368774,
            0.39554813504219055
          ]
        ],
        "intents": [
          [
            0.0,
            0.0,
            0.0
          ],
          [
            0.0,
            0.0,
            0.0
          ],
          [
            0.0,
            0.0,
            0.0
          ],
          [
            0.0,
            0.0,
            0.0
          ]
        ],
        "economic_cost": 94316.34510421753,
        "step_total_cost": 94316.34510421753,
        "terminal_settlement_cost": 0.0,
        "terminal_battery_asset_value": 1319.5666051692388,
        "terminal_h2_asset_value": 873264.140625,
        "terminal_undelivered_h2_energy": 14352.783953125,
        "voltage_cost": 0.0,
        "voltage_violation_area": 0.0,
        "voltage_min_pu": 0.9950943180613927,
        "voltage_max_pu": 1.0,
        "pf_converged": true,
        "pcc_p_kw": [
          -519.7522583007812,
          -661.324462890625,
          -152.1708984375,
          -450.594970703125
        ],
        "pcc_q_kvar": [
          -1795.813180007393,
          2219.2590158199437,
          815.4514735832881,
          -1604.998492722885
        ],
        "p_el": [
          1805.62109375,
          2319.646484375,
          274.6536865234375,
          462.6307067871094
        ],
        "p_bat": [
          -0.0,
          -0.0,
          -0.0,
          5.019338641432114e-05
        ],
        "soc": [
          0.10000000149011612,
          0.8999999761581421,
          0.19963888823986053,
          0.8999999761581421
        ],
        "p_ht": [
          536.7799682617188,
          7.0862836837768555,
          -750.7864990234375,
          -1380.28564453125
        ],
        "h2_emergency_buy_energy": [
          0.0,
          0.0,
          1.52587890625e-05,
          0.0
        ],
        "h2_planned_external_order_energy": [
          0.0,
          0.0,
          803.2772827148438,
          2361.412353515625
        ],
        "h2_late_order_energy": [
          0.0,
          0.0,
          0.0,
          0.0
        ],
        "h2_level": [
          420.16351318359375,
          200.710205078125,
          207.52955627441406,
          124.94817352294922
        ],
        "e_h2_load": [
          284.35107421875,
          222.96273803710938,
          915.5787353515625,
          1680.99560546875
        ],
        "pending_h2_energy_total": 14352.783203125,
        "pending_h2_energy_agent": [
          0.0,
          0.0,
          4311.8056640625,
          10040.9775390625
        ],
        "external_min_eta": [
          0.16666666666666666,
          0.16666666666666666,
          0.0,
          0.0
        ]
      },
      {
        "step": 10,
        "actions": [
          [
            0.81331866979599,
            -0.3801090717315674,
            -0.28748396039009094,
            -0.4003285765647888,
            0.2708497643470764,
            0.053457919508218765,
            -0.6056098341941833,
            0.35906982421875
          ],
          [
            0.5857114791870117,
            0.09920179843902588,
            0.003517845878377557,
            -0.10363590717315674,
            -0.04134099557995796,
            -0.20855599641799927,
            0.20608647167682648,
            -0.46405911445617676
          ],
          [
            0.06331734359264374,
            -0.2647658884525299,
            0.6185426115989685,
            0.4280889332294464,
            -0.4926086962223053,
            -0.22203898429870605,
            0.5074014663696289,
            -0.1449597179889679
          ],
          [
            0.2499140352010727,
            0.5602025389671326,
            -0.21662895381450653,
            0.202546164393425,
            -0.41113710403442383,
            -0.47113680839538574,
            0.38630130887031555,
            0.35158297419548035
          ]
        ],
        "intents": [
          [
            0.0,
            0.0,
            0.0
          ],
          [
            0.0,
            0.0,
            0.0
          ],
          [
            0.0,
            0.0,
            0.0
          ],
          [
            0.0,
            0.0,
            0.0
          ]
        ],
        "economic_cost": 89211.42755126953,
        "step_total_cost": 89211.42755126953,
        "terminal_settlement_cost": 0.0,
        "terminal_battery_asset_value": 1319.5666051692388,
        "terminal_h2_asset_value": 894640.1953125,
        "terminal_undelivered_h2_energy": 16192.926757812498,
        "voltage_cost": 0.0,
        "voltage_violation_area": 0.0,
        "voltage_min_pu": 0.997483449279159,
        "voltage_max_pu": 1.0,
        "pf_converged": true,
        "pcc_p_kw": [
          -1495.8916015625,
          -580.861083984375,
          -302.93804931640625,
          -675.7474975585938
        ],
        "pcc_q_kvar": [
          -785.4021289914181,
          2280.9337294794454,
          902.798618302276,
          -1378.5872224602647
        ],
        "p_el": [
          1813.3187255859375,
          2378.567138671875,
          265.829345703125,
          499.9656066894531
        ],
        "p_bat": [
          -0.0,
          7.52900741645135e-05,
          -0.0,
          5.019338641432114e-05
        ],
        "soc": [
          0.10000000149011612,
          0.8999999761581421,
          0.19963888823986053,
          0.8999999761581421
        ],
        "p_ht": [
          541.6995239257812,
          -0.0,
          -981.8085327148438,
          -1377.202880859375
        ],
        "h2_emergency_buy_energy": [
          0.0,
          0.0,
          0.0,
          3.0517578125e-05
        ],
        "h2_planned_external_order_energy": [
          0.0,
          0.0,
          881.2237548828125,
          2148.5068359375
        ],
        "h2_late_order_energy": [
          0.0,
          0.0,
          0.0,
          0.0
        ],
        "h2_level": [
          436.4161376953125,
          200.710205078125,
          178.07235717773438,
          159.53086853027344
        ],
        "e_h2_load": [
          365.4271545410156,
          261.11541748046875,
          1141.30615234375,
          1702.1805419921875
        ],
        "pending_h2_energy_total": 16192.92578125,
        "pending_h2_energy_agent": [
          0.0,
          0.0,
          6687.97802734375,
          9504.9482421875
        ],
        "external_min_eta": [
          0.16666666666666666,
          0.0,
          0.0,
          0.16666666666666666
        ]
      },
      {
        "step": 11,
        "actions": [
          [
            0.8061281442642212,
            -0.41350528597831726,
            -0.3356175124645233,
            -0.4658801853656769,
            0.2771443724632263,
            0.10649251937866211,
            -0.4853995144367218,
            0.20792286098003387
          ],
          [
            0.6089723110198975,
            0.15546193718910217,
            0.012560623697936535,
            -0.09183742851018906,
            -0.07514432817697525,
            -0.17087142169475555,
            0.23045560717582703,
            -0.494499534368515
          ],
          [
            0.1402614414691925,
            -0.22770176827907562,
            0.6202287077903748,
            0.38697391748428345,
            -0.4252457916736603,
            -0.2616944909095764,
            0.5439663529396057,
            -0.08283399045467377
          ],
          [
            0.24246257543563843,
            0.5327592492103577,
            -0.14762014150619507,
            0.23057200014591217,
            -0.4174574315547943,
            -0.49319735169410706,
            0.42459675669670105,
            0.2700326144695282
          ]
        ],
        "intents": [
          [
            0.0,
            0.0,
            0.0
          ],
          [
            0.0,
            0.0,
            0.0
          ],
          [
            0.0,
            0.0,
            0.0
          ],
          [
            0.0,
            0.0,
            0.0
          ]
        ],
        "economic_cost": 10977.22152709961,
        "step_total_cost": 10977.22152709961,
        "terminal_settlement_cost": 0.0,
        "terminal_battery_asset_value": 1319.5666051692388,
        "terminal_h2_asset_value": 839680.60546875,
        "terminal_undelivered_h2_energy": 17695.26721630859,
        "voltage_cost": 0.0,
        "voltage_violation_area": 0.0,
        "voltage_min_pu": 0.9981846324832833,
        "voltage_max_pu": 1.0024440916173964,
        "pf_converged": true,
        "pcc_p_kw": [
          -2416.962890625,
          -727.686767578125,
          -236.68426513671875,
          -928.3406982421875
        ],
        "pcc_q_kvar": [
          224.59326171875,
          2423.577873253337,
          679.8993215593275,
          -977.8559303926563
        ],
        "p_el": [
          1806.128173828125,
          2413.45849609375,
          285.06536865234375,
          496.9850158691406
        ],
        "p_bat": [
          -0.0,
          7.52900741645135e-05,
          -0.0,
          5.019338641432114e-05
        ],
        "soc": [
          0.10000000149011612,
          0.8999999761581421,
          0.19963888823986053,
          0.8999999761581421
        ],
        "p_ht": [
          554.2887573242188,
          -0.0,
          -1362.8291015625,
          -1473.89501953125
        ],
        "h2_emergency_buy_energy": [
          0.0,
          0.0,
          0.0,
          3.0517578125e-05
        ],
        "h2_planned_external_order_energy": [
          0.0,
          0.0,
          0.0,
          444.91802978515625
        ],
        "h2_late_order_energy": [
          0.0,
          0.0,
          0.0,
          0.0
        ],
        "h2_level": [
          453.0464782714844,
          200.710205078125,
          150.69825744628906,
          115.3095932006836
        ],
        "e_h2_load": [
          357.302001953125,
          307.4789123535156,
          1533.8682861328125,
          1796.935302734375
        ],
        "pending_h2_energy_total": 17695.265625,
        "pending_h2_energy_agent": [
          0.0,
          0.0,
          6237.52734375,
          11457.73828125
        ],
        "external_min_eta": [
          0.16666666666666666,
          0.0,
          0.0,
          0.3333333333333333
        ]
      },
      {
        "step": 12,
        "actions": [
          [
            0.7886587977409363,
            -0.4426252543926239,
            -0.3832190930843353,
            -0.5287716388702393,
            0.29452043771743774,
            0.16328369081020355,
            -0.34619876742362976,
            0.06881289929151535
          ],
          [
            0.6086122393608093,
            0.16449841856956482,
            -0.009957659989595413,
            -0.08825433254241943,
            -0.08670835196971893,
            -0.14379508793354034,
            0.22084973752498627,
            -0.5234814882278442
          ],
          [
            0.2470373809337616,
            -0.17634283006191254,
            0.5952619314193726,
            0.3414171040058136,
            -0.3593248426914215,
            -0.2659544348716736,
            0.508882999420166,
            0.006418828386813402
          ],
          [
            0.3167816996574402,
            0.585369884967804,
            -0.18053661286830902,
            0.23083379864692688,
            -0.4015210270881653,
            -0.5169516801834106,
            0.4264190196990967,
            0.2945081889629364
          ]
        ],
        "intents": [
          [
            0.0,
            0.0,
            0.0
          ],
          [
            0.0,
            0.0,
            0.0
          ],
          [
            0.0,
            0.0,
            0.0
          ],
          [
            0.0,
            0.0,
            0.0
          ]
        ],
        "economic_cost": 114199.12298583984,
        "step_total_cost": 114199.12298583984,
        "terminal_settlement_cost": 0.0,
        "terminal_battery_asset_value": 1319.5666051692388,
        "terminal_h2_asset_value": 892858.18359375,
        "terminal_undelivered_h2_energy": 17914.460276367186,
        "voltage_cost": 0.0,
        "voltage_violation_area": 0.0,
        "voltage_min_pu": 0.9984913580287917,
        "voltage_max_pu": 1.0073507367604198,
        "pf_converged": true,
        "pcc_p_kw": [
          -2802.755615234375,
          -944.569580078125,
          -204.63134765625,
          -978.606689453125
        ],
        "pcc_q_kvar": [
          229.09454345703125,
          2548.152175880292,
          327.0933851326681,
          -1064.7050906339782
        ],
        "p_el": [
          1788.6588134765625,
          2412.91845703125,
          311.75933837890625,
          526.7127075195312
        ],
        "p_bat": [
          -0.0,
          7.52900741645135e-05,
          -0.0,
          5.019338641432114e-05
        ],
        "soc": [
          0.10000000149011612,
          0.8999999761581421,
          0.19963888823986053,
          0.8999999761581421
        ],
        "p_ht": [
          589.0408935546875,
          -0.0,
          -1221.7044677734375,
          -1479.1470947265625
        ],
        "h2_emergency_buy_energy": [
          0.0,
          0.0,
          542.3292846679688,
          3.0517578125e-05
        ],
        "h2_planned_external_order_energy": [
          0.0,
          0.0,
          849.9886474609375,
          1962.3837890625
        ],
        "h2_late_order_energy": [
          0.0,
          0.0,
          0.0,
          0.0
        ],
        "h2_level": [
          470.719482421875,
          200.710205078125,
          114.04345703125,
          187.4742889404297
        ],
        "e_h2_load": [
          358.834716796875,
          336.9229431152344,
          1951.08935546875,
          1821.5103759765625
        ],
        "pending_h2_energy_total": 17914.4609375,
        "pending_h2_energy_agent": [
          0.0,
          0.0,
          8472.927734375,
          9441.5322265625
        ],
        "external_min_eta": [
          0.16666666666666666,
          0.0,
          0.0,
          0.16666666666666666
        ]
      },
      {
        "step": 13,
        "actions": [
          [
            0.7605841159820557,
            -0.4576742649078369,
            -0.42911437153816223,
            -0.577518880367279,
            0.3209962546825409,
            0.22494716942310333,
            -0.19772964715957642,
            -0.02296145260334015
          ],
          [
            0.6039543151855469,
            0.15133437514305115,
            -0.04166656732559204,
            -0.11066309362649918,
            -0.062331486493349075,
            -0.11952673643827438,
            0.1903122514486313,
            -0.5378773808479309
          ],
          [
            0.26261064410209656,
            -0.08938922733068466,
            0.63494873046875,
            0.34405410289764404,
            -0.3536132276058197,
            -0.33410415053367615,
            0.5049606561660767,
            0.14740578830242157
          ],
          [
            0.3779420852661133,
            0.6048860549926758,
            -0.1729789525270462,
            0.21883299946784973,
            -0.47644156217575073,
            -0.5764415264129639,
            0.40673592686653137,
            0.10410123318433762
          ]
        ],
        "intents": [
          [
            0.0,
            0.0,
            0.0
          ],
          [
            0.0,
            0.0,
            0.0
          ],
          [
            0.0,
            0.0,
            0.0
          ],
          [
            0.0,
            0.0,
            0.0
          ]
        ],
        "economic_cost": 19799.013717651367,
        "step_total_cost": 19799.013717651367,
        "terminal_settlement_cost": 0.0,
        "terminal_battery_asset_value": 1319.5666051692388,
        "terminal_h2_asset_value": 866476.640625,
        "terminal_undelivered_h2_energy": 18454.31004833984,
        "voltage_cost": 0.0,
        "voltage_violation_area": 0.0,
        "voltage_min_pu": 0.9985798643064216,
        "voltage_max_pu": 1.0090898108248707,
        "pf_converged": true,
        "pcc_p_kw": [
          -2902.865478515625,
          -1014.0404052734375,
          -292.61199951171875,
          -1071.3831787109375
        ],
        "pcc_q_kvar": [
          198.31002807617188,
          2597.245559356082,
          -396.28667293022977,
          -249.02148796161396
        ],
        "p_el": [
          1760.5841064453125,
          2405.931396484375,
          315.65264892578125,
          551.1768188476562
        ],
        "p_bat": [
          -0.0,
          7.52900741645135e-05,
          -0.0,
          5.019338641432114e-05
        ],
        "soc": [
          0.10000000149011612,
          0.8999999761581421,
          0.19963888823986053,
          0.8999999761581421
        ],
        "p_ht": [
          142.66964721679688,
          -0.0,
          -1202.2850341796875,
          -1322.88720703125
        ],
        "h2_emergency_buy_energy": [
          0.0,
          0.0,
          320.9276123046875,
          0.0
        ],
        "h2_planned_external_order_energy": [
          0.0,
          0.0,
          114.92843627929688,
          0.0
        ],
        "h2_late_order_energy": [
          0.0,
          0.0,
          0.0,
          0.0
        ],
        "h2_level": [
          475.0,
          200.710205078125,
          81.13823699951172,
          189.71482849121094
        ],
        "e_h2_load": [
          332.7169494628906,
          271.6446838378906,
          1712.604248046875,
          1681.152099609375
        ],
        "pending_h2_energy_total": 18454.310546875,
        "pending_h2_energy_agent": [
          0.0,
          0.0,
          10410.341796875,
          8043.96826171875
        ],
        "external_min_eta": [
          0.16666666666666666,
          0.0,
          0.0,
          0.16666666666666666
        ]
      },
      {
        "step": 14,
        "actions": [
          [
            0.7276817560195923,
            -0.4865858554840088,
            -0.4453108608722687,
            -0.5909510254859924,
            0.3493685722351074,
            0.2799345552921295,
            -0.06593254208564758,
            -0.038911111652851105
          ],
          [
            0.621814489364624,
            0.15083852410316467,
            -0.0537794753909111,
            -0.12295274436473846,
            -0.03592320904135704,
            -0.11181925237178802,
            0.13636472821235657,
            -0.5465747117996216
          ],
          [
            0.18514738976955414,
            -0.0609879232943058,
            0.69313645362854,
            0.4187369644641876,
            -0.421879380941391,
            -0.4525565505027771,
            0.5298869609832764,
            0.27307209372520447
          ],
          [
            0.4002276062965393,
            0.56582111120224,
            -0.1267329603433609,
            0.17408111691474915,
            -0.49399515986442566,
            -0.6019926071166992,
            0.367142915725708,
            0.13286428153514862
          ]
        ],
        "intents": [
          [
            0.0,
            0.0,
            0.0
          ],
          [
            0.0,
            0.0,
            0.0
          ],
          [
            0.0,
            0.0,
            0.0
          ],
          [
            0.0,
            0.0,
            0.0
          ]
        ],
        "economic_cost": -4821.260177612305,
        "step_total_cost": -4821.260177612305,
        "terminal_settlement_cost": 0.0,
        "terminal_battery_asset_value": 1319.5666051692388,
        "terminal_h2_asset_value": 890763.8671875,
        "terminal_undelivered_h2_energy": 17445.211767089844,
        "voltage_cost": 0.0,
        "voltage_violation_area": 0.0,
        "voltage_min_pu": 0.9987888037791458,
        "voltage_max_pu": 1.011542693485024,
        "pf_converged": true,
        "pcc_p_kw": [
          -2662.65380859375,
          -1206.24951171875,
          -176.11447143554688,
          -1124.3687744140625
        ],
        "pcc_q_kvar": [
          204.09439086914062,
          2625.026498612341,
          -1115.2227977539778,
          -418.74727563430804
        ],
        "p_el": [
          1727.6817626953125,
          2432.7216796875,
          296.2868347167969,
          560.091064453125
        ],
        "p_bat": [
          -0.0,
          7.52900741645135e-05,
          -0.0,
          5.019338641432114e-05
        ],
        "soc": [
          0.10000000149011612,
          0.8999999761581421,
          0.19963888823986053,
          0.8999999761581421
        ],
        "p_ht": [
          0.0,
          -0.0,
          -814.2381591796875,
          -925.8192138671875
        ],
        "h2_emergency_buy_energy": [
          0.0,
          0.0,
          0.0,
          3.0517578125e-05
        ],
        "h2_planned_external_order_energy": [
          0.0,
          0.0,
          0.0,
          0.0
        ],
        "h2_late_order_energy": [
          0.0,
          0.0,
          0.0,
          1616.905029296875
        ],
        "h2_level": [
          475.0,
          200.710205078125,
          133.2052764892578,
          161.93746948242188
        ],
        "e_h2_load": [
          323.3879699707031,
          190.98684692382812,
          992.01025390625,
          1289.87841796875
        ],
        "pending_h2_energy_total": 17445.2109375,
        "pending_h2_energy_agent": [
          0.0,
          0.0,
          7860.70947265625,
          9584.501953125
        ],
        "external_min_eta": [
          0.16666666666666666,
          0.0,
          0.0,
          0.16666666666666666
        ]
      },
      {
        "step": 15,
        "actions": [
          [
            0.6647593379020691,
            -0.38094207644462585,
            -0.5231115221977234,
            -0.6174513101577759,
            0.3372447192668915,
            0.34554553031921387,
            0.12005124986171722,
            -0.026346037164330482
          ],
          [
            0.5928442478179932,
            0.0612763911485672,
            -0.14502371847629547,
            -0.1690790057182312,
            0.11167898029088974,
            -0.07478418201208115,
            0.005734261125326157,
            -0.4372609257698059
          ],
          [
            0.20092183351516724,
            0.05853327736258507,
            0.6193391680717468,
            0.3798220455646515,
            -0.47690412402153015,
            -0.5658190250396729,
            0.5264942049980164,
            0.26640260219573975
          ],
          [
            0.48438891768455505,
            0.5455072522163391,
            -0.1710401475429535,
            0.11954495310783386,
            -0.4961983263492584,
            -0.6865124106407166,
            0.35877203941345215,
            0.2263079732656479
          ]
        ],
        "intents": [
          [
            0.0,
            0.0,
            0.0
          ],
          [
            0.0,
            0.0,
            0.0
          ],
          [
            0.0,
            0.0,
            0.0
          ],
          [
            0.0,
            0.0,
            0.0
          ]
        ],
        "economic_cost": 18684.11456298828,
        "step_total_cost": 18684.11456298828,
        "terminal_settlement_cost": 0.0,
        "terminal_battery_asset_value": 1344.5896530385653,
        "terminal_h2_asset_value": 1003305.234375,
        "terminal_undelivered_h2_energy": 15006.195424316407,
        "voltage_cost": 0.0,
        "voltage_violation_area": 0.0,
        "voltage_min_pu": 0.9989400646851796,
        "voltage_max_pu": 1.0125955671931592,
        "pf_converged": true,
        "pcc_p_kw": [
          -2473.404052734375,
          -1313.6348876953125,
          -165.0555419921875,
          -895.4749145507812
        ],
        "pcc_q_kvar": [
          228.7398724299345,
          2129.7373135305616,
          -1132.312663137468,
          -852.509739117172
        ],
        "p_el": [
          1664.75927734375,
          2389.266357421875,
          300.23046875,
          593.7555541992188
        ],
        "p_bat": [
          -0.0,
          7.52900741645135e-05,
          87.79991912841797,
          5.019338641432114e-05
        ],
        "soc": [
          0.10000000149011612,
          0.8999999761581421,
          0.22049136459827423,
          0.8999999761581421
        ],
        "p_ht": [
          0.0,
          223.3579559326172,
          -557.7723999023438,
          -871.8778686523438
        ],
        "h2_emergency_buy_energy": [
          0.0,
          0.0,
          1.52587890625e-05,
          0.0
        ],
        "h2_planned_external_order_energy": [
          0.0,
          0.0,
          0.0,
          679.3587646484375
        ],
        "h2_late_order_energy": [
          0.0,
          0.0,
          1411.088134765625,
          1273.5433349609375
        ],
        "h2_level": [
          475.0,
          207.41162109375,
          188.17474365234375,
          212.8191375732422
        ],
        "e_h2_load": [
          298.09814453125,
          191.62567138671875,
          737.9107055664062,
          1257.8189697265625
        ],
        "pending_h2_energy_total": 15006.1953125,
        "pending_h2_energy_agent": [
          0.0,
          0.0,
          6787.23291015625,
          8218.962890625
        ],
        "external_min_eta": [
          0.16666666666666666,
          0.0,
          0.0,
          0.3333333333333333
        ]
      },
      {
        "step": 16,
        "actions": [
          [
            0.600546658039093,
            -0.33774375915527344,
            -0.5507969260215759,
            -0.6303665041923523,
            0.34699830412864685,
            0.4050857126712799,
            0.23866043984889984,
            -0.023897744715213776
          ],
          [
            0.5638554692268372,
            -0.027270909398794174,
            -0.21248450875282288,
            -0.2092447727918625,
            0.23354588449001312,
            -0.08149421960115433,
            -0.07294999063014984,
            -0.23398526012897491
          ],
          [
            0.38385412096977234,
            -0.03547151759266853,
            0.5402398705482483,
            0.3255945146083832,
            -0.45364317297935486,
            -0.6598661541938782,
            0.3742218613624573,
            0.34542691707611084
          ],
          [
            0.4616420567035675,
            0.4744558334350586,
            -0.11490204930305481,
            0.08642584085464478,
            -0.5508941411972046,
            -0.7594744563102722,
            0.3467620313167572,
            0.1815275102853775
          ]
        ],
        "intents": [
          [
            0.0,
            0.0,
            0.0
          ],
          [
            0.0,
            0.0,
            0.0
          ],
          [
            0.0,
            0.0,
            0.0
          ],
          [
            0.0,
            0.0,
            0.0
          ]
        ],
        "economic_cost": 10110.796325683594,
        "step_total_cost": 10110.796325683594,
        "terminal_settlement_cost": 0.0,
        "terminal_battery_asset_value": 1344.5896530385653,
        "terminal_h2_asset_value": 980344.1015625,
        "terminal_undelivered_h2_energy": 16545.78364648438,
        "voltage_cost": 0.0,
        "voltage_violation_area": 0.0,
        "voltage_min_pu": 0.9988621394700985,
        "voltage_max_pu": 1.0099205334228294,
        "pf_converged": true,
        "pcc_p_kw": [
          -1781.5789794921875,
          -1051.2999267578125,
          -443.12225341796875,
          -483.2698974609375
        ],
        "pcc_q_kvar": [
          254.62312841475642,
          1190.8819068309424,
          -1494.3827759935623,
          -660.3055860740284
        ],
        "p_el": [
          1600.546630859375,
          2345.783203125,
          345.9635314941406,
          584.6567993164062
        ],
        "p_bat": [
          -0.0,
          -0.0,
          -0.0,
          5.019338641432114e-05
        ],
        "soc": [
          0.10000000149011612,
          0.8999999761581421,
          0.22049136459827423,
          0.8999999761581421
        ],
        "p_ht": [
          0.0,
          467.0917663574219,
          -663.8013916015625,
          -992.2239379882812
        ],
        "h2_emergency_buy_energy": [
          0.0,
          0.0,
          0.0,
          0.0
        ],
        "h2_planned_external_order_energy": [
          0.0,
          0.0,
          0.0,
          380.88470458984375
        ],
        "h2_late_order_energy": [
          0.0,
          0.0,
          1105.43505859375,
          977.135009765625
        ],
        "h2_level": [
          475.0,
          221.42578125,
          168.2587127685547,
          195.757568359375
        ],
        "e_h2_load": [
          297.3777160644531,
          178.9867706298828,
          871.3795166015625,
          1372.2508544921875
        ],
        "pending_h2_energy_total": 16545.783203125,
        "pending_h2_energy_agent": [
          0.0,
          0.0,
          7826.24462890625,
          8719.5380859375
        ],
        "external_min_eta": [
          0.3333333333333333,
          0.16666666666666666,
          0.0,
          0.3333333333333333
        ]
      },
      {
        "step": 17,
        "actions": [
          [
            0.5292284488677979,
            -0.3165067434310913,
            -0.5320780873298645,
            -0.6091610789299011,
            0.352929949760437,
            0.44000157713890076,
            0.33194297552108765,
            0.07622982561588287
          ],
          [
            0.535784900188446,
            -0.11092416942119598,
            -0.23475860059261322,
            -0.23699051141738892,
            0.3305284082889557,
            -0.12155503034591675,
            -0.11727733910083771,
            0.062385641038417816
          ],
          [
            0.43111568689346313,
            0.005543285980820656,
            0.523481011390686,
            0.36409705877304077,
            -0.5608628988265991,
            -0.7338945865631104,
            0.33619552850723267,
            0.4269314110279083
          ],
          [
            0.40597957372665405,
            0.4189239740371704,
            -0.06727733463048935,
            0.07498062402009964,
            -0.6110959053039551,
            -0.7950878739356995,
            0.2695682942867279,
            0.22379614412784576
          ]
        ],
        "intents": [
          [
            0.0,
            0.0,
            0.0
          ],
          [
            0.0,
            0.0,
            0.0
          ],
          [
            0.0,
            0.0,
            0.0
          ],
          [
            0.0,
            0.0,
            0.0
          ]
        ],
        "economic_cost": -2555.0094871520996,
        "step_total_cost": -2555.0094871520996,
        "terminal_settlement_cost": 0.0,
        "terminal_battery_asset_value": 1346.9593308671028,
        "terminal_h2_asset_value": 1033431.328125,
        "terminal_undelivered_h2_energy": 14266.940979003908,
        "voltage_cost": 0.0,
        "voltage_violation_area": 0.0,
        "voltage_min_pu": 0.9988812997412103,
        "voltage_max_pu": 1.007535300423566,
        "pf_converged": true,
        "pcc_p_kw": [
          -637.6075439453125,
          -721.66259765625,
          -591.884765625,
          -108.6231689453125
        ],
        "pcc_q_kvar": [
          -124.67614883424653,
          -203.10744467909382,
          -1870.7239291932815,
          -844.7098205806467
        ],
        "p_el": [
          1529.2283935546875,
          2303.67724609375,
          357.7789306640625,
          562.391845703125
        ],
        "p_bat": [
          -0.0,
          -0.0,
          8.314929008483887,
          5.019338641432114e-05
        ],
        "soc": [
          0.10000000149011612,
          0.8999999761581421,
          0.22246615588665009,
          0.8999999761581421
        ],
        "p_ht": [
          0.0,
          661.0568237304688,
          -700.0263061523438,
          -1250.2806396484375
        ],
        "h2_emergency_buy_energy": [
          0.0,
          0.0,
          0.0,
          0.0
        ],
        "h2_planned_external_order_energy": [
          0.0,
          0.0,
          0.0,
          0.0
        ],
        "h2_late_order_energy": [
          0.0,
          0.0,
          0.0,
          832.4555053710938
        ],
        "h2_level": [
          475.0,
          241.2594757080078,
          147.25582885742188,
          250.01939392089844
        ],
        "e_h2_load": [
          288.3995361328125,
          174.5757598876953,
          914.6936645507812,
          1615.8353271484375
        ],
        "pending_h2_energy_total": 14266.94140625,
        "pending_h2_energy_agent": [
          0.0,
          0.0,
          7826.24462890625,
          6440.6962890625
        ],
        "external_min_eta": [
          0.16666666666666666,
          0.3333333333333333,
          0.0,
          0.0
        ]
      },
      {
        "step": 18,
        "actions": [
          [
            0.4805772006511688,
            -0.35620611906051636,
            -0.4377000629901886,
            -0.5558413863182068,
            0.3635139763355255,
            0.429924875497818,
            0.4102645516395569,
            0.23307596147060394
          ],
          [
            0.5299832224845886,
            -0.1416393220424652,
            -0.18296106159687042,
            -0.25105080008506775,
            0.36276522278785706,
            -0.2232976108789444,
            -0.07969842851161957,
            0.3424193263053894
          ],
          [
            0.4723915457725525,
            -0.03312869742512703,
            0.4239610731601715,
            0.42856016755104065,
            -0.6103922128677368,
            -0.8182586431503296,
            0.32016700506210327,
            0.4462633430957794
          ],
          [
            0.451527863740921,
            0.4395411014556885,
            -0.10488006472587585,
            0.06510340422391891,
            -0.7196027040481567,
            -0.8297326564788818,
            0.15313827991485596,
            0.2896369695663452
          ]
        ],
        "intents": [
          [
            0.0,
            0.0,
            0.0
          ],
          [
            0.0,
            0.0,
            0.0
          ],
          [
            0.0,
            0.0,
            0.0
          ],
          [
            0.0,
            0.0,
            0.0
          ]
        ],
        "economic_cost": -1204.1742352294925,
        "step_total_cost": -1204.1742352294925,
        "terminal_settlement_cost": 0.0,
        "terminal_battery_asset_value": 1346.9593308671028,
        "terminal_h2_asset_value": 1114672.96875,
        "terminal_undelivered_h2_energy": 11168.536512207033,
        "voltage_cost": 0.0,
        "voltage_violation_area": 0.0,
        "voltage_min_pu": 0.9988599791707747,
        "voltage_max_pu": 1.0052852389898768,
        "pf_converged": true,
        "pcc_p_kw": [
          685.6661376953125,
          -575.4698486328125,
          -855.8947143554688,
          390.96356201171875
        ],
        "pcc_q_kvar": [
          -896.5769751271246,
          -1533.476541673888,
          -1972.2356667334584,
          -1177.0975770032449
        ],
        "p_el": [
          1480.5771484375,
          2294.974853515625,
          368.097900390625,
          580.6111450195312
        ],
        "p_bat": [
          -7.078051567077637e-06,
          -0.0,
          -0.0,
          5.019338641432114e-05
        ],
        "soc": [
          0.10000000149011612,
          0.8999999761581421,
          0.22246615588665009,
          0.8999999761581421
        ],
        "p_ht": [
          0.0,
          725.5304565429688,
          -662.9699096679688,
          -1232.6966552734375
        ],
        "h2_emergency_buy_energy": [
          0.0,
          0.0,
          1.52587890625e-05,
          0.0
        ],
        "h2_planned_external_order_energy": [
          0.0,
          0.0,
          0.0,
          0.6556396484375
        ],
        "h2_late_order_energy": [
          0.0,
          0.0,
          590.659423828125,
          691.7110595703125
        ],
        "h2_level": [
          475.0,
          263.0275573730469,
          171.75682067871094,
          285.0
        ],
        "e_h2_load": [
          306.9000549316406,
          213.99221801757812,
          883.8286743164062,
          1610.0938720703125
        ],
        "pending_h2_energy_total": 11168.537109375,
        "pending_h2_energy_agent": [
          0.0,
          0.0,
          6913.68994140625,
          4254.8466796875
        ],
        "external_min_eta": [
          0.0,
          0.16666666666666666,
          0.0,
          0.0
        ]
      },
      {
        "step": 19,
        "actions": [
          [
            0.5001533031463623,
            -0.37067362666130066,
            -0.3287179470062256,
            -0.5115882754325867,
            0.36562517285346985,
            0.36591672897338867,
            0.392621785402298,
            0.3636306822299957
          ],
          [
            0.5497634410858154,
            -0.16878487169742584,
            -0.10080213844776154,
            -0.26140034198760986,
            0.4167303442955017,
            -0.2505023181438446,
            0.00171310652513057,
            0.5494327545166016
          ],
          [
            0.5335333943367004,
            -0.09858355671167374,
            0.26616376638412476,
            0.4921325743198395,
            -0.6711463332176208,
            -0.850469172000885,
            0.2916460633277893,
            0.38105329871177673
          ],
          [
            0.45800748467445374,
            0.4937687814235687,
            -0.12319592386484146,
            0.07131502032279968,
            -0.7870815992355347,
            -0.8552370071411133,
            0.09516637772321701,
            0.24826093018054962
          ]
        ],
        "intents": [
          [
            0.0,
            0.0,
            0.0
          ],
          [
            0.0,
            0.0,
            0.0
          ],
          [
            0.0,
            0.0,
            0.0
          ],
          [
            0.0,
            0.0,
            0.0
          ]
        ],
        "economic_cost": -7.294158935546875,
        "step_total_cost": -7.294158935546875,
        "terminal_settlement_cost": 0.0,
        "terminal_battery_asset_value": 1346.9593308671028,
        "terminal_h2_asset_value": 1190824.21875,
        "terminal_undelivered_h2_energy": 7643.855316894529,
        "voltage_cost": 0.0,
        "voltage_violation_area": 0.0,
        "voltage_min_pu": 0.9958868041117697,
        "voltage_max_pu": 1.0,
        "pf_converged": true,
        "pcc_p_kw": [
          1728.4688720703125,
          -322.3792419433594,
          -908.0496826171875,
          782.72216796875
        ],
        "pcc_q_kvar": [
          -1521.1841104833936,
          -2506.4425232404947,
          -1615.544277576133,
          -976.0794082464788
        ],
        "p_el": [
          1500.1533203125,
          2324.645263671875,
          383.38336181640625,
          583.2030029296875
        ],
        "p_bat": [
          -7.078051567077637e-06,
          -0.0,
          -0.0,
          5.019338641432114e-05
        ],
        "soc": [
          0.10000000149011612,
          0.8999999761581421,
          0.22246615588665009,
          0.8999999761581421
        ],
        "p_ht": [
          0.0,
          833.460693359375,
          -927.188720703125,
          -1359.1148681640625
        ],
        "h2_emergency_buy_energy": [
          0.0,
          0.0,
          0.0,
          0.0
        ],
        "h2_planned_external_order_energy": [
          0.0,
          0.0,
          0.0,
          0.0
        ],
        "h2_late_order_energy": [
          0.0,
          0.0,
          485.9751892089844,
          0.0
        ],
        "h2_level": [
          475.0,
          288.03387451171875,
          263.6868591308594,
          244.22247314453125
        ],
        "e_h2_load": [
          358.4935607910156,
          269.2809143066406,
          1157.21875,
          1738.19677734375
        ],
        "pending_h2_energy_total": 7643.85546875,
        "pending_h2_energy_agent": [
          0.0,
          0.0,
          3389.008544921875,
          4254.8466796875
        ],
        "external_min_eta": [
          0.0,
          0.16666666666666666,
          0.16666666666666666,
          0.0
        ]
      },
      {
        "step": 20,
        "actions": [
          [
            0.5166429281234741,
            -0.3141222596168518,
            -0.21876941621303558,
            -0.5064916014671326,
            0.3478833734989166,
            0.29486000537872314,
            0.4459855556488037,
            0.4581742286682129
          ],
          [
            0.543658971786499,
            -0.20046572387218475,
            -0.044554419815540314,
            -0.24032743275165558,
            0.4548990726470947,
            -0.2504914104938507,
            0.04721301421523094,
            0.6484957933425903
          ],
          [
            0.5889652967453003,
            -0.2481869012117386,
            -0.010010657832026482,
            0.47091981768608093,
            -0.7041866779327393,
            -0.8681702613830566,
            0.2691485583782196,
            0.26590022444725037
          ],
          [
            0.4565447270870209,
            0.528468132019043,
            -0.13429810106754303,
            0.0922485888004303,
            -0.8119546175003052,
            -0.8678497076034546,
            0.0792914405465126,
            0.40981900691986084
          ]
        ],
        "intents": [
          [
            0.0,
            0.0,
            0.0
          ],
          [
            0.0,
            0.0,
            0.0
          ],
          [
            0.0,
            0.0,
            0.0
          ],
          [
            0.0,
            0.0,
            0.0
          ]
        ],
        "economic_cost": 5921.146537780762,
        "step_total_cost": 5921.146537780762,
        "terminal_settlement_cost": 0.0,
        "terminal_battery_asset_value": 1346.9593308671028,
        "terminal_h2_asset_value": 1136739.375,
        "terminal_undelivered_h2_energy": 7877.892037109373,
        "voltage_cost": 0.0,
        "voltage_violation_area": 0.0,
        "voltage_min_pu": 0.9889261777775714,
        "voltage_max_pu": 1.0,
        "pf_converged": true,
        "pcc_p_kw": [
          2183.796630859375,
          -185.5984649658203,
          -267.0939636230469,
          1054.3480224609375
        ],
        "pcc_q_kvar": [
          -1930.7059109696802,
          -2937.470130262826,
          -928.2198944693519,
          -1710.658764334329
        ],
        "p_el": [
          1516.6429443359375,
          2315.488525390625,
          397.2413330078125,
          582.617919921875
        ],
        "p_bat": [
          -7.078051567077637e-06,
          -0.0,
          -0.0,
          5.019338641432114e-05
        ],
        "soc": [
          0.10000000149011612,
          0.8999999761581421,
          0.22246615588665009,
          0.8999999761581421
        ],
        "p_ht": [
          0.0,
          909.7981567382812,
          -1710.843505859375,
          -1691.766357421875
        ],
        "h2_emergency_buy_energy": [
          0.0,
          0.0,
          4.57763671875e-05,
          3.0517578125e-05
        ],
        "h2_planned_external_order_energy": [
          0.0,
          0.0,
          0.0,
          97.73260498046875
        ],
        "h2_late_order_energy": [
          0.0,
          0.0,
          428.4466552734375,
          536.8605346679688
        ],
        "h2_level": [
          475.0,
          315.3305358886719,
          212.35641479492188,
          214.16600036621094
        ],
        "e_h2_load": [
          430.5545959472656,
          358.79022216796875,
          1949.1883544921875,
          2070.468017578125
        ],
        "pending_h2_energy_total": 7877.892578125,
        "pending_h2_energy_agent": [
          0.0,
          0.0,
          3800.3173828125,
          4077.574951171875
        ],
        "external_min_eta": [
          0.0,
          0.16666666666666666,
          0.16666666666666666,
          0.0
        ]
      },
      {
        "step": 21,
        "actions": [
          [
            0.5254564881324768,
            -0.19065500795841217,
            -0.1404029130935669,
            -0.5317069888114929,
            0.31961020827293396,
            0.24082906544208527,
            0.5262852907180786,
            0.5238714814186096
          ],
          [
            0.5329083800315857,
            -0.2383490949869156,
            -0.0599081851541996,
            -0.1726895421743393,
            0.48634156584739685,
            -0.22582083940505981,
            0.036901894956827164,
            0.6239450573921204
          ],
          [
            0.5991765260696411,
            -0.26935306191444397,
            -0.15752699971199036,
            0.3791405260562897,
            -0.7084675431251526,
            -0.8840184211730957,
            0.20532500743865967,
            0.11359257996082306
          ],
          [
            0.4601277709007263,
            0.5027908086776733,
            -0.1489095240831375,
            0.0935329720377922,
            -0.7905091643333435,
            -0.8747245669364929,
            0.0704333707690239,
            0.5669618248939514
          ]
        ],
        "intents": [
          [
            0.0,
            0.0,
            0.0
          ],
          [
            0.0,
            0.0,
            0.0
          ],
          [
            0.0,
            0.0,
            0.0
          ],
          [
            0.0,
            0.0,
            0.0
          ]
        ],
        "economic_cost": -152.49251556396484,
        "step_total_cost": -152.49251556396484,
        "terminal_settlement_cost": 0.0,
        "terminal_battery_asset_value": 1346.9593308671028,
        "terminal_h2_asset_value": 1108509.7265625,
        "terminal_undelivered_h2_energy": 6108.0368383789055,
        "voltage_cost": 0.0,
        "voltage_violation_area": 0.0,
        "voltage_min_pu": 0.9873509483825845,
        "voltage_max_pu": 1.0,
        "pf_converged": true,
        "pcc_p_kw": [
          2298.525634765625,
          -261.70068359375,
          -121.129638671875,
          1160.731689453125
        ],
        "pcc_q_kvar": [
          -2211.1432304382324,
          -2807.7100791931152,
          -200.51153469085693,
          -2430.8918266296387
        ],
        "p_el": [
          1525.45654296875,
          2299.362548828125,
          399.79412841796875,
          584.0510864257812
        ],
        "p_bat": [
          -7.078051567077637e-06,
          -0.0,
          -0.0,
          5.019338641432114e-05
        ],
        "soc": [
          0.10000000149011612,
          0.8999999761581421,
          0.22246615588665009,
          0.8999999761581421
        ],
        "p_ht": [
          0.0,
          972.68310546875,
          -1592.158203125,
          -2091.3671875
        ],
        "h2_emergency_buy_energy": [
          0.0,
          0.0,
          0.0,
          0.0
        ],
        "h2_planned_external_order_energy": [
          0.0,
          0.0,
          0.0,
          0.0
        ],
        "h2_late_order_energy": [
          0.0,
          0.0,
          0.0,
          0.0
        ],
        "h2_level": [
          475.0,
          344.5139465332031,
          164.58689880371094,
          204.51968383789062
        ],
        "e_h2_load": [
          503.98095703125,
          397.8164978027344,
          1832.03466796875,
          2471.000244140625
        ],
        "pending_h2_energy_total": 6108.03662109375,
        "pending_h2_energy_agent": [
          0.0,
          0.0,
          3800.3173828125,
          2307.71923828125
        ],
        "external_min_eta": [
          0.0,
          0.0,
          0.16666666666666666,
          0.0
        ]
      },
      {
        "step": 22,
        "actions": [
          [
            0.48862674832344055,
            -0.05268343538045883,
            -0.07664313912391663,
            -0.5709039568901062,
            0.30860236287117004,
            0.22214795649051666,
            0.6735163927078247,
            0.5503548979759216
          ],
          [
            0.5494340062141418,
            -0.262271910905838,
            -0.05784866213798523,
            -0.08872237801551819,
            0.47851845622062683,
            -0.21276666224002838,
            0.02803001180291176,
            0.46021854877471924
          ],
          [
            0.599600076675415,
            -0.2961595356464386,
            -0.2859911322593689,
            0.34160110354423523,
            -0.6872170567512512,
            -0.896565318107605,
            0.10637649893760681,
            -0.09723714739084244
          ],
          [
            0.42235687375068665,
            0.3952133059501648,
            -0.07315075397491455,
            0.0758419781923294,
            -0.7688062191009521,
            -0.8768836259841919,
            0.08630859851837158,
            0.6403297781944275
          ]
        ],
        "intents": [
          [
            0.0,
            0.0,
            0.0
          ],
          [
            0.0,
            0.0,
            0.0
          ],
          [
            0.0,
            0.0,
            0.0
          ],
          [
            0.0,
            0.0,
            0.0
          ]
        ],
        "economic_cost": -30.905410766601562,
        "step_total_cost": -30.905410766601562,
        "terminal_settlement_cost": 0.0,
        "terminal_battery_asset_value": 1346.9593308671028,
        "terminal_h2_asset_value": 1116051.2109375,
        "terminal_undelivered_h2_energy": 4226.467399414063,
        "voltage_cost": 0.0,
        "voltage_violation_area": 0.0,
        "voltage_min_pu": 0.9875637746938273,
        "voltage_max_pu": 1.0,
        "pf_converged": true,
        "pcc_p_kw": [
          2106.290771484375,
          -410.579345703125,
          -195.2154541015625,
          1028.429443359375
        ],
        "pcc_q_kvar": [
          -2394.1512489318848,
          -2059.188102722168,
          732.4010882377625,
          -2819.534122467041
        ],
        "p_el": [
          1488.626708984375,
          2324.151123046875,
          399.9000244140625,
          568.9427490234375
        ],
        "p_bat": [
          -7.078051567077637e-06,
          -0.0,
          -0.0,
          5.019338641432114e-05
        ],
        "soc": [
          0.10000000149011612,
          0.8999999761581421,
          0.22246615588665009,
          0.8999999761581421
        ],
        "p_ht": [
          0.0,
          957.0369262695312,
          -1176.214599609375,
          -1733.725830078125
        ],
        "h2_emergency_buy_energy": [
          0.0,
          0.0,
          4.57763671875e-05,
          0.0
        ],
        "h2_planned_external_order_energy": [
          0.0,
          0.0,
          0.0,
          0.0
        ],
        "h2_late_order_energy": [
          0.0,
          0.0,
          336.1627197265625,
          0.0
        ],
        "h2_level": [
          475.0,
          373.2279357910156,
          193.9738006591797,
          153.96102905273438
        ],
        "e_h2_load": [
          396.1825256347656,
          313.05194091796875,
          1416.1546630859375,
          2103.53857421875
        ],
        "pending_h2_energy_total": 4226.46728515625,
        "pending_h2_energy_agent": [
          0.0,
          0.0,
          1967.3536376953125,
          2259.11376953125
        ],
        "external_min_eta": [
          0.0,
          0.0,
          0.16666666666666666,
          0.0
        ]
      },
      {
        "step": 23,
        "actions": [
          [
            0.43977198004722595,
            0.09242615848779678,
            -0.059002798050642014,
            -0.6287216544151306,
            0.2862981855869293,
            0.21781373023986816,
            0.769781231880188,
            0.5415425896644592
          ],
          [
            0.529921293258667,
            -0.31023362278938293,
            -0.1068369522690773,
            -0.04731297865509987,
            0.4990716278553009,
            -0.19417902827262878,
            -0.00258370628580451,
            0.27859753370285034
          ],
          [
            0.5884926319122314,
            -0.3217064142227173,
            -0.39006394147872925,
            0.29206782579421997,
            -0.6656097769737244,
            -0.8917902112007141,
            0.02434653602540493,
            -0.33358076214790344
          ],
          [
            0.3424726128578186,
            0.3505189120769501,
            -0.06006165221333504,
            0.08450719714164734,
            -0.7261618971824646,
            -0.8740806579589844,
            0.10189608484506607,
            0.6755778789520264
          ]
        ],
        "intents": [
          [
            0.0,
            0.0,
            0.0
          ],
          [
            0.0,
            0.0,
            0.0
          ],
          [
            0.0,
            0.0,
            0.0
          ],
          [
            0.0,
            0.0,
            0.0
          ]
        ],
        "economic_cost": -1235.8475494384766,
        "step_total_cost": -580956.5053996262,
        "terminal_settlement_cost": -579720.6578501877,
        "terminal_battery_asset_value": 1399.6422919449105,
        "terminal_h2_asset_value": 1139945.0390625,
        "terminal_undelivered_h2_energy": 2578.455616699219,
        "voltage_cost": 0.0,
        "voltage_violation_area": 0.0,
        "voltage_min_pu": 0.9864348182950704,
        "voltage_max_pu": 1.0,
        "pf_converged": true,
        "pcc_p_kw": [
          2095.61767578125,
          -591.0498046875,
          -483.8096923828125,
          851.07373046875
        ],
        "pcc_q_kvar": [
          -2403.1409509502046,
          -1216.477207183838,
          1800.9674434661865,
          -3038.5599822998047
        ],
        "p_el": [
          1439.77197265625,
          2294.8818359375,
          397.1231689453125,
          536.9890747070312
        ],
        "p_bat": [
          184.85231018066406,
          -0.0,
          -0.0,
          5.019338641432114e-05
        ],
        "soc": [
          0.13512194156646729,
          0.8999999761581421,
          0.22246615588665009,
          0.8999999761581421
        ],
        "p_ht": [
          0.0,
          998.1432495117188,
          -842.193115234375,
          -1345.11474609375
        ],
        "h2_emergency_buy_energy": [
          0.0,
          0.0,
          1.52587890625e-05,
          0.0
        ],
        "h2_planned_external_order_energy": [
          0.0,
          0.0,
          0.0,
          0.0
        ],
        "h2_late_order_energy": [
          0.0,
          0.0,
          351.68182373046875,
          0.0
        ],
        "h2_level": [
          475.0,
          403.17523193359375,
          197.84539794921875,
          144.0383758544922
        ],
        "e_h2_load": [
          307.501708984375,
          243.0540771484375,
          1080.467041015625,
          1694.1575927734375
        ],
        "pending_h2_energy_total": 2578.45556640625,
        "pending_h2_energy_agent": [
          0.0,
          0.0,
          1333.7347412109375,
          1244.7208251953125
        ],
        "external_min_eta": [
          0.0,
          0.0,
          0.16666666666666666,
          0.0
        ]
      }
    ]
  }
}
